barcode,desc,acost,adate,cat_type,locname,dept
0000383500001       ,ASAHI WALL FAN                                              ,2004.4,05/12/2012,FAN                                               ,BOHOL AGRO MARINE DEV'T CORP. ,BAMDECORP-WAREHOUSE                               
0000399600001       ,APRON HANGER                                                ,2450  ,02/21/2003,HANGER                                            ,BOHOL AGRO MARINE DEV'T CORP. ,BAMDECORP-PRODUCTION                              
0000412700001       ,SMALL TABLE                                                 ,2400  ,08/01/2006,TABLE                                             ,BOHOL AGRO MARINE DEV'T CORP. ,BAMDECORP-ENGINEERING DEPARTMENT                  
0000853400001       ,4 DRAWER LATERAL CABINET                                    ,17234.,04/20/2009,CABINET                                           ,BOHOL AGRO MARINE DEV'T CORP. ,BAMDECORP-ENGINEERING DEPARTMENT                  
0000800700001       ,PUSH CART  40                                               ,10685.,11/10/2009,CART                                              ,BOHOL AGRO MARINE DEV'T CORP. ,BAMDECORP-ENGINEERING DEPARTMENT                  
0001074200001       ,RBMD 9C74 WAVEBREAK 18-QUART                                ,1017.9,07/01/2013,SPARE PARTS                                       ,BOHOL AGRO MARINE DEV'T CORP. ,BAMDECORP-ENGINEERING DEPARTMENT                  
0001091800001       ,ISUZU NHR - DOUBLE CAB-WAP 290                              ,447846,11/01/1997,DOUBLE CAB                                        ,CENTRAL MOTORPOOL COMPLEX     ,CDC-MOTORPOOL                                     
0001091900001       ,ISUZU FORWARD-XHY 835                                       ,355000,02/01/1998,FORWARD                                           ,CENTRAL MOTORPOOL COMPLEX     ,CDC-MOTORPOOL                                     
0001092500001       ,ISUZU FORWARD PLT. AAT 4015                                 ,930000,05/31/2015,FORWARD                                           ,MFI-POULTRY LAYER             ,POULTRY-FIXED ASSET DEPARTMENT                    
0001092800001       ,CHAIN BLOCK                                                 ,7000  ,01/17/1997,TOOLS                                             ,BOHOL AGRO MARINE DEV'T CORP. ,BAMDECORP-ENGINEERING DEPARTMENT                  
0001092900002       ,MAKITA ANGLE GRINDER                                        ,3500  ,03/23/2001,TOOLS                                             ,BOHOL AGRO MARINE DEV'T CORP. ,BAMDECORP-ENGINEERING DEPARTMENT                  
0001093000001       ,MAKITA BLOWER UB-1100                                       ,3440  ,04/30/2009,TOOLS                                             ,BOHOL AGRO MARINE DEV'T CORP. ,BAMDECORP-ENGINEERING DEPARTMENT                  
0001093100001       ,PIPE WRENCH                                                 ,5312  ,04/30/1995,TOOLS                                             ,BOHOL AGRO MARINE DEV'T CORP. ,BAMDECORP-ENGINEERING DEPARTMENT                  
0001093100002       ,PIPE WRENCH                                                 ,5312  ,04/30/1995,TOOLS                                             ,BOHOL AGRO MARINE DEV'T CORP. ,BAMDECORP-ENGINEERING DEPARTMENT                  
0001093200001       ,PULLER                                                      ,4710  ,04/30/1995,TOOLS                                             ,BOHOL AGRO MARINE DEV'T CORP. ,BAMDECORP-ENGINEERING DEPARTMENT                  
0001093300001       ,RAPID SWAB TESTER—ACCUPOINT--GLEENWOOD                      ,200000,03/31/2009,TOOLS                                             ,BOHOL AGRO MARINE DEV'T CORP. ,BAMDECORP-ENGINEERING DEPARTMENT                  
0001093400001       ,"RESPIRATOR FULL FACE OFTI-FITS, MED.                        ",3794.6,08/31/2007,TOOLS                                             ,BOHOL AGRO MARINE DEV'T CORP. ,BAMDECORP-ENGINEERING DEPARTMENT                  
0001093400002       ,"RESPIRATOR FULL FACE OFTI-FITS, MED.                        ",3794.6,08/31/2007,TOOLS                                             ,BOHOL AGRO MARINE DEV'T CORP. ,BAMDECORP-ENGINEERING DEPARTMENT                  
0001093500001       ,VERNIER CALIPER                                             ,6100  ,03/20/2005,TOOLS                                             ,BOHOL AGRO MARINE DEV'T CORP. ,BAMDECORP-ENGINEERING DEPARTMENT                  
0001093700001       ,HAMMER DRILL                                                ,9759.8,10/28/2014,TOOLS                                             ,BOHOL AGRO MARINE DEV'T CORP. ,BAMDECORP-ENGINEERING DEPARTMENT                  
0001093800001       ,MAKITA DISC GRINDER                                         ,5673  ,10/28/2014,TOOLS                                             ,BOHOL AGRO MARINE DEV'T CORP. ,BAMDECORP-ENGINEERING DEPARTMENT                  
0001094400001       ,"CLAMP METER @ 4, 050.00                                     ",4050  ,07/26/2004,CLAMP METER                                       ,BOHOL AGRO MARINE DEV'T CORP. ,BAMDECORP-ENGINEERING DEPARTMENT                  
0001094600001       ,"PANEL FAN (INDUSTRIAL) @ 13,000                             ",13000 ,03/01/2005,PANEL FAN                                         ,BOHOL AGRO MARINE DEV'T CORP. ,BAMDECORP-ENGINEERING DEPARTMENT                  
0001094700001       ,WATER TANK - NEW (L&M)                                      ,55104.,08/31/2005,TANK                                              ,BOHOL AGRO MARINE DEV'T CORP. ,BAMDECORP-PRODUCTION                              
0001094700002       ,WATER TANK - NEW (L&M)                                      ,57227.,10/31/2006,TANK                                              ,BOHOL AGRO MARINE DEV'T CORP. ,BAMDECORP-PRODUCTION                              
0001094800001       ,HEAT SHRINK PACKAGING MACHIN @ P 40                         ,40500 ,10/02/2006,SEALER                                            ,BOHOL AGRO MARINE DEV'T CORP. ,BAMDECORP-WAREHOUSE                               
0001094900001       ,"DRYER - WHIRLPOOL @ P 27,500.00                             ",27500 ,10/31/2006,DRYER                                             ,BOHOL AGRO MARINE DEV'T CORP. ,BAMDECORP-PROD-LAUNDRY                            
0001095200001       ,STAINLESS HANDWASHING SINK                                  ,27735 ,12/20/2004,SINK                                              ,BOHOL AGRO MARINE DEV'T CORP. ,BAMDECORP-PRODUCTION                              
0001095200002       ,STAINLESS HANDWASHING SINK                                  ,27735 ,12/20/2004,SINK                                              ,BOHOL AGRO MARINE DEV'T CORP. ,BAMDECORP-PRODUCTION                              
0001095200003       ,STAINLESS HANDWASHING SINK                                  ,27735 ,12/20/2004,SINK                                              ,BOHOL AGRO MARINE DEV'T CORP. ,BAMDECORP-PRODUCTION                              
0001095200004       ,STAINLESS HANDWASHING SINK                                  ,27735 ,12/20/2004,SINK                                              ,BOHOL AGRO MARINE DEV'T CORP. ,BAMDECORP-PRODUCTION                              
0001095300001       ,VOGT ICE TUBE MAKER                                         ,113083,11/30/1995,TUBE MAKER                                        ,BOHOL AGRO MARINE DEV'T CORP. ,BAMDECORP-PRODUCTION                              
0001095400001       ,ELECTRIC MOTOR W/ 5.5HP                                     ,13976 ,01/15/1995,ELECTRIC MOTOR                                    ,BOHOL AGRO MARINE DEV'T CORP. ,BAMDECORP-PRODUCTION                              
0001095500001       ,GENERATING SET - A.C. GENERATOR & DIESEL                    ,567000,06/16/1995,GENERATOR                                         ,BOHOL AGRO MARINE DEV'T CORP. ,BAMDECORP-PRODUCTION                              
0001095600001       ,AMONIA BOOSTER COMPRESSOR#1                                 ,425000,06/16/1995,OTHERS                                            ,BOHOL AGRO MARINE DEV'T CORP. ,BAMDECORP-ENGINEERING DEPARTMENT                  
0001095700001       ,AMONIA BOOSTER COMPRESSOR#2                                 ,357600,06/16/1995,OTHERS                                            ,BOHOL AGRO MARINE DEV'T CORP. ,BAMDECORP-ENGINEERING DEPARTMENT                  
0001095800001       ,AMONIA BOOSTER COMPRESSOR#3                                 ,357600,06/16/1995,OTHERS                                            ,BOHOL AGRO MARINE DEV'T CORP. ,BAMDECORP-ENGINEERING DEPARTMENT                  
0001095900001       ,BLAST FREEZER(ROOM & EVAPORATOR)                            ,618500,06/16/1995,FREEZER                                           ,BOHOL AGRO MARINE DEV'T CORP. ,BAMDECORP-ENGINEERING DEPARTMENT                  
0001096000001       ,COLD STORAGE#1                                              ,604000,06/16/1995,STORAGE                                           ,BOHOL AGRO MARINE DEV'T CORP. ,BAMDECORP-PRODUCTION                              
0001096100001       ,COLD STORAGE#2                                              ,718300,06/16/1995,STORAGE                                           ,BOHOL AGRO MARINE DEV'T CORP. ,BAMDECORP-PRODUCTION                              
0001096200001       ,ICE CRUSHERS / PRAWN HEAD CRASHER                           ,21400 ,06/16/1995,OTHERS                                            ,BOHOL AGRO MARINE DEV'T CORP. ,BAMDECORP-PRODUCTION                              
0001096300001       ,LIQUID PUMP                                                 ,70500 ,06/16/1995,PUMP                                              ,BOHOL AGRO MARINE DEV'T CORP. ,BAMDECORP-PRODUCTION                              
0001096400001       ,"REFRIGERATION SYSTEM(PIPELINES,CONTROLS,                    ",100800,06/16/1995,OTHERS                                            ,BOHOL AGRO MARINE DEV'T CORP. ,BAMDECORP-ENGINEERING DEPARTMENT                  
0001096500001       ,CONTACT FREEZER                                             ,145405,01/01/1997,FREEZER                                           ,BOHOL AGRO MARINE DEV'T CORP. ,BAMDECORP-ENGINEERING DEPARTMENT                  
0001096600001       ,REFRIGERANT TANK(RECEIVER)                                  ,70000 ,01/01/1997,TANK                                              ,BOHOL AGRO MARINE DEV'T CORP. ,BAMDECORP-ENGINEERING DEPARTMENT                  
0001096700001       ,ICE MAKER FLAKES                                            ,130000,06/01/1998,OTHERS                                            ,BOHOL AGRO MARINE DEV'T CORP. ,BAMDECORP-PRODUCTION                              
0001096800001       ,US FILTER - 1 UNIT AND 3 BAGS WATER SOFT                    ,70000 ,02/14/2000,OTHERS                                            ,BOHOL AGRO MARINE DEV'T CORP. ,BAMDECORP-PRODUCTION                              
0001097000001       ,COOLING TOWER - PARTIAL AMOUNT TAKEN UP                     ,165000,09/21/2000,OTHERS                                            ,BOHOL AGRO MARINE DEV'T CORP. ,BAMDECORP-ENGINEERING DEPARTMENT                  
0001097200001       ,GOULDS(USA)SUBMERSIBLE PUMP                                 ,59000 ,12/31/2008,PUMP                                              ,BOHOL AGRO MARINE DEV'T CORP. ,BAMDECORP-ENGINEERING DEPARTMENT                  
0001097300001       ,GENSET - MAJOR REPAIR ( FOR RECONDITIONI                    ,193697,01/29/2001,OTHERS                                            ,BOHOL AGRO MARINE DEV'T CORP. ,BAMDECORP-ENGINEERING DEPARTMENT                  
0001097400001       ,WELDING MACHINE-TELWIN UNITIG-160 HF/E I                    ,83626 ,03/21/2001,WELDING MACHINE                                   ,BOHOL AGRO MARINE DEV'T CORP. ,BAMDECORP-ENGINEERING DEPARTMENT                  
0001097500001       ,STORAGE PANELS                                              ,86519.,04/30/2001,PANELS                                            ,BOHOL AGRO MARINE DEV'T CORP. ,BAMDECORP-PRODUCTION                              
0001097600001       ,US FILTER - 1 UNIT AND 3 BAGS WATER SOFT                    ,69000 ,08/29/2001,OTHERS                                            ,BOHOL AGRO MARINE DEV'T CORP. ,BAMDECORP-PRODUCTION                              
0001097900001       ,"VACUUM MACHINE - HENKOVAL P 600,000.00                      ",600000,12/02/2006,OTHERS                                            ,BOHOL AGRO MARINE DEV'T CORP. ,BAMDECORP-ENGINEERING DEPARTMENT                  
0001098100001       ,METAL DETECTOR - ANRITSU                                    ,850000,06/30/2007,OTHERS                                            ,BOHOL AGRO MARINE DEV'T CORP. ,BAMDECORP-PRODUCTION                              
0001098200001       ,GRAM COMPRESSOR/ELECTRIC MOTOR REPAIR                       ,101829,03/31/2008,OTHERS                                            ,BOHOL AGRO MARINE DEV'T CORP. ,BAMDECORP-ENGINEERING DEPARTMENT                  
0001098400001       ,GRAM COMPRESSOR #3-CYLINDER LINER W/ CAP                    ,148450,08/30/2010,OTHERS                                            ,BOHOL AGRO MARINE DEV'T CORP. ,BAMDECORP-ENGINEERING DEPARTMENT                  
0001098500001       ,BAC. CONDENSER                                              ,202898,01/31/2012,CONDENSER                                         ,BOHOL AGRO MARINE DEV'T CORP. ,BAMDECORP-ENGINEERING DEPARTMENT                  
0001098600001       ,ROYAL CORD # 10 CONDUCTOR                                   ,33594 ,01/31/2012,OTHERS                                            ,BOHOL AGRO MARINE DEV'T CORP. ,BAMDECORP-ENGINEERING DEPARTMENT                  
0001098800001       ,BALTIMORE AIRCOIL EVAPORATING CONDENSER                     ,14315 ,01/31/2012,OTHERS                                            ,BOHOL AGRO MARINE DEV'T CORP. ,BAMDECORP-PRODUCTION                              
0001099100001       ,REFRIGERANT FLOAT SWITCHES                                  ,62700 ,07/31/2014,OTHERS                                            ,BOHOL AGRO MARINE DEV'T CORP. ,BAMDECORP-PRODUCTION                              
0001099100002       ,REFRIGERANT FLOAT SWITCHES                                  ,62700 ,07/31/2014,OTHERS                                            ,BOHOL AGRO MARINE DEV'T CORP. ,BAMDECORP-PRODUCTION                              
0001099600001       ,SOLENOID VALVE-EVRA 15                                      ,18902.,09/30/2008,OTHERS                                            ,BOHOL AGRO MARINE DEV'T CORP. ,BAMDECORP-ENGINEERING DEPARTMENT                  
0001099900001       ,HYDRAULIC PUMP                                              ,1     ,01/01/1996,PUMP                                              ,BOHOL AGRO MARINE DEV'T CORP. ,BAMDECORP-ENGINEERING DEPARTMENT                  
0001100000001       ,GOULDS WATER PUMP                                           ,18500 ,06/30/2008,OTHERS                                            ,BOHOL AGRO MARINE DEV'T CORP. ,BAMDECORP-ENGINEERING DEPARTMENT                  
0001100100001       ,TELWIN BATTERY CHARGER                                      ,1     ,01/01/1999,BATTERY CHARGER                                   ,BOHOL AGRO MARINE DEV'T CORP. ,BAMDECORP-ENGINEERING DEPARTMENT                  
0001100200001       ,COLD STORAGE # 3                                            ,1     ,06/16/1995,OTHERS                                            ,BOHOL AGRO MARINE DEV'T CORP. ,BAMDECORP-PRODUCTION                              
0000355000002       ,DIGITAL MULTI-TESTER                                        ,6964  ,01/31/2015,MULTI-TESTER                                      ,BOHOL AGRO MARINE DEV'T CORP. ,BAMDECORP-ENGINEERING DEPARTMENT                  
0000382000015       ,PLASTIC TABLE                                               ,2049  ,08/24/2013,TABLE                                             ,BOHOL AGRO MARINE DEV'T CORP. ,BAMDECORP-PRODUCTION                              
0000382000016       ,PLASTIC TABLE                                               ,2049  ,08/24/2013,TABLE                                             ,BOHOL AGRO MARINE DEV'T CORP. ,BAMDECORP-PRODUCTION                              
0001025700002       ,AUTOMATIC NUMBERING MACHINE                                 ,1250  ,01/04/2004,MACHINE                                           ,BOHOL AGRO MARINE DEV'T CORP. ,BAMDECORP-WAREHOUSE                               
0001100900001       ,SANITARY SHOVEL                                             ,1911.5,04/16/2012,OTHERS                                            ,BOHOL AGRO MARINE DEV'T CORP. ,BAMDECORP-PRODUCTION                              
0001100900002       ,SANITARY SHOVEL                                             ,1911.5,04/16/2012,OTHERS                                            ,BOHOL AGRO MARINE DEV'T CORP. ,BAMDECORP-PRODUCTION                              
0001101000001       ,REFRIGERATOR SANYO                                          ,9647.4,06/26/2012,REFRIGERATOR                                      ,BOHOL AGRO MARINE DEV'T CORP. ,BAMDECORP-OFFICE                                  
0001101100001       ,S/S CHILLED WATER SINK                                      ,14989.,09/30/2012,SINK                                              ,BOHOL AGRO MARINE DEV'T CORP. ,BAMDECORP-PRODUCTION                              
0001101100002       ,S/S CHILLED WATER SINK                                      ,14989.,09/30/2012,SINK                                              ,BOHOL AGRO MARINE DEV'T CORP. ,BAMDECORP-PRODUCTION                              
0001101200001       ,S/S WASHING SINK W/ 3 CUBICLES                              ,38424.,09/30/2012,SINK                                              ,BOHOL AGRO MARINE DEV'T CORP. ,BAMDECORP-PRODUCTION                              
0001101400001       ,TRANSFORMER DRY                                             ,35000 ,10/31/2012,TRANSFORMER                                       ,BOHOL AGRO MARINE DEV'T CORP. ,BAMDECORP-ENGINEERING DEPARTMENT                  
0001101400002       ,TRANSFORMER DRY                                             ,35000 ,10/31/2012,TRANSFORMER                                       ,BOHOL AGRO MARINE DEV'T CORP. ,BAMDECORP-ENGINEERING DEPARTMENT                  
0001101500001       ,GE KWHR METER CLASS 100                                     ,9737.5,06/30/2013,METER                                             ,BOHOL AGRO MARINE DEV'T CORP. ,BAMDECORP-ENGINEERING DEPARTMENT                  
0001101700001       ,FRP CHILLING TANK                                           ,16600 ,09/30/2013,TANK                                              ,BOHOL AGRO MARINE DEV'T CORP. ,BAMDECORP-PRODUCTION                              
0001101700002       ,FRP CHILLING TANK                                           ,16600 ,09/30/2013,TANK                                              ,BOHOL AGRO MARINE DEV'T CORP. ,BAMDECORP-PRODUCTION                              
0001101700003       ,FRP CHILLING TANK                                           ,16600 ,09/30/2013,TANK                                              ,BOHOL AGRO MARINE DEV'T CORP. ,BAMDECORP-PRODUCTION                              
0001101700004       ,FRP CHILLING TANK                                           ,16600 ,09/30/2013,TANK                                              ,BOHOL AGRO MARINE DEV'T CORP. ,BAMDECORP-PRODUCTION                              
0001102000001       ,STAINLESS LAYERING TABLE                                    ,19360 ,12/31/2013,TABLE                                             ,BOHOL AGRO MARINE DEV'T CORP. ,BAMDECORP-PRODUCTION                              
0001102000002       ,STAINLESS LAYERING TABLE                                    ,19360 ,12/31/2013,TABLE                                             ,BOHOL AGRO MARINE DEV'T CORP. ,BAMDECORP-PRODUCTION                              
0001102000003       ,STAINLESS LAYERING TABLE                                    ,19360 ,12/31/2013,TABLE                                             ,BOHOL AGRO MARINE DEV'T CORP. ,BAMDECORP-PRODUCTION                              
0001102000004       ,STAINLESS LAYERING TABLE                                    ,19360 ,12/31/2013,TABLE                                             ,BOHOL AGRO MARINE DEV'T CORP. ,BAMDECORP-PRODUCTION                              
0001102000005       ,STAINLESS LAYERING TABLE                                    ,19360 ,12/31/2013,TABLE                                             ,DRESSING PLANT                ,DRESSING PLANT-ADMIN                              
0001102100001       ,STAINLESS FIBER BOX STAND                                   ,2202  ,12/31/2013,STAND                                             ,BOHOL AGRO MARINE DEV'T CORP. ,BAMDECORP-PRODUCTION                              
0001102100002       ,STAINLESS FIBER BOX STAND                                   ,2202  ,12/31/2013,STAND                                             ,BOHOL AGRO MARINE DEV'T CORP. ,BAMDECORP-PRODUCTION                              
0001102100003       ,STAINLESS FIBER BOX STAND                                   ,2202  ,12/31/2013,STAND                                             ,BOHOL AGRO MARINE DEV'T CORP. ,BAMDECORP-PRODUCTION                              
0001102100004       ,STAINLESS FIBER BOX STAND                                   ,2202  ,12/31/2013,STAND                                             ,BOHOL AGRO MARINE DEV'T CORP. ,BAMDECORP-PRODUCTION                              
0001102100005       ,STAINLESS FIBER BOX STAND                                   ,2202  ,12/31/2013,STAND                                             ,BOHOL AGRO MARINE DEV'T CORP. ,BAMDECORP-PRODUCTION                              
0001102100006       ,STAINLESS FIBER BOX STAND                                   ,2202  ,12/31/2013,STAND                                             ,BOHOL AGRO MARINE DEV'T CORP. ,BAMDECORP-PRODUCTION                              
0001102100007       ,STAINLESS FIBER BOX STAND                                   ,2202  ,12/31/2013,STAND                                             ,BOHOL AGRO MARINE DEV'T CORP. ,BAMDECORP-PRODUCTION                              
0001102100008       ,STAINLESS FIBER BOX STAND                                   ,2202  ,12/31/2013,STAND                                             ,BOHOL AGRO MARINE DEV'T CORP. ,BAMDECORP-PRODUCTION                              
0001102100009       ,STAINLESS FIBER BOX STAND                                   ,2202  ,12/31/2013,STAND                                             ,BOHOL AGRO MARINE DEV'T CORP. ,BAMDECORP-PRODUCTION                              
0001102100010       ,STAINLESS FIBER BOX STAND                                   ,2202  ,12/31/2013,STAND                                             ,BOHOL AGRO MARINE DEV'T CORP. ,BAMDECORP-PRODUCTION                              
0001102200001       ,STAINLESS SORTING TABLE                                     ,37719 ,12/31/2013,TABLE                                             ,BOHOL AGRO MARINE DEV'T CORP. ,BAMDECORP-PRODUCTION                              
0001102200002       ,STAINLESS SORTING TABLE                                     ,37719 ,12/31/2013,TABLE                                             ,BOHOL AGRO MARINE DEV'T CORP. ,BAMDECORP-PRODUCTION                              
0001102200003       ,STAINLESS SORTING TABLE                                     ,37719 ,12/31/2013,TABLE                                             ,BOHOL AGRO MARINE DEV'T CORP. ,BAMDECORP-PRODUCTION                              
0001102200004       ,STAINLESS SORTING TABLE                                     ,37719 ,12/31/2013,TABLE                                             ,BOHOL AGRO MARINE DEV'T CORP. ,BAMDECORP-PRODUCTION                              
0001102200005       ,STAINLESS SORTING TABLE                                     ,37719 ,12/31/2013,TABLE                                             ,BOHOL AGRO MARINE DEV'T CORP. ,BAMDECORP-PRODUCTION                              
0001102200006       ,STAINLESS SORTING TABLE                                     ,37719 ,12/31/2013,TABLE                                             ,BOHOL AGRO MARINE DEV'T CORP. ,BAMDECORP-PRODUCTION                              
0001102200007       ,STAINLESS SORTING TABLE                                     ,37719 ,12/31/2013,TABLE                                             ,BOHOL AGRO MARINE DEV'T CORP. ,BAMDECORP-PRODUCTION                              
0001102200008       ,STAINLESS SORTING TABLE                                     ,37719 ,12/31/2013,TABLE                                             ,BOHOL AGRO MARINE DEV'T CORP. ,BAMDECORP-PRODUCTION                              
0001102200009       ,STAINLESS SORTING TABLE                                     ,37719 ,12/31/2013,TABLE                                             ,BOHOL AGRO MARINE DEV'T CORP. ,BAMDECORP-PRODUCTION                              
0001102200010       ,STAINLESS SORTING TABLE                                     ,37719 ,12/31/2013,TABLE                                             ,BOHOL AGRO MARINE DEV'T CORP. ,BAMDECORP-PRODUCTION                              
0001102200011       ,STAINLESS SORTING TABLE                                     ,37719 ,12/31/2013,TABLE                                             ,BOHOL AGRO MARINE DEV'T CORP. ,BAMDECORP-PRODUCTION                              
0001102200012       ,STAINLESS SORTING TABLE                                     ,37719 ,12/31/2013,TABLE                                             ,BOHOL AGRO MARINE DEV'T CORP. ,BAMDECORP-PRODUCTION                              
0001102200013       ,STAINLESS SORTING TABLE                                     ,37719 ,12/31/2013,TABLE                                             ,BOHOL AGRO MARINE DEV'T CORP. ,BAMDECORP-PRODUCTION                              
0001102200014       ,STAINLESS SORTING TABLE                                     ,37719 ,12/31/2013,TABLE                                             ,BOHOL AGRO MARINE DEV'T CORP. ,BAMDECORP-PRODUCTION                              
0001102200015       ,STAINLESS SORTING TABLE                                     ,37719 ,12/31/2013,TABLE                                             ,BOHOL AGRO MARINE DEV'T CORP. ,BAMDECORP-PRODUCTION                              
0001102200016       ,STAINLESS SORTING TABLE                                     ,37719 ,12/31/2013,TABLE                                             ,BOHOL AGRO MARINE DEV'T CORP. ,BAMDECORP-PRODUCTION                              
0001102200017       ,STAINLESS SORTING TABLE                                     ,37719 ,12/31/2013,TABLE                                             ,BOHOL AGRO MARINE DEV'T CORP. ,BAMDECORP-PRODUCTION                              
0001102200018       ,STAINLESS SORTING TABLE                                     ,37719 ,12/31/2013,TABLE                                             ,BOHOL AGRO MARINE DEV'T CORP. ,BAMDECORP-PRODUCTION                              
0001102200019       ,STAINLESS SORTING TABLE                                     ,37719 ,12/31/2013,TABLE                                             ,BOHOL AGRO MARINE DEV'T CORP. ,BAMDECORP-PRODUCTION                              
0001102200020       ,STAINLESS SORTING TABLE                                     ,37719 ,12/31/2013,TABLE                                             ,BOHOL AGRO MARINE DEV'T CORP. ,BAMDECORP-PRODUCTION                              
0001102300002       ,"CHLORINATOR - PUMP METER, IWAKI                             ",27500.,11/29/2006,OTHERS                                            ,BOHOL AGRO MARINE DEV'T CORP. ,BAMDECORP-PRODUCTION                              
0001102400001       ,FINETEK TEMP. CONTROLLER DISPLAY                            ,11257.,01/23/2007,OTHERS                                            ,BOHOL AGRO MARINE DEV'T CORP. ,BAMDECORP-PRODUCTION                              
0001102400002       ,FINETEK TEMP. CONTROLLER DISPLAY                            ,11257.,01/23/2007,OTHERS                                            ,BOHOL AGRO MARINE DEV'T CORP. ,BAMDECORP-PRODUCTION                              
0001102700001       ,CHECK-IT COMPARTMENT CHLORINE - KIT                         ,6755  ,03/31/2007,OTHERS                                            ,BOHOL AGRO MARINE DEV'T CORP. ,BAMDECORP-QUALITY CONTROL                         
0001102900001       ,PMLX 65-TWO STEP SOLENOID COIL                              ,76659.,02/29/2008,OTHERS                                            ,BOHOL AGRO MARINE DEV'T CORP. ,BAMDECORP-PRODUCTION                              
0001103000001       ,PRESSURE SWITCH                                             ,2700  ,06/30/2008,OTHERS                                            ,BOHOL AGRO MARINE DEV'T CORP. ,BAMDECORP-PRODUCTION                              
0001103600001       ,CONVEYOR(FAB.)FOR PRINTER                                   ,47357.,01/31/2009,OTHERS                                            ,BOHOL AGRO MARINE DEV'T CORP. ,BAMDECORP-WAREHOUSE                               
0001103700001       ,CHILLING TANK-CYL                                           ,3700  ,04/30/2009,OTHERS                                            ,BOHOL AGRO MARINE DEV'T CORP. ,BAMDECORP-PRODUCTION                              
0001103700002       ,CHILLING TANK-CYL                                           ,3700  ,04/30/2009,OTHERS                                            ,BOHOL AGRO MARINE DEV'T CORP. ,BAMDECORP-PRODUCTION                              
0001103900001       ,SANITARY SHOVEL                                             ,2780  ,04/30/2009,SHOVEL                                            ,BOHOL AGRO MARINE DEV'T CORP. ,BAMDECORP-PRODUCTION                              
0001103900002       ,SANITARY SHOVEL                                             ,2780  ,04/30/2009,SHOVEL                                            ,BOHOL AGRO MARINE DEV'T CORP. ,BAMDECORP-PRODUCTION                              
0001104300001       ,CENTRIFUGAL PUMP END SUCTION                                ,73000 ,02/28/2010,OTHERS                                            ,BOHOL AGRO MARINE DEV'T CORP. ,BAMDECORP-ENGINEERING DEPARTMENT                  
0001104500001       ,IRRIGATOR                                                   ,20000 ,12/31/2013,OTHERS                                            ,BOHOL AGRO MARINE DEV'T CORP. ,BAMDECORP-PRODUCTION                              
0001104600001       ,STAINLESS RACK 35X99X129                                    ,16702.,03/31/2014,RACK                                              ,BOHOL AGRO MARINE DEV'T CORP. ,BAMDECORP-PRODUCTION                              
0001104600002       ,STAINLESS RACK 35X99X129                                    ,16702.,03/31/2014,RACK                                              ,BOHOL AGRO MARINE DEV'T CORP. ,BAMDECORP-PRODUCTION                              
0001104600003       ,STAINLESS RACK 35X99X129                                    ,16702.,03/31/2014,RACK                                              ,BOHOL AGRO MARINE DEV'T CORP. ,BAMDECORP-PRODUCTION                              
0001104600004       ,STAINLESS RACK 35X99X129                                    ,16702.,03/31/2014,RACK                                              ,BOHOL AGRO MARINE DEV'T CORP. ,BAMDECORP-PRODUCTION                              
0001104600005       ,STAINLESS RACK 35X99X129                                    ,16702.,03/31/2014,RACK                                              ,BOHOL AGRO MARINE DEV'T CORP. ,BAMDECORP-PRODUCTION                              
0001104600006       ,STAINLESS RACK 35X99X129                                    ,16702.,03/31/2014,RACK                                              ,BOHOL AGRO MARINE DEV'T CORP. ,BAMDECORP-PRODUCTION                              
0001104600007       ,STAINLESS RACK 35X99X129                                    ,16702.,03/31/2014,RACK                                              ,BOHOL AGRO MARINE DEV'T CORP. ,BAMDECORP-PRODUCTION                              
0001104600008       ,STAINLESS RACK 35X99X129                                    ,16702.,03/31/2014,RACK                                              ,BOHOL AGRO MARINE DEV'T CORP. ,BAMDECORP-PRODUCTION                              
0001104600009       ,STAINLESS RACK 35X99X129                                    ,16702.,03/31/2014,RACK                                              ,BOHOL AGRO MARINE DEV'T CORP. ,BAMDECORP-PRODUCTION                              
0001104600010       ,STAINLESS RACK 35X99X129                                    ,16702.,03/31/2014,RACK                                              ,BOHOL AGRO MARINE DEV'T CORP. ,BAMDECORP-PRODUCTION                              
0001104600011       ,STAINLESS RACK 35X99X129                                    ,16702.,03/31/2014,RACK                                              ,BOHOL AGRO MARINE DEV'T CORP. ,BAMDECORP-PRODUCTION                              
0001104700001       ,FUJIDENZO CFRZR/CHILL FC04ADF CHEST FREE                    ,10650 ,04/04/2014,FREEZER                                           ,BOHOL AGRO MARINE DEV'T CORP. ,BAMDECORP-PRODUCTION                              
0001104800001       ,IMARFLEX ELECTRIC GRILLER TY-3762                           ,2300  ,04/04/2014,GRILLER                                           ,BOHOL AGRO MARINE DEV'T CORP. ,BAMDECORP-WAREHOUSE                               
0001104900001       ,DIGITAL HANGING SCALE                                       ,20000 ,07/31/2014,WEIGHING SCALE                                    ,BOHOL AGRO MARINE DEV'T CORP. ,BAMDECORP-ENGINEERING DEPARTMENT                  
0001105100001       ,SALTER HANGING SCALE                                        ,3500  ,08/31/2014,WEIGHING SCALE                                    ,BOHOL AGRO MARINE DEV'T CORP. ,BAMDECORP-ENGINEERING DEPARTMENT                  
0001105200001       ,STAINLESS CABINET 51X1.2X1.8M                               ,23415.,08/31/2014,CABINET                                           ,BOHOL AGRO MARINE DEV'T CORP. ,BAMDECORP-PRODUCTION                              
0001105300002       ,WATER HEATER                                                ,5716.6,10/28/2014,WATER HEATER                                      ,BOHOL AGRO MARINE DEV'T CORP. ,BAMDECORP-PRODUCTION                              
0001105700001       ,INSECUTOR MOSQUITO KILLER                                   ,1569.7,10/28/2014,KILLER                                            ,BOHOL AGRO MARINE DEV'T CORP. ,BAMDECORP-PRODUCTION                              
0001105700002       ,INSECUTOR MOSQUITO KILLER                                   ,1569.7,10/28/2014,KILLER                                            ,BOHOL AGRO MARINE DEV'T CORP. ,BAMDECORP-PRODUCTION                              
0001105700003       ,INSECUTOR MOSQUITO KILLER                                   ,1569.7,10/28/2014,KILLER                                            ,BOHOL AGRO MARINE DEV'T CORP. ,BAMDECORP-PRODUCTION                              
0001105800001       ,TESTO TEMPERATURE LOGGER                                    ,11800.,10/28/2014,LOGGER                                            ,BOHOL AGRO MARINE DEV'T CORP. ,BAMDECORP-PRODUCTION                              
0001105800002       ,TESTO TEMPERATURE LOGGER                                    ,11800.,10/28/2014,LOGGER                                            ,BOHOL AGRO MARINE DEV'T CORP. ,BAMDECORP-PRODUCTION                              
0001105800003       ,TESTO TEMPERATURE LOGGER                                    ,11800.,10/28/2014,LOGGER                                            ,BOHOL AGRO MARINE DEV'T CORP. ,BAMDECORP-PRODUCTION                              
0001106000001       ,OMRON TIMER-1 SECOND                                        ,5930  ,02/28/2015,SECOND                                            ,BOHOL AGRO MARINE DEV'T CORP. ,BAMDECORP-ENGINEERING DEPARTMENT                  
0001106100001       ,OMRON TIMER-1 MINUTE                                        ,6700  ,02/28/2015,MINUTE                                            ,BOHOL AGRO MARINE DEV'T CORP. ,BAMDECORP-ENGINEERING DEPARTMENT                  
0001106200001       ,AT-10 DIGITAL THERMOMETER(JENECA BRAND)                     ,3600  ,12/29/2014,BRAND)                                            ,BOHOL AGRO MARINE DEV'T CORP. ,BAMDECORP-ENGINEERING DEPARTMENT                  
0001106200002       ,AT-10 DIGITAL THERMOMETER(JENECA BRAND)                     ,3600  ,12/29/2014,BRAND)                                            ,BOHOL AGRO MARINE DEV'T CORP. ,BAMDECORP-ENGINEERING DEPARTMENT                  
0001106200003       ,AT-10 DIGITAL THERMOMETER(JENECA BRAND)                     ,3600  ,12/29/2014,BRAND)                                            ,BOHOL AGRO MARINE DEV'T CORP. ,BAMDECORP-ENGINEERING DEPARTMENT                  
0001106400001       ,GLAZING TANK                                                ,1     ,01/01/2004,TANK                                              ,BOHOL AGRO MARINE DEV'T CORP. ,BAMDECORP-PRODUCTION                              
0001106500001       ,DEPANNING MACHINE                                           ,1     ,01/01/1998,OTHERS                                            ,BOHOL AGRO MARINE DEV'T CORP. ,BAMDECORP-PRODUCTION                              
0001106800001       ,STAINLESS PUSHCART LARGE                                    ,6163.0,05/31/2014,PUSH CART                                         ,BOHOL AGRO MARINE DEV'T CORP. ,BAMDECORP-PRODUCTION                              
0001106800003       ,STAINLESS PUSHCART LARGE                                    ,6163.0,05/31/2014,PUSH CART                                         ,BOHOL AGRO MARINE DEV'T CORP. ,BAMDECORP-PRODUCTION                              
0001106900001       ,STAINLESS PUSHCART SMALL                                    ,5600  ,05/31/2014,PUSH CART                                         ,BOHOL AGRO MARINE DEV'T CORP. ,BAMDECORP-PRODUCTION                              
0001106900002       ,STAINLESS PUSHCART SMALL                                    ,5600  ,05/31/2014,PUSH CART                                         ,BOHOL AGRO MARINE DEV'T CORP. ,BAMDECORP-PRODUCTION                              
0001106900003       ,STAINLESS PUSHCART SMALL                                    ,5600  ,05/31/2014,PUSH CART                                         ,BOHOL AGRO MARINE DEV'T CORP. ,BAMDECORP-PRODUCTION                              
0001111900001       ,FUSO FIGHTER REF. VAN RLK 200                               ,766500,11/22/2011,VEHICLE                                           ,CENTRAL MOTORPOOL COMPLEX     ,CDC-MOTORPOOL                                     
0000881200002       ,PANASONIC AIRCON 1HP                                        ,8895.0,03/31/2007,AIRCON                                            ,BOHOL AGRO MARINE DEV'T CORP. ,BAMDECORP-OFFICE                                  
0000937300002       ,CARRIER AIRCON SPLIT TYPE                                   ,68526.,10/31/2011,AIRCON                                            ,BOHOL AGRO MARINE DEV'T CORP. ,BAMDECORP-OFFICE                                  
0001107100001       ,TYPEWRITER OLIVETTI                                         ,10350 ,04/15/1994,TYPEWRITER                                        ,BOHOL AGRO MARINE DEV'T CORP. ,BAMDECORP-OFFICE                                  
0001108200001       ,NETBOOK 250 A102                                            ,20990 ,11/17/2012,LAPTOP                                            ,BOHOL AGRO MARINE DEV'T CORP. ,BAMDECORP-OFFICE                                  
0001108300001       ,WALLMOUNT ROCK CLOSE TYPE                                   ,8500  ,09/30/2012,OTHERS                                            ,BOHOL AGRO MARINE DEV'T CORP. ,BAMDECORP-OFFICE                                  
0001108500001       ,LABEL PRINTER                                               ,44300 ,12/31/2013,PRINTER                                           ,BOHOL AGRO MARINE DEV'T CORP. ,BAMDECORP-OFFICE                                  
0001108700001       ,ACER”110 DLP PROJECTOR-2500 AMP”                            ,22900 ,05/31/2014,PROJECTOR                                         ,BOHOL AGRO MARINE DEV'T CORP. ,BAMDECORP-OFFICE                                  
0001108800001       ,LOTUS ALUMINUM FOLDABLE LUGGAGE CART                        ,2599.7,09/05/2014,CART                                              ,BOHOL AGRO MARINE DEV'T CORP. ,BAMDECORP-OFFICE                                  
0001108900001       ,NOKIA LUMIA CELLPHONE 620                                   ,10019.,10/28/2014,CELLPHONE                                         ,BOHOL AGRO MARINE DEV'T CORP. ,BAMDECORP-OFFICE                                  
0001102200021       ,STAINLESS SORTING TABLE                                     ,37719 ,12/31/2013,TABLE                                             ,BOHOL AGRO MARINE DEV'T CORP. ,BAMDECORP-PRODUCTION                              
0000373600002       ,WALL FAN (ASAHI)                                            ,1656  ,09/30/2012,FAN                                               ,BOHOL AGRO MARINE DEV'T CORP. ,BAMDECORP-PRODUCTION                              
0000373600003       ,WALL FAN (ASAHI)                                            ,1656  ,09/30/2012,FAN                                               ,BOHOL AGRO MARINE DEV'T CORP. ,BAMDECORP-PRODUCTION                              
0001112800001       ,ICE STORAGE 1                                               ,604000,01/01/1995,STORAGE 1                                         ,BOHOL AGRO MARINE DEV'T CORP. ,BAMDECORP-PRODUCTION                              
0001112900001       ,ICE STORAGE 2                                               ,718300,01/01/1995,STORAGE 2                                         ,BOHOL AGRO MARINE DEV'T CORP. ,BAMDECORP-PRODUCTION                              
0000412100005       ,WOODEN OFFICE TABLE                                         ,3400  ,04/15/1994,TABLE                                             ,BOHOL AGRO MARINE DEV'T CORP. ,BAMDECORP-WAREHOUSE                               
0000412100006       ,WOODEN OFFICE TABLE                                         ,3400  ,04/15/1994,TABLE                                             ,BOHOL AGRO MARINE DEV'T CORP. ,BAMDECORP-WAREHOUSE                               
0000432100026       ,STEEL LOCKER CABINET                                        ,12590 ,05/31/2010,LOCKER                                            ,BOHOL AGRO MARINE DEV'T CORP. ,BAMDECORP-PRODUCTION                              
0000432100027       ,STEEL LOCKER CABINET                                        ,12590 ,05/31/2010,LOCKER                                            ,BOHOL AGRO MARINE DEV'T CORP. ,BAMDECORP-PRODUCTION                              
0000452900003       ,STEEL FILING CABINET                                        ,3439  ,09/20/2004,CABINET                                           ,BOHOL AGRO MARINE DEV'T CORP. ,BAMDECORP-WAREHOUSE                               
0000645700003       ,BOOTS RACK                                                  ,2745  ,04/30/2003,RACK                                              ,BOHOL AGRO MARINE DEV'T CORP. ,BAMDECORP-PRODUCTION                              
0000645700004       ,BOOTS RACK                                                  ,2745  ,04/30/2003,RACK                                              ,BOHOL AGRO MARINE DEV'T CORP. ,BAMDECORP-PRODUCTION                              
0000645700005       ,BOOTS RACK                                                  ,2745  ,04/30/2003,RACK                                              ,BOHOL AGRO MARINE DEV'T CORP. ,BAMDECORP-PRODUCTION                              
0000645700006       ,BOOTS RACK                                                  ,2745  ,04/30/2003,RACK                                              ,BOHOL AGRO MARINE DEV'T CORP. ,BAMDECORP-PRODUCTION                              
0000845500002       ,3 DRAWER LATERAL CABINET                                    ,10324.,12/24/2011,CABINET                                           ,BOHOL AGRO MARINE DEV'T CORP. ,BAMDECORP-OFFICE                                  
0000845500003       ,3 DRAWER LATERAL CABINET                                    ,10324.,12/24/2011,CABINET                                           ,BOHOL AGRO MARINE DEV'T CORP. ,BAMDECORP-OFFICE                                  
0000848600025       ,MOBILE PEDESTRAL                                            ,2313.7,12/24/2011,OTHERS                                            ,BOHOL AGRO MARINE DEV'T CORP. ,BAMDECORP-OFFICE                                  
0000848600026       ,MOBILE PEDESTRAL                                            ,2313.7,12/24/2011,OTHERS                                            ,BOHOL AGRO MARINE DEV'T CORP. ,BAMDECORP-OFFICE                                  
0000848600027       ,MOBILE PEDESTRAL                                            ,2313.7,12/24/2011,OTHERS                                            ,BOHOL AGRO MARINE DEV'T CORP. ,BAMDECORP-OFFICE                                  
0000848600028       ,MOBILE PEDESTRAL                                            ,2313.7,12/24/2011,OTHERS                                            ,BOHOL AGRO MARINE DEV'T CORP. ,BAMDECORP-OFFICE                                  
0000848600029       ,MOBILE PEDESTRAL                                            ,2313.7,12/24/2011,OTHERS                                            ,BOHOL AGRO MARINE DEV'T CORP. ,BAMDECORP-OFFICE                                  
0000848600030       ,MOBILE PEDESTRAL                                            ,2313.7,12/24/2011,OTHERS                                            ,BOHOL AGRO MARINE DEV'T CORP. ,BAMDECORP-OFFICE                                  
0000848600031       ,MOBILE PEDESTRAL                                            ,2313.7,12/24/2011,OTHERS                                            ,BOHOL AGRO MARINE DEV'T CORP. ,BAMDECORP-OFFICE                                  
0000848600032       ,MOBILE PEDESTRAL                                            ,2313.7,12/24/2011,OTHERS                                            ,BOHOL AGRO MARINE DEV'T CORP. ,BAMDECORP-OFFICE                                  
0000848600033       ,MOBILE PEDESTRAL                                            ,2313.7,12/24/2011,OTHERS                                            ,BOHOL AGRO MARINE DEV'T CORP. ,BAMDECORP-OFFICE                                  
0000848600034       ,MOBILE PEDESTRAL                                            ,2313.7,12/24/2011,OTHERS                                            ,BOHOL AGRO MARINE DEV'T CORP. ,BAMDECORP-OFFICE                                  
0000848600035       ,MOBILE PEDESTRAL                                            ,2313.7,12/24/2011,OTHERS                                            ,BOHOL AGRO MARINE DEV'T CORP. ,BAMDECORP-OFFICE                                  
0000848600036       ,MOBILE PEDESTRAL                                            ,2313.7,12/24/2011,OTHERS                                            ,BOHOL AGRO MARINE DEV'T CORP. ,BAMDECORP-OFFICE                                  
0000848600037       ,MOBILE PEDESTRAL                                            ,2313.7,12/24/2011,OTHERS                                            ,BOHOL AGRO MARINE DEV'T CORP. ,BAMDECORP-OFFICE                                  
0000848600038       ,MOBILE PEDESTRAL                                            ,2313.7,12/24/2011,OTHERS                                            ,BOHOL AGRO MARINE DEV'T CORP. ,BAMDECORP-OFFICE                                  
0000848600039       ,MOBILE PEDESTRAL                                            ,2313.7,12/24/2011,OTHERS                                            ,BOHOL AGRO MARINE DEV'T CORP. ,BAMDECORP-OFFICE                                  
0000848600040       ,MOBILE PEDESTRAL                                            ,2313.7,12/24/2011,OTHERS                                            ,BOHOL AGRO MARINE DEV'T CORP. ,BAMDECORP-OFFICE                                  
0000848600041       ,MOBILE PEDESTRAL                                            ,2313.7,12/24/2011,OTHERS                                            ,BOHOL AGRO MARINE DEV'T CORP. ,BAMDECORP-OFFICE                                  
0000848600042       ,MOBILE PEDESTRAL                                            ,2313.7,12/24/2011,OTHERS                                            ,BOHOL AGRO MARINE DEV'T CORP. ,BAMDECORP-OFFICE                                  
0001109200001       ,CABINET FOR SPAREPARTS                                      ,3500  ,04/30/2001,CABINET                                           ,BOHOL AGRO MARINE DEV'T CORP. ,BAMDECORP-ENGINEERING DEPARTMENT                  
0001109200002       ,CABINET FOR SPAREPARTS                                      ,3500  ,04/30/2001,CABINET                                           ,BOHOL AGRO MARINE DEV'T CORP. ,BAMDECORP-ENGINEERING DEPARTMENT                  
0001109300001       ,CABINET FOR TOOLS                                           ,3200  ,04/30/2001,CABINET                                           ,BOHOL AGRO MARINE DEV'T CORP. ,BAMDECORP-ENGINEERING DEPARTMENT                  
0001109400001       ,OFFICE TABLE-- LAMINATED                                    ,4200  ,07/22/2002,TABLE                                             ,BOHOL AGRO MARINE DEV'T CORP. ,BAMDECORP-WAREHOUSE                               
0001109400002       ,OFFICE TABLE-- LAMINATED                                    ,4200  ,07/22/2002,TABLE                                             ,BOHOL AGRO MARINE DEV'T CORP. ,BAMDECORP-WAREHOUSE                               
0001109400003       ,OFFICE TABLE-- LAMINATED                                    ,4200  ,07/22/2002,TABLE                                             ,BOHOL AGRO MARINE DEV'T CORP. ,BAMDECORP-WAREHOUSE                               
0001109400004       ,OFFICE TABLE-- LAMINATED                                    ,4200  ,07/22/2002,TABLE                                             ,BOHOL AGRO MARINE DEV'T CORP. ,BAMDECORP-WAREHOUSE                               
0001109400005       ,OFFICE TABLE-- LAMINATED                                    ,4200  ,07/22/2002,TABLE                                             ,BOHOL AGRO MARINE DEV'T CORP. ,BAMDECORP-WAREHOUSE                               
0001109500001       ,MEDICINE CABINET & OTHER MATERIALS                          ,2512.0,11/05/2002,CABINET                                           ,BOHOL AGRO MARINE DEV'T CORP. ,BAMDECORP-OFFICE                                  
0001109600001       ,"PLASTIC CABINETS(OROCAN, ROLEX, M-TOP) 3                    ",2752.0,11/11/2002,CABINET                                           ,BOHOL AGRO MARINE DEV'T CORP. ,BAMDECORP-WAREHOUSE                               
0001109600002       ,"PLASTIC CABINETS(OROCAN, ROLEX, M-TOP) 3                    ",2752.0,11/11/2002,CABINET                                           ,BOHOL AGRO MARINE DEV'T CORP. ,BAMDECORP-WAREHOUSE                               
0001109700001       ,STEEL CABINET ( 4 DRAWERS STANDARD SIZE                     ,5586  ,03/10/2003,CABINET                                           ,BOHOL AGRO MARINE DEV'T CORP. ,BAMDECORP-WAREHOUSE                               
0001109800001       ,STAINLESS DISHWASHING SINKTABLE W/ 5% &                     ,27735 ,12/20/2004,SINK                                              ,BOHOL AGRO MARINE DEV'T CORP. ,BAMDECORP-PRODUCTION                              
0001109900001       ,OROCAN DRAWERS                                              ,2340  ,05/17/2006,DRAWER                                            ,BOHOL AGRO MARINE DEV'T CORP. ,BAMDECORP-PRODUCTION                              
0001109900002       ,OROCAN DRAWERS                                              ,2340  ,05/17/2006,DRAWER                                            ,BOHOL AGRO MARINE DEV'T CORP. ,BAMDECORP-PRODUCTION                              
0001110000001       ,TABLE TOP CLEAR GLASS - ( FOR CONFERENCE                    ,1488  ,08/31/2008,TABLE                                             ,BOHOL AGRO MARINE DEV'T CORP. ,BAMDECORP-PROD-KITCHEN                            
0001110100001       ,SLIPPERS RACKS                                              ,2850  ,09/30/2008,RACK                                              ,BOHOL AGRO MARINE DEV'T CORP. ,BAMDECORP-PRODUCTION                              
0001110100002       ,SLIPPERS RACKS                                              ,2850  ,09/30/2008,RACK                                              ,BOHOL AGRO MARINE DEV'T CORP. ,BAMDECORP-PRODUCTION                              
0001110100003       ,SLIPPERS RACKS                                              ,2850  ,09/30/2008,RACK                                              ,BOHOL AGRO MARINE DEV'T CORP. ,BAMDECORP-PRODUCTION                              
0001110100004       ,SLIPPERS RACKS                                              ,2850  ,09/30/2008,RACK                                              ,BOHOL AGRO MARINE DEV'T CORP. ,BAMDECORP-PRODUCTION                              
0001110200001       ,5 DRAWER VERTICAL CABINET                                   ,10386.,12/25/2011,CABINET                                           ,BOHOL AGRO MARINE DEV'T CORP. ,BAMDECORP-OFFICE                                  
0001110200002       ,5 DRAWER VERTICAL CABINET                                   ,10386.,12/25/2011,CABINET                                           ,BOHOL AGRO MARINE DEV'T CORP. ,BAMDECORP-OFFICE                                  
0001110200003       ,5 DRAWER VERTICAL CABINET                                   ,10386.,12/25/2011,CABINET                                           ,BOHOL AGRO MARINE DEV'T CORP. ,BAMDECORP-OFFICE                                  
0001110200004       ,5 DRAWER VERTICAL CABINET                                   ,10386.,12/25/2011,CABINET                                           ,BOHOL AGRO MARINE DEV'T CORP. ,BAMDECORP-OFFICE                                  
0001110200005       ,5 DRAWER VERTICAL CABINET                                   ,10386.,12/25/2011,CABINET                                           ,BOHOL AGRO MARINE DEV'T CORP. ,BAMDECORP-OFFICE                                  
0001110200006       ,5 DRAWER VERTICAL CABINET                                   ,10386.,12/25/2011,CABINET                                           ,BOHOL AGRO MARINE DEV'T CORP. ,BAMDECORP-OFFICE                                  
0001110200007       ,5 DRAWER VERTICAL CABINET                                   ,10386.,12/25/2011,CABINET                                           ,BOHOL AGRO MARINE DEV'T CORP. ,BAMDECORP-OFFICE                                  
0001110300001       ,LOW CABINET                                                 ,11763.,12/25/2011,CABINET                                           ,BOHOL AGRO MARINE DEV'T CORP. ,BAMDECORP-OFFICE                                  
0001110400001       ,KYOWA H & C WATER DISPENSER                                 ,4680  ,12/31/2011,DISPENSER                                         ,BOHOL AGRO MARINE DEV'T CORP. ,BAMDECORP-OFFICE                                  
0001110500001       ,CABINET MAPPLE 1.90X2.10                                    ,23940 ,11/30/2012,CABINET                                           ,BOHOL AGRO MARINE DEV'T CORP. ,BAMDECORP-OFFICE                                  
0001110500002       ,CABINET MAPPLE 1.90X2.10                                    ,23940 ,11/30/2012,CABINET                                           ,BOHOL AGRO MARINE DEV'T CORP. ,BAMDECORP-OFFICE                                  
0001110600001       ,COUNTER TOP W/ BRACKETS                                     ,2009  ,04/30/2013,OTHERS                                            ,BOHOL AGRO MARINE DEV'T CORP. ,BAMDECORP-OFFICE                                  
0001110700001       ,1200X700WPARTITION DOOR                                     ,4410  ,04/30/2013,DOOR                                              ,BOHOL AGRO MARINE DEV'T CORP. ,BAMDECORP-OFFICE                                  
0001110800001       ,TABLE 1100LX6000X750M                                       ,3351.6,04/30/2013,TABLE                                             ,BOHOL AGRO MARINE DEV'T CORP. ,BAMDECORP-OFFICE                                  
0001110800002       ,TABLE 1100LX6000X750M                                       ,3351.6,04/30/2013,TABLE                                             ,BOHOL AGRO MARINE DEV'T CORP. ,BAMDECORP-OFFICE                                  
0001110800003       ,TABLE 1100LX6000X750M                                       ,3351.6,04/30/2013,TABLE                                             ,BOHOL AGRO MARINE DEV'T CORP. ,BAMDECORP-OFFICE                                  
0001110800004       ,TABLE 1100LX6000X750M                                       ,3351.6,04/30/2013,TABLE                                             ,BOHOL AGRO MARINE DEV'T CORP. ,BAMDECORP-OFFICE                                  
0001110800005       ,TABLE 1100LX6000X750M                                       ,3351.6,04/30/2013,TABLE                                             ,BOHOL AGRO MARINE DEV'T CORP. ,BAMDECORP-OFFICE                                  
0001110800006       ,TABLE 1100LX6000X750M                                       ,3351.6,04/30/2013,TABLE                                             ,BOHOL AGRO MARINE DEV'T CORP. ,BAMDECORP-OFFICE                                  
0001110800007       ,TABLE 1100LX6000X750M                                       ,3351.6,04/30/2013,TABLE                                             ,BOHOL AGRO MARINE DEV'T CORP. ,BAMDECORP-OFFICE                                  
0001110800008       ,TABLE 1100LX6000X750M                                       ,3351.6,04/30/2013,TABLE                                             ,BOHOL AGRO MARINE DEV'T CORP. ,BAMDECORP-OFFICE                                  
0001110800009       ,TABLE 1100LX6000X750M                                       ,3351.6,04/30/2013,TABLE                                             ,BOHOL AGRO MARINE DEV'T CORP. ,BAMDECORP-OFFICE                                  
0001110800010       ,TABLE 1100LX6000X750M                                       ,3351.6,04/30/2013,TABLE                                             ,BOHOL AGRO MARINE DEV'T CORP. ,BAMDECORP-OFFICE                                  
0001110800011       ,TABLE 1100LX6000X750M                                       ,3351.6,04/30/2013,TABLE                                             ,BOHOL AGRO MARINE DEV'T CORP. ,BAMDECORP-OFFICE                                  
0001110800012       ,TABLE 1100LX6000X750M                                       ,3351.6,04/30/2013,TABLE                                             ,BOHOL AGRO MARINE DEV'T CORP. ,BAMDECORP-OFFICE                                  
0001110800013       ,TABLE 1100LX6000X750M                                       ,3351.6,04/30/2013,TABLE                                             ,BOHOL AGRO MARINE DEV'T CORP. ,BAMDECORP-OFFICE                                  
0001110800014       ,TABLE 1100LX6000X750M                                       ,3351.6,04/30/2013,TABLE                                             ,BOHOL AGRO MARINE DEV'T CORP. ,BAMDECORP-OFFICE                                  
0001110800015       ,TABLE 1100LX6000X750M                                       ,3351.6,04/30/2013,TABLE                                             ,BOHOL AGRO MARINE DEV'T CORP. ,BAMDECORP-OFFICE                                  
0001110800016       ,TABLE 1100LX6000X750M                                       ,3351.6,04/30/2013,TABLE                                             ,BOHOL AGRO MARINE DEV'T CORP. ,BAMDECORP-OFFICE                                  
0001110900001       ,TABLE 1400LX7000X750M                                       ,4557  ,04/30/2013,TABLE                                             ,BOHOL AGRO MARINE DEV'T CORP. ,BAMDECORP-OFFICE                                  
0001110900002       ,TABLE 1400LX7000X750M                                       ,4557  ,04/30/2013,TABLE                                             ,BOHOL AGRO MARINE DEV'T CORP. ,BAMDECORP-OFFICE                                  
0001111000001       ,CONFERENCE TABLE BOAT SHAPE                                 ,22873.,04/30/2013,TABLE                                             ,BOHOL AGRO MARINE DEV'T CORP. ,BAMDECORP-OFFICE                                  
0001111100001       ,STAFF CHAIR MIDBACK                                         ,4010.4,04/30/2013,CHAIR                                             ,BOHOL AGRO MARINE DEV'T CORP. ,BAMDECORP-OFFICE                                  
0001111100002       ,STAFF CHAIR MIDBACK                                         ,4010.4,04/30/2013,CHAIR                                             ,BOHOL AGRO MARINE DEV'T CORP. ,BAMDECORP-OFFICE                                  
0001111100003       ,STAFF CHAIR MIDBACK                                         ,4010.4,04/30/2013,CHAIR                                             ,BOHOL AGRO MARINE DEV'T CORP. ,BAMDECORP-OFFICE                                  
0001111100004       ,STAFF CHAIR MIDBACK                                         ,4010.4,04/30/2013,CHAIR                                             ,BOHOL AGRO MARINE DEV'T CORP. ,BAMDECORP-OFFICE                                  
0001111100005       ,STAFF CHAIR MIDBACK                                         ,4010.4,04/30/2013,CHAIR                                             ,BOHOL AGRO MARINE DEV'T CORP. ,BAMDECORP-OFFICE                                  
0001111100006       ,STAFF CHAIR MIDBACK                                         ,4010.4,04/30/2013,CHAIR                                             ,BOHOL AGRO MARINE DEV'T CORP. ,BAMDECORP-OFFICE                                  
0001111100007       ,STAFF CHAIR MIDBACK                                         ,4010.4,04/30/2013,CHAIR                                             ,BOHOL AGRO MARINE DEV'T CORP. ,BAMDECORP-OFFICE                                  
0001111100008       ,STAFF CHAIR MIDBACK                                         ,4010.4,04/30/2013,CHAIR                                             ,BOHOL AGRO MARINE DEV'T CORP. ,BAMDECORP-OFFICE                                  
0001111100009       ,STAFF CHAIR MIDBACK                                         ,4010.4,04/30/2013,CHAIR                                             ,BOHOL AGRO MARINE DEV'T CORP. ,BAMDECORP-OFFICE                                  
0001111100011       ,STAFF CHAIR MIDBACK                                         ,4010.4,04/30/2013,CHAIR                                             ,BOHOL AGRO MARINE DEV'T CORP. ,BAMDECORP-OFFICE                                  
0001111100012       ,STAFF CHAIR MIDBACK                                         ,4010.4,04/30/2013,CHAIR                                             ,BOHOL AGRO MARINE DEV'T CORP. ,BAMDECORP-OFFICE                                  
0001111100013       ,STAFF CHAIR MIDBACK                                         ,4010.4,04/30/2013,CHAIR                                             ,BOHOL AGRO MARINE DEV'T CORP. ,BAMDECORP-OFFICE                                  
0001111100014       ,STAFF CHAIR MIDBACK                                         ,4010.4,04/30/2013,CHAIR                                             ,BOHOL AGRO MARINE DEV'T CORP. ,BAMDECORP-OFFICE                                  
0001111100016       ,STAFF CHAIR MIDBACK                                         ,4010.4,04/30/2013,CHAIR                                             ,BOHOL AGRO MARINE DEV'T CORP. ,BAMDECORP-OFFICE                                  
0001111100017       ,STAFF CHAIR MIDBACK                                         ,4010.4,04/30/2013,CHAIR                                             ,BOHOL AGRO MARINE DEV'T CORP. ,BAMDECORP-OFFICE                                  
0001111100018       ,STAFF CHAIR MIDBACK                                         ,4010.4,04/30/2013,CHAIR                                             ,BOHOL AGRO MARINE DEV'T CORP. ,BAMDECORP-OFFICE                                  
0001111100019       ,STAFF CHAIR MIDBACK                                         ,4010.4,04/30/2013,CHAIR                                             ,BOHOL AGRO MARINE DEV'T CORP. ,BAMDECORP-OFFICE                                  
0001111100020       ,STAFF CHAIR MIDBACK                                         ,4010.4,04/30/2013,CHAIR                                             ,BOHOL AGRO MARINE DEV'T CORP. ,BAMDECORP-OFFICE                                  
0001111100021       ,STAFF CHAIR MIDBACK                                         ,4010.4,04/30/2013,CHAIR                                             ,BOHOL AGRO MARINE DEV'T CORP. ,BAMDECORP-OFFICE                                  
0001111100022       ,STAFF CHAIR MIDBACK                                         ,4010.4,04/30/2013,CHAIR                                             ,BOHOL AGRO MARINE DEV'T CORP. ,BAMDECORP-OFFICE                                  
0001111100024       ,STAFF CHAIR MIDBACK                                         ,4010.4,04/30/2013,CHAIR                                             ,BOHOL AGRO MARINE DEV'T CORP. ,BAMDECORP-OFFICE                                  
0001111100025       ,STAFF CHAIR MIDBACK                                         ,4010.4,04/30/2013,CHAIR                                             ,BOHOL AGRO MARINE DEV'T CORP. ,BAMDECORP-OFFICE                                  
0001111600001       ,QUEEN BED                                                   ,6995  ,01/01/2012,BED                                               ,BOHOL AGRO MARINE DEV'T CORP. ,BAMDECORP-GUEST ROOM                              
0001111600002       ,QUEEN BED                                                   ,6995  ,01/01/2012,BED                                               ,BOHOL AGRO MARINE DEV'T CORP. ,BAMDECORP-GUEST ROOM                              
0001111700004       ,SINGLE BED                                                  ,4190  ,01/01/2012,BED                                               ,BOHOL AGRO MARINE DEV'T CORP. ,BAMDECORP-GUEST ROOM                              
0001099900002       ,HYDRAULIC PUMP                                              ,1     ,01/01/1996,PUMP                                              ,BOHOL AGRO MARINE DEV'T CORP. ,BAMDECORP-ENGINEERING DEPARTMENT                  
0001113500001       ,YORK COMPRESSOR HIGH STAGE                                  ,1     ,01/01/1995,COMPRESSOR                                        ,BOHOL AGRO MARINE DEV'T CORP. ,BAMDECORP-ENGINEERING DEPARTMENT                  
0001113500002       ,YORK COMPRESSOR HIGH STAGE                                  ,1     ,01/01/1995,COMPRESSOR                                        ,BOHOL AGRO MARINE DEV'T CORP. ,BAMDECORP-ENGINEERING DEPARTMENT                  
0001261600001       ,FUSO FIGHTER RLP 394                                        ,817100,02/28/2012,VEHICLE                                           ,CENTRAL MOTORPOOL COMPLEX     ,CDC-MOTORPOOL                                     
0001098400002       ,GRAM COMPRESSOR #3-CYLINDER LINER W/ CAP                    ,148450,08/30/2011,COMPRESSOR                                        ,BOHOL AGRO MARINE DEV'T CORP. ,BAMDECORP-PRODUCTION                              
0001507300001       ,PRESSURE WASHER PUMP (KAWASAKI)                             ,2400  ,09/30/2015,PRESSURE WASHER                                   ,BOHOL AGRO MARINE DEV'T CORP. ,BAMDECORP-ENGINEERING DEPARTMENT                  
0001496700001       ,MAGNETIC CONTACTOR LC1F 115 200 AMPERS                      ,14308 ,09/05/2015,MAGNETIC CONTRACTOR                               ,BOHOL AGRO MARINE DEV'T CORP. ,BAMDECORP-PRODUCTION                              
0001496700002       ,MAGNETIC CONTACTOR LC1F 115 200 AMPERS                      ,14308 ,09/05/2015,MAGNETIC CONTRACTOR                               ,BOHOL AGRO MARINE DEV'T CORP. ,BAMDECORP-PRODUCTION                              
0000055600001       ,EXHAUST FAN W/ SHUTTER 16""                                  ,4160  ,11/04/2015,EXHAUST FAN                                       ,BOHOL AGRO MARINE DEV'T CORP. ,BAMDECORP-PRODUCTION                              
0000055600002       ,EXHAUST FAN W/ SHUTTER 16""                                  ,4160  ,11/04/2015,EXHAUST FAN                                       ,BOHOL AGRO MARINE DEV'T CORP. ,BAMDECORP-PRODUCTION                              
0000051600004       ,WATER METER 1"" DIA                                          ,5000  ,12/03/2015,METER                                             ,BOHOL AGRO MARINE DEV'T CORP. ,BAMDECORP-ENGINEERING DEPARTMENT                  
0000940100010       ,4DRAWER VERTICAL CBN 460LX620D                              ,8030.1,12/31/2011,CABINET                                           ,COLONNADE MANDAUE             ,COLM-ADMIN                                        
0000881500008       ,SANWA MULTITESTER                                           ,1550  ,09/23/2011,MULTI-TESTER                                      ,COLONNADE MANDAUE             ,COLM-INFORMATION TECHNOLOGY                       
0000936400001       ,DELL E1911C MONITOR                                         ,5200  ,11/12/0011,MONITOR                                           ,COLONNADE MANDAUE             ,COLM-ADMIN                                        
0000968000045       ,CASH DRAWER                                                 ,6000  ,10/10/2011,CASH DRAWER                                       ,COLONNADE MANDAUE             ,COLM-CHECK OUT COUNTER                            
0000968000046       ,CASH DRAWER                                                 ,6000  ,10/10/2011,CASH DRAWER                                       ,COLONNADE MANDAUE             ,COLM-CHECK OUT COUNTER                            
0000968000047       ,CASH DRAWER                                                 ,6000  ,10/10/2011,CASH DRAWER                                       ,COLONNADE MANDAUE             ,COLM-CHECK OUT COUNTER                            
0000968000048       ,CASH DRAWER                                                 ,6000  ,10/10/2011,CASH DRAWER                                       ,COLONNADE MANDAUE             ,COLM-CHECK OUT COUNTER                            
0000968000049       ,CASH DRAWER                                                 ,6000  ,10/10/2011,CASH DRAWER                                       ,COLONNADE MANDAUE             ,COLM-CHECK OUT COUNTER                            
0000275000005       ,STEEL RACKS W/3LAYERS                                       ,10123.,12/31/2011,RACK                                              ,COLONNADE MANDAUE             ,COLM-GROCERY RETAIL                               
0001040100002       ,FIXED GLASS                                                 ,14581.,11/28/2011,GLASS                                             ,COLONNADE MANDAUE             ,COLM-GROCERY RETAIL                               
0001508100001       ,MAGNETIC CONTACTOR TELEMECANIQUE LC1-D80                    ,7175.3,10/13/2015,MAGNETIC CONTACTOR                                ,BOHOL AGRO MARINE DEV'T CORP. ,BAMDECORP-ENGINEERING DEPARTMENT                  
0001508200001       ,MAGNETIC CONTACTOR TELEMECANIQUE LC1-D50                    ,4137.2,10/13/2015,MAGNETIC CONTACTOR                                ,BOHOL AGRO MARINE DEV'T CORP. ,BAMDECORP-ENGINEERING DEPARTMENT                  
0001508300001       ,MAGNETIC CONTACTOR TELEMECANIQUE LC1-D40                    ,3985.2,10/13/2015,MAGNETIC CONTACTOR                                ,BOHOL AGRO MARINE DEV'T CORP. ,BAMDECORP-ENGINEERING DEPARTMENT                  
0000853600003       ,ANLY DIGITAL TEMPERATURE CONTROLLER                         ,7505  ,06/23/2016,OTHERS                                            ,BOHOL AGRO MARINE DEV'T CORP. ,BAMDECORP-ENGINEERING DEPARTMENT                  
0001021000002       ,PORTABLE GRINDER                                            ,6300  ,07/01/2016,GRINDER                                           ,BOHOL AGRO MARINE DEV'T CORP. ,BAMDECORP-ENGINEERING DEPARTMENT                  
0001759900001       ,PRINTER HP INK ADVANTAGE 2520                               ,3295  ,09/09/2016,PRINTER                                           ,BOHOL AGRO MARINE DEV'T CORP. ,BAMDECORP-OFFICE                                  
0001080100004       ,AOC 18.5"" MONITOR	                                          ,3850  ,08/26/2016,MONITOR                                           ,BOHOL AGRO MARINE DEV'T CORP. ,BAMDECORP-OFFICE                                  
0001787400001       ,ROLLER BLINDS T3501-WHITE                                   ,14638.,11/22/2016,OTHERS                                            ,BOHOL AGRO MARINE DEV'T CORP. ,BAMDECORP-OFFICE                                  
0001791800001       ,TV 32"" TCL 32D2710 INTERNET                                 ,12495 ,10/01/2016,TV                                                ,BOHOL AGRO MARINE DEV'T CORP. ,BAMDECORP-OFFICE                                  
0001797400001       ,MITSUBISHI FUSO CANTER FE83 CAB                             ,115000,01/07/2017,CANTER                                            ,BOHOL AGRO MARINE DEV'T CORP. ,BAMDECORP-TRANSPORTATION                          
0001819000001       ,CABINET ALUMINUM 1.80 X 1.90 X 55A                          ,17004.,11/22/2016,CABINET                                           ,BOHOL AGRO MARINE DEV'T CORP. ,BAMDECORP-PRODUCTION                              
0001819100001       ,CABINET ALUMINUM 1.22 X 1.90 X 55A                          ,15032.,11/22/2016,CABINET                                           ,BOHOL AGRO MARINE DEV'T CORP. ,BAMDECORP-PRODUCTION                              
0001244200002       ,DIGITAL WEIGHING SCALE                                      ,15000 ,03/06/2017,WEIGHING SCALE                                    ,BOHOL AGRO MARINE DEV'T CORP. ,BAMDECORP-PRODUCTION                              
0001244200003       ,DIGITAL WEIGHING SCALE                                      ,15000 ,03/06/2017,WEIGHING SCALE                                    ,BOHOL AGRO MARINE DEV'T CORP. ,BAMDECORP-PRODUCTION                              
0001244200004       ,DIGITAL WEIGHING SCALE                                      ,15000 ,03/06/2017,WEIGHING SCALE                                    ,BOHOL AGRO MARINE DEV'T CORP. ,BAMDECORP-PRODUCTION                              
0001244200005       ,DIGITAL WEIGHING SCALE                                      ,15000 ,03/06/2017,WEIGHING SCALE                                    ,BOHOL AGRO MARINE DEV'T CORP. ,BAMDECORP-PRODUCTION                              
0001244200006       ,DIGITAL WEIGHING SCALE                                      ,15000 ,03/06/2017,WEIGHING SCALE                                    ,BOHOL AGRO MARINE DEV'T CORP. ,BAMDECORP-PRODUCTION                              
0001244200007       ,DIGITAL WEIGHING SCALE                                      ,15000 ,03/06/2017,WEIGHING SCALE                                    ,BOHOL AGRO MARINE DEV'T CORP. ,BAMDECORP-PRODUCTION                              
0001244200008       ,DIGITAL WEIGHING SCALE                                      ,15000 ,03/06/2017,WEIGHING SCALE                                    ,BOHOL AGRO MARINE DEV'T CORP. ,BAMDECORP-PRODUCTION                              
0001244200009       ,DIGITAL WEIGHING SCALE                                      ,15000 ,03/06/2017,WEIGHING SCALE                                    ,BOHOL AGRO MARINE DEV'T CORP. ,BAMDECORP-PRODUCTION                              
0001244200010       ,DIGITAL WEIGHING SCALE                                      ,15000 ,03/06/2017,WEIGHING SCALE                                    ,BOHOL AGRO MARINE DEV'T CORP. ,BAMDECORP-PRODUCTION                              
0002412600001       ,METTLER MAINBOARD                                           ,14700 ,02/24/2017,BOARD                                             ,BOHOL AGRO MARINE DEV'T CORP. ,BAMDECORP-PRODUCTION                              
0002558900001       ,OVERHAULING PARTS FOR GRAM COMPRESSOR                       ,410926,03/06/2017,COMPRESSOR                                        ,BOHOL AGRO MARINE DEV'T CORP. ,BAMDECORP-ENGINEERING DEPARTMENT                  
0001132300001       ,DIGITAL BP OMRON                                            ,2480  ,07/15/2016,OTHERS                                            ,BOHOL AGRO MARINE DEV'T CORP. ,BAMDECORP-QUALITY CONTROL                         
0001109900003       ,DRAWERS OROCAN                                              ,2610  ,06/21/2017,DRAWER                                            ,BOHOL AGRO MARINE DEV'T CORP. ,BAMDECORP-PRODUCTION                              
0002566200001       ,MITSUBISHI FUSO CANTER FE71 BODY                            ,129000,06/30/2017,VEHICLE                                           ,BOHOL AGRO MARINE DEV'T CORP. ,BAMDECORP-TRANSPORTATION                          
0002625700001       ,CUSTOMIZED DRY BODY 20FT                                    ,218000,07/25/2017,OTHERS                                            ,BOHOL AGRO MARINE DEV'T CORP. ,BAMDECORP-TRANSPORTATION                          
0002625700002       ,CUSTOMIZED DRY BODY 20FT                                    ,218000,07/25/2017,OTHERS                                            ,BOHOL AGRO MARINE DEV'T CORP. ,BAMDECORP-TRANSPORTATION                          
0001291300001       ,MITSUBISHI FUSO CANTER FE85 CAB & CHASSI                    ,126000,07/25/2017,CANTER                                            ,BOHOL AGRO MARINE DEV'T CORP. ,BAMDECORP-TRANSPORTATION                          
0001291300002       ,MITSUBISHI FUSO CANTER FE85 CAB & CHASSI                    ,126000,07/25/2017,CANTER                                            ,BOHOL AGRO MARINE DEV'T CORP. ,BAMDECORP-TRANSPORTATION                          
0002811000001       ,SPIN DRY-SHARP ES-D956                                      ,5300  ,07/07/2017,DRYER                                             ,BOHOL AGRO MARINE DEV'T CORP. ,BAMDECORP-PRODUCTION                              
0002861000001       ,ATAGO ALPHA HANDHELD SALINITY REFRACTOME                    ,27500 ,09/22/2017,OTHERS                                            ,BOHOL AGRO MARINE DEV'T CORP. ,BAMDECORP-QUALITY CONTROL                         
0002861100001       ,DIGITAL JUMBO THERMOHYGROMETER SI-812                       ,3650  ,09/22/2017,OTHERS                                            ,BOHOL AGRO MARINE DEV'T CORP. ,BAMDECORP-QUALITY CONTROL                         
0002861100002       ,DIGITAL JUMBO THERMOHYGROMETER SI-812                       ,3650  ,09/22/2017,OTHERS                                            ,BOHOL AGRO MARINE DEV'T CORP. ,BAMDECORP-QUALITY CONTROL                         
0002911000001       ,DIGITAL PLATFORM SCALE-150KG X 10G                          ,50000 ,08/10/2017,WEIGHING SCALE                                    ,BOHOL AGRO MARINE DEV'T CORP. ,BAMDECORP-PRODUCTION                              
0002911000002       ,DIGITAL PLATFORM SCALE-150KG X 10G                          ,50000 ,08/10/2017,WEIGHING SCALE                                    ,BOHOL AGRO MARINE DEV'T CORP. ,BAMDECORP-PRODUCTION                              
0001509100001       ,TESTO THERMOMETER 106                                       ,4350  ,09/06/2017,OTHERS                                            ,BOHOL AGRO MARINE DEV'T CORP. ,BAMDECORP-PRODUCTION                              
0001509100002       ,TESTO THERMOMETER 106                                       ,4350  ,09/06/2017,OTHERS                                            ,BOHOL AGRO MARINE DEV'T CORP. ,BAMDECORP-PRODUCTION                              
0001509100003       ,TESTO THERMOMETER 106                                       ,4350  ,09/06/2017,OTHERS                                            ,BOHOL AGRO MARINE DEV'T CORP. ,BAMDECORP-PRODUCTION                              
0000399700002       ,ASAHI CIRCO FAN 18""                                         ,3161  ,08/24/2017,FAN                                               ,BOHOL AGRO MARINE DEV'T CORP. ,BAMDECORP-ENGINEERING DEPARTMENT                  
0000411600002       ,STANDARD ORBIT FAN                                          ,1890  ,08/24/2017,FAN                                               ,BOHOL AGRO MARINE DEV'T CORP. ,BAMDECORP-ENGINEERING DEPARTMENT                  
0001244200011       ,DIGITAL WEIGHING SCALE                                      ,15200 ,09/01/2017,WEIGHING SCALE                                    ,BOHOL AGRO MARINE DEV'T CORP. ,BAMDECORP-PRODUCTION                              
0001244200012       ,DIGITAL WEIGHING SCALE                                      ,15200 ,09/01/2017,WEIGHING SCALE                                    ,BOHOL AGRO MARINE DEV'T CORP. ,BAMDECORP-PRODUCTION                              
0001244200013       ,DIGITAL WEIGHING SCALE                                      ,15200 ,09/01/2017,WEIGHING SCALE                                    ,BOHOL AGRO MARINE DEV'T CORP. ,BAMDECORP-PRODUCTION                              
0001244200014       ,DIGITAL WEIGHING SCALE                                      ,15200 ,09/01/2017,WEIGHING SCALE                                    ,BOHOL AGRO MARINE DEV'T CORP. ,BAMDECORP-PRODUCTION                              
0001244200015       ,DIGITAL WEIGHING SCALE                                      ,15200 ,09/01/2017,WEIGHING SCALE                                    ,BOHOL AGRO MARINE DEV'T CORP. ,BAMDECORP-PRODUCTION                              
0001244200016       ,DIGITAL WEIGHING SCALE                                      ,15200 ,09/01/2017,WEIGHING SCALE                                    ,BOHOL AGRO MARINE DEV'T CORP. ,BAMDECORP-PRODUCTION                              
0001244200017       ,DIGITAL WEIGHING SCALE                                      ,15200 ,09/01/2017,WEIGHING SCALE                                    ,BOHOL AGRO MARINE DEV'T CORP. ,BAMDECORP-PRODUCTION                              
0001244200018       ,DIGITAL WEIGHING SCALE                                      ,15200 ,09/01/2017,WEIGHING SCALE                                    ,BOHOL AGRO MARINE DEV'T CORP. ,BAMDECORP-PRODUCTION                              
0001244200019       ,DIGITAL WEIGHING SCALE                                      ,15200 ,09/01/2017,WEIGHING SCALE                                    ,BOHOL AGRO MARINE DEV'T CORP. ,BAMDECORP-PRODUCTION                              
0001244200020       ,DIGITAL WEIGHING SCALE                                      ,15200 ,09/01/2017,WEIGHING SCALE                                    ,BOHOL AGRO MARINE DEV'T CORP. ,BAMDECORP-PRODUCTION                              
0001244200021       ,DIGITAL WEIGHING SCALE                                      ,15200 ,09/01/2017,WEIGHING SCALE                                    ,BOHOL AGRO MARINE DEV'T CORP. ,BAMDECORP-PRODUCTION                              
0001244200022       ,DIGITAL WEIGHING SCALE                                      ,15200 ,09/01/2017,WEIGHING SCALE                                    ,BOHOL AGRO MARINE DEV'T CORP. ,BAMDECORP-PRODUCTION                              
0001109900004       ,DRAWERS OROCAN                                              ,2781  ,09/11/2017,DRAWER                                            ,BOHOL AGRO MARINE DEV'T CORP. ,BAMDECORP-PRODUCTION                              
0001109900005       ,DRAWERS OROCAN                                              ,2610  ,09/11/2017,DRAWER                                            ,BOHOL AGRO MARINE DEV'T CORP. ,BAMDECORP-PRODUCTION                              
0001291300003       ,MITSUBISHI FUSO CANTER FE85 CAB & CHASSI                    ,129500,09/20/2017,CANTER                                            ,BOHOL AGRO MARINE DEV'T CORP. ,BAMDECORP-TRANSPORTATION                          
0003092500001       ,BLENDER-DOWELL                                              ,2159  ,09/20/2017,BLENDER                                           ,BOHOL AGRO MARINE DEV'T CORP. ,BAMDECORP-PRODUCTION                              
0001244200023       ,DIGITAL WEIGHING SCALE                                      ,15200 ,10/19/2017,WEIGHING SCALE                                    ,BOHOL AGRO MARINE DEV'T CORP. ,BAMDECORP-PRODUCTION                              
0001244200024       ,DIGITAL WEIGHING SCALE                                      ,15200 ,10/19/2017,WEIGHING SCALE                                    ,BOHOL AGRO MARINE DEV'T CORP. ,BAMDECORP-PRODUCTION                              
0001244200025       ,DIGITAL WEIGHING SCALE                                      ,15200 ,10/19/2017,WEIGHING SCALE                                    ,BOHOL AGRO MARINE DEV'T CORP. ,BAMDECORP-PRODUCTION                              
0001244200026       ,DIGITAL WEIGHING SCALE                                      ,15200 ,10/19/2017,WEIGHING SCALE                                    ,BOHOL AGRO MARINE DEV'T CORP. ,BAMDECORP-PRODUCTION                              
0001244200027       ,DIGITAL WEIGHING SCALE                                      ,15200 ,10/19/2017,WEIGHING SCALE                                    ,BOHOL AGRO MARINE DEV'T CORP. ,BAMDECORP-PRODUCTION                              
0001244200028       ,DIGITAL WEIGHING SCALE                                      ,15200 ,10/19/2017,WEIGHING SCALE                                    ,BOHOL AGRO MARINE DEV'T CORP. ,BAMDECORP-PRODUCTION                              
0001244200029       ,DIGITAL WEIGHING SCALE                                      ,15200 ,10/19/2017,WEIGHING SCALE                                    ,BOHOL AGRO MARINE DEV'T CORP. ,BAMDECORP-PRODUCTION                              
0001244200030       ,DIGITAL WEIGHING SCALE                                      ,15200 ,10/19/2017,WEIGHING SCALE                                    ,BOHOL AGRO MARINE DEV'T CORP. ,BAMDECORP-PRODUCTION                              
0001244200031       ,DIGITAL WEIGHING SCALE                                      ,15200 ,10/19/2017,WEIGHING SCALE                                    ,BOHOL AGRO MARINE DEV'T CORP. ,BAMDECORP-PRODUCTION                              
0001244200032       ,DIGITAL WEIGHING SCALE                                      ,15200 ,10/19/2017,WEIGHING SCALE                                    ,BOHOL AGRO MARINE DEV'T CORP. ,BAMDECORP-PRODUCTION                              
0001244200033       ,DIGITAL WEIGHING SCALE                                      ,15200 ,10/19/2017,WEIGHING SCALE                                    ,BOHOL AGRO MARINE DEV'T CORP. ,BAMDECORP-PRODUCTION                              
0001244200034       ,DIGITAL WEIGHING SCALE                                      ,15200 ,10/19/2017,WEIGHING SCALE                                    ,BOHOL AGRO MARINE DEV'T CORP. ,BAMDECORP-PRODUCTION                              
0000883400002       ,WATER SOFTENER                                              ,170000,08/22/2016,SOFTENER                                          ,BOHOL AGRO MARINE DEV'T CORP. ,BAMDECORP-PRODUCTION                              
0000887100002       ,WATER TANK                                                  ,785354,09/01/2016,TANK                                              ,BOHOL AGRO MARINE DEV'T CORP. ,BAMDECORP-PRODUCTION                              
0000421300007       ,COMPUTER SET AOC                                            ,20780 ,06/11/2015,COMPUTER                                          ,BOHOL AGRO MARINE DEV'T CORP. ,BAMDECORP-OFFICE                                  
0001533100001       ,CISCO CATALYST 2960 SERIES                                  ,27000 ,12/22/2016,OTHERS                                            ,BOHOL AGRO MARINE DEV'T CORP. ,BAMDECORP-OFFICE                                  
0000312800009       ,WHITE BOARD                                                 ,1561.6,11/09/2017,WHITE BOARD                                       ,BOHOL AGRO MARINE DEV'T CORP. ,BAMDECORP-OFFICE                                  
0001442200001       ,HANGING SCALE SALTER                                        ,3500  ,05/31/2015,HANGING SCALE                                     ,BOHOL AGRO MARINE DEV'T CORP. ,BAMDECORP-PRODUCTION                              
0001703900001       ,TESTO THERMOMETER                                           ,4650  ,03/10/2016,OTHERS                                            ,BOHOL AGRO MARINE DEV'T CORP. ,BAMDECORP-PRODUCTION                              
0000854000005       ,TEMPERATURE SENSOR                                          ,5040  ,06/23/2016,OTHERS                                            ,BOHOL AGRO MARINE DEV'T CORP. ,BAMDECORP-PRODUCTION                              
0001105600004       ,PENETRATION THERMOMETER                                     ,4200  ,10/18/2016,THERMOMETER                                       ,BOHOL AGRO MARINE DEV'T CORP. ,BAMDECORP-PRODUCTION                              
0001105600005       ,PENETRATION THERMOMETER                                     ,4200  ,10/18/2016,THERMOMETER                                       ,BOHOL AGRO MARINE DEV'T CORP. ,BAMDECORP-PRODUCTION                              
0001105600006       ,PENETRATION THERMOMETER                                     ,4200  ,10/18/2016,THERMOMETER                                       ,BOHOL AGRO MARINE DEV'T CORP. ,BAMDECORP-PRODUCTION                              
0002393700001       ,ANLY THERMO COUPLE W/ 25 METERS WIRE                        ,7500  ,03/10/2017,OTHERS                                            ,BOHOL AGRO MARINE DEV'T CORP. ,BAMDECORP-PRODUCTION                              
0002500000001       ,WHIRLPOOL DRYER 13 KGS.                                     ,48500 ,05/05/2017,DRYER                                             ,BOHOL AGRO MARINE DEV'T CORP. ,BAMDECORP-PROD LAUNDRY                            
0000432100029       ,STEEL LOCKER CABINET                                        ,13900 ,08/10/2016,LOCKER                                            ,BOHOL AGRO MARINE DEV'T CORP. ,BAMDECORP-PRODUCTION                              
0000432100030       ,STEEL LOCKER CABINET                                        ,13900 ,08/10/2016,LOCKER                                            ,BOHOL AGRO MARINE DEV'T CORP. ,BAMDECORP-PRODUCTION                              
0000432100031       ,STEEL LOCKER CABINET                                        ,13900 ,08/10/2016,LOCKER                                            ,BOHOL AGRO MARINE DEV'T CORP. ,BAMDECORP-PRODUCTION                              
0000432100032       ,STEEL LOCKER CABINET                                        ,13900 ,08/10/2016,LOCKER                                            ,BOHOL AGRO MARINE DEV'T CORP. ,BAMDECORP-PRODUCTION                              
0000432100033       ,STEEL LOCKER CABINET                                        ,13900 ,08/10/2016,LOCKER                                            ,BOHOL AGRO MARINE DEV'T CORP. ,BAMDECORP-PRODUCTION                              
0000432100034       ,STEEL LOCKER CABINET                                        ,13900 ,08/10/2016,LOCKER                                            ,BOHOL AGRO MARINE DEV'T CORP. ,BAMDECORP-PRODUCTION                              
0000432100035       ,STEEL LOCKER CABINET                                        ,13900 ,08/10/2016,LOCKER                                            ,BOHOL AGRO MARINE DEV'T CORP. ,BAMDECORP-PRODUCTION                              
0000432100036       ,STEEL LOCKER CABINET                                        ,13900 ,08/10/2016,LOCKER                                            ,BOHOL AGRO MARINE DEV'T CORP. ,BAMDECORP-PRODUCTION                              
0000432100037       ,STEEL LOCKER CABINET                                        ,13900 ,08/10/2016,LOCKER                                            ,BOHOL AGRO MARINE DEV'T CORP. ,BAMDECORP-PRODUCTION                              
0000432100038       ,STEEL LOCKER CABINET                                        ,13900 ,08/10/2016,LOCKER                                            ,BOHOL AGRO MARINE DEV'T CORP. ,BAMDECORP-PRODUCTION                              
0000432100039       ,STEEL LOCKER CABINET                                        ,13900 ,08/10/2016,LOCKER                                            ,BOHOL AGRO MARINE DEV'T CORP. ,BAMDECORP-PRODUCTION                              
0000432100040       ,STEEL LOCKER CABINET                                        ,13900 ,08/10/2016,LOCKER                                            ,BOHOL AGRO MARINE DEV'T CORP. ,BAMDECORP-PRODUCTION                              
0000432100041       ,STEEL LOCKER CABINET                                        ,13900 ,08/10/2016,LOCKER                                            ,BOHOL AGRO MARINE DEV'T CORP. ,BAMDECORP-PRODUCTION                              
0000432100042       ,STEEL LOCKER CABINET                                        ,13900 ,08/10/2016,LOCKER                                            ,BOHOL AGRO MARINE DEV'T CORP. ,BAMDECORP-PRODUCTION                              
0001104100008       ,CHILLING TANK-ORANGE                                        ,4320  ,07/07/2015,TANK                                              ,PEANUT KISSES                 ,PK-ADMIN                                          
0001104100009       ,CHILLING TANK-ORANGE                                        ,4320  ,07/07/2015,TANK                                              ,PEANUT KISSES                 ,PK-ADMIN                                          
0001104100010       ,CHILLING TANK-ORANGE                                        ,4320  ,07/07/2015,TANK                                              ,BOHOL AGRO MARINE DEV'T CORP. ,BAMDECORP-PRODUCTION                              
0001104100011       ,CHILLING TANK-ORANGE                                        ,4320  ,07/07/2015,TANK                                              ,BOHOL AGRO MARINE DEV'T CORP. ,BAMDECORP-PRODUCTION                              
0000242200006       ,SHRINK MACHINE                                              ,45000 ,09/10/2015,WRAPPING MACHINE                                  ,BOHOL AGRO MARINE DEV'T CORP. ,BAMDECORP-PRODUCTION                              
0001120100003       ,WATER HEATER                                                ,10299.,11/10/2015,HEATER                                            ,BOHOL AGRO MARINE DEV'T CORP. ,BAMDECORP-PRODUCTION                              
0000142500001       ,PRINTING KIT                                                ,18210 ,12/04/2015,OTHERS                                            ,BOHOL AGRO MARINE DEV'T CORP. ,BAMDECORP-PRODUCTION                              
0000023100002       ,CEILING FAN ASAHI                                           ,2483  ,02/18/2016,FAN                                               ,BOHOL AGRO MARINE DEV'T CORP. ,BAMDECORP-PRODUCTION                              
0000023100003       ,CEILING FAN ASAHI                                           ,2483  ,02/18/2016,FAN                                               ,BOHOL AGRO MARINE DEV'T CORP. ,BAMDECORP-PRODUCTION                              
0000367400002       ,STAINLESS PUSHCART                                          ,7292.5,02/14/2017,CART                                              ,BOHOL AGRO MARINE DEV'T CORP. ,BAMDECORP-PRODUCTION                              
0000367400003       ,STAINLESS PUSHCART                                          ,7292.5,02/14/2017,CART                                              ,BOHOL AGRO MARINE DEV'T CORP. ,BAMDECORP-PRODUCTION                              
0000367400004       ,STAINLESS PUSHCART                                          ,7292.5,02/14/2017,CART                                              ,BOHOL AGRO MARINE DEV'T CORP. ,BAMDECORP-PRODUCTION                              
0000367400005       ,STAINLESS PUSHCART                                          ,7292.5,02/14/2017,CART                                              ,BOHOL AGRO MARINE DEV'T CORP. ,BAMDECORP-PRODUCTION                              
0000367400006       ,STAINLESS PUSHCART                                          ,7292.5,02/14/2017,CART                                              ,BOHOL AGRO MARINE DEV'T CORP. ,BAMDECORP-PRODUCTION                              
0001104900002       ,DIGITAL HANGING SCALE                                       ,16500 ,06/03/2017,SCALE                                             ,BOHOL AGRO MARINE DEV'T CORP. ,BAMDECORP-PRODUCTION                              
0001104900003       ,DIGITAL HANGING SCALE                                       ,16500 ,06/03/2017,SCALE                                             ,BOHOL AGRO MARINE DEV'T CORP. ,BAMDECORP-PRODUCTION                              
0003712900001       ,MULTI-MEDIA SEDIMENT FILTER                                 ,120000,01/07/2017,OTHERS                                            ,BOHOL AGRO MARINE DEV'T CORP. ,BAMDECORP-PRODUCTION                              
0003713000001       ,AUGER / DRAIN MACHINE                                       ,32850 ,02/13/2017,OTHERS                                            ,BOHOL AGRO MARINE DEV'T CORP. ,BAMDECORP-ENGINEERING DEPARTMENT                  
0003713100001       ,HANSEN FROST MASER                                          ,50750 ,07/08/2017,OTHERS                                            ,BOHOL AGRO MARINE DEV'T CORP. ,BAMDECORP-ENGINEERING DEPARTMENT                  
0003713100002       ,HANSEN FROST MASER                                          ,50750 ,07/08/2017,OTHERS                                            ,BOHOL AGRO MARINE DEV'T CORP. ,BAMDECORP-ENGINEERING DEPARTMENT                  
0003713100003       ,HANSEN FROST MASER                                          ,50750 ,07/08/2017,OTHERS                                            ,BOHOL AGRO MARINE DEV'T CORP. ,BAMDECORP-ENGINEERING DEPARTMENT                  
0003713100004       ,HANSEN FROST MASER                                          ,50750 ,07/08/2017,OTHERS                                            ,BOHOL AGRO MARINE DEV'T CORP. ,BAMDECORP-ENGINEERING DEPARTMENT                  
0003713200001       ,GRASSO COMPRESSOR SPARE PARTS                               ,86559.,12/29/2017,OTHERS                                            ,BOHOL AGRO MARINE DEV'T CORP. ,BAMDECORP-ENGINEERING DEPARTMENT                  
0001898800001       ,COMPUTER SERVER                                             ,81770 ,07/01/2015,SERVER                                            ,BOHOL AGRO MARINE DEV'T CORP. ,BAMDECORP-OFFICE                                  
0003713300001       ,ACER LAPTOP                                                 ,22500 ,08/21/2015,                                                  ,BOHOL AGRO MARINE DEV'T CORP. ,BAMDECORP-QUALITY CONTROL                         
0002074700001       ,CASIO PRINTING CALCULATOR                                   ,34500 ,03/18/2016,CALCULATOR                                        ,BOHOL AGRO MARINE DEV'T CORP. ,BAMDECORP-OFFICE                                  
0003713400001       ,BACK-UP PORTABLE STORAGE                                    ,3250  ,09/26/2016,OTHERS                                            ,BOHOL AGRO MARINE DEV'T CORP. ,BAMDECORP-OFFICE                                  
0003713500001       ,DELL NOTEBOOK                                               ,45000 ,11/25/2016,LAPTOP                                            ,BOHOL AGRO MARINE DEV'T CORP. ,BAMDECORP-OFFICE                                  
0003714100001       ,STAINLESS PRESSURE TANK                                     ,5500  ,06/23/2015,TANK                                              ,BOHOL AGRO MARINE DEV'T CORP. ,BAMDECORP-ENGINEERING DEPARTMENT                  
0003714200001       ,DATA LOGGER                                                 ,12255 ,07/01/2016,OTHERS                                            ,BOHOL AGRO MARINE DEV'T CORP. ,BAMDECORP-PRODUCTION                              
0003714200002       ,DATA LOGGER                                                 ,12255 ,07/01/2016,OTHERS                                            ,BOHOL AGRO MARINE DEV'T CORP. ,BAMDECORP-PRODUCTION                              
0003714200003       ,DATA LOGGER                                                 ,12255 ,07/01/2016,OTHERS                                            ,BOHOL AGRO MARINE DEV'T CORP. ,BAMDECORP-PRODUCTION                              
0003714400001       ,CHEMICAL DOSING PUMP                                        ,53147.,10/25/2016,PUMP                                              ,BOHOL AGRO MARINE DEV'T CORP. ,BAMDECORP-PRODUCTION                              
0003714500001       ,THERMOCOUPLE W/ 15 METERS WIRE                              ,3705  ,12/10/2016,OTHERS                                            ,BOHOL AGRO MARINE DEV'T CORP. ,BAMDECORP-PRODUCTION                              
0003714600001       ,THERMOCOUPLE W/ 30 METERS WIRE                              ,7410  ,12/10/2016,OTHERS                                            ,BOHOL AGRO MARINE DEV'T CORP. ,BAMDECORP-PRODUCTION                              
0001944200001       ,TECO ELECTRIC MOTOR 15 HP                                   ,24108 ,12/18/2016,ELECTRIC MOTOR                                    ,BOHOL AGRO MARINE DEV'T CORP. ,BAMDECORP-ENGINEERING DEPARTMENT                  
0003714700001       ,HANDHELD DIGITAL THERMOMETER                                ,3375  ,12/27/2016,THERMOMETER                                       ,BOHOL AGRO MARINE DEV'T CORP. ,BAMDECORP-PRODUCTION                              
0003714800001       ,STANDARD TEMP. NEEDLE PROBE                                 ,1821  ,12/27/2016,OTHERS                                            ,BOHOL AGRO MARINE DEV'T CORP. ,BAMDECORP-PRODUCTION                              
0003714900001       ,PUMP FOR GENSET                                             ,7756  ,02/14/2017,GENERATOR                                         ,BOHOL AGRO MARINE DEV'T CORP. ,BAMDECORP-ENGINEERING DEPARTMENT                  
0003713900001       ,PENETRATION THERMOMETER SET 106                             ,4200  ,03/11/2017,THERMOMETER                                       ,BOHOL AGRO MARINE DEV'T CORP. ,BAMDECORP-PRODUCTION                              
0003713900002       ,PENETRATION THERMOMETER SET 106                             ,4200  ,03/11/2017,THERMOMETER                                       ,BOHOL AGRO MARINE DEV'T CORP. ,BAMDECORP-PRODUCTION                              
0003713900003       ,PENETRATION THERMOMETER SET 106                             ,4200  ,03/11/2017,THERMOMETER                                       ,BOHOL AGRO MARINE DEV'T CORP. ,BAMDECORP-PRODUCTION                              
0003715000001       ,SALTER HANGING SCALE 50KGSX200G                             ,3950  ,05/11/2017,WEIGHING SCALE                                    ,BOHOL AGRO MARINE DEV'T CORP. ,BAMDECORP-PRODUCTION                              
0003715000002       ,SALTER HANGING SCALE 50KGSX200G                             ,3950  ,05/11/2017,WEIGHING SCALE                                    ,BOHOL AGRO MARINE DEV'T CORP. ,BAMDECORP-PRODUCTION                              
0003715100001       ,AV-PL-3000 ANEMOMETER                                       ,16565 ,06/20/2017,OTHERS                                            ,BOHOL AGRO MARINE DEV'T CORP. ,BAMDECORP-PRODUCTION                              
0003715200001       ,TEMPERATURE DATA LOGGER                                     ,13600 ,10/17/2017,OTHERS                                            ,BOHOL AGRO MARINE DEV'T CORP. ,BAMDECORP-PRODUCTION                              
0003715200002       ,TEMPERATURE DATA LOGGER                                     ,13600 ,10/17/2017,OTHERS                                            ,BOHOL AGRO MARINE DEV'T CORP. ,BAMDECORP-PRODUCTION                              
0003715200003       ,TEMPERATURE DATA LOGGER                                     ,13600 ,10/17/2017,OTHERS                                            ,BOHOL AGRO MARINE DEV'T CORP. ,BAMDECORP-PRODUCTION                              
0003715300001       ,FIRE HOSE 1 1/2""X100FT.                                     ,7975  ,10/18/2017,OTHERS                                            ,BOHOL AGRO MARINE DEV'T CORP. ,BAMDECORP-ENGINEERING DEPARTMENT                  
0003715300002       ,FIRE HOSE 1 1/2""X100FT.                                     ,7975  ,10/18/2017,OTHERS                                            ,BOHOL AGRO MARINE DEV'T CORP. ,BAMDECORP-ENGINEERING DEPARTMENT                  
0003715600001       ,STAINLESS BEHEADING PLATFORM                                ,23597.,08/12/2015,OTHERS                                            ,BOHOL AGRO MARINE DEV'T CORP. ,BAMDECORP-PRODUCTION                              
0003715600002       ,STAINLESS BEHEADING PLATFORM                                ,23597.,08/13/2015,OTHERS                                            ,BOHOL AGRO MARINE DEV'T CORP. ,BAMDECORP-PRODUCTION                              
0003715700001       ,OHAUS DIGITAL WEIGHING SCALE                                ,15000 ,08/17/2015,WEIGHING SCALE                                    ,BOHOL AGRO MARINE DEV'T CORP. ,BAMDECORP-PRODUCTION                              
0003715600003       ,STAINLESS BEHEADING PLATFORM                                ,23597.,08/19/2015,OTHERS                                            ,BOHOL AGRO MARINE DEV'T CORP. ,BAMDECORP-PRODUCTION                              
0003715600004       ,STAINLESS BEHEADING PLATFORM                                ,23597.,08/19/2015,OTHERS                                            ,BOHOL AGRO MARINE DEV'T CORP. ,BAMDECORP-PRODUCTION                              
0003715600005       ,STAINLESS BEHEADING PLATFORM                                ,23597.,08/19/2015,OTHERS                                            ,BOHOL AGRO MARINE DEV'T CORP. ,BAMDECORP-PRODUCTION                              
0003715600006       ,STAINLESS BEHEADING PLATFORM                                ,23597.,08/19/2015,OTHERS                                            ,BOHOL AGRO MARINE DEV'T CORP. ,BAMDECORP-PRODUCTION                              
0003715900001       ,METTLER DIGITAL WEIGHING SCALE                              ,17000 ,08/21/2015,WEIGHING SCALE                                    ,BOHOL AGRO MARINE DEV'T CORP. ,BAMDECORP-PRODUCTION                              
0003715900002       ,METTLER DIGITAL WEIGHING SCALE                              ,17000 ,08/21/2015,WEIGHING SCALE                                    ,BOHOL AGRO MARINE DEV'T CORP. ,BAMDECORP-PRODUCTION                              
0003715900003       ,METTLER DIGITAL WEIGHING SCALE                              ,17000 ,08/21/2015,WEIGHING SCALE                                    ,BOHOL AGRO MARINE DEV'T CORP. ,BAMDECORP-PRODUCTION                              
0003715900004       ,METTLER DIGITAL WEIGHING SCALE                              ,17000 ,08/21/2015,WEIGHING SCALE                                    ,BOHOL AGRO MARINE DEV'T CORP. ,BAMDECORP-PRODUCTION                              
0003715900005       ,METTLER DIGITAL WEIGHING SCALE                              ,17000 ,08/21/2015,WEIGHING SCALE                                    ,BOHOL AGRO MARINE DEV'T CORP. ,BAMDECORP-PRODUCTION                              
0003715900006       ,METTLER DIGITAL WEIGHING SCALE                              ,17000 ,08/21/2015,WEIGHING SCALE                                    ,BOHOL AGRO MARINE DEV'T CORP. ,BAMDECORP-PRODUCTION                              
0003715900007       ,METTLER DIGITAL WEIGHING SCALE                              ,17000 ,08/21/2015,WEIGHING SCALE                                    ,BOHOL AGRO MARINE DEV'T CORP. ,BAMDECORP-PRODUCTION                              
0003715900008       ,METTLER DIGITAL WEIGHING SCALE                              ,17000 ,08/21/2015,WEIGHING SCALE                                    ,BOHOL AGRO MARINE DEV'T CORP. ,BAMDECORP-PRODUCTION                              
0003715700002       ,OHAUS DIGITAL WEIGHING SCALE                                ,15000 ,08/24/2015,WEIGHING SCALE                                    ,BOHOL AGRO MARINE DEV'T CORP. ,BAMDECORP-PRODUCTION                              
0003715700003       ,OHAUS DIGITAL WEIGHING SCALE                                ,15000 ,08/24/2015,WEIGHING SCALE                                    ,BOHOL AGRO MARINE DEV'T CORP. ,BAMDECORP-PRODUCTION                              
0003715900009       ,METTLER DIGITAL WEIGHING SCALE                              ,17000 ,08/28/2015,WEIGHING SCALE                                    ,BOHOL AGRO MARINE DEV'T CORP. ,BAMDECORP-PRODUCTION                              
0003715900010       ,METTLER DIGITAL WEIGHING SCALE                              ,17000 ,08/28/2015,WEIGHING SCALE                                    ,BOHOL AGRO MARINE DEV'T CORP. ,BAMDECORP-PRODUCTION                              
0003715900011       ,METTLER DIGITAL WEIGHING SCALE                              ,17000 ,08/28/2015,WEIGHING SCALE                                    ,BOHOL AGRO MARINE DEV'T CORP. ,BAMDECORP-PRODUCTION                              
0003715900012       ,METTLER DIGITAL WEIGHING SCALE                              ,17000 ,08/28/2015,WEIGHING SCALE                                    ,BOHOL AGRO MARINE DEV'T CORP. ,BAMDECORP-PRODUCTION                              
0003715900013       ,METTLER DIGITAL WEIGHING SCALE                              ,17000 ,08/28/2015,WEIGHING SCALE                                    ,BOHOL AGRO MARINE DEV'T CORP. ,BAMDECORP-PRODUCTION                              
0003715900014       ,METTLER DIGITAL WEIGHING SCALE                              ,17000 ,08/28/2015,WEIGHING SCALE                                    ,BOHOL AGRO MARINE DEV'T CORP. ,BAMDECORP-PRODUCTION                              
0003715900015       ,METTLER DIGITAL WEIGHING SCALE                              ,17000 ,08/28/2015,WEIGHING SCALE                                    ,BOHOL AGRO MARINE DEV'T CORP. ,BAMDECORP-PRODUCTION                              
0003715800001       ,OHAUS DIGITAL PLATFORM SCALE                                ,32000 ,08/28/2015,WEIGHING SCALE                                    ,BOHOL AGRO MARINE DEV'T CORP. ,BAMDECORP-PRODUCTION                              
0003716000001       ,LED MOVING MESSAGE                                          ,3520  ,08/31/2015,OTHERS                                            ,BOHOL AGRO MARINE DEV'T CORP. ,BAMDECORP-PRODUCTION                              
0003716100001       ,THERMOCOUPLE WATERPROOF                                     ,56260 ,10/30/2015,WEIGHING SCALE                                    ,BOHOL AGRO MARINE DEV'T CORP. ,BAMDECORP-PRODUCTION                              
0002305100001       ,INFRARED THERMOMETER                                        ,18600 ,10/30/2015,OTHERS                                            ,BOHOL AGRO MARINE DEV'T CORP. ,BAMDECORP-PRODUCTION                              
0002305100002       ,INFRARED THERMOMETER                                        ,18600 ,10/30/2015,OTHERS                                            ,BOHOL AGRO MARINE DEV'T CORP. ,BAMDECORP-PRODUCTION                              
0003715700004       ,OHAUS DIGITAL WEIGHING SCALE                                ,15000 ,10/26/2015,WEIGHING SCALE                                    ,BOHOL AGRO MARINE DEV'T CORP. ,BAMDECORP-PRODUCTION                              
0003715700005       ,OHAUS DIGITAL WEIGHING SCALE                                ,15000 ,10/26/2015,WEIGHING SCALE                                    ,BOHOL AGRO MARINE DEV'T CORP. ,BAMDECORP-PRODUCTION                              
0003715700006       ,OHAUS DIGITAL WEIGHING SCALE                                ,15000 ,10/26/2015,WEIGHING SCALE                                    ,BOHOL AGRO MARINE DEV'T CORP. ,BAMDECORP-PRODUCTION                              
0003715700007       ,OHAUS DIGITAL WEIGHING SCALE                                ,15000 ,10/26/2015,WEIGHING SCALE                                    ,BOHOL AGRO MARINE DEV'T CORP. ,BAMDECORP-PRODUCTION                              
0003715700008       ,OHAUS DIGITAL WEIGHING SCALE                                ,15000 ,10/26/2015,WEIGHING SCALE                                    ,BOHOL AGRO MARINE DEV'T CORP. ,BAMDECORP-PRODUCTION                              
0003715700009       ,OHAUS DIGITAL WEIGHING SCALE                                ,15000 ,10/26/2015,WEIGHING SCALE                                    ,BOHOL AGRO MARINE DEV'T CORP. ,BAMDECORP-PRODUCTION                              
0003715700010       ,OHAUS DIGITAL WEIGHING SCALE                                ,15000 ,10/26/2015,WEIGHING SCALE                                    ,BOHOL AGRO MARINE DEV'T CORP. ,BAMDECORP-PRODUCTION                              
0003715700011       ,OHAUS DIGITAL WEIGHING SCALE                                ,15000 ,10/26/2015,WEIGHING SCALE                                    ,BOHOL AGRO MARINE DEV'T CORP. ,BAMDECORP-PRODUCTION                              
0003715700012       ,OHAUS DIGITAL WEIGHING SCALE                                ,15000 ,10/26/2015,WEIGHING SCALE                                    ,BOHOL AGRO MARINE DEV'T CORP. ,BAMDECORP-PRODUCTION                              
0003715700013       ,OHAUS DIGITAL WEIGHING SCALE                                ,15000 ,10/26/2015,WEIGHING SCALE                                    ,BOHOL AGRO MARINE DEV'T CORP. ,BAMDECORP-PRODUCTION                              
0003715700014       ,OHAUS DIGITAL WEIGHING SCALE                                ,15000 ,10/26/2015,WEIGHING SCALE                                    ,BOHOL AGRO MARINE DEV'T CORP. ,BAMDECORP-PRODUCTION                              
0003715700015       ,OHAUS DIGITAL WEIGHING SCALE                                ,15000 ,10/26/2015,WEIGHING SCALE                                    ,BOHOL AGRO MARINE DEV'T CORP. ,BAMDECORP-PRODUCTION                              
0003715700016       ,OHAUS DIGITAL WEIGHING SCALE                                ,15000 ,10/26/2015,WEIGHING SCALE                                    ,BOHOL AGRO MARINE DEV'T CORP. ,BAMDECORP-PRODUCTION                              
0003715600007       ,STAINLESS BEHEADING PLATFORM                                ,23597.,11/05/2015,OTHERS                                            ,BOHOL AGRO MARINE DEV'T CORP. ,BAMDECORP-PRODUCTION                              
0003715600008       ,STAINLESS BEHEADING PLATFORM                                ,23597.,11/05/2015,OTHERS                                            ,BOHOL AGRO MARINE DEV'T CORP. ,BAMDECORP-PRODUCTION                              
0003715600009       ,STAINLESS BEHEADING PLATFORM                                ,23597.,11/05/2015,OTHERS                                            ,BOHOL AGRO MARINE DEV'T CORP. ,BAMDECORP-PRODUCTION                              
0003716200001       ,AUTOMATIC HAND DRYER                                        ,1999.7,02/17/2016,OTHERS                                            ,BOHOL AGRO MARINE DEV'T CORP. ,BAMDECORP-PRODUCTION                              
0003716300001       ,STAINLESS STYROBOX CASING                                   ,12929.,02/09/2017,OTHERS                                            ,BOHOL AGRO MARINE DEV'T CORP. ,BAMDECORP-PRODUCTION                              
0003716300002       ,STAINLESS STYROBOX CASING                                   ,12929.,02/09/2017,OTHERS                                            ,BOHOL AGRO MARINE DEV'T CORP. ,BAMDECORP-PRODUCTION                              
0003716300003       ,STAINLESS STYROBOX CASING                                   ,12929.,02/09/2017,OTHERS                                            ,BOHOL AGRO MARINE DEV'T CORP. ,BAMDECORP-PRODUCTION                              
0003716300004       ,STAINLESS STYROBOX CASING                                   ,12929.,02/09/2017,OTHERS                                            ,BOHOL AGRO MARINE DEV'T CORP. ,BAMDECORP-PRODUCTION                              
0003716300005       ,STAINLESS STYROBOX CASING                                   ,12929.,02/09/2017,OTHERS                                            ,BOHOL AGRO MARINE DEV'T CORP. ,BAMDECORP-PRODUCTION                              
0003716300006       ,STAINLESS STYROBOX CASING                                   ,12929.,02/09/2017,OTHERS                                            ,BOHOL AGRO MARINE DEV'T CORP. ,BAMDECORP-PRODUCTION                              
0003716300007       ,STAINLESS STYROBOX CASING                                   ,12929.,02/14/2017,OTHERS                                            ,BOHOL AGRO MARINE DEV'T CORP. ,BAMDECORP-PRODUCTION                              
0003716300008       ,STAINLESS STYROBOX CASING                                   ,12929.,02/14/2017,OTHERS                                            ,BOHOL AGRO MARINE DEV'T CORP. ,BAMDECORP-PRODUCTION                              
0003716300009       ,STAINLESS STYROBOX CASING                                   ,12929.,02/14/2017,OTHERS                                            ,BOHOL AGRO MARINE DEV'T CORP. ,BAMDECORP-PRODUCTION                              
0003716300010       ,STAINLESS STYROBOX CASING                                   ,12929.,02/14/2017,OTHERS                                            ,BOHOL AGRO MARINE DEV'T CORP. ,BAMDECORP-PRODUCTION                              
0003716300011       ,STAINLESS STYROBOX CASING                                   ,12929.,02/14/2017,OTHERS                                            ,BOHOL AGRO MARINE DEV'T CORP. ,BAMDECORP-PRODUCTION                              
0003716300012       ,STAINLESS STYROBOX CASING                                   ,12929.,02/14/2017,OTHERS                                            ,BOHOL AGRO MARINE DEV'T CORP. ,BAMDECORP-PRODUCTION                              
0003716200002       ,AUTOMATIC HAND DRYER                                        ,1999.7,05/27/2017,HAND DRYER                                        ,BOHOL AGRO MARINE DEV'T CORP. ,BAMDECORP-PRODUCTION                              
0003721400001       ,CHILLING TANK BLUE                                          ,4320  ,07/07/2015,TANK                                              ,BOHOL AGRO MARINE DEV'T CORP. ,BAMDECORP-PRODUCTION                              
0003721400002       ,CHILLING TANK BLUE                                          ,4320  ,07/07/2015,TANK                                              ,BOHOL AGRO MARINE DEV'T CORP. ,BAMDECORP-PRODUCTION                              
0001111500001       ,MINI GLASS TABLES                                           ,1     ,  /  /    ,TABLE                                             ,BOHOL AGRO MARINE DEV'T CORP. ,BAMDECORP-GUEST ROOM                              
0001111500002       ,MINI GLASS TABLES                                           ,1     ,  /  /    ,TABLE                                             ,BOHOL AGRO MARINE DEV'T CORP. ,BAMDECORP-GUEST ROOM                              
0001111500004       ,MINI GLASS TABLES/SIR LIM                                   ,1     ,  /  /    ,TABLE                                             ,BOHOL AGRO MARINE DEV'T CORP. ,BAMDECORP-DORMITORY                               
0001111300011       ,WOODEN CABINET BEIGE SMALL/SIR LIM                          ,1     ,  /  /    ,CABINET                                           ,BOHOL AGRO MARINE DEV'T CORP. ,BAMDECORP-DORMITORY                               
0001111300010       ,WOODEN CABINET BEIGE SMALL/SIR JUN                          ,1     ,  /  /    ,CABINET                                           ,BOHOL AGRO MARINE DEV'T CORP. ,BAMDECORP-DORMITORY                               
0001111500003       ,MINI GLASS TABLES/SIR JUN                                   ,1     ,  /  /    ,TABLE                                             ,BOHOL AGRO MARINE DEV'T CORP. ,BAMDECORP-DORMITORY                               
0000748000018       ,DOUBLE DECK                                                 ,1     ,  /  /    ,DOUBLE DECK                                       ,BOHOL AGRO MARINE DEV'T CORP. ,BAMDECORP-DORMITORY                               
0000748000017       ,DOUBLE DECK                                                 ,1     ,  /  /    ,DOUBLE DECK                                       ,BOHOL AGRO MARINE DEV'T CORP. ,BAMDECORP-DORMITORY                               
0000748000019       ,DOUBLE DECK                                                 ,1     ,  /  /    ,DOUBLE DECK                                       ,BOHOL AGRO MARINE DEV'T CORP. ,BAMDECORP-DORMITORY                               
0001111300009       ,WOODEN CABINET BEIGE SMALL                                  ,1     ,  /  /    ,CABINET                                           ,BOHOL AGRO MARINE DEV'T CORP. ,BAMDECORP-DORMITORY                               
0001111300008       ,WOODEN CABINET BEIGE SMALL                                  ,1     ,  /  /    ,CABINET                                           ,BOHOL AGRO MARINE DEV'T CORP. ,BAMDECORP-DORMITORY                               
0000748000015       ,DOUBLE DECK                                                 ,1     ,  /  /    ,DOUBLE DECK                                       ,BOHOL AGRO MARINE DEV'T CORP. ,BAMDECORP-DORMITORY                               
0000748000016       ,DOUBLE DECK                                                 ,1     ,  /  /    ,DOUBLE DECK                                       ,BOHOL AGRO MARINE DEV'T CORP. ,BAMDECORP-DORMITORY                               
0000748000014       ,DOUBLE DECK                                                 ,1     ,  /  /    ,DOUBLE DECK                                       ,BOHOL AGRO MARINE DEV'T CORP. ,BAMDECORP-DORMITORY                               
0000748000013       ,DOUBLE DECK                                                 ,1     ,  /  /    ,DOUBLE DECK                                       ,BOHOL AGRO MARINE DEV'T CORP. ,BAMDECORP-DORMITORY                               
0001111300001       ,WOODEN CABINET BEIGE SMALL                                  ,1     ,  /  /    ,CABINET                                           ,BOHOL AGRO MARINE DEV'T CORP. ,BAMDECORP-DORMITORY                               
0001111300002       ,WOODEN CABINET BEIGE SMALL                                  ,1     ,  /  /    ,CABINET                                           ,BOHOL AGRO MARINE DEV'T CORP. ,BAMDECORP-DORMITORY                               
0001111300003       ,WOODEN CABINET BEIGE SMALL                                  ,1     ,  /  /    ,CABINET                                           ,BOHOL AGRO MARINE DEV'T CORP. ,BAMDECORP-DORMITORY                               
0001111300004       ,WOODEN CABINET BEIGE SMALL                                  ,1     ,  /  /    ,CABINET                                           ,BOHOL AGRO MARINE DEV'T CORP. ,BAMDECORP-DORMITORY                               
0001111300005       ,WOODEN CABINET BEIGE SMALL                                  ,1     ,  /  /    ,CABINET                                           ,BOHOL AGRO MARINE DEV'T CORP. ,BAMDECORP-DORMITORY                               
0001111300006       ,WOODEN CABINET BEIGE SMALL                                  ,1     ,  /  /    ,CABINET                                           ,BOHOL AGRO MARINE DEV'T CORP. ,BAMDECORP-DORMITORY                               
0001111300007       ,WOODEN CABINET BEIGE SMALL                                  ,1     ,  /  /    ,CABINET                                           ,BOHOL AGRO MARINE DEV'T CORP. ,BAMDECORP-DORMITORY                               
0000748000012       ,DOUBLE DECK                                                 ,1     ,  /  /    ,DOUBLE DECK                                       ,BOHOL AGRO MARINE DEV'T CORP. ,BAMDECORP-DORMITORY                               
0000748000011       ,DOUBLE DECK                                                 ,1     ,  /  /    ,DOUBLE DECK                                       ,BOHOL AGRO MARINE DEV'T CORP. ,BAMDECORP-DORMITORY                               
0001111300012       ,WOODEN CABINET BEIGE SMALL                                  ,1     ,  /  /    ,CABINET                                           ,BOHOL AGRO MARINE DEV'T CORP. ,BAMDECORP-GUEST ROOM                              
0001111300013       ,WOODEN CABINET BEIGE SMALL                                  ,1     ,  /  /    ,CABINET                                           ,BOHOL AGRO MARINE DEV'T CORP. ,BAMDECORP-GUEST ROOM                              
0000335700005       ,WOODEN CHAIR                                                ,1     ,  /  /    ,CHAIR                                             ,BOHOL AGRO MARINE DEV'T CORP. ,BAMDECORP-PROD-KITCHEN                            
0000335700003       ,WOODEN CHAIR                                                ,1     ,  /  /    ,CHAIR                                             ,BOHOL AGRO MARINE DEV'T CORP. ,BAMDECORP-PROD-KITCHEN                            
0000335700006       ,WOODEN CHAIR                                                ,1     ,  /  /    ,CHAIR                                             ,BOHOL AGRO MARINE DEV'T CORP. ,BAMDECORP-PROD-KITCHEN                            
0000335700009       ,WOODEN CHAIR                                                ,1     ,  /  /    ,CHAIR                                             ,BOHOL AGRO MARINE DEV'T CORP. ,BAMDECORP-PROD-KITCHEN                            
0000335700011       ,WOODEN CHAIR                                                ,1     ,  /  /    ,CHAIR                                             ,BOHOL AGRO MARINE DEV'T CORP. ,BAMDECORP-PROD-KITCHEN                            
0000335700008       ,WOODEN CHAIR                                                ,1     ,  /  /    ,CHAIR                                             ,BOHOL AGRO MARINE DEV'T CORP. ,BAMDECORP-PROD-KITCHEN                            
0000335700007       ,WOODEN CHAIR                                                ,1     ,  /  /    ,CHAIR                                             ,BOHOL AGRO MARINE DEV'T CORP. ,BAMDECORP-PROD-KITCHEN                            
0000335700002       ,WOODEN CHAIR                                                ,1     ,  /  /    ,CHAIR                                             ,BOHOL AGRO MARINE DEV'T CORP. ,BAMDECORP-PROD-KITCHEN                            
0000335700010       ,WOODEN CHAIR                                                ,1     ,  /  /    ,CHAIR                                             ,BOHOL AGRO MARINE DEV'T CORP. ,BAMDECORP-PROD-KITCHEN                            
0000335700004       ,WOODEN CHAIR                                                ,1     ,  /  /    ,CHAIR                                             ,BOHOL AGRO MARINE DEV'T CORP. ,BAMDECORP-PROD-KITCHEN                            
0001111400002       ,STEEL BENCH                                                 ,1     ,  /  /    ,CHAIR                                             ,BOHOL AGRO MARINE DEV'T CORP. ,BAMDECORP-PROD-KITCHEN                            
0001111400003       ,STEEL BENCH                                                 ,1     ,  /  /    ,CHAIR                                             ,BOHOL AGRO MARINE DEV'T CORP. ,BAMDECORP-PROD-KITCHEN                            
0002321000001       ,SOLENOID VALVE EVRA 15                                      ,32000 ,02/18/2017,OTHERS                                            ,BOHOL AGRO MARINE DEV'T CORP. ,BAMDECORP-ENGINEERING DEPARTMENT                  
0002321000002       ,SOLENOID VALVE EVRA 15                                      ,32000 ,02/18/2017,OTHERS                                            ,BOHOL AGRO MARINE DEV'T CORP. ,BAMDECORP-ENGINEERING DEPARTMENT                  
0002321100001       ,SOLENOID VALVE EVRA 15 W/ FLANGES AND CO                    ,28000 ,02/18/2017,OTHERS                                            ,BOHOL AGRO MARINE DEV'T CORP. ,BAMDECORP-ENGINEERING DEPARTMENT                  
0002321100002       ,SOLENOID VALVE EVRA 15 W/ FLANGES AND CO                    ,28000 ,02/18/2017,OTHERS                                            ,BOHOL AGRO MARINE DEV'T CORP. ,BAMDECORP-ENGINEERING DEPARTMENT                  
0002321200001       ,STOP VALVE 20MM                                             ,4500  ,02/18/2017,OTHERS                                            ,BOHOL AGRO MARINE DEV'T CORP. ,BAMDECORP-ENGINEERING DEPARTMENT                  
0002321200002       ,STOP VALVE 20MM                                             ,4500  ,02/18/2017,OTHERS                                            ,BOHOL AGRO MARINE DEV'T CORP. ,BAMDECORP-ENGINEERING DEPARTMENT                  
0002321200003       ,STOP VALVE 20MM                                             ,4500  ,02/18/2017,OTHERS                                            ,BOHOL AGRO MARINE DEV'T CORP. ,BAMDECORP-ENGINEERING DEPARTMENT                  
0002321200004       ,STOP VALVE 20MM                                             ,4500  ,02/18/2017,OTHERS                                            ,BOHOL AGRO MARINE DEV'T CORP. ,BAMDECORP-ENGINEERING DEPARTMENT                  
0003299800001       ,PLASTIC PALLET BLUE 2 WAY OPEN                              ,2215  ,11/09/2017,PALLET                                            ,BOHOL AGRO MARINE DEV'T CORP. ,BAMDECORP-PRODUCTION                              
0003299800002       ,PLASTIC PALLET BLUE 2 WAY OPEN                              ,2215  ,11/09/2017,PALLET                                            ,BOHOL AGRO MARINE DEV'T CORP. ,BAMDECORP-PRODUCTION                              
0003299800003       ,PLASTIC PALLET BLUE 2 WAY OPEN                              ,2215  ,11/09/2017,PALLET                                            ,BOHOL AGRO MARINE DEV'T CORP. ,BAMDECORP-PRODUCTION                              
0003299800004       ,PLASTIC PALLET BLUE 2 WAY OPEN                              ,2215  ,11/09/2017,PALLET                                            ,BOHOL AGRO MARINE DEV'T CORP. ,BAMDECORP-PRODUCTION                              
0003299800005       ,PLASTIC PALLET BLUE 2 WAY OPEN                              ,2215  ,11/09/2017,PALLET                                            ,BOHOL AGRO MARINE DEV'T CORP. ,BAMDECORP-PRODUCTION                              
0003299800006       ,PLASTIC PALLET BLUE 2 WAY OPEN                              ,2215  ,11/09/2017,PALLET                                            ,BOHOL AGRO MARINE DEV'T CORP. ,BAMDECORP-PRODUCTION                              
0003299800007       ,PLASTIC PALLET BLUE 2 WAY OPEN                              ,2215  ,11/09/2017,PALLET                                            ,BOHOL AGRO MARINE DEV'T CORP. ,BAMDECORP-PRODUCTION                              
0003299800008       ,PLASTIC PALLET BLUE 2 WAY OPEN                              ,2215  ,11/09/2017,PALLET                                            ,BOHOL AGRO MARINE DEV'T CORP. ,BAMDECORP-PRODUCTION                              
0003299800009       ,PLASTIC PALLET BLUE 2 WAY OPEN                              ,2215  ,11/09/2017,PALLET                                            ,BOHOL AGRO MARINE DEV'T CORP. ,BAMDECORP-PRODUCTION                              
0003299800010       ,PLASTIC PALLET BLUE 2 WAY OPEN                              ,2215  ,11/09/2017,PALLET                                            ,BOHOL AGRO MARINE DEV'T CORP. ,BAMDECORP-PRODUCTION                              
0003299800011       ,PLASTIC PALLET BLUE 2 WAY OPEN                              ,2215  ,11/09/2017,PALLET                                            ,BOHOL AGRO MARINE DEV'T CORP. ,BAMDECORP-PRODUCTION                              
0003299800012       ,PLASTIC PALLET BLUE 2 WAY OPEN                              ,2215  ,11/09/2017,PALLET                                            ,BOHOL AGRO MARINE DEV'T CORP. ,BAMDECORP-PRODUCTION                              
0003299800013       ,PLASTIC PALLET BLUE 2 WAY OPEN                              ,2215  ,11/09/2017,PALLET                                            ,BOHOL AGRO MARINE DEV'T CORP. ,BAMDECORP-PRODUCTION                              
0003299800014       ,PLASTIC PALLET BLUE 2 WAY OPEN                              ,2215  ,11/09/2017,PALLET                                            ,BOHOL AGRO MARINE DEV'T CORP. ,BAMDECORP-PRODUCTION                              
0003299800015       ,PLASTIC PALLET BLUE 2 WAY OPEN                              ,2215  ,11/09/2017,PALLET                                            ,BOHOL AGRO MARINE DEV'T CORP. ,BAMDECORP-PRODUCTION                              
0003299800016       ,PLASTIC PALLET BLUE 2 WAY OPEN                              ,2215  ,11/09/2017,PALLET                                            ,BOHOL AGRO MARINE DEV'T CORP. ,BAMDECORP-PRODUCTION                              
0003299800017       ,PLASTIC PALLET BLUE 2 WAY OPEN                              ,2215  ,11/09/2017,PALLET                                            ,BOHOL AGRO MARINE DEV'T CORP. ,BAMDECORP-PRODUCTION                              
0003299800018       ,PLASTIC PALLET BLUE 2 WAY OPEN                              ,2215  ,11/09/2017,PALLET                                            ,BOHOL AGRO MARINE DEV'T CORP. ,BAMDECORP-PRODUCTION                              
0003299800019       ,PLASTIC PALLET BLUE 2 WAY OPEN                              ,2215  ,11/09/2017,PALLET                                            ,BOHOL AGRO MARINE DEV'T CORP. ,BAMDECORP-PRODUCTION                              
0003299800020       ,PLASTIC PALLET BLUE 2 WAY OPEN                              ,2215  ,11/09/2017,PALLET                                            ,BOHOL AGRO MARINE DEV'T CORP. ,BAMDECORP-PRODUCTION                              
0003299800021       ,PLASTIC PALLET BLUE 2 WAY OPEN                              ,2215  ,11/09/2017,PALLET                                            ,BOHOL AGRO MARINE DEV'T CORP. ,BAMDECORP-PRODUCTION                              
0003299800022       ,PLASTIC PALLET BLUE 2 WAY OPEN                              ,2215  ,11/09/2017,PALLET                                            ,BOHOL AGRO MARINE DEV'T CORP. ,BAMDECORP-PRODUCTION                              
0003299800023       ,PLASTIC PALLET BLUE 2 WAY OPEN                              ,2215  ,11/09/2017,PALLET                                            ,BOHOL AGRO MARINE DEV'T CORP. ,BAMDECORP-PRODUCTION                              
0003299800024       ,PLASTIC PALLET BLUE 2 WAY OPEN                              ,2215  ,11/09/2017,PALLET                                            ,BOHOL AGRO MARINE DEV'T CORP. ,BAMDECORP-PRODUCTION                              
0003299800025       ,PLASTIC PALLET BLUE 2 WAY OPEN                              ,2215  ,11/09/2017,PALLET                                            ,BOHOL AGRO MARINE DEV'T CORP. ,BAMDECORP-PRODUCTION                              
0003299800026       ,PLASTIC PALLET BLUE 2 WAY OPEN                              ,2215  ,11/09/2017,PALLET                                            ,BOHOL AGRO MARINE DEV'T CORP. ,BAMDECORP-PRODUCTION                              
0003299800027       ,PLASTIC PALLET BLUE 2 WAY OPEN                              ,2215  ,11/09/2017,PALLET                                            ,BOHOL AGRO MARINE DEV'T CORP. ,BAMDECORP-PRODUCTION                              
0003299800028       ,PLASTIC PALLET BLUE 2 WAY OPEN                              ,2215  ,11/09/2017,PALLET                                            ,BOHOL AGRO MARINE DEV'T CORP. ,BAMDECORP-PRODUCTION                              
0003299800029       ,PLASTIC PALLET BLUE 2 WAY OPEN                              ,2215  ,11/09/2017,PALLET                                            ,BOHOL AGRO MARINE DEV'T CORP. ,BAMDECORP-PRODUCTION                              
0003299800030       ,PLASTIC PALLET BLUE 2 WAY OPEN                              ,2215  ,11/09/2017,PALLET                                            ,BOHOL AGRO MARINE DEV'T CORP. ,BAMDECORP-PRODUCTION                              
0003062600003       ,DANFOSS DIFFERENTIAL PRESSURE CONTROL                       ,10614.,11/15/2017,OTHERS                                            ,BOHOL AGRO MARINE DEV'T CORP. ,BAMDECORP-ENGINEERING DEPARTMENT                  
0003062600004       ,DANFOSS DIFFERENTIAL PRESSURE CONTROL                       ,10614.,11/15/2017,OTHERS                                            ,BOHOL AGRO MARINE DEV'T CORP. ,BAMDECORP-ENGINEERING DEPARTMENT                  
0003366300001       ,ELECTRIC MOTOR 1/2 HP                                       ,6284.2,11/15/2017,ELECTRIC MOTOR                                    ,BOHOL AGRO MARINE DEV'T CORP. ,BAMDECORP-ENGINEERING DEPARTMENT                  
0001244200035       ,DIGITAL WEIGHING SCALE                                      ,16700 ,12/07/2017,WEIGHING SCALE                                    ,BOHOL AGRO MARINE DEV'T CORP. ,BAMDECORP-PRODUCTION                              
0001244200036       ,DIGITAL WEIGHING SCALE                                      ,16700 ,12/07/2017,WEIGHING SCALE                                    ,BOHOL AGRO MARINE DEV'T CORP. ,BAMDECORP-PRODUCTION                              
0001244200037       ,DIGITAL WEIGHING SCALE                                      ,16700 ,12/07/2017,WEIGHING SCALE                                    ,BOHOL AGRO MARINE DEV'T CORP. ,BAMDECORP-PRODUCTION                              
0001244200038       ,DIGITAL WEIGHING SCALE                                      ,16700 ,12/07/2017,WEIGHING SCALE                                    ,BOHOL AGRO MARINE DEV'T CORP. ,BAMDECORP-PRODUCTION                              
0001244200039       ,DIGITAL WEIGHING SCALE                                      ,16700 ,12/07/2017,WEIGHING SCALE                                    ,BOHOL AGRO MARINE DEV'T CORP. ,BAMDECORP-PRODUCTION                              
0001244200040       ,DIGITAL WEIGHING SCALE                                      ,16700 ,12/07/2017,WEIGHING SCALE                                    ,BOHOL AGRO MARINE DEV'T CORP. ,BAMDECORP-PRODUCTION                              
0001244200041       ,DIGITAL WEIGHING SCALE                                      ,16700 ,12/07/2017,WEIGHING SCALE                                    ,BOHOL AGRO MARINE DEV'T CORP. ,BAMDECORP-PRODUCTION                              
0003441000001       ,PATOSL HANDHELD DIGITAL THERMOMETER                         ,3375  ,01/04/2018,THERMOMETER                                       ,BOHOL AGRO MARINE DEV'T CORP. ,BAMDECORP-PRODUCTION                              
0003441100001       ,STANDARD TEMPERATURE PROBE                                  ,1821  ,01/04/2018,OTHERS                                            ,BOHOL AGRO MARINE DEV'T CORP. ,BAMDECORP-PRODUCTION                              
0003743800001       ,MAKITA HAND DRILL                                           ,3299  ,03/05/2018,DRILL                                             ,BOHOL AGRO MARINE DEV'T CORP. ,BAMDECORP-ENGINEERING DEPARTMENT                  
0003747300001       ,HP DESKJET INK ADVANTAGE 2676 3N1 PRINTE                    ,4530  ,03/08/2018,PRINTER                                           ,BOHOL AGRO MARINE DEV'T CORP. ,BAMDECORP-OFFICE                                  
0003883000001       ,PUMP 64A 125W                                               ,3499.7,04/02/2018,PUMP                                              ,BOHOL AGRO MARINE DEV'T CORP. ,BAMDECORP-ENGINEERING DEPARTMENT                  
0003714100002       ,STAINLESS PRESSURE TANK                                     ,17999.,04/19/2018,                                                  ,BOHOL AGRO MARINE DEV'T CORP. ,BAMDECORP-ENGINEERING DEPARTMENT                  
0000570900005       ,DIGITAL CONTROLLER                                          ,22000 ,04/25/2016,OTHERS                                            ,BOHOL AGRO MARINE DEV'T CORP. ,BAMDECORP-TRANSPORTATION                          
0001829600001       ,FAN BLADE ASSEMBLY FOR LBC-125                              ,30890 ,11/12/2016,OTHERS                                            ,BOHOL AGRO MARINE DEV'T CORP. ,BAMDECORP-ENGINEERING DEPARTMENT                  
0003931000001       ,VERTICAL/CYLINDRICAL W/ OUTSIDE LADDER                      ,146761,05/28/2018,OTHERS                                            ,BOHOL AGRO MARINE DEV'T CORP. ,BAMDECORP-ENGINEERING DEPARTMENT                  
0003931000002       ,VERTICAL/CYLINDRICAL W/ OUTSIDE LADDER                      ,146761,05/28/2018,OTHERS                                            ,BOHOL AGRO MARINE DEV'T CORP. ,BAMDECORP-ENGINEERING DEPARTMENT                  
0007-0004671300001  ,RAW WASHING MACHINE-MRT-1500-516LP                          ,580130,02/08/2019,WASHING MACHINE                                   ,BOHOL AGRO MARINE DEV'T CORP. ,BAMDECORP-ENGINEERING DEPARTMENT                  
0007-0006636100001  ,SAMSUNG EXPRESS M2070W LASERJET PRINTER                     ,4000  ,02/05/2021,PRINTER                                           ,BOHOL AGRO MARINE DEV'T CORP. ,BAMDECORP-WAREHOUSE                               
0007-0006448600001  ,PORTABLE ELECTRIC DRILL                                     ,4495.7,02/16/2021,TOOLS                                             ,BOHOL AGRO MARINE DEV'T CORP. ,BAMDECORP-WAREHOUSE                               
0007-0000746800001  ,ASAHI ORBIT FAN                                             ,3690  ,03/04/2021,FAN                                               ,BOHOL AGRO MARINE DEV'T CORP. ,BAMDECORP-WAREHOUSE                               
0007-0006642800001  ,FLASHCHECK WATERPROOF LOLLIPOP THERMOMET                    ,2210  ,03/26/2021,THERMOMETER                                       ,BOHOL AGRO MARINE DEV'T CORP. ,BAMDECORP-WAREHOUSE                               
0007-0006642800002  ,FLASHCHECK WATERPROOF LOLLIPOP THERMOMET                    ,2210  ,03/26/2021,THERMOMETER                                       ,BOHOL AGRO MARINE DEV'T CORP. ,BAMDECORP-WAREHOUSE                               
0007-0006642800003  ,FLASHCHECK WATERPROOF LOLLIPOP THERMOMET                    ,2210  ,03/26/2021,THERMOMETER                                       ,BOHOL AGRO MARINE DEV'T CORP. ,BAMDECORP-WAREHOUSE                               
0007-0001446400001  ,HAND DRYER                                                  ,2499.7,09/13/2019,DRYER                                             ,BOHOL AGRO MARINE DEV'T CORP. ,BAMDECORP-WAREHOUSE                               
0007-0004248700001  ,JACK HAMMER MAKITA                                          ,16799.,02/24/2021,MACHINE                                           ,BOHOL AGRO MARINE DEV'T CORP. ,BAMDECORP-WAREHOUSE                               
0007-0000925700001  ,ELECTRIC ADDING MACHINE                                     ,7200  ,02/26/2021,OTHERS                                            ,BOHOL AGRO MARINE DEV'T CORP. ,BAMDECORP-WAREHOUSE                               
0007-0004656300002  ,PRINTER HP 3776 DESKJET INK ADVANTAGE AL                    ,4590  ,03/10/2021,PRINTER                                           ,BOHOL AGRO MARINE DEV'T CORP. ,BAMDECORP-WAREHOUSE                               
0007-0001060900001  ,EXHAUST FAN                                                 ,3995  ,05/17/2021,FAN                                               ,BOHOL AGRO MARINE DEV'T CORP. ,BAMDECORP-WAREHOUSE                               
0007-0001060900002  ,EXHAUST FAN                                                 ,3995  ,05/17/2021,FAN                                               ,BOHOL AGRO MARINE DEV'T CORP. ,BAMDECORP-WAREHOUSE                               
0007-0003291500001  ,PLASTIC COOLER BOX/I.B FISH BOX 240 LITE                    ,6000  ,04/17/2021,COOLER                                            ,BOHOL AGRO MARINE DEV'T CORP. ,BAMDECORP-WAREHOUSE                               
0007-0003291500002  ,PLASTIC COOLER BOX/I.B FISH BOX 240 LITE                    ,6000  ,04/17/2021,COOLER                                            ,BOHOL AGRO MARINE DEV'T CORP. ,BAMDECORP-WAREHOUSE                               
0007-0003291500003  ,PLASTIC COOLER BOX/I.B FISH BOX 240 LITE                    ,6000  ,04/17/2021,COOLER                                            ,BOHOL AGRO MARINE DEV'T CORP. ,BAMDECORP-WAREHOUSE                               
0007-0006697700001  ,"GOULDS SUBMERSIBLE PUMP 45GS75,4"" 2"" NPT                    ",87500 ,04/08/2021,PUMP                                              ,BOHOL AGRO MARINE DEV'T CORP. ,BAMDECORP-WAREHOUSE                               
0007-0003716400008  ,DIGITAL WEIGHING SCALE TABLE TOP                            ,18342 ,05/22/2021,                                                  ,BOHOL AGRO MARINE DEV'T CORP. ,BAMDECORP-WAREHOUSE                               
0007-0003716400009  ,DIGITAL WEIGHING SCALE TABLE TOP                            ,18342 ,05/22/2021,                                                  ,BOHOL AGRO MARINE DEV'T CORP. ,BAMDECORP-WAREHOUSE                               
0007-0003716400010  ,DIGITAL WEIGHING SCALE TABLE TOP                            ,18342 ,05/22/2021,                                                  ,BOHOL AGRO MARINE DEV'T CORP. ,BAMDECORP-WAREHOUSE                               
0007-0003716400011  ,DIGITAL WEIGHING SCALE TABLE TOP                            ,18342 ,05/22/2021,                                                  ,BOHOL AGRO MARINE DEV'T CORP. ,BAMDECORP-WAREHOUSE                               
0007-0003716400012  ,DIGITAL WEIGHING SCALE TABLE TOP                            ,18342 ,05/22/2021,                                                  ,BOHOL AGRO MARINE DEV'T CORP. ,BAMDECORP-WAREHOUSE                               
0007-0003716400013  ,DIGITAL WEIGHING SCALE TABLE TOP                            ,18342 ,05/22/2021,                                                  ,BOHOL AGRO MARINE DEV'T CORP. ,BAMDECORP-WAREHOUSE                               
0007-0003716400014  ,DIGITAL WEIGHING SCALE TABLE TOP                            ,18342 ,05/22/2021,                                                  ,BOHOL AGRO MARINE DEV'T CORP. ,BAMDECORP-WAREHOUSE                               
0007-0003716400015  ,DIGITAL WEIGHING SCALE TABLE TOP                            ,18342 ,05/22/2021,                                                  ,BOHOL AGRO MARINE DEV'T CORP. ,BAMDECORP-WAREHOUSE                               
0007-0003716400016  ,DIGITAL WEIGHING SCALE TABLE TOP                            ,18342 ,05/22/2021,                                                  ,BOHOL AGRO MARINE DEV'T CORP. ,BAMDECORP-WAREHOUSE                               
0007-0006642800004  ,FLASHCHECK WATERPROOF LOLLIPOP THERMOMET                    ,2210  ,06/24/2021,THERMOMETER                                       ,BOHOL AGRO MARINE DEV'T CORP. ,BAMDECORP-WAREHOUSE                               
0007-0006642800005  ,FLASHCHECK WATERPROOF LOLLIPOP THERMOMET                    ,2210  ,06/24/2021,THERMOMETER                                       ,BOHOL AGRO MARINE DEV'T CORP. ,BAMDECORP-WAREHOUSE                               
0007-0006642800006  ,FLASHCHECK WATERPROOF LOLLIPOP THERMOMET                    ,2210  ,06/24/2021,THERMOMETER                                       ,BOHOL AGRO MARINE DEV'T CORP. ,BAMDECORP-WAREHOUSE                               
0007-0006869400001  ,GRUNFOS PACO CENTRIFUGAL PUMP                               ,155000,09/27/2021,PUMP                                              ,BOHOL AGRO MARINE DEV'T CORP. ,BAMDECORP-WAREHOUSE                               
0007-0000374000001  ,STAINLESS RACK                                              ,2700  ,10/13/2021,RACK                                              ,BOHOL AGRO MARINE DEV'T CORP. ,BAMDECORP-WAREHOUSE                               
0007-0002842500001  ,MONITOR LED ACER 21.5""                                      ,7650  ,10/06/2021,MONITOR                                           ,BOHOL AGRO MARINE DEV'T CORP. ,BAMDECORP-WAREHOUSE                               
0007-0007046700001  ,PRINTER 3777 HP DESKJET                                     ,4990  ,10/06/2021,PRINTER                                           ,BOHOL AGRO MARINE DEV'T CORP. ,BAMDECORP-WAREHOUSE                               
0007-0002897700001  ,HDMI CABLE 10 METERS                                        ,2802.5,10/11/2021,OTHERS                                            ,BOHOL AGRO MARINE DEV'T CORP. ,BAMDECORP-WAREHOUSE                               
0007-0002897700002  ,HDMI CABLE 10 METERS                                        ,2802.5,10/11/2021,OTHERS                                            ,BOHOL AGRO MARINE DEV'T CORP. ,BAMDECORP-WAREHOUSE                               
0007-0006413900001  ,POE SWITCH 24 PORTS HIKVISION                               ,9975  ,10/11/2021,NETWORK SWITCH                                    ,BOHOL AGRO MARINE DEV'T CORP. ,BAMDECORP-WAREHOUSE                               
0007-0006413900002  ,POE SWITCH 24 PORTS HIKVISION                               ,9975  ,10/11/2021,NETWORK SWITCH                                    ,BOHOL AGRO MARINE DEV'T CORP. ,BAMDECORP-WAREHOUSE                               
0007-0006413900003  ,POE SWITCH 24 PORTS HIKVISION                               ,9975  ,10/11/2021,NETWORK SWITCH                                    ,BOHOL AGRO MARINE DEV'T CORP. ,BAMDECORP-WAREHOUSE                               
0007-0007021600001  ,"CAT.6 UTP CABLE,305M/BOX (PANDUIT NETKEY)                   ",5985  ,10/11/2021,OTHERS                                            ,BOHOL AGRO MARINE DEV'T CORP. ,BAMDECORP-WAREHOUSE                               
0007-0007021600002  ,"CAT.6 UTP CABLE,305M/BOX (PANDUIT NETKEY)                   ",5985  ,10/11/2021,OTHERS                                            ,BOHOL AGRO MARINE DEV'T CORP. ,BAMDECORP-WAREHOUSE                               
0007-0007021600003  ,"CAT.6 UTP CABLE,305M/BOX (PANDUIT NETKEY)                   ",5985  ,10/11/2021,OTHERS                                            ,BOHOL AGRO MARINE DEV'T CORP. ,BAMDECORP-WAREHOUSE                               
0007-0007021600004  ,"CAT.6 UTP CABLE,305M/BOX (PANDUIT NETKEY)                   ",5985  ,10/11/2021,OTHERS                                            ,BOHOL AGRO MARINE DEV'T CORP. ,BAMDECORP-WAREHOUSE                               
0007-0007021600005  ,"CAT.6 UTP CABLE,305M/BOX (PANDUIT NETKEY)                   ",5985  ,10/11/2021,OTHERS                                            ,BOHOL AGRO MARINE DEV'T CORP. ,BAMDECORP-WAREHOUSE                               
0007-0007021600006  ,"CAT.6 UTP CABLE,305M/BOX (PANDUIT NETKEY)                   ",5985  ,10/11/2021,OTHERS                                            ,BOHOL AGRO MARINE DEV'T CORP. ,BAMDECORP-WAREHOUSE                               
0007-0007021600007  ,"CAT.6 UTP CABLE,305M/BOX (PANDUIT NETKEY)                   ",5985  ,10/11/2021,OTHERS                                            ,BOHOL AGRO MARINE DEV'T CORP. ,BAMDECORP-WAREHOUSE                               
0007-0007021600008  ,"CAT.6 UTP CABLE,305M/BOX (PANDUIT NETKEY)                   ",5985  ,10/11/2021,OTHERS                                            ,BOHOL AGRO MARINE DEV'T CORP. ,BAMDECORP-WAREHOUSE                               
0007-0007021600009  ,"CAT.6 UTP CABLE,305M/BOX (PANDUIT NETKEY)                   ",5985  ,10/11/2021,OTHERS                                            ,BOHOL AGRO MARINE DEV'T CORP. ,BAMDECORP-WAREHOUSE                               
0007-0007021600010  ,"CAT.6 UTP CABLE,305M/BOX (PANDUIT NETKEY)                   ",5985  ,10/11/2021,OTHERS                                            ,BOHOL AGRO MARINE DEV'T CORP. ,BAMDECORP-WAREHOUSE                               
0007-0007022000001  ,32 CHANNEL HD NVR (HIK VISION)                              ,18525 ,10/11/2021,OTHERS                                            ,BOHOL AGRO MARINE DEV'T CORP. ,BAMDECORP-WAREHOUSE                               
0007-0007022000002  ,32 CHANNEL HD NVR (HIK VISION)                              ,18525 ,10/11/2021,OTHERS                                            ,BOHOL AGRO MARINE DEV'T CORP. ,BAMDECORP-WAREHOUSE                               
0007-0007022100001  ,IP CAMERA DOME TYPE HIK VISION                              ,1662.5,10/11/2021,CAMERA                                            ,BOHOL AGRO MARINE DEV'T CORP. ,BAMDECORP-WAREHOUSE                               
0007-0007022100002  ,IP CAMERA DOME TYPE HIK VISION                              ,1662.5,10/11/2021,CAMERA                                            ,BOHOL AGRO MARINE DEV'T CORP. ,BAMDECORP-WAREHOUSE                               
0007-0007022100003  ,IP CAMERA DOME TYPE HIK VISION                              ,1662.5,10/11/2021,CAMERA                                            ,BOHOL AGRO MARINE DEV'T CORP. ,BAMDECORP-WAREHOUSE                               
0007-0007022100004  ,IP CAMERA DOME TYPE HIK VISION                              ,1662.5,10/11/2021,CAMERA                                            ,BOHOL AGRO MARINE DEV'T CORP. ,BAMDECORP-WAREHOUSE                               
0007-0007022100005  ,IP CAMERA DOME TYPE HIK VISION                              ,1662.5,10/11/2021,CAMERA                                            ,BOHOL AGRO MARINE DEV'T CORP. ,BAMDECORP-WAREHOUSE                               
0007-0007022100006  ,IP CAMERA DOME TYPE HIK VISION                              ,1662.5,10/11/2021,CAMERA                                            ,BOHOL AGRO MARINE DEV'T CORP. ,BAMDECORP-WAREHOUSE                               
0007-0007022100007  ,IP CAMERA DOME TYPE HIK VISION                              ,1662.5,10/11/2021,CAMERA                                            ,BOHOL AGRO MARINE DEV'T CORP. ,BAMDECORP-WAREHOUSE                               
0007-0007022100008  ,IP CAMERA DOME TYPE HIK VISION                              ,1662.5,10/11/2021,CAMERA                                            ,BOHOL AGRO MARINE DEV'T CORP. ,BAMDECORP-WAREHOUSE                               
0007-0007022100009  ,IP CAMERA DOME TYPE HIK VISION                              ,1662.5,10/11/2021,CAMERA                                            ,BOHOL AGRO MARINE DEV'T CORP. ,BAMDECORP-WAREHOUSE                               
0007-0007022100010  ,IP CAMERA DOME TYPE HIK VISION                              ,1662.5,10/11/2021,CAMERA                                            ,BOHOL AGRO MARINE DEV'T CORP. ,BAMDECORP-WAREHOUSE                               
0007-0007022100011  ,IP CAMERA DOME TYPE HIK VISION                              ,1662.5,10/11/2021,CAMERA                                            ,BOHOL AGRO MARINE DEV'T CORP. ,BAMDECORP-WAREHOUSE                               
0007-0007022100012  ,IP CAMERA DOME TYPE HIK VISION                              ,1662.5,10/11/2021,CAMERA                                            ,BOHOL AGRO MARINE DEV'T CORP. ,BAMDECORP-WAREHOUSE                               
0007-0007022100013  ,IP CAMERA DOME TYPE HIK VISION                              ,1662.5,10/11/2021,CAMERA                                            ,BOHOL AGRO MARINE DEV'T CORP. ,BAMDECORP-WAREHOUSE                               
0007-0007022100014  ,IP CAMERA DOME TYPE HIK VISION                              ,1662.5,10/11/2021,CAMERA                                            ,BOHOL AGRO MARINE DEV'T CORP. ,BAMDECORP-WAREHOUSE                               
0007-0007022100015  ,IP CAMERA DOME TYPE HIK VISION                              ,1662.5,10/11/2021,CAMERA                                            ,BOHOL AGRO MARINE DEV'T CORP. ,BAMDECORP-WAREHOUSE                               
0007-0007022100016  ,IP CAMERA DOME TYPE HIK VISION                              ,1662.5,10/11/2021,CAMERA                                            ,BOHOL AGRO MARINE DEV'T CORP. ,BAMDECORP-WAREHOUSE                               
0007-0007022100017  ,IP CAMERA DOME TYPE HIK VISION                              ,1662.5,10/11/2021,CAMERA                                            ,BOHOL AGRO MARINE DEV'T CORP. ,BAMDECORP-WAREHOUSE                               
0007-0007022100018  ,IP CAMERA DOME TYPE HIK VISION                              ,1662.5,10/11/2021,CAMERA                                            ,BOHOL AGRO MARINE DEV'T CORP. ,BAMDECORP-WAREHOUSE                               
0007-0007022100019  ,IP CAMERA DOME TYPE HIK VISION                              ,1662.5,10/11/2021,CAMERA                                            ,BOHOL AGRO MARINE DEV'T CORP. ,BAMDECORP-WAREHOUSE                               
0007-0007022100020  ,IP CAMERA DOME TYPE HIK VISION                              ,1662.5,10/11/2021,CAMERA                                            ,BOHOL AGRO MARINE DEV'T CORP. ,BAMDECORP-WAREHOUSE                               
0007-0007022100021  ,IP CAMERA DOME TYPE HIK VISION                              ,1662.5,10/11/2021,CAMERA                                            ,BOHOL AGRO MARINE DEV'T CORP. ,BAMDECORP-WAREHOUSE                               
0007-0007022100022  ,IP CAMERA DOME TYPE HIK VISION                              ,1662.5,10/11/2021,CAMERA                                            ,BOHOL AGRO MARINE DEV'T CORP. ,BAMDECORP-WAREHOUSE                               
0007-0007022100023  ,IP CAMERA DOME TYPE HIK VISION                              ,1662.5,10/11/2021,CAMERA                                            ,BOHOL AGRO MARINE DEV'T CORP. ,BAMDECORP-WAREHOUSE                               
0007-0007022100024  ,IP CAMERA DOME TYPE HIK VISION                              ,1662.5,10/11/2021,CAMERA                                            ,BOHOL AGRO MARINE DEV'T CORP. ,BAMDECORP-WAREHOUSE                               
0007-0007022100025  ,IP CAMERA DOME TYPE HIK VISION                              ,1662.5,10/11/2021,CAMERA                                            ,BOHOL AGRO MARINE DEV'T CORP. ,BAMDECORP-WAREHOUSE                               
0007-0007022200001  ,IP CAMERA BULLET TYPE HIK VISION                            ,2137.5,10/11/2021,CAMERA                                            ,BOHOL AGRO MARINE DEV'T CORP. ,BAMDECORP-WAREHOUSE                               
0007-0007022200002  ,IP CAMERA BULLET TYPE HIK VISION                            ,2137.5,10/11/2021,CAMERA                                            ,BOHOL AGRO MARINE DEV'T CORP. ,BAMDECORP-WAREHOUSE                               
0007-0007022200003  ,IP CAMERA BULLET TYPE HIK VISION                            ,2137.5,10/11/2021,CAMERA                                            ,BOHOL AGRO MARINE DEV'T CORP. ,BAMDECORP-WAREHOUSE                               
0007-0007022200004  ,IP CAMERA BULLET TYPE HIK VISION                            ,2137.5,10/11/2021,CAMERA                                            ,BOHOL AGRO MARINE DEV'T CORP. ,BAMDECORP-WAREHOUSE                               
0007-0007022200005  ,IP CAMERA BULLET TYPE HIK VISION                            ,2137.5,10/11/2021,CAMERA                                            ,BOHOL AGRO MARINE DEV'T CORP. ,BAMDECORP-WAREHOUSE                               
0007-0007022200006  ,IP CAMERA BULLET TYPE HIK VISION                            ,2137.5,10/11/2021,CAMERA                                            ,BOHOL AGRO MARINE DEV'T CORP. ,BAMDECORP-WAREHOUSE                               
0007-0007022200007  ,IP CAMERA BULLET TYPE HIK VISION                            ,2137.5,10/11/2021,CAMERA                                            ,BOHOL AGRO MARINE DEV'T CORP. ,BAMDECORP-WAREHOUSE                               
0007-0007022200008  ,IP CAMERA BULLET TYPE HIK VISION                            ,2137.5,10/11/2021,CAMERA                                            ,BOHOL AGRO MARINE DEV'T CORP. ,BAMDECORP-WAREHOUSE                               
0007-0007022200009  ,IP CAMERA BULLET TYPE HIK VISION                            ,2137.5,10/11/2021,CAMERA                                            ,BOHOL AGRO MARINE DEV'T CORP. ,BAMDECORP-WAREHOUSE                               
0007-0007022200010  ,IP CAMERA BULLET TYPE HIK VISION                            ,2137.5,10/11/2021,CAMERA                                            ,BOHOL AGRO MARINE DEV'T CORP. ,BAMDECORP-WAREHOUSE                               
0007-0007022200011  ,IP CAMERA BULLET TYPE HIK VISION                            ,2137.5,10/11/2021,CAMERA                                            ,BOHOL AGRO MARINE DEV'T CORP. ,BAMDECORP-WAREHOUSE                               
0007-0007022200012  ,IP CAMERA BULLET TYPE HIK VISION                            ,2137.5,10/11/2021,CAMERA                                            ,BOHOL AGRO MARINE DEV'T CORP. ,BAMDECORP-WAREHOUSE                               
0007-0007022200013  ,IP CAMERA BULLET TYPE HIK VISION                            ,2137.5,10/11/2021,CAMERA                                            ,BOHOL AGRO MARINE DEV'T CORP. ,BAMDECORP-WAREHOUSE                               
0007-0007022200014  ,IP CAMERA BULLET TYPE HIK VISION                            ,2137.5,10/11/2021,CAMERA                                            ,BOHOL AGRO MARINE DEV'T CORP. ,BAMDECORP-WAREHOUSE                               
0007-0007022200015  ,IP CAMERA BULLET TYPE HIK VISION                            ,2137.5,10/11/2021,CAMERA                                            ,BOHOL AGRO MARINE DEV'T CORP. ,BAMDECORP-WAREHOUSE                               
0007-0007022200016  ,IP CAMERA BULLET TYPE HIK VISION                            ,2137.5,10/11/2021,CAMERA                                            ,BOHOL AGRO MARINE DEV'T CORP. ,BAMDECORP-WAREHOUSE                               
0007-0007022200017  ,IP CAMERA BULLET TYPE HIK VISION                            ,2137.5,10/11/2021,CAMERA                                            ,BOHOL AGRO MARINE DEV'T CORP. ,BAMDECORP-WAREHOUSE                               
0007-0007022200018  ,IP CAMERA BULLET TYPE HIK VISION                            ,2137.5,10/11/2021,CAMERA                                            ,BOHOL AGRO MARINE DEV'T CORP. ,BAMDECORP-WAREHOUSE                               
0007-0007022200019  ,IP CAMERA BULLET TYPE HIK VISION                            ,2137.5,10/11/2021,CAMERA                                            ,BOHOL AGRO MARINE DEV'T CORP. ,BAMDECORP-WAREHOUSE                               
0007-0007022200020  ,IP CAMERA BULLET TYPE HIK VISION                            ,2137.5,10/11/2021,CAMERA                                            ,BOHOL AGRO MARINE DEV'T CORP. ,BAMDECORP-WAREHOUSE                               
0007-0007022200021  ,IP CAMERA BULLET TYPE HIK VISION                            ,2137.5,10/11/2021,CAMERA                                            ,BOHOL AGRO MARINE DEV'T CORP. ,BAMDECORP-WAREHOUSE                               
0007-0007022200022  ,IP CAMERA BULLET TYPE HIK VISION                            ,2137.5,10/11/2021,CAMERA                                            ,BOHOL AGRO MARINE DEV'T CORP. ,BAMDECORP-WAREHOUSE                               
0007-0007022200023  ,IP CAMERA BULLET TYPE HIK VISION                            ,2137.5,10/11/2021,CAMERA                                            ,BOHOL AGRO MARINE DEV'T CORP. ,BAMDECORP-WAREHOUSE                               
0007-0007022200024  ,IP CAMERA BULLET TYPE HIK VISION                            ,2137.5,10/11/2021,CAMERA                                            ,BOHOL AGRO MARINE DEV'T CORP. ,BAMDECORP-WAREHOUSE                               
0007-0007022200025  ,IP CAMERA BULLET TYPE HIK VISION                            ,2137.5,10/11/2021,CAMERA                                            ,BOHOL AGRO MARINE DEV'T CORP. ,BAMDECORP-WAREHOUSE                               
0007-0007022200026  ,IP CAMERA BULLET TYPE HIK VISION                            ,2137.5,10/11/2021,CAMERA                                            ,BOHOL AGRO MARINE DEV'T CORP. ,BAMDECORP-WAREHOUSE                               
0007-0007022200027  ,IP CAMERA BULLET TYPE HIK VISION                            ,2137.5,10/11/2021,CAMERA                                            ,BOHOL AGRO MARINE DEV'T CORP. ,BAMDECORP-WAREHOUSE                               
0007-0007022200028  ,IP CAMERA BULLET TYPE HIK VISION                            ,2137.5,10/11/2021,CAMERA                                            ,BOHOL AGRO MARINE DEV'T CORP. ,BAMDECORP-WAREHOUSE                               
0007-0007022300001  ,4 TB HDD (WESTERN DIGITAL)                                  ,6650  ,10/11/2021,OTHERS                                            ,BOHOL AGRO MARINE DEV'T CORP. ,BAMDECORP-WAREHOUSE                               
0007-0007022300002  ,4 TB HDD (WESTERN DIGITAL)                                  ,6650  ,10/11/2021,OTHERS                                            ,BOHOL AGRO MARINE DEV'T CORP. ,BAMDECORP-WAREHOUSE                               
0007-0007022300003  ,4 TB HDD (WESTERN DIGITAL)                                  ,6650  ,10/11/2021,OTHERS                                            ,BOHOL AGRO MARINE DEV'T CORP. ,BAMDECORP-WAREHOUSE                               
0007-0007022300004  ,4 TB HDD (WESTERN DIGITAL)                                  ,6650  ,10/11/2021,OTHERS                                            ,BOHOL AGRO MARINE DEV'T CORP. ,BAMDECORP-WAREHOUSE                               
0007-0007124000001  ,ANTI THEFT ALARM STAND FOR SAMSUNG TAB T295 MICRO           ,1699  ,11/19/2021,OTHERS                                            ,BOHOL AGRO MARINE DEV'T CORP. ,BAMDECORP-WAREHOUSE                               
0007-0007124000002  ,ANTI THEFT ALARM STAND FOR SAMSUNG TAB T295 MICRO           ,1699  ,11/19/2021,OTHERS                                            ,BOHOL AGRO MARINE DEV'T CORP. ,BAMDECORP-WAREHOUSE                               
0007-0007124000003  ,ANTI THEFT ALARM STAND FOR SAMSUNG TAB T295 MICRO           ,1699  ,11/19/2021,OTHERS                                            ,BOHOL AGRO MARINE DEV'T CORP. ,BAMDECORP-WAREHOUSE                               
0007-0001052400001  ,FABRICATED ID HOLDER                                        ,2900  ,10/15/2021,OTHERS                                            ,BOHOL AGRO MARINE DEV'T CORP. ,BAMDECORP-WAREHOUSE                               
0007-0003715900016  ,METTLER DIGITAL WEIGHING SCALE                              ,18342 ,08/13/2019,                                                  ,BOHOL AGRO MARINE DEV'T CORP. ,BAMDECORP-ENGINEERING DEPARTMENT                  
0007-0003715900017  ,METTLER DIGITAL WEIGHING SCALE                              ,18342 ,08/13/2019,                                                  ,BOHOL AGRO MARINE DEV'T CORP. ,BAMDECORP-ENGINEERING DEPARTMENT                  
0007-0003715900018  ,METTLER DIGITAL WEIGHING SCALE                              ,18342 ,08/13/2019,                                                  ,BOHOL AGRO MARINE DEV'T CORP. ,BAMDECORP-ENGINEERING DEPARTMENT                  
0007-0003715900019  ,METTLER DIGITAL WEIGHING SCALE                              ,18342 ,08/13/2019,                                                  ,BOHOL AGRO MARINE DEV'T CORP. ,BAMDECORP-ENGINEERING DEPARTMENT                  
0007-0003715900020  ,METTLER DIGITAL WEIGHING SCALE                              ,18342 ,08/13/2019,                                                  ,BOHOL AGRO MARINE DEV'T CORP. ,BAMDECORP-ENGINEERING DEPARTMENT                  
0007-0003715900021  ,METTLER DIGITAL WEIGHING SCALE                              ,18342 ,08/13/2019,                                                  ,BOHOL AGRO MARINE DEV'T CORP. ,BAMDECORP-ENGINEERING DEPARTMENT                  
0007-0003715900022  ,METTLER DIGITAL WEIGHING SCALE                              ,18342 ,08/13/2019,                                                  ,BOHOL AGRO MARINE DEV'T CORP. ,BAMDECORP-ENGINEERING DEPARTMENT                  
0007-0003715900023  ,METTLER DIGITAL WEIGHING SCALE                              ,18342 ,08/13/2019,                                                  ,BOHOL AGRO MARINE DEV'T CORP. ,BAMDECORP-ENGINEERING DEPARTMENT                  
0007-0005062600001  ,CONTROL BOARD (PART # 11.07.3.0000T)                        ,68500 ,03/21/2019,OTHERS                                            ,BOHOL AGRO MARINE DEV'T CORP. ,BAMDECORP-ENGINEERING DEPARTMENT                  
0007-0003563000001  ,WATER HEATER BMU-60                                         ,7499.7,03/01/2019,HEATER                                            ,BOHOL AGRO MARINE DEV'T CORP. ,BAMDECORP-ENGINEERING DEPARTMENT                  
0007-0005214700001  ,SUBMERSIBLE MOTOR FRANKLIN 5HP                              ,64800 ,05/07/2019,PUMP                                              ,BOHOL AGRO MARINE DEV'T CORP. ,BAMDECORP-ENGINEERING DEPARTMENT                  
0007-0002262700001  ,MONITOR AOC 18""                                             ,3500  ,04/26/2021,MONITOR                                           ,BOHOL AGRO MARINE DEV'T CORP. ,BAMDECORP-OFFICE                                  
0007-0001509100004  ,TESTO THERMOMETER 106                                       ,3616  ,07/02/2019,OTHERS                                            ,BOHOL AGRO MARINE DEV'T CORP. ,BAMDECORP-QUALITY CONTROL                         
0007-0001509100005  ,TESTO THERMOMETER 106                                       ,3616  ,07/02/2019,OTHERS                                            ,BOHOL AGRO MARINE DEV'T CORP. ,BAMDECORP-QUALITY CONTROL                         
0007-0001509100006  ,TESTO THERMOMETER 106                                       ,3616  ,07/02/2019,OTHERS                                            ,BOHOL AGRO MARINE DEV'T CORP. ,BAMDECORP-QUALITY CONTROL                         
0007-0001461400001  ,COMPRESSOR                                                  ,333180,08/23/2019,COMPRESSOR                                        ,BOHOL AGRO MARINE DEV'T CORP. ,BAMDECORP-ENGINEERING DEPARTMENT                  
0007-0002558900002  ,OVERHAULING PARTS FOR GRAM COMPRESSOR                       ,800152,07/24/2018,COMPRESSOR                                        ,BOHOL AGRO MARINE DEV'T CORP. ,BAMDECORP-ENGINEERING DEPARTMENT                  
0007-0002392800001  ,SUBMERSIBLE PUMP 5HP                                        ,26000 ,06/15/2019,PUMP                                              ,BOHOL AGRO MARINE DEV'T CORP. ,BAMDECORP-ENGINEERING DEPARTMENT                  
0007-0005534700001  ,EBARA CENTRIFUGAL PUMP 380-440/660 VOLTS                    ,45000 ,07/13/2019,PUMP                                              ,BOHOL AGRO MARINE DEV'T CORP. ,BAMDECORP-ENGINEERING DEPARTMENT                  
0007-0000846500001  ,TESTO 175-T1 TEMPERATURE LOGGER                             ,11709 ,08/19/2019,OTHERS                                            ,BOHOL AGRO MARINE DEV'T CORP. ,BAMDECORP-QUALITY CONTROL                         
0007-0000846500002  ,TESTO 175-T1 TEMPERATURE LOGGER                             ,11709 ,08/19/2019,OTHERS                                            ,BOHOL AGRO MARINE DEV'T CORP. ,BAMDECORP-QUALITY CONTROL                         
0007-0000846500003  ,TESTO 175-T1 TEMPERATURE LOGGER                             ,11709 ,08/19/2019,OTHERS                                            ,BOHOL AGRO MARINE DEV'T CORP. ,BAMDECORP-QUALITY CONTROL                         
0007-0000846500004  ,TESTO 175-T1 TEMPERATURE LOGGER                             ,11709 ,08/19/2019,OTHERS                                            ,BOHOL AGRO MARINE DEV'T CORP. ,BAMDECORP-QUALITY CONTROL                         
0007-0005417300001  ,MITSUBISHI FUSO CANTER FE71 ALUM VAN                        ,148000,01/02/2020,VEHICLE                                           ,BOHOL AGRO MARINE DEV'T CORP. ,BAMDECORP-TRANSPORTATION                          
0007-0000691100001  ,VISITOR CHAIR CH 228V BLUE                                  ,2993  ,08/20/2019,CHAIR                                             ,BOHOL AGRO MARINE DEV'T CORP. ,BAMDECORP-OFFICE                                  
0007-0000691100002  ,VISITOR CHAIR CH 228V BLUE                                  ,2993  ,08/20/2019,CHAIR                                             ,BOHOL AGRO MARINE DEV'T CORP. ,BAMDECORP-OFFICE                                  
0007-0000691100003  ,VISITOR CHAIR CH 228V BLUE                                  ,2993  ,08/20/2019,CHAIR                                             ,BOHOL AGRO MARINE DEV'T CORP. ,BAMDECORP-OFFICE                                  
0007-0000691100004  ,VISITOR CHAIR CH 228V BLUE                                  ,2993  ,08/20/2019,CHAIR                                             ,BOHOL AGRO MARINE DEV'T CORP. ,BAMDECORP-OFFICE                                  
0007-0000691100005  ,VISITOR CHAIR CH 228V BLUE                                  ,2993  ,08/20/2019,CHAIR                                             ,BOHOL AGRO MARINE DEV'T CORP. ,BAMDECORP-OFFICE                                  
0007-0000691100006  ,VISITOR CHAIR CH 228V BLUE                                  ,2993  ,08/20/2019,CHAIR                                             ,BOHOL AGRO MARINE DEV'T CORP. ,BAMDECORP-OFFICE                                  
0007-0000691100007  ,VISITOR CHAIR CH 228V BLUE                                  ,2993  ,08/20/2019,CHAIR                                             ,BOHOL AGRO MARINE DEV'T CORP. ,BAMDECORP-OFFICE                                  
0007-0000691100008  ,VISITOR CHAIR CH 228V BLUE                                  ,2993  ,08/20/2019,CHAIR                                             ,BOHOL AGRO MARINE DEV'T CORP. ,BAMDECORP-OFFICE                                  
0007-0000691100009  ,VISITOR CHAIR CH 228V BLUE                                  ,2993  ,08/20/2019,CHAIR                                             ,BOHOL AGRO MARINE DEV'T CORP. ,BAMDECORP-OFFICE                                  
0007-0002861100003  ,DIGITAL JUMBO THERMOHYGROMETER SI-812                       ,2500  ,07/15/2020,OTHERS                                            ,BOHOL AGRO MARINE DEV'T CORP. ,BAMDECORP-QUALITY CONTROL                         
0007-0002861100004  ,DIGITAL JUMBO THERMOHYGROMETER SI-812                       ,2500  ,07/15/2020,OTHERS                                            ,BOHOL AGRO MARINE DEV'T CORP. ,BAMDECORP-QUALITY CONTROL                         
0007-0002861100005  ,DIGITAL JUMBO THERMOHYGROMETER SI-812                       ,2500  ,07/15/2020,OTHERS                                            ,BOHOL AGRO MARINE DEV'T CORP. ,BAMDECORP-QUALITY CONTROL                         
0007-0002861100006  ,DIGITAL JUMBO THERMOHYGROMETER SI-812                       ,2500  ,07/15/2020,OTHERS                                            ,BOHOL AGRO MARINE DEV'T CORP. ,BAMDECORP-QUALITY CONTROL                         
0007-0004239000001  ,DIGITAL INFRARED THERMOMETER                                ,6800  ,07/15/2020,THERMOMETER                                       ,BOHOL AGRO MARINE DEV'T CORP. ,BAMDECORP-ENGINEERING DEPARTMENT                  
0007-0006505500001  ,PORTABLE WELDING MACHINE INVERTER                           ,19889.,10/12/2020,MACHINE MOTOR                                     ,BOHOL AGRO MARINE DEV'T CORP. ,BAMDECORP-ENGINEERING DEPARTMENT                  
0007-0000881000001  ,EURO STAR WATER PUMP                                        ,9999.7,10/23/2020,PUMP                                              ,BOHOL AGRO MARINE DEV'T CORP. ,BAMDECORP-ENGINEERING DEPARTMENT                  
0007-0001972000001  ,SAMSUNG GALAXY TAB                                          ,9490  ,12/13/2021,TABLET                                            ,BOHOL AGRO MARINE DEV'T CORP. ,BAMDECORP-WAREHOUSE                               
0007-0001539900001  ,CPU INTEL CORE I5                                           ,20800 ,01/17/2022,CPU                                               ,BOHOL AGRO MARINE DEV'T CORP. ,BAMDECORP-WAREHOUSE                               
0007-0001539900002  ,CPU INTEL CORE I5                                           ,20800 ,01/17/2022,CPU                                               ,BOHOL AGRO MARINE DEV'T CORP. ,BAMDECORP-WAREHOUSE                               
0007-0001539900003  ,CPU INTEL CORE I5                                           ,20800 ,01/17/2022,CPU                                               ,BOHOL AGRO MARINE DEV'T CORP. ,BAMDECORP-WAREHOUSE                               
0007-0001539900004  ,CPU INTEL CORE I5                                           ,20800 ,01/17/2022,CPU                                               ,BOHOL AGRO MARINE DEV'T CORP. ,BAMDECORP-WAREHOUSE                               
0007-0001539900005  ,CPU INTEL CORE I5                                           ,20800 ,01/17/2022,CPU                                               ,BOHOL AGRO MARINE DEV'T CORP. ,BAMDECORP-WAREHOUSE                               
0007-0001539900006  ,CPU INTEL CORE I5                                           ,20800 ,01/17/2022,CPU                                               ,BOHOL AGRO MARINE DEV'T CORP. ,BAMDECORP-WAREHOUSE                               
0007-0001539900007  ,CPU INTEL CORE I5                                           ,20800 ,01/17/2022,CPU                                               ,BOHOL AGRO MARINE DEV'T CORP. ,BAMDECORP-WAREHOUSE                               
0007-0001539900008  ,CPU INTEL CORE I5                                           ,20800 ,01/17/2022,CPU                                               ,BOHOL AGRO MARINE DEV'T CORP. ,BAMDECORP-WAREHOUSE                               
0007-0001539900009  ,CPU INTEL CORE I5                                           ,20800 ,01/17/2022,CPU                                               ,BOHOL AGRO MARINE DEV'T CORP. ,BAMDECORP-WAREHOUSE                               
0007-0006731000001  ,CPU SET I3-10100                                            ,17050 ,01/17/2022,CPU                                               ,BOHOL AGRO MARINE DEV'T CORP. ,BAMDECORP-WAREHOUSE                               
0007-0006731000002  ,CPU SET I3-10100                                            ,17050 ,01/17/2022,CPU                                               ,BOHOL AGRO MARINE DEV'T CORP. ,BAMDECORP-WAREHOUSE                               
0007-0006731000003  ,CPU SET I3-10100                                            ,17050 ,01/17/2022,CPU                                               ,BOHOL AGRO MARINE DEV'T CORP. ,BAMDECORP-WAREHOUSE                               
0007-0006731000004  ,CPU SET I3-10100                                            ,17050 ,01/17/2022,CPU                                               ,BOHOL AGRO MARINE DEV'T CORP. ,BAMDECORP-WAREHOUSE                               
0007-0007425000001  ,HP MONITOR 19.5""                                            ,7350  ,01/17/2022,MONITOR                                           ,BOHOL AGRO MARINE DEV'T CORP. ,BAMDECORP-WAREHOUSE                               
0007-0007425000002  ,HP MONITOR 19.5""                                            ,7350  ,01/17/2022,MONITOR                                           ,BOHOL AGRO MARINE DEV'T CORP. ,BAMDECORP-WAREHOUSE                               
0007-0007425000003  ,HP MONITOR 19.5""                                            ,7350  ,01/17/2022,MONITOR                                           ,BOHOL AGRO MARINE DEV'T CORP. ,BAMDECORP-WAREHOUSE                               
0007-0007425000004  ,HP MONITOR 19.5""                                            ,7350  ,01/17/2022,MONITOR                                           ,BOHOL AGRO MARINE DEV'T CORP. ,BAMDECORP-WAREHOUSE                               
0007-0007425700001  ,AOC LED MONITOR 21.5""                                       ,6750  ,01/17/2022,MONITOR                                           ,BOHOL AGRO MARINE DEV'T CORP. ,BAMDECORP-WAREHOUSE                               
0007-0007425700002  ,AOC LED MONITOR 21.5""                                       ,6750  ,01/17/2022,MONITOR                                           ,BOHOL AGRO MARINE DEV'T CORP. ,BAMDECORP-WAREHOUSE                               
0007-0007425700003  ,AOC LED MONITOR 21.5""                                       ,6750  ,01/17/2022,MONITOR                                           ,BOHOL AGRO MARINE DEV'T CORP. ,BAMDECORP-WAREHOUSE                               
0007-0007425700004  ,AOC LED MONITOR 21.5""                                       ,6750  ,01/17/2022,MONITOR                                           ,BOHOL AGRO MARINE DEV'T CORP. ,BAMDECORP-WAREHOUSE                               
0007-0007425700005  ,AOC LED MONITOR 21.5""                                       ,6750  ,01/17/2022,MONITOR                                           ,BOHOL AGRO MARINE DEV'T CORP. ,BAMDECORP-WAREHOUSE                               
0007-0007425700006  ,AOC LED MONITOR 21.5""                                       ,6750  ,01/17/2022,MONITOR                                           ,BOHOL AGRO MARINE DEV'T CORP. ,BAMDECORP-WAREHOUSE                               
0007-0007425700007  ,AOC LED MONITOR 21.5""                                       ,6750  ,01/17/2022,MONITOR                                           ,BOHOL AGRO MARINE DEV'T CORP. ,BAMDECORP-WAREHOUSE                               
0007-0007425700008  ,AOC LED MONITOR 21.5""                                       ,6750  ,01/17/2022,MONITOR                                           ,BOHOL AGRO MARINE DEV'T CORP. ,BAMDECORP-WAREHOUSE                               
0007-0007425700009  ,AOC LED MONITOR 21.5""                                       ,6750  ,01/17/2022,MONITOR                                           ,BOHOL AGRO MARINE DEV'T CORP. ,BAMDECORP-WAREHOUSE                               
0007-0007426400001  ,LENOVO IDEAPAD 3                                            ,43995 ,01/17/2022,TABLET                                            ,BOHOL AGRO MARINE DEV'T CORP. ,BAMDECORP-WAREHOUSE                               
0007-0007427400001  ,POWER GARDE 10KVA/900W                                      ,95000 ,01/17/2022,UPS                                               ,BOHOL AGRO MARINE DEV'T CORP. ,BAMDECORP-WAREHOUSE                               
0007-0006413500001  ,WALL MOUNTED DATA CABINET 1.5FT                             ,7589.2,02/19/2022,CABINET                                           ,BOHOL AGRO MARINE DEV'T CORP. ,BAMDECORP-WAREHOUSE                               
0007-0006413500002  ,WALL MOUNTED DATA CABINET 1.5FT                             ,7589.2,02/19/2022,CABINET                                           ,BOHOL AGRO MARINE DEV'T CORP. ,BAMDECORP-WAREHOUSE                               
0007-0006413500003  ,WALL MOUNTED DATA CABINET 1.5FT                             ,7589.2,02/19/2022,CABINET                                           ,BOHOL AGRO MARINE DEV'T CORP. ,BAMDECORP-WAREHOUSE                               
0007-0001774100002  ,DRY TYPE TRANSFORMER 30KVA                                  ,64894.,02/21/2022,TRANSFORMER                                       ,BOHOL AGRO MARINE DEV'T CORP. ,BAMDECORP-WAREHOUSE                               
0007-0006700500001  ,MONITOR AOC 21.5"" W/ DUAL PORT VGA & HDMI                   ,6750  ,02/18/2022,MONITOR                                           ,BOHOL AGRO MARINE DEV'T CORP. ,BAMDECORP-WAREHOUSE                               
0007-0006731000006  ,CPU SET I3-10100                                            ,16250 ,02/18/2022,CPU                                               ,BOHOL AGRO MARINE DEV'T CORP. ,BAMDECORP-WAREHOUSE                               
0007-0007427600001  ,EPSON PRINTER LX-310                                        ,11990 ,01/24/2022,PRINTER                                           ,BOHOL AGRO MARINE DEV'T CORP. ,BAMDECORP-WAREHOUSE                               
0007-0007427600002  ,EPSON PRINTER LX-310                                        ,11990 ,01/24/2022,PRINTER                                           ,BOHOL AGRO MARINE DEV'T CORP. ,BAMDECORP-WAREHOUSE                               
0007-0007427600003  ,EPSON PRINTER LX-310                                        ,11990 ,01/24/2022,PRINTER                                           ,BOHOL AGRO MARINE DEV'T CORP. ,BAMDECORP-WAREHOUSE                               
0007-0000853600004  ,ANLY DIGITAL TEMPERATURE CONTROLLER                         ,4538  ,03/20/2017,OTHERS                                            ,BOHOL AGRO MARINE DEV'T CORP. ,BAMDECORP-ENGINEERING DEPARTMENT                  
0007-0002393700002  ,ANLY THERMO COUPLE W/ 25 METERS WIRE                        ,7500  ,03/20/2017,OTHERS                                            ,BOHOL AGRO MARINE DEV'T CORP. ,BAMDECORP-ENGINEERING DEPARTMENT                  
0007-0002214800001  ,PROPOSED GUARD PODIUM                                       ,12530.,12/06/2021,OTHERS                                            ,BOHOL AGRO MARINE DEV'T CORP. ,BAMDECORP-WAREHOUSE                               
0007-0005643200001  ,TESTO-925                                                   ,8407  ,10/04/2019,THERMOMETER                                       ,BOHOL AGRO MARINE DEV'T CORP. ,BAMDECORP-QUALITY CONTROL                         
0007-0005643300001  ,TOPSAFE PART NO.05160221                                    ,2916  ,10/04/2019,THERMOMETER                                       ,BOHOL AGRO MARINE DEV'T CORP. ,BAMDECORP-QUALITY CONTROL                         
0007-0005643400001  ,WATERPROOF FOOD PROBE IP65                                  ,5274  ,10/04/2019,THERMOMETER                                       ,BOHOL AGRO MARINE DEV'T CORP. ,BAMDECORP-QUALITY CONTROL                         
0007-0005643600001  ,IMMERSION TIP FLEXIBLE TC TYPE K                            ,2460  ,10/04/2019,THERMOMETER                                       ,BOHOL AGRO MARINE DEV'T CORP. ,BAMDECORP-QUALITY CONTROL                         
0007-0005639500001  ,EBARA CENTRIFUGAL TRANSFER PUMP                             ,20000 ,08/23/2019,PUMP                                              ,BOHOL AGRO MARINE DEV'T CORP. ,BAMDECORP-ENGINEERING DEPARTMENT                  
0007-0001104900004  ,DIGITAL HANGING SCALE                                       ,14733 ,10/04/2019,SCALE                                             ,BOHOL AGRO MARINE DEV'T CORP. ,BAMDECORP-PRODUCTION                              
0001117300001       ,SS THREE BOWL SINKABLE                                      ,28862.,12/28/2006,OTHERS                                            ,BOHOL AGRO MARINE DEV'T CORP. ,BAMDECORP-PRODUCTION                              
0007-0007428600001  ,RUIJIE SWITCH 24 PORTS POE                                  ,33500 ,02/19/2022,SWITCH                                            ,BOHOL AGRO MARINE DEV'T CORP. ,BAMDECORP-WAREHOUSE                               
0007-0007207300001  ,HONEYWELL VOYAGER XP 1470G APAC USB KIT                     ,8500  ,05/21/2022,SCANNER                                           ,BOHOL AGRO MARINE DEV'T CORP. ,BAMDECORP-WAREHOUSE                               
0007-0003721300001  ,METTLER DIGITAL PLATFORM SCALE                              ,65060 ,06/14/2024,PLATFORM                                          ,BOHOL AGRO MARINE DEV'T CORP. ,BAMDECORP-WAREHOUSE                               
0007-0003721300002  ,METTLER DIGITAL PLATFORM SCALE                              ,55000 ,06/09/2022,PLATFORM                                          ,BOHOL AGRO MARINE DEV'T CORP. ,BAMDECORP-WAREHOUSE                               
0007-0003206400001  ,FABRICATED FUEL TANK                                        ,80000 ,06/25/2020,OTHERS                                            ,BOHOL AGRO MARINE DEV'T CORP. ,BAMDECORP-ENGINEERING DEPARTMENT                  
0007-0006307500001  ,INDUSTRIAL VENTILATING FAN W/ GRILL                         ,15000 ,06/17/2020,FAN                                               ,BOHOL AGRO MARINE DEV'T CORP. ,BAMDECORP-ENGINEERING DEPARTMENT                  
0007-0006307500002  ,INDUSTRIAL VENTILATING FAN W/ GRILL                         ,15000 ,06/17/2020,FAN                                               ,BOHOL AGRO MARINE DEV'T CORP. ,BAMDECORP-ENGINEERING DEPARTMENT                  
0007-0007303500001  ,BGS-002 BAUDOUIN  INDUSTRIAL GENERATING SET                 ,221816,01/06/2022,GENERATOR                                         ,FIXRITE PANGLAO               ,FIXRITE PANGLAO-ADMIN                             
0007-0007694700001  ,3M CLEAN TRACE LUMINOMETER & SOFTWARE                       ,170000,07/01/2022,TOOLS                                             ,BOHOL AGRO MARINE DEV'T CORP. ,BAMDECORP-WAREHOUSE                               
0007-0001714700001  ,PANASONIC FAX MACHINE                                       ,7000  ,09/27/2018,FAX MACHINE                                       ,BOHOL AGRO MARINE DEV'T CORP. ,BAMDECORP-OFFICE                                  
0007-0004656300003  ,PRINTER HP 3776 DESKJET INK ADVANTAGE ALL-IN-ONE            ,4390  ,02/05/2020,PRINTER                                           ,BOHOL AGRO MARINE DEV'T CORP. ,BAMDECORP-OFFICE                                  
0007-0006078400001  ,PRINTER HP NEVERSTOP LASER 1000A                            ,15600 ,10/27/2020,PRINTER                                           ,BOHOL AGRO MARINE DEV'T CORP. ,BAMDECORP-OFFICE                                  
0007-0003747300002  ,PRINTER HP 2676 DESKJET INK ADVANTAGE                       ,4200  ,02/05/2020,PRINTER                                           ,BOHOL AGRO MARINE DEV'T CORP. ,BAMDECORP-OFFICE                                  
0007-0007842500001  ,SIZING MACHINE                                              ,459574,05/31/2018,MACHINE                                           ,BOHOL AGRO MARINE DEV'T CORP. ,BAMDECORP-OFFICE                                  
0007-0007842600001  ,AMMONIA HOSE                                                ,605258,01/06/2020,SUPPLIES                                          ,BOHOL AGRO MARINE DEV'T CORP. ,BAMDECORP-OFFICE                                  
0007-0007842400001  ,STANDARD GAS STOVE                                          ,1849  ,10/09/2018,STOVE                                             ,BOHOL AGRO MARINE DEV'T CORP. ,BAMDECORP-OFFICE                                  
0007-0000691400001  ,ADMIN BULLETIN                                              ,4236.3,10/18/2021,OTHERS                                            ,BOHOL AGRO MARINE DEV'T CORP. ,BAMDECORP-OFFICE                                  
0007-0000691400002  ,ADMIN BULLETIN                                              ,4236.3,10/18/2021,OTHERS                                            ,BOHOL AGRO MARINE DEV'T CORP. ,BAMDECORP-OFFICE                                  
0007-0005240300001  ,BIOMETRICS ZKTECO UA 400                                    ,8950  ,03/21/2022,BIOMETRICS                                        ,BOHOL AGRO MARINE DEV'T CORP. ,BAMDECORP-OFFICE                                  
0007-0007842700001  ,SUBMERSIBLE SEWAGE PUMP                                     ,7475  ,11/13/2018,PUMP                                              ,BOHOL AGRO MARINE DEV'T CORP. ,BAMDECORP-OFFICE                                  
0007-0007842800001  ,TESTO 106 THERMOMETER                                       ,18080 ,09/11/2019,THERMOMETER                                       ,BOHOL AGRO MARINE DEV'T CORP. ,BAMDECORP-OFFICE                                  
0007-0006642800007  ,FLASHCHECK WATERPROOF LOLLIPOP THERMOMETER 11050            ,2300  ,05/31/2020,THERMOMETER                                       ,BOHOL AGRO MARINE DEV'T CORP. ,BAMDECORP-OFFICE                                  
0007-0004838300001  ,REFRIGERATOR CONDURA                                        ,18900 ,07/15/2020,REFRIGERATOR                                      ,BOHOL AGRO MARINE DEV'T CORP. ,BAMDECORP-OFFICE                                  
0007-0000374000002  ,STAINLESS RACK                                              ,19293.,10/13/2018,RACK                                              ,BOHOL AGRO MARINE DEV'T CORP. ,BAMDECORP-OFFICE                                  
0007-0000374000003  ,STAINLESS RACK                                              ,19293.,10/13/2018,RACK                                              ,BOHOL AGRO MARINE DEV'T CORP. ,BAMDECORP-OFFICE                                  
0007-0000374000004  ,STAINLESS RACK                                              ,19293.,10/13/2018,RACK                                              ,BOHOL AGRO MARINE DEV'T CORP. ,BAMDECORP-OFFICE                                  
0007-0000374000005  ,STAINLESS RACK                                              ,19293.,10/13/2018,RACK                                              ,BOHOL AGRO MARINE DEV'T CORP. ,BAMDECORP-OFFICE                                  
0007-0000374000006  ,STAINLESS RACK                                              ,19293.,10/13/2018,RACK                                              ,BOHOL AGRO MARINE DEV'T CORP. ,BAMDECORP-OFFICE                                  
0007-0000374000007  ,STAINLESS RACK                                              ,19293.,10/13/2018,RACK                                              ,BOHOL AGRO MARINE DEV'T CORP. ,BAMDECORP-OFFICE                                  
0007-0000374000008  ,STAINLESS RACK                                              ,19293.,10/13/2018,RACK                                              ,BOHOL AGRO MARINE DEV'T CORP. ,BAMDECORP-OFFICE                                  
0007-0000374000009  ,STAINLESS RACK                                              ,19293.,10/13/2018,RACK                                              ,BOHOL AGRO MARINE DEV'T CORP. ,BAMDECORP-OFFICE                                  
0007-0000374000010  ,STAINLESS RACK                                              ,19293.,10/13/2018,RACK                                              ,BOHOL AGRO MARINE DEV'T CORP. ,BAMDECORP-OFFICE                                  
0007-0000374000011  ,STAINLESS RACK                                              ,19293.,10/13/2018,RACK                                              ,BOHOL AGRO MARINE DEV'T CORP. ,BAMDECORP-OFFICE                                  
0007-0007843100001  ,STAINLESS CHILLING TANK                                    ,53777.,06/24/2024,TANK                                              ,BOHOL AGRO MARINE DEV'T CORP. ,BAMDECORP-OFFICE                                  
0007-0007843200001  ,DIGITAL TABLE TOP WEIGHING SCALE                            ,18342 ,03/10/2019,WEIGHING SCALE                                    ,BOHOL AGRO MARINE DEV'T CORP. ,BAMDECORP-OFFICE                                  
0007-0007843200002  ,DIGITAL TABLE TOP WEIGHING SCALE                            ,18342 ,03/10/2019,WEIGHING SCALE                                    ,BOHOL AGRO MARINE DEV'T CORP. ,BAMDECORP-OFFICE                                  
0007-0007843200003  ,DIGITAL TABLE TOP WEIGHING SCALE                            ,18342 ,03/10/2019,WEIGHING SCALE                                    ,BOHOL AGRO MARINE DEV'T CORP. ,BAMDECORP-OFFICE                                  
0007-0007843200004  ,DIGITAL TABLE TOP WEIGHING SCALE                            ,18342 ,03/10/2019,WEIGHING SCALE                                    ,BOHOL AGRO MARINE DEV'T CORP. ,BAMDECORP-OFFICE                                  
0007-0007843200005  ,DIGITAL TABLE TOP WEIGHING SCALE                            ,18342 ,03/10/2019,WEIGHING SCALE                                    ,BOHOL AGRO MARINE DEV'T CORP. ,BAMDECORP-OFFICE                                  
0007-0005499600001  ,WT-6000 PE TANK                                             ,140999,01/15/2020,TANK                                              ,BOHOL AGRO MARINE DEV'T CORP. ,BAMDECORP-OFFICE                                  
0007-0007843100002  ,STAINLESS CHILLING TANK                                    ,53777.,06/24/2024,TANK                                              ,BOHOL AGRO MARINE DEV'T CORP. ,BAMDECORP-OFFICE                                  
0007-0007843100003  ,STAINLESS CHILLING TANK                                    ,53777.,06/24/2024,TANK                                              ,BOHOL AGRO MARINE DEV'T CORP. ,BAMDECORP-OFFICE                                  
0007-0007843100004  ,STAINLESS CHILLING TANK                                    ,53777.,06/24/2024,TANK                                              ,BOHOL AGRO MARINE DEV'T CORP. ,BAMDECORP-OFFICE                                  
0007-0007843100005  ,STAINLESS CHILLING TANK                                    ,53777.,06/24/2024,TANK                                              ,BOHOL AGRO MARINE DEV'T CORP. ,BAMDECORP-OFFICE                                  
0007-0006642800012  ,FLASHCHECK WATERPROOF LOLLIPOP THERMOMETER 11050            ,2210  ,01/10/2022,THERMOMETER                                       ,BOHOL AGRO MARINE DEV'T CORP. ,BAMDECORP-WAREHOUSE                               
0007-0007897200001  ,IMPULSE SEALER ME-3OOHI                                     ,4300  ,08/02/2022,IMPULSE SEALER                                    ,BOHOL AGRO MARINE DEV'T CORP. ,BAMDECORP-WAREHOUSE                               
0007-0007897200002  ,IMPULSE SEALER ME-3OOHI                                     ,4300  ,08/02/2022,IMPULSE SEALER                                    ,BOHOL AGRO MARINE DEV'T CORP. ,BAMDECORP-WAREHOUSE                               
0007-0007897200003  ,IMPULSE SEALER ME-3OOHI                                     ,4300  ,08/02/2022,IMPULSE SEALER                                    ,BOHOL AGRO MARINE DEV'T CORP. ,BAMDECORP-WAREHOUSE                               
0004188300001       ,ALUMINUM CABINET 26""X18""X60""                                ,5359.6,09/06/2018,CABINET                                           ,BOHOL AGRO MARINE DEV'T CORP. ,BAMDECORP-PRODUCTION                              
0004188300002       ,ALUMINUM CABINET 26""X18""X60""                                ,5359.6,09/06/2018,CABINET                                           ,BOHOL AGRO MARINE DEV'T CORP. ,BAMDECORP-PRODUCTION                              
0002572700001       ,DIGITAL HANGING SCALE- NIKKEN 100X10G                       ,16500 ,12/14/2018,HANGING SCALE                                     ,BOHOL AGRO MARINE DEV'T CORP. ,BAMDECORP-PRODUCTION                              
0002861100003       ,DIGITAL JUMBO THERMOHYGROMETER SI-812                       ,2900  ,08/02/2018,OTHERS                                            ,BOHOL AGRO MARINE DEV'T CORP. ,BAMDECORP-PRODUCTION                              
0000699800004       ,PANASONIC WINDOW TYPE AIRCON                                ,14872 ,10/17/2018,AIRCON                                            ,BOHOL AGRO MARINE DEV'T CORP. ,BAMDECORP-PRODUCTION                              
0004117800001       ,STAFF CHAIR LIFE W-118 MESH BK                              ,3256  ,07/24/2018,CHAIR                                             ,BOHOL AGRO MARINE DEV'T CORP. ,BAMDECORP-OFFICE                                  
0004117800002       ,STAFF CHAIR LIFE W-118 MESH BK                              ,3256  ,07/24/2018,CHAIR                                             ,BOHOL AGRO MARINE DEV'T CORP. ,BAMDECORP-OFFICE                                  
0004117800003       ,STAFF CHAIR LIFE W-118 MESH BK                              ,3256  ,07/24/2018,CHAIR                                             ,BOHOL AGRO MARINE DEV'T CORP. ,BAMDECORP-OFFICE                                  
0004117800004       ,STAFF CHAIR LIFE W-118 MESH BK                              ,3256  ,07/24/2018,CHAIR                                             ,BOHOL AGRO MARINE DEV'T CORP. ,BAMDECORP-OFFICE                                  
0004117800005       ,STAFF CHAIR LIFE W-118 MESH BK                              ,3256  ,07/24/2018,CHAIR                                             ,BOHOL AGRO MARINE DEV'T CORP. ,BAMDECORP-OFFICE                                  
0004117800006       ,STAFF CHAIR LIFE W-118 MESH BK                              ,3256  ,07/24/2018,CHAIR                                             ,BOHOL AGRO MARINE DEV'T CORP. ,BAMDECORP-OFFICE                                  
0001509100004       ,TESTO THERMOMETER 106                                       ,3635  ,12/01/2018,OTHERS                                            ,BOHOL AGRO MARINE DEV'T CORP. ,BAMDECORP-QUALITY CONTROL                         
0001509100005       ,TESTO THERMOMETER 106                                       ,3635  ,12/01/2018,OTHERS                                            ,BOHOL AGRO MARINE DEV'T CORP. ,BAMDECORP-QUALITY CONTROL                         
0002486600001       ,WATER HEATER (AEG)-BMU 60                                   ,9499.7,01/15/2019,HEATER                                            ,BOHOL AGRO MARINE DEV'T CORP. ,BAMDECORP-PRODUCTION                              
0004909400001       ,XTREME SPIN DRYER 7.5 KGS.                                  ,3075  ,01/21/2019,DRYER                                             ,BOHOL AGRO MARINE DEV'T CORP. ,BAMDECORP-PRODUCTION                              
0007-0000846500005  ,TESTO 175-T1 TEMPERATURE LOGGER                             ,11709 ,08/19/2019,OTHERS                                            ,BOHOL AGRO MARINE DEV'T CORP. ,BAMDECORP-OFFICE                                  
0007-0000846500006  ,TESTO 175-T1 TEMPERATURE LOGGER                             ,11709 ,08/19/2019,OTHERS                                            ,BOHOL AGRO MARINE DEV'T CORP. ,BAMDECORP-OFFICE                                  
0007-0002361000001  ,TC20 FP/L 20L BIO GREEN                                     ,2079  ,08/12/2022,TRASH BIN                                         ,BOHOL AGRO MARINE DEV'T CORP. ,BAMDECORP-WAREHOUSE                               
0007-0002361000002  ,TC20 FP/L 20L BIO GREEN                                     ,2079  ,08/12/2022,TRASH BIN                                         ,BOHOL AGRO MARINE DEV'T CORP. ,BAMDECORP-WAREHOUSE                               
0007-0002361000003  ,TC20 FP/L 20L BIO GREEN                                     ,2079  ,08/12/2022,TRASH BIN                                         ,BOHOL AGRO MARINE DEV'T CORP. ,BAMDECORP-WAREHOUSE                               
0007-0002361100001  ,TC20 FP/L 20L NON-BIO BLUE                                  ,2079  ,08/12/2022,TRASH BIN                                         ,BOHOL AGRO MARINE DEV'T CORP. ,BAMDECORP-WAREHOUSE                               
0007-0002361100002  ,TC20 FP/L 20L NON-BIO BLUE                                  ,2079  ,08/12/2022,TRASH BIN                                         ,BOHOL AGRO MARINE DEV'T CORP. ,BAMDECORP-WAREHOUSE                               
0007-0002361100003  ,TC20 FP/L 20L NON-BIO BLUE                                  ,2079  ,08/12/2022,TRASH BIN                                         ,BOHOL AGRO MARINE DEV'T CORP. ,BAMDECORP-WAREHOUSE                               
0007-0002361300001  ,TC40 FD 40L BIO GREEN                                       ,3564  ,08/12/2022,TRASH BIN                                         ,BOHOL AGRO MARINE DEV'T CORP. ,BAMDECORP-WAREHOUSE                               
0007-0002361300002  ,TC40 FD 40L BIO GREEN                                       ,3564  ,08/12/2022,TRASH BIN                                         ,BOHOL AGRO MARINE DEV'T CORP. ,BAMDECORP-WAREHOUSE                               
0007-0002361300003  ,TC40 FD 40L BIO GREEN                                       ,3564  ,08/12/2022,TRASH BIN                                         ,BOHOL AGRO MARINE DEV'T CORP. ,BAMDECORP-WAREHOUSE                               
0007-0002361400001  ,TC40 FD 40L NON-BIO BLUE                                    ,3564  ,08/12/2022,TRASH BIN                                         ,BOHOL AGRO MARINE DEV'T CORP. ,BAMDECORP-WAREHOUSE                               
0007-0002361400002  ,TC40 FD 40L NON-BIO BLUE                                    ,3564  ,08/12/2022,TRASH BIN                                         ,BOHOL AGRO MARINE DEV'T CORP. ,BAMDECORP-WAREHOUSE                               
0007-0002361400003  ,TC40 FD 40L NON-BIO BLUE                                    ,3564  ,08/12/2022,TRASH BIN                                         ,BOHOL AGRO MARINE DEV'T CORP. ,BAMDECORP-WAREHOUSE                               
0007-0007829300001  ,TC40 SDS GREEN                                              ,2772  ,08/12/2022,TRASH BIN                                         ,BOHOL AGRO MARINE DEV'T CORP. ,BAMDECORP-WAREHOUSE                               
0007-0007829300002  ,TC40 SDS GREEN                                              ,2772  ,08/12/2022,TRASH BIN                                         ,BOHOL AGRO MARINE DEV'T CORP. ,BAMDECORP-WAREHOUSE                               
0007-0007829400001  ,TC40 SDS BLUE                                               ,2772  ,08/12/2022,TRASH BIN                                         ,BOHOL AGRO MARINE DEV'T CORP. ,BAMDECORP-WAREHOUSE                               
0007-0007829400002  ,TC40 SDS BLUE                                               ,2772  ,08/12/2022,TRASH BIN                                         ,BOHOL AGRO MARINE DEV'T CORP. ,BAMDECORP-WAREHOUSE                               
0114-0001509100007  ,TESTO THERMOMETER 106                                       ,3635  ,12/01/2018,OTHERS                                            ,BOHOL AGRO MARINE DEV'T CORP. ,BAMDECORP-QUALITY CONTROL                         
0114-0001509100008  ,TESTO THERMOMETER 106                                       ,3635  ,12/01/2018,OTHERS                                            ,BOHOL AGRO MARINE DEV'T CORP. ,BAMDECORP-QUALITY CONTROL                         
0114-0001509100009  ,TESTO THERMOMETER 106                                       ,3635  ,12/01/2018,OTHERS                                            ,BOHOL AGRO MARINE DEV'T CORP. ,BAMDECORP-QUALITY CONTROL                         
0007-0006642800015  ,FLASHCHECK WATERPROOF LOLLIPOP THERMOMETER 11050            ,2650  ,09/07/2022,THERMOMETER                                       ,BOHOL AGRO MARINE DEV'T CORP. ,BAMDECORP-WAREHOUSE                               
0007-0008039900001  ,TABLE TOP DIGITAL WEIGHING SCALE BRAND: NIKEN               ,12500 ,09/01/2022,WEIGHING SCALE                                    ,DRESSING PLANT                ,DRESSING PLANT-ADMIN                              
0007-0008040000001  ,TABLE TOP DIGITAL WEIGHING SCALE BRAND: SHARK               ,13000 ,09/01/2022,WEIGHING SCALE                                    ,DRESSING PLANT                ,DRESSING PLANT-ADMIN                              
0007-0007983100001  ,ANTI THEFT ALARM STAND TYPE-C                               ,1699  ,09/19/2022,OTHERS                                            ,BOHOL AGRO MARINE DEV'T CORP. ,BAMDECORP-WAREHOUSE                               
0007-0003262600001  ,CAMERA SONY                                                 ,8299  ,09/24/2022,CAMERA                                            ,BOHOL AGRO MARINE DEV'T CORP. ,BAMDECORP-OFFICE                                  
0007-0008061200001  ,BRAND NEW SEMI-HERMETIC COMPRESSOR                          ,484896,10/12/2022,COMPRESSOR                                        ,BOHOL AGRO MARINE DEV'T CORP. ,BAMDECORP-WAREHOUSE                               
0007-0001067500001  ,RICE COOKER                                                 ,4198  ,12/01/2022,RICE COOKER                                       ,BOHOL AGRO MARINE DEV'T CORP. ,BAMDECORP-WAREHOUSE                               
0007-0002703400001  ,CPU INTEL CORE I3                                           ,17500 ,03/07/2022,CPU                                               ,BOHOL AGRO MARINE DEV'T CORP. ,BAMDECORP-WAREHOUSE                               
0007-0007975900001  ,BED FRAME 36X75""                                            ,5728.1,12/12/2022,BED                                               ,BOHOL AGRO MARINE DEV'T CORP. ,BAMDECORP-WAREHOUSE                               
0007-0007975900002  ,BED FRAME 36X75""                                            ,5728.1,12/12/2022,BED                                               ,BOHOL AGRO MARINE DEV'T CORP. ,BAMDECORP-WAREHOUSE                               
0007-0008396100001  ,TEST WEIGHT SET OF 1 KG. CLASS M1 STAINLESS STEEL           ,14200 ,01/18/2023,TEST KIT                                          ,BOHOL AGRO MARINE DEV'T CORP. ,BAMDECORP-WAREHOUSE                               
0007-0008003600001  ,METTLER PA9000 METAL DETECTOR                               ,112000,01/23/2023,DETECTOR                                          ,BOHOL AGRO MARINE DEV'T CORP. ,BAMDECORP-WAREHOUSE                               
0007-0001064100001  ,MOSLER SAFE MODEL 3016-B                                    ,54500 ,01/07/2023,VAULT                                             ,BOHOL AGRO MARINE DEV'T CORP. ,BAMDECORP-WAREHOUSE                               
0007-0008387600001  ,IWAKI CHLORINATOR ES-B11VC-230N1                            ,51000 ,02/23/2023,MACHINE TOOLS                                     ,BOHOL AGRO MARINE DEV'T CORP. ,BAMDECORP-WAREHOUSE                               
0007-0003304400001  ,PRINTER EPSON LQ310 USB/PARALLEL                            ,12795 ,05/13/2023,PRINTER                                           ,BOHOL AGRO MARINE DEV'T CORP. ,BAMDECORP-WAREHOUSE                               
0007-0008702900001  ,EBARA END SUCTION CENTRIFUGAL PUMP CDX 70/106               ,15000 ,05/03/2023,PUMP                                              ,BOHOL AGRO MARINE DEV'T CORP. ,BAMDECORP-WAREHOUSE                               
0007-0008417200001  ,VESPA AIR COMPRESSOR 2HP                                    ,22000 ,05/31/2023,COMPRESSOR                                        ,BOHOL AGRO MARINE DEV'T CORP. ,BAMDECORP-WAREHOUSE                               
0007-0007636000001  ,MOTOPLUS HANDHELD RADIO                                     ,2400  ,05/24/2023,RADIO HANDSET                                     ,BOHOL AGRO MARINE DEV'T CORP. ,BAMDECORP-OFFICE                                  
0007-0007636000002  ,MOTOPLUS HANDHELD RADIO                                     ,2400  ,05/24/2023,RADIO HANDSET                                     ,BOHOL AGRO MARINE DEV'T CORP. ,BAMDECORP-OFFICE                                  
0007-0009169200001  ,OIL DIFFERENTIAL PRESSURE SWITCH TYPE MP                    ,14310 ,09/01/2023,OTHERS                                            ,BOHOL AGRO MARINE DEV'T CORP. ,BAMDECORP-WAREHOUSE                               
0007-0009169200002  ,OIL DIFFERENTIAL PRESSURE SWITCH TYPE MP                    ,14310 ,09/01/2023,OTHERS                                            ,BOHOL AGRO MARINE DEV'T CORP. ,BAMDECORP-WAREHOUSE                               
0026-0008535700051  ,STAFF CHAIR WITHOUT ARM                                     ,4500  ,07/07/2023,CHAIR                                             ,BOHOL AGRO MARINE DEV'T CORP. ,BAMDECORP-OFFICE                                  
0026-0008535700052  ,STAFF CHAIR WITHOUT ARM                                     ,4500  ,07/07/2023,CHAIR                                             ,BOHOL AGRO MARINE DEV'T CORP. ,BAMDECORP-OFFICE                                  
0026-0008535700053  ,STAFF CHAIR WITHOUT ARM                                     ,4500  ,07/07/2023,CHAIR                                             ,BOHOL AGRO MARINE DEV'T CORP. ,BAMDECORP-OFFICE                                  
0026-0008535700054  ,STAFF CHAIR WITHOUT ARM                                     ,4500  ,07/07/2023,CHAIR                                             ,BOHOL AGRO MARINE DEV'T CORP. ,BAMDECORP-OFFICE                                  
0026-0008535700055  ,STAFF CHAIR WITHOUT ARM                                     ,4500  ,07/07/2023,CHAIR                                             ,BOHOL AGRO MARINE DEV'T CORP. ,BAMDECORP-OFFICE                                  
0026-0008535700056  ,STAFF CHAIR WITHOUT ARM                                     ,4500  ,07/07/2023,CHAIR                                             ,BOHOL AGRO MARINE DEV'T CORP. ,BAMDECORP-OFFICE                                  
0026-0008535700057  ,STAFF CHAIR WITHOUT ARM                                     ,4500  ,07/07/2023,CHAIR                                             ,BOHOL AGRO MARINE DEV'T CORP. ,BAMDECORP-OFFICE                                  
0026-0008535700058  ,STAFF CHAIR WITHOUT ARM                                     ,4500  ,07/07/2023,CHAIR                                             ,BOHOL AGRO MARINE DEV'T CORP. ,BAMDECORP-OFFICE                                  
0026-0008535700059  ,STAFF CHAIR WITHOUT ARM                                     ,4500  ,07/07/2023,CHAIR                                             ,BOHOL AGRO MARINE DEV'T CORP. ,BAMDECORP-OFFICE                                  
0026-0008535700060  ,STAFF CHAIR WITHOUT ARM                                     ,4500  ,07/07/2023,CHAIR                                             ,BOHOL AGRO MARINE DEV'T CORP. ,BAMDECORP-OFFICE                                  
0026-0008535700061  ,STAFF CHAIR WITHOUT ARM                                     ,4500  ,07/07/2023,CHAIR                                             ,BOHOL AGRO MARINE DEV'T CORP. ,BAMDECORP-OFFICE                                  
0026-0008535700062  ,STAFF CHAIR WITHOUT ARM                                     ,4500  ,07/07/2023,CHAIR                                             ,BOHOL AGRO MARINE DEV'T CORP. ,BAMDECORP-OFFICE                                  
0007-0001947200001  ,LUX METER                                                   ,6000  ,09/12/2023,METER                                             ,BOHOL AGRO MARINE DEV'T CORP. ,BAMDECORP-WAREHOUSE                               
0007-0008702900002  ,EBARA END SUCTION CENTRIFUGAL PUMP CDX 70/106               ,15000 ,09/12/2023,PUMP                                              ,BOHOL AGRO MARINE DEV'T CORP. ,BAMDECORP-WAREHOUSE                               
0007-0008740300001  ,OHAUS NEW VALOR 1000 COMPACT FOOD SCALE                     ,11499 ,09/20/2023,SCALE                                             ,FSQ-RESEARCH AND DEVELOPMENT  ,FS&Q/R&D - FIXED ASSET DEPARTMENT                 
0007-0008740300002  ,OHAUS NEW VALOR 1000 COMPACT FOOD SCALE                     ,11499 ,09/20/2023,SCALE                                             ,BOHOL AGRO MARINE DEV'T CORP. ,BAMDECORP-WAREHOUSE                               
0007-0008740300003  ,OHAUS NEW VALOR 1000 COMPACT FOOD SCALE                     ,11499 ,09/20/2023,SCALE                                             ,BOHOL AGRO MARINE DEV'T CORP. ,BAMDECORP-WAREHOUSE                               
0007-0000209500001  ,PRESSURE WASHER 1.5 HP                                      ,8000  ,10/28/2023,PRESSURE WASHER                                   ,BOHOL AGRO MARINE DEV'T CORP. ,BAMDECORP-WAREHOUSE                               
0007-0003062100007  ,BERLIN HAND PALLET JACK J-166                               ,15500 ,12/20/2023,PALLET TRUCK                                      ,BOHOL AGRO MARINE DEV'T CORP. ,BAMDECORP-WAREHOUSE                               
0007-0008510500001  ,HP DESKJET INK ADVANTAGE 2337 AIO PRINTER                   ,3990  ,12/23/2023,PRINTER                                           ,BOHOL AGRO MARINE DEV'T CORP. ,BAMDECORP-WAREHOUSE                               
0007-0007099700001  ,KEBOS POWERGARDE 10KVA                                      ,99500 ,04/17/2024,UPS                                               ,BOHOL AGRO MARINE DEV'T CORP. ,BAMDECORP-WAREHOUSE                               
0007-0008436700001  ,APPLE IPAD 9TH GEN WI-FI                                    ,26000 ,06/18/2024,OFFICE EQUIPMENT                                  ,BOHOL AGRO MARINE DEV'T CORP. ,BAMDECORP-WAREHOUSE                               
0007-0007843100006  ,STAINLESS CHILLING TANK                                    ,53777.,06/24/2024,TANK                                              ,BOHOL AGRO MARINE DEV'T CORP. ,BAMDECORP-OFFICE                                  
0007-0007843100007  ,STAINLESS CHILLING TANK                                    ,53777.,06/24/2024,TANK                                              ,BOHOL AGRO MARINE DEV'T CORP. ,BAMDECORP-OFFICE                                  
0007-0007843100008  ,STAINLESS CHILLING TANK                                    ,53777.,06/24/2024,TANK                                              ,BOHOL AGRO MARINE DEV'T CORP. ,BAMDECORP-OFFICE                                  
0007-0007843100009  ,STAINLESS CHILLING TANK                                    ,53777.,06/24/2024,TANK                                              ,BOHOL AGRO MARINE DEV'T CORP. ,BAMDECORP-OFFICE                                  
0007-0007843100010  ,STAINLESS CHILLING TANK                                    ,53777.,06/24/2024,TANK                                              ,BOHOL AGRO MARINE DEV'T CORP. ,BAMDECORP-OFFICE                                  
0007-0007843100011  ,STAINLESS CHILLING TANK                                    ,53777.,06/24/2024,TANK                                              ,BOHOL AGRO MARINE DEV'T CORP. ,BAMDECORP-OFFICE                                  
0007-0007843100012  ,STAINLESS CHILLING TANK                                    ,53777.,06/24/2024,TANK                                              ,BOHOL AGRO MARINE DEV'T CORP. ,BAMDECORP-OFFICE                                  
0007-0007843100013  ,STAINLESS CHILLING TANK                                    ,52215.,06/24/2024,TANK                                              ,BOHOL AGRO MARINE DEV'T CORP. ,BAMDECORP-OFFICE                                  
0007-0007843100014  ,STAINLESS CHILLING TANK                                    ,52215.,06/24/2024,TANK                                              ,BOHOL AGRO MARINE DEV'T CORP. ,BAMDECORP-OFFICE                                  
0007-0007843100015  ,STAINLESS CHILLING TANK                                    ,52215.,06/24/2024,TANK                                              ,BOHOL AGRO MARINE DEV'T CORP. ,BAMDECORP-OFFICE                                  
0007-0007843100016  ,STAINLESS CHILLING TANK                                    ,52215.,06/24/2024,TANK                                              ,BOHOL AGRO MARINE DEV'T CORP. ,BAMDECORP-OFFICE                                  
0007-0007843100017  ,STAINLESS CHILLING TANK                                    ,52215.,06/24/2024,TANK                                              ,BOHOL AGRO MARINE DEV'T CORP. ,BAMDECORP-OFFICE                                  
0007-0000928900001  ,WOODEN BED                                                  ,4589.5,06/24/2024,BED                                               ,BOHOL AGRO MARINE DEV'T CORP. ,BAMDECORP-OFFICE                                  
0007-0000928900002  ,WOODEN BED                                                  ,4589.5,06/24/2024,BED                                               ,BOHOL AGRO MARINE DEV'T CORP. ,BAMDECORP-OFFICE                                  
0007-0001182800001  ,BED DOUBLE DECK                                             ,6000  ,06/24/2024,BED                                               ,BOHOL AGRO MARINE DEV'T CORP. ,BAMDECORP-OFFICE                                  
0007-0001182800002  ,BED DOUBLE DECK                                             ,6000  ,06/24/2024,BED                                               ,BOHOL AGRO MARINE DEV'T CORP. ,BAMDECORP-OFFICE                                  
0007-0001182800003  ,BED DOUBLE DECK                                             ,6000  ,06/24/2024,BED                                               ,BOHOL AGRO MARINE DEV'T CORP. ,BAMDECORP-OFFICE                                  
0007-0001182800004  ,BED DOUBLE DECK                                             ,6000  ,06/24/2024,BED                                               ,BOHOL AGRO MARINE DEV'T CORP. ,BAMDECORP-OFFICE                                  
0007-0003062100008  ,BERLIN HAND PALLET JACK J-166                               ,15500 ,06/28/2024,PALLET TRUCK                                      ,BOHOL AGRO MARINE DEV'T CORP. ,BAMDECORP-WAREHOUSE                               
0007-0008395900001  ,HP PRINTER INK TANK 615WL-168691                            ,13495 ,06/15/2024,PRINTER                                           ,BOHOL AGRO MARINE DEV'T CORP. ,BAMDECORP-WAREHOUSE                               
0007-0010203800001  ,HP LASERJET 107W MONO PRINTER 4ZB78A                        ,8150  ,07/13/2024,PRINTER                                           ,BOHOL AGRO MARINE DEV'T CORP. ,BAMDECORP-WAREHOUSE                               
0007-0006642800018  ,FLASHCHECK WATERPROOF LOLLIPOP THERMOMETER 11050            ,2850  ,08/14/2024,THERMOMETER                                       ,BOHOL AGRO MARINE DEV'T CORP. ,BAMDECORP-WAREHOUSE                               
0007-0006642800019  ,FLASHCHECK WATERPROOF LOLLIPOP THERMOMETER 11050            ,2850  ,08/14/2024,THERMOMETER                                       ,BOHOL AGRO MARINE DEV'T CORP. ,BAMDECORP-WAREHOUSE                               
0007-0006642800020  ,FLASHCHECK WATERPROOF LOLLIPOP THERMOMETER 11050            ,2850  ,08/14/2024,THERMOMETER                                       ,BOHOL AGRO MARINE DEV'T CORP. ,BAMDECORP-WAREHOUSE                               
0007-0001814200001  ,AIRCON PANASONIC 1HP WINDOW TYPE                            ,20368 ,09/04/2024,AIRCON                                            ,BOHOL AGRO MARINE DEV'T CORP. ,BAMDECORP-WAREHOUSE                               
0007-0005104200001  ,IMPULSE SEALER MACHINE 12""                                  ,3200  ,09/11/2024,OTHERS                                            ,BOHOL AGRO MARINE DEV'T CORP. ,BAMDECORP-WAREHOUSE                               
0007-0005104200002  ,IMPULSE SEALER MACHINE 12""                                  ,3200  ,09/11/2024,OTHERS                                            ,BOHOL AGRO MARINE DEV'T CORP. ,BAMDECORP-WAREHOUSE                               
0007-0005104200003  ,IMPULSE SEALER MACHINE 12""                                  ,3200  ,09/11/2024,OTHERS                                            ,BOHOL AGRO MARINE DEV'T CORP. ,BAMDECORP-WAREHOUSE                               
0007-0005104200004  ,IMPULSE SEALER MACHINE 12""                                  ,3200  ,09/11/2024,OTHERS                                            ,BOHOL AGRO MARINE DEV'T CORP. ,BAMDECORP-WAREHOUSE                               
0007-0005104200005  ,IMPULSE SEALER MACHINE 12""                                  ,3200  ,09/11/2024,OTHERS                                            ,BOHOL AGRO MARINE DEV'T CORP. ,BAMDECORP-WAREHOUSE                               
0007-0007636000003  ,MOTOPLUS HANDHELD RADIO                                     ,2200  ,08/16/2024,RADIO HANDSET                                     ,BOHOL AGRO MARINE DEV'T CORP. ,BAMDECORP-OFFICE                                  
0007-0008909300001  ,SELF CONTAINED BREATHING APPARATUS                          ,30000 ,10/23/2024,CYLINDER LINER                                    ,BOHOL AGRO MARINE DEV'T CORP. ,BAMDECORP-WAREHOUSE                               
0007-0008909300002  ,SELF CONTAINED BREATHING APPARATUS                          ,30000 ,10/23/2024,CYLINDER LINER                                    ,BOHOL AGRO MARINE DEV'T CORP. ,BAMDECORP-WAREHOUSE                               
0007-0007679200001  ,FIRE SUITE CABINET RED                                      ,24692.,10/11/2024,CABINET-STEEL                                     ,BOHOL AGRO MARINE DEV'T CORP. ,BAMDECORP-OFFICE                                  
0007-0011017600001  ,TRID30-7R TEMPERATURE DATA LOGGER                           ,4500  ,12/23/2024,THERMOMETER                                       ,BOHOL AGRO MARINE DEV'T CORP. ,BAMDECORP-WAREHOUSE                               
0007-0011017600002  ,TRID30-7R TEMPERATURE DATA LOGGER                           ,4500  ,12/23/2024,THERMOMETER                                       ,BOHOL AGRO MARINE DEV'T CORP. ,BAMDECORP-WAREHOUSE                               
0007-0011021800001  ,ACCESSORY READER FOR TRID30-7R                              ,3800  ,12/23/2024,TOOLS                                             ,BOHOL AGRO MARINE DEV'T CORP. ,BAMDECORP-WAREHOUSE                               
0114-0007188000001  ,HANNA FREE CHLORINE CHECKER HC                              ,5700  ,02/22/2025,TEST KIT                                          ,BOHOL AGRO MARINE DEV'T CORP. ,BAMDECORP-WAREHOUSE                               
0114-0010269500001  ,ACER LED MONITOR 19.5                                       ,3650  ,05/06/2025,MONITOR                                           ,BOHOL AGRO MARINE DEV'T CORP. ,BAMDECORP-WAREHOUSE                               
0114-0007573500001  ,CPU SET I3                                                  ,16950 ,05/15/2025,CPU                                               ,BOHOL AGRO MARINE DEV'T CORP. ,BAMDECORP-WAREHOUSE                               
0114-0006642800021  ,FLASHCHECK WATERPROOF LOLLIPOP THERMOMETER 11050            ,2850  ,06/07/2025,THERMOMETER                                       ,BOHOL AGRO MARINE DEV'T CORP. ,BAMDECORP-WAREHOUSE                               
0114-0006642800022  ,FLASHCHECK WATERPROOF LOLLIPOP THERMOMETER 11050            ,2850  ,06/07/2025,THERMOMETER                                       ,BOHOL AGRO MARINE DEV'T CORP. ,BAMDECORP-WAREHOUSE                               
0114-0006642800023  ,FLASHCHECK WATERPROOF LOLLIPOP THERMOMETER 11050            ,2850  ,06/07/2025,THERMOMETER                                       ,BOHOL AGRO MARINE DEV'T CORP. ,BAMDECORP-WAREHOUSE                               
0114-0008395900002  ,HP PRINTER INK TANK 615WL-168691                            ,13395 ,06/17/2025,PRINTER                                           ,BOHOL AGRO MARINE DEV'T CORP. ,BAMDECORP-WAREHOUSE                               
0114-0010491500001  ,SUNNIK SECTIONAL WATER TANKS                                ,651505,07/29/2025,TANK                                              ,BOHOL AGRO MARINE DEV'T CORP. ,BAMDECORP-WAREHOUSE                               
0114-0000923300001  ,ISUZU ELF FREEZER VAN TRUCK                                 ,115000,07/29/2025,VEHICLE                                           ,BOHOL AGRO MARINE DEV'T CORP. ,BAMDECORP-WAREHOUSE                               
0114-0000923300002  ,ISUZU ELF FREEZER VAN TRUCK                                 ,115000,08/01/2025,VEHICLE                                           ,BOHOL AGRO MARINE DEV'T CORP. ,BAMDECORP-WAREHOUSE                               
0114-0003062100009  ,BERLIN HAND PALLET JACK J-166                               ,14800 ,07/04/2025,PALLET TRUCK                                      ,BOHOL AGRO MARINE DEV'T CORP. ,BAMDECORP-WAREHOUSE                               
0114-0011580400001  ,CPU SET I3 MICRO ATX TRENDSONIC CERES                       ,16150 ,07/25/2025,CPU                                               ,BOHOL AGRO MARINE DEV'T CORP. ,BAMDECORP-WAREHOUSE                               
0114-0005850400001  ,FLOOR STANDING MIRROR                                       ,2772.6,08/28/2025,MIRROR                                            ,BOHOL AGRO MARINE DEV'T CORP. ,BAMDECORP-WAREHOUSE                               
0114-0003062100010  ,BERLIN HAND PALLET JACK J-166                               ,14800 ,09/04/2025,PALLET TRUCK                                      ,BOHOL AGRO MARINE DEV'T CORP. ,BAMDECORP-WAREHOUSE                               
0114-0000127400001  ,HANDHELD SCANNER - SYMBOL MOTOROLA BARCODE                  ,4350  ,09/19/2025,SCANNER                                           ,BOHOL AGRO MARINE DEV'T CORP. ,BAMDECORP-WAREHOUSE                               
0114-0009878800001  ,ACER LED 20 K202QB1 19.5"" LED                               ,3650  ,09/19/2025,MONITOR                                           ,BOHOL AGRO MARINE DEV'T CORP. ,BAMDECORP-WAREHOUSE                               
0114-0010018700001  ,CPU SET CORE I3 (> MICRO ATX NEUTRON CASE W/700W            ,16350 ,09/19/2025,CPU                                               ,BOHOL AGRO MARINE DEV'T CORP. ,BAMDECORP-WAREHOUSE                               
0114-0012100600001  ,LEDERLE HERMETIC AMMONIA LIQUID PUMP                        ,673407,10/16/2025,PUMP                                              ,BOHOL AGRO MARINE DEV'T CORP. ,BAMDECORP-WAREHOUSE                               
0114-0003721300002  ,METTLER DIGITAL PLATFORM SCALE                              ,66000 ,10/21/2025,PLATFORM                                          ,BOHOL AGRO MARINE DEV'T CORP. ,BAMDECORP-WAREHOUSE                               
0114-0001814200002  ,AIRCON PANASONIC 1HP WINDOW TYPE                            ,13100 ,10/28/2025,AIRCON                                            ,BOHOL AGRO MARINE DEV'T CORP. ,BAMDECORP-OFFICE                                  
0114-0012775200001  ,STAINLESS CRATE STAND 1.6X.60X.45                           ,24008.,10/15/2025,CRATE                                             ,BOHOL AGRO MARINE DEV'T CORP. ,BAMDECORP-OFFICE                                  
0114-0012775200002  ,STAINLESS CRATE STAND 1.6X.60X.45                           ,24008.,10/15/2025,CRATE                                             ,BOHOL AGRO MARINE DEV'T CORP. ,BAMDECORP-OFFICE                                  
0114-0012775200003  ,STAINLESS CRATE STAND 1.6X.60X.45                           ,24008.,10/15/2025,CRATE                                             ,BOHOL AGRO MARINE DEV'T CORP. ,BAMDECORP-OFFICE                                  
0114-0012775200004  ,STAINLESS CRATE STAND 1.6X.60X.45                           ,24008.,10/15/2025,CRATE                                             ,BOHOL AGRO MARINE DEV'T CORP. ,BAMDECORP-OFFICE                                  
0114-0012775200005  ,STAINLESS CRATE STAND 1.6X.60X.45                           ,24008.,10/15/2025,CRATE                                             ,BOHOL AGRO MARINE DEV'T CORP. ,BAMDECORP-OFFICE                                  
0114-0012775200006  ,STAINLESS CRATE STAND 1.6X.60X.45                           ,24008.,10/15/2025,CRATE                                             ,BOHOL AGRO MARINE DEV'T CORP. ,BAMDECORP-OFFICE                                  
0114-0012775300001  ,STAINLESS DRUM STAND .85X.45X.76                            ,17402.,10/15/2025,CRATE                                             ,BOHOL AGRO MARINE DEV'T CORP. ,BAMDECORP-OFFICE                                  
0114-0012775300002  ,STAINLESS DRUM STAND .85X.45X.76                            ,17402.,10/15/2025,CRATE                                             ,BOHOL AGRO MARINE DEV'T CORP. ,BAMDECORP-OFFICE                                  
0114-0012775300003  ,STAINLESS DRUM STAND .85X.45X.76                            ,17402.,10/15/2025,CRATE                                             ,BOHOL AGRO MARINE DEV'T CORP. ,BAMDECORP-OFFICE                                  
0114-0012775300004  ,STAINLESS DRUM STAND .85X.45X.76                            ,17402.,10/15/2025,CRATE                                             ,BOHOL AGRO MARINE DEV'T CORP. ,BAMDECORP-OFFICE                                  
0114-0012775300005  ,STAINLESS DRUM STAND .85X.45X.76                            ,17402.,10/15/2025,CRATE                                             ,BOHOL AGRO MARINE DEV'T CORP. ,BAMDECORP-OFFICE                                  
0114-0012494400001  ,F-1000L WITHOUT LID                                         ,19548.,12/04/2025,OTHERS                                            ,BOHOL AGRO MARINE DEV'T CORP. ,BAMDECORP-WAREHOUSE                               
0114-0012494400002  ,F-1000L WITHOUT LID                                         ,19548.,12/04/2025,OTHERS                                            ,BOHOL AGRO MARINE DEV'T CORP. ,BAMDECORP-WAREHOUSE                               
0114-0012494400003  ,F-1000L WITHOUT LID                                         ,19548.,12/04/2025,OTHERS                                            ,BOHOL AGRO MARINE DEV'T CORP. ,BAMDECORP-WAREHOUSE                               
0114-0012494400004  ,F-1000L WITHOUT LID                                         ,19548.,12/04/2025,OTHERS                                            ,BOHOL AGRO MARINE DEV'T CORP. ,BAMDECORP-WAREHOUSE                               
0114-0012494400005  ,F-1000L WITHOUT LID                                         ,19548.,12/04/2025,OTHERS                                            ,BOHOL AGRO MARINE DEV'T CORP. ,BAMDECORP-WAREHOUSE                               
0114-0012494400006  ,F-1000L WITHOUT LID                                         ,19548.,12/04/2025,OTHERS                                            ,BOHOL AGRO MARINE DEV'T CORP. ,BAMDECORP-WAREHOUSE                               
0114-0012494400007  ,F-1000L WITHOUT LID                                         ,19548.,12/04/2025,OTHERS                                            ,BOHOL AGRO MARINE DEV'T CORP. ,BAMDECORP-WAREHOUSE                               
0114-0012494400008  ,F-1000L WITHOUT LID                                         ,19548.,12/04/2025,OTHERS                                            ,BOHOL AGRO MARINE DEV'T CORP. ,BAMDECORP-WAREHOUSE                               
0114-0012494400009  ,F-1000L WITHOUT LID                                         ,19548.,12/04/2025,OTHERS                                            ,BOHOL AGRO MARINE DEV'T CORP. ,BAMDECORP-WAREHOUSE                               
0114-0012494400010  ,F-1000L WITHOUT LID                                         ,19548.,12/04/2025,OTHERS                                            ,BOHOL AGRO MARINE DEV'T CORP. ,BAMDECORP-WAREHOUSE                               
0114-0012494400011  ,F-1000L WITHOUT LID                                         ,19548.,12/04/2025,OTHERS                                            ,BOHOL AGRO MARINE DEV'T CORP. ,BAMDECORP-WAREHOUSE                               
0114-0012494400012  ,F-1000L WITHOUT LID                                         ,19548.,12/04/2025,OTHERS                                            ,BOHOL AGRO MARINE DEV'T CORP. ,BAMDECORP-WAREHOUSE                               
0114-0012494400013  ,F-1000L WITHOUT LID                                         ,19548.,12/04/2025,OTHERS                                            ,BOHOL AGRO MARINE DEV'T CORP. ,BAMDECORP-WAREHOUSE                               
0114-0012494400014  ,F-1000L WITHOUT LID                                         ,19548.,12/04/2025,OTHERS                                            ,BOHOL AGRO MARINE DEV'T CORP. ,BAMDECORP-WAREHOUSE                               
0114-0012494400015  ,F-1000L WITHOUT LID                                         ,19548.,12/04/2025,OTHERS                                            ,BOHOL AGRO MARINE DEV'T CORP. ,BAMDECORP-WAREHOUSE                               
0114-0012494400016  ,F-1000L WITHOUT LID                                         ,19548.,12/04/2025,OTHERS                                            ,BOHOL AGRO MARINE DEV'T CORP. ,BAMDECORP-WAREHOUSE                               
0114-0012494400017  ,F-1000L WITHOUT LID                                         ,19548.,12/04/2025,OTHERS                                            ,BOHOL AGRO MARINE DEV'T CORP. ,BAMDECORP-WAREHOUSE                               
0114-0012494400018  ,F-1000L WITHOUT LID                                         ,19548.,12/04/2025,OTHERS                                            ,BOHOL AGRO MARINE DEV'T CORP. ,BAMDECORP-WAREHOUSE                               
0114-0012494400019  ,F-1000L WITHOUT LID                                         ,19548.,12/04/2025,OTHERS                                            ,BOHOL AGRO MARINE DEV'T CORP. ,BAMDECORP-WAREHOUSE                               
0114-0012494400020  ,F-1000L WITHOUT LID                                         ,19548.,12/04/2025,OTHERS                                            ,BOHOL AGRO MARINE DEV'T CORP. ,BAMDECORP-WAREHOUSE                               
0114-0012494400021  ,F-1000L WITHOUT LID                                         ,19548.,12/04/2025,OTHERS                                            ,BOHOL AGRO MARINE DEV'T CORP. ,BAMDECORP-WAREHOUSE                               
0114-0012494400022  ,F-1000L WITHOUT LID                                         ,19548.,12/04/2025,OTHERS                                            ,BOHOL AGRO MARINE DEV'T CORP. ,BAMDECORP-WAREHOUSE                               
0114-0012494400023  ,F-1000L WITHOUT LID                                         ,19548.,12/04/2025,OTHERS                                            ,MFI-ORTIGAS FARM              ,MFI-ORTIGAS FARM ADMIN                            
0114-0012494400024  ,F-1000L WITHOUT LID                                         ,19548.,12/04/2025,OTHERS                                            ,MFI-ORTIGAS FARM              ,MFI-ORTIGAS FARM ADMIN                            
0114-0012494400025  ,F-1000L WITHOUT LID                                         ,19548.,12/04/2025,OTHERS                                            ,MFI-ORTIGAS FARM              ,MFI-ORTIGAS FARM ADMIN                            
0114-0012494400026  ,F-1000L WITHOUT LID                                         ,19548.,12/04/2025,OTHERS                                            ,MFI-TIPCAN FARM               ,MFI-TIPCAN FARM ADMIN                             
0114-0012494400027  ,F-1000L WITHOUT LID                                         ,19548.,12/04/2025,OTHERS                                            ,MFI-TIPCAN FARM               ,MFI-TIPCAN FARM ADMIN                             
0114-0012494400028  ,F-1000L WITHOUT LID                                         ,19548.,12/04/2025,OTHERS                                            ,MFI-TIPCAN FARM               ,MFI-TIPCAN FARM ADMIN                             
0114-0012494400029  ,F-1000L WITHOUT LID                                         ,19548.,12/04/2025,OTHERS                                            ,MFI-TIPCAN FARM               ,MFI-TIPCAN FARM ADMIN                             
0114-0012494400030  ,F-1000L WITHOUT LID                                         ,19548.,12/04/2025,OTHERS                                            ,MFI-TIPCAN FARM               ,MFI-TIPCAN FARM ADMIN                             
0114-0012494400031  ,F-1000L WITHOUT LID                                         ,19548.,12/04/2025,OTHERS                                            ,MFI-TIPCAN FARM               ,MFI-TIPCAN FARM ADMIN                             
0114-0012494400032  ,F-1000L WITHOUT LID                                         ,19548.,12/04/2025,OTHERS                                            ,MFI-TIPCAN FARM               ,MFI-TIPCAN FARM ADMIN                             
0114-0012494400033  ,F-1000L WITHOUT LID                                         ,19548.,12/04/2025,OTHERS                                            ,MFI-TIPCAN FARM               ,MFI-TIPCAN FARM ADMIN                             
0114-0012494400034  ,F-1000L WITHOUT LID                                         ,19548.,12/04/2025,OTHERS                                            ,MFI-TIPCAN FARM               ,MFI-TIPCAN FARM ADMIN                             
0114-0012494400035  ,F-1000L WITHOUT LID                                         ,19548.,12/04/2025,OTHERS                                            ,MFI-TIPCAN FARM               ,MFI-TIPCAN FARM ADMIN                             
0114-0012494500001  ,Y-640L WITHOUT LID                                          ,12915.,12/04/2025,OTHERS                                            ,BOHOL AGRO MARINE DEV'T CORP. ,BAMDECORP-WAREHOUSE                               
0114-0012494500002  ,Y-640L WITHOUT LID                                          ,12915.,12/04/2025,OTHERS                                            ,BOHOL AGRO MARINE DEV'T CORP. ,BAMDECORP-WAREHOUSE                               
0114-0012494500003  ,Y-640L WITHOUT LID                                          ,12915.,12/04/2025,OTHERS                                            ,BOHOL AGRO MARINE DEV'T CORP. ,BAMDECORP-WAREHOUSE                               
0114-0012494500004  ,Y-640L WITHOUT LID                                          ,12915.,12/04/2025,OTHERS                                            ,BOHOL AGRO MARINE DEV'T CORP. ,BAMDECORP-WAREHOUSE                               
0114-0012494500005  ,Y-640L WITHOUT LID                                          ,12915.,12/04/2025,OTHERS                                            ,BOHOL AGRO MARINE DEV'T CORP. ,BAMDECORP-WAREHOUSE                               
0114-0012494500006  ,Y-640L WITHOUT LID                                          ,12915.,12/04/2025,OTHERS                                            ,BOHOL AGRO MARINE DEV'T CORP. ,BAMDECORP-WAREHOUSE                               
0114-0012494500007  ,Y-640L WITHOUT LID                                          ,12915.,12/04/2025,OTHERS                                            ,BOHOL AGRO MARINE DEV'T CORP. ,BAMDECORP-WAREHOUSE                               
0114-0012494500008  ,Y-640L WITHOUT LID                                          ,12915.,12/04/2025,OTHERS                                            ,BOHOL AGRO MARINE DEV'T CORP. ,BAMDECORP-WAREHOUSE                               
0114-0012494500009  ,Y-640L WITHOUT LID                                          ,12915.,12/04/2025,OTHERS                                            ,BOHOL AGRO MARINE DEV'T CORP. ,BAMDECORP-WAREHOUSE                               
0114-0012494500010  ,Y-640L WITHOUT LID                                          ,12915.,12/04/2025,OTHERS                                            ,BOHOL AGRO MARINE DEV'T CORP. ,BAMDECORP-WAREHOUSE                               
0114-0012494500011  ,Y-640L WITHOUT LID                                          ,12915.,12/04/2025,OTHERS                                            ,BOHOL AGRO MARINE DEV'T CORP. ,BAMDECORP-WAREHOUSE                               
0114-0012494500012  ,Y-640L WITHOUT LID                                          ,12915.,12/04/2025,OTHERS                                            ,BOHOL AGRO MARINE DEV'T CORP. ,BAMDECORP-WAREHOUSE                               
0114-0012494700001  ,Y-640 WITH LID                                              ,14545 ,12/04/2025,OTHERS                                            ,BOHOL AGRO MARINE DEV'T CORP. ,BAMDECORP-WAREHOUSE                               
0114-0012494700002  ,Y-640 WITH LID                                              ,14545 ,12/04/2025,OTHERS                                            ,BOHOL AGRO MARINE DEV'T CORP. ,BAMDECORP-WAREHOUSE                               
0114-0012494700003  ,Y-640 WITH LID                                              ,14545 ,12/04/2025,OTHERS                                            ,BOHOL AGRO MARINE DEV'T CORP. ,BAMDECORP-WAREHOUSE                               
0114-0012494700004  ,Y-640 WITH LID                                              ,14545 ,12/04/2025,OTHERS                                            ,BOHOL AGRO MARINE DEV'T CORP. ,BAMDECORP-WAREHOUSE                               
0114-0012494700005  ,Y-640 WITH LID                                              ,14545 ,12/04/2025,OTHERS                                            ,BOHOL AGRO MARINE DEV'T CORP. ,BAMDECORP-WAREHOUSE                               
0114-0012494700006  ,Y-640 WITH LID                                              ,14545 ,12/04/2025,OTHERS                                            ,BOHOL AGRO MARINE DEV'T CORP. ,BAMDECORP-WAREHOUSE                               
0114-0012494700007  ,Y-640 WITH LID                                              ,14545 ,12/04/2025,OTHERS                                            ,BOHOL AGRO MARINE DEV'T CORP. ,BAMDECORP-WAREHOUSE                               
0114-0012494700008  ,Y-640 WITH LID                                              ,14545 ,12/04/2025,OTHERS                                            ,BOHOL AGRO MARINE DEV'T CORP. ,BAMDECORP-WAREHOUSE                               
0114-0012494700009  ,Y-640 WITH LID                                              ,14545 ,12/04/2025,OTHERS                                            ,BOHOL AGRO MARINE DEV'T CORP. ,BAMDECORP-WAREHOUSE                               
0114-0012494700010  ,Y-640 WITH LID                                              ,14545 ,12/04/2025,OTHERS                                            ,BOHOL AGRO MARINE DEV'T CORP. ,BAMDECORP-WAREHOUSE                               
0114-0012494800001  ,AF-340L WITH LID                                            ,11926.,12/04/2025,OTHERS                                            ,BOHOL AGRO MARINE DEV'T CORP. ,BAMDECORP-WAREHOUSE                               
0114-0012494800002  ,AF-340L WITH LID                                            ,11926.,12/04/2025,OTHERS                                            ,BOHOL AGRO MARINE DEV'T CORP. ,BAMDECORP-WAREHOUSE                               
0114-0012494800003  ,AF-340L WITH LID                                            ,11926.,12/04/2025,OTHERS                                            ,BOHOL AGRO MARINE DEV'T CORP. ,BAMDECORP-WAREHOUSE                               
0114-0012494800004  ,AF-340L WITH LID                                            ,11926.,12/04/2025,OTHERS                                            ,BOHOL AGRO MARINE DEV'T CORP. ,BAMDECORP-WAREHOUSE                               
0114-0012494800005  ,AF-340L WITH LID                                            ,11926.,12/04/2025,OTHERS                                            ,BOHOL AGRO MARINE DEV'T CORP. ,BAMDECORP-WAREHOUSE                               
0114-0012494800006  ,AF-340L WITH LID                                            ,11926.,12/04/2025,OTHERS                                            ,BOHOL AGRO MARINE DEV'T CORP. ,BAMDECORP-WAREHOUSE                               
0114-0012494800007  ,AF-340L WITH LID                                            ,11926.,12/04/2025,OTHERS                                            ,BOHOL AGRO MARINE DEV'T CORP. ,BAMDECORP-WAREHOUSE                               
0114-0012494800008  ,AF-340L WITH LID                                            ,11926.,12/04/2025,OTHERS                                            ,BOHOL AGRO MARINE DEV'T CORP. ,BAMDECORP-WAREHOUSE                               
0114-0012494800009  ,AF-340L WITH LID                                            ,11926.,12/04/2025,OTHERS                                            ,BOHOL AGRO MARINE DEV'T CORP. ,BAMDECORP-WAREHOUSE                               
0114-0012494800010  ,AF-340L WITH LID                                            ,11926.,12/04/2025,OTHERS                                            ,BOHOL AGRO MARINE DEV'T CORP. ,BAMDECORP-WAREHOUSE                               
0114-0009743900001  ,ATAGO SALT-METER PAL-SALT(CAT NO.4250)                      ,20000 ,01/22/2026,METER                                             ,BOHOL AGRO MARINE DEV'T CORP. ,BAMDECORP-WAREHOUSE                               
0114-0012813100001  ,STAINLESS STRETCHERS AND PUSHER SIZE 8 & 9 GRMS             ,3178.3,01/22/2026,OTHERS                                            ,BOHOL AGRO MARINE DEV'T CORP. ,BAMDECORP-WAREHOUSE                               
0114-0012813600001  ,STAINLESS STRETCHERS AND PUSHER SIZE 11 GRMS                ,3178.3,01/22/2026,OTHERS                                            ,BOHOL AGRO MARINE DEV'T CORP. ,BAMDECORP-WAREHOUSE                               
0114-0012813700001  ,STAINLESS STRETCHERS AND PUSHER SIZE 13 & 14 GRMS           ,3178.3,01/22/2026,OTHERS                                            ,BOHOL AGRO MARINE DEV'T CORP. ,BAMDECORP-WAREHOUSE                               
0114-0012813800001  ,STAINLESS STRETCHERS AND PUSHER SIZE 15 & 16 GRMS           ,3531.4,01/22/2026,OTHERS                                            ,BOHOL AGRO MARINE DEV'T CORP. ,BAMDECORP-WAREHOUSE                               
0114-0012813900001  ,STAINLESS STRETCHERS AND PUSHER SIZE 17 & 18 GRMS           ,3531.4,01/22/2026,OTHERS                                            ,BOHOL AGRO MARINE DEV'T CORP. ,BAMDECORP-WAREHOUSE                               
0114-0012814000001  ,STAINLESS STRETHCERS AND PUSHER SIZE 20 GRMS                ,3531.4,01/22/2026,OTHERS                                            ,BOHOL AGRO MARINE DEV'T CORP. ,BAMDECORP-WAREHOUSE                               
0114-0012814100001  ,STAINLESS SLITTING PAD                                      ,5120.6,01/22/2026,OTHERS                                            ,BOHOL AGRO MARINE DEV'T CORP. ,BAMDECORP-WAREHOUSE                               
0058-0003230200001  ,PEDROLLO CENTRIFUGAL PUMP 1HP                               ,13990 ,05/13/2023,PUMP                                              ,BOHOL AGRO MARINE DEV'T CORP. ,BAMDECORP-ENGINEERING DEPARTMENT                  
0114-0008762100001  ,MITSUBISHI FUSO CANTER FE71 CAB & CHASSIS DSL M/T           ,146000,04/14/2026,VEHICLE                                           ,BOHOL AGRO MARINE DEV'T CORP. ,BAMDECORP-WAREHOUSE                               
0114-0009768200001  ,COOLAIRE TRUCK REFRIGERATION SYSTEM MODEL:CCI-300           ,500000,04/14/2026,VEHICLE                                           ,BOHOL AGRO MARINE DEV'T CORP. ,BAMDECORP-TRANSPORTATION                          
0114-0001067500001  ,RICE COOKER                                                 ,5814  ,03/03/2026,RICE COOKER                                       ,BOHOL AGRO MARINE DEV'T CORP. ,BAMDECORP-OFFICE                                  
0114-0001242500001  ,HANABISHI WATER DISPENSER                                   ,7797  ,04/24/2019,DISPENSER                                         ,BOHOL AGRO MARINE DEV'T CORP. ,BAMDECORP-OFFICE                                  
0114-0004326500001  ,AIRCON PANASONIC 1HP                                        ,13100 ,05/09/2026,AIRCON                                            ,BOHOL AGRO MARINE DEV'T CORP. ,BAMDECORP-OFFICE                                  
0114-0003476300001  ,HUAWEI TABLET                                               ,8999  ,04/25/2026,TABLET                                            ,BOHOL AGRO MARINE DEV'T CORP. ,BAMDECORP-OFFICE                                  
0114-0003476300002  ,HUAWEI TABLET                                               ,8999  ,04/25/2026,TABLET                                            ,BOHOL AGRO MARINE DEV'T CORP. ,BAMDECORP-OFFICE                                  
