barcode,desc,acost,adate,cat_type,locname,dept
0041-0008028000001            ,AOC LCD 18.5"" E970SWN WLED MONITOR                          ,2767.86000,11/10/2023,MONITOR                                           ,MFI-GP FARM                   ,GPF-ADMIN                                         
0041-0008585000001            ,CPU SET                                                     ,15000     ,11/10/2023,CPU                                               ,MFI-GP FARM                   ,GPF-ADMIN                                         
0041-0003207700005            ,PRINTER EPSON LQ-310                                        ,13388.3900,02/24/2024,PRINTER                                           ,MFI-GP FARM                   ,GPF-ADMIN                                         
0041-0007498200001            ,MOTOPLUS DUALBAND HANDHELD RADIO TRANSCEIVER                ,2400      ,06/21/2024,RADIO HANDSET                                     ,MFI-GP FARM                   ,GPF-ADMIN                                         
0041-0007498200002            ,MOTOPLUS DUALBAND HANDHELD RADIO TRANSCEIVER                ,2400      ,06/21/2024,RADIO HANDSET                                     ,MFI-GP FARM                   ,GPF-ADMIN                                         
0041-0007498200003            ,MOTOPLUS DUALBAND HANDHELD RADIO TRANSCEIVER                ,2400      ,06/21/2024,RADIO HANDSET                                     ,MFI-GP FARM                   ,GPF-ADMIN                                         
0041-0007498200004            ,MOTOPLUS DUALBAND HANDHELD RADIO TRANSCEIVER                ,2400      ,06/21/2024,RADIO HANDSET                                     ,MFI-GP FARM                   ,GPF-ADMIN                                         
0041-0010135200001            ,RADIO TRANSCEIVER MOTOPLUS GP- 5R MODEL                     ,2400      ,06/20/2024,RADIO                                             ,MFI-GP FARM                   ,GPF-ADMIN                                         
0041-0007418000001            ,MITS. FUSO FIV1P 6W CS#:H0F196 PL#:GBE-7908                 ,2214285.71,07/05/2024,VEHICLE                                           ,MFI-GP FARM                   ,GPF-ADMIN                                         
0041-0007418000002            ,MITS. FUSO FIV1P 6W CS#:H0F195 PL#:GBE-7907                 ,2214285.71,07/05/2024,VEHICLE                                           ,MFI-GP FARM                   ,GPF-ADMIN                                         
0041-0007418000003            ,MITS. FUSO FIV1P 6W CS#:H0F171 PL#:GBE-7909                 ,2214286   ,07/05/2024,VEHICLE                                           ,MFI-GP FARM                   ,GPF-ADMIN                                         
0041-0007418000004            ,MITS. FUSO FIV1P 6W CS#:H0F172 PL#:GBE-7906                 ,2214285.71,07/05/2024,VEHICLE                                           ,MFI-GP FARM                   ,GPF-ADMIN                                         
0041-0010018700001            ,CPU SET CORE I3 (> MICRO ATX NEUTRON CASE W/700W            ,15491.0700,07/10/2024,CPU                                               ,MFI-GP FARM                   ,GPF-ADMIN                                         
0041-0010020000001            ,ACER LED20 K202QBL 19.5 MONITOR                             ,3080.36000,07/10/2024,MONITOR                                           ,MFI-GP FARM                   ,GPF-ADMIN                                         
0041-0007379900001            ,MITS. FUSO CANTER FE85 CS#:H0F755 PL#:GBE-7913              ,1589286   ,07/10/2024,VEHICLE                                           ,MFI-GP FARM                   ,GPF-ADMIN                                         
0041-0004753300001            ,MITS. FUSO CANTER FE84 CS#:H0F713 PL#:GBE-7911              ,1464285.71,07/10/2024,VEHICLE                                           ,MFI-GP FARM                   ,GPF-ADMIN                                         
0041-0004753300002            ,MITS. FUSO CANTER FE84 CS#:H0F712 PL#:GBE-7910              ,1464286   ,07/10/2024,VEHICLE                                           ,DRESSING PLANT                ,DRESSING PLANT-ADMIN                              
0041-0004753300003            ,MITS. FUSO CANTER FE84 CS#:H0F714 PL#:GBE-7912              ,1464286   ,07/10/2024,VEHICLE                                           ,DRESSING PLANT                ,DRESSING PLANT-ADMIN                              
0041-0010125400001            ,TOYOTA HILUX FX MT CS#:JD151A PL#:GBF-3823                  ,1119000   ,07/18/2024,VEHICLE                                           ,MFI-GP FARM                   ,GPF-ADMIN                                         
0041-0010125400002            ,TOYOTA HILUX FX MT CS#:JV933A PL#:GBF-3824                  ,999107    ,07/19/2024,VEHICLE                                           ,MFI-GP FARM                   ,GPF-ADMIN                                         
0117-0009771200001            ,PULSATRON( CHLORINATOR)0.2 AMPS SINGLE PHASE 230V           ,40000     ,06/04/2024,OTHERS                                            ,MFI-GP FARM                   ,GPF-ADMIN                                         
0041-0009894400001            ,FUJIDENZO REF INR 83HS 8CUFT                                ,14417.8582,08/21/2024,REFRIGERATOR                                      ,MFI-GP FARM                   ,GPF-ADMIN                                         
0041-0009896000001            ,FUJIDENZO CFRZR FD 15AD 15CF                                ,24131.2517,08/21/2024,FREEZER/CHILLER                                   ,MFI-GP FARM                   ,GPF-ADMIN                                         
0070-0009264100012            ,DOSATRON CHLORINATOR D20S/ D20AL2VF                         ,145535.710,12/29/2023,TOOLS                                             ,MFI-GP FARM                   ,GPF-ADMIN                                         
0070-0009365700001            ,TOYOTA HILUX 4X4 CS#:Z9D299 PL#:GBC-1570                    ,1057143   ,01/15/2024,VEHICLE                                           ,MFI-GP FARM                   ,GPF-ADMIN                                         
0041-0009554200001            ,SUPPLY OF 4 MEMBRANE UF SYSTEM                              ,1184400   ,08/22/2024,OTHERS                                            ,MFI-GP FARM                   ,GPF-ADMIN                                         
0041-0010171600001            ,FUSO CANTER FE85 CHECK VAN BODY PL#:GBE-7913                ,362000    ,10/01/2024,VEHICLE                                           ,MFI-GP FARM                   ,GPF-ADMIN                                         
0041-0010136300001            ,WEICHAI INDUSTRIAL GENERATOR SET                            ,580000    ,11/08/2024,GENERATOR                                         ,MFI-GP FARM                   ,GPF-ADMIN                                         
0041-0010136300002            ,WEICHAI INDUSTRIAL GENERATOR SET                            ,580000    ,11/08/2024,GENERATOR                                         ,MFI-GP FARM                   ,GPF-ADMIN                                         
0041-0010192000001            ,COOLAIRE REFRIGERATION FOR CANTER FE84 PL#:GBE-7911         ,995536    ,11/12/2024,VEHICLE                                           ,MFI-GP FARM                   ,GPF-ADMIN                                         
0041-0010192000002            ,COOLAIRE REFRIGERATION FOR CANTER FE84 PL#:GBE-7912         ,995536    ,11/12/2024,VEHICLE                                           ,DRESSING PLANT                ,DRESSING PLANT-ADMIN                              
0041-0010192000003            ,COOLAIRE REFRIGERATION FOR CANTER FE84 PL#:GBE-7910         ,995536    ,11/12/2024,VEHICLE                                           ,DRESSING PLANT                ,DRESSING PLANT-ADMIN                              
0041-0010136300003            ,WEICHAI INDUSTRIAL GENERATOR SET                            ,580000    ,11/14/2024,GENERATOR                                         ,MFI-GP FARM                   ,GPF-ADMIN                                         
0041-0010136300004            ,WEICHAI INDUSTRIAL GENERATOR SET                            ,580000    ,11/14/2024,GENERATOR                                         ,MFI-GP FARM                   ,GPF-ADMIN                                         
0041-0010136300005            ,WEICHAI INDUSTRIAL GENERATOR SET                            ,580000    ,11/14/2024,GENERATOR                                         ,MFI-GP FARM                   ,GPF-ADMIN                                         
0041-0010136300006            ,WEICHAI INDUSTRIAL GENERATOR SET                            ,580000    ,11/14/2024,GENERATOR                                         ,MFI-GP FARM                   ,GPF-ADMIN                                         
0041-0000927300003            ,STEEL CABINET 4 DRAWERS                                     ,12600     ,11/18/2024,CABINET                                           ,MFI-GP FARM                   ,GPF-ADMIN                                         
0041-0008354700001            ,HONDA XRM DS (DUAL BREAK)                                   ,65625     ,02/25/2025,MOTORCYCLE-BRAND NEW                              ,MFI-GP FARM                   ,GPF-ADMIN                                         
0041-0010857700001            ,ACER LED20 K202QBI 19.5"" LED MONITOR (VGAHDMI)              ,3258.93000,03/05/2025,MONITOR                                           ,MFI-GP FARM                   ,GPF-ADMIN                                         
0041-0010857700002            ,ACER LED20 K202QBI 19.5"" LED MONITOR (VGAHDMI)              ,3258.93000,03/05/2025,MONITOR                                           ,MFI-GP FARM                   ,GPF-ADMIN                                         
0041-0011580400001            ,CPU SET I3 MICRO ATX TRENDSONIC CERES                       ,15178.5700,03/05/2025,CPU                                               ,MFI-GP FARM                   ,GPF-ADMIN                                         
0041-0011580400002            ,CPU SET I3 MICRO ATX TRENDSONIC CERES                       ,15178.5700,03/05/2025,CPU                                               ,MFI-GP FARM                   ,GPF-ADMIN                                         
FAD-0026-0004542300011        ,CISCO IP PHONE 7821                                         ,7738.10000,10/03/2024,TELEPHONE                                         ,MFI-GP FARM                   ,GPF-ADMIN                                         
FAD-0026-0004542300015        ,CISCO IP PHONE 7821                                         ,7738.10000,10/03/2024,TELEPHONE                                         ,MFI-GP FARM                   ,GPF-ADMIN                                         
FAD-0026-0004542300026        ,CISCO IP PHONE 7821                                         ,7738.10000,10/03/2024,TELEPHONE                                         ,ALTA CITTA                    ,AC-ADMIN                                          
FAD-0026-0004542300035        ,CISCO IP PHONE 7821                                         ,7738.10000,10/03/2024,TELEPHONE                                         ,MFI-GP FARM                   ,GPF-ADMIN                                         
0041-0011239100001            ,FCU/ACCU-1 42CAC024/38CAC024 2.5HP                          ,37812.5000,03/20/2025,AIRCON                                            ,MFI-GP FARM                   ,GPF-ADMIN                                         
0041-0011239100002            ,FCU/ACCU-1 42CAC024/38CAC024 2.5HP                          ,37812.5000,03/20/2025,AIRCON                                            ,MFI-GP FARM                   ,GPF-ADMIN                                         
0041-0011239200001            ,WRAC-2 WCARJ010EE 1.0HP                                     ,14500     ,03/20/2025,AIRCON                                            ,MFI-GP FARM                   ,GPF-ADMIN                                         
0041-0011239200002            ,WRAC-2 WCARJ010EE 1.0HP                                     ,14500     ,03/20/2025,AIRCON                                            ,MFI-GP FARM                   ,GPF-ADMIN                                         
0041-0011239200003            ,WRAC-2 WCARJ010EE 1.0HP                                     ,14500     ,03/20/2025,AIRCON                                            ,MFI-GP FARM                   ,GPF-ADMIN                                         
0041-0011239200004            ,WRAC-2 WCARJ010EE 1.0HP                                     ,14500     ,03/20/2025,AIRCON                                            ,MFI-GP FARM                   ,GPF-ADMIN                                         
0041-0011239200005            ,WRAC-2 WCARJ010EE 1.0HP                                     ,14500     ,03/20/2025,AIRCON                                            ,MFI-GP FARM                   ,GPF-ADMIN                                         
0041-0011239300001            ,WRAC-3 WCARJ024EE 2.5HP                                     ,25625     ,03/20/2025,AIRCON                                            ,MFI-GP FARM                   ,GPF-ADMIN                                         
0041-0011239300002            ,WRAC-3 WCARJ024EE 2.5HP                                     ,25625     ,03/20/2025,AIRCON                                            ,MFI-GP FARM                   ,GPF-ADMIN                                         
0041-0011239300003            ,WRAC-3 WCARJ024EE 2.5HP                                     ,25625     ,03/20/2025,AIRCON                                            ,MFI-GP FARM                   ,GPF-ADMIN                                         
0041-0011239300004            ,WRAC-3 WCARJ024EE 2.5HP                                     ,25625     ,03/20/2025,AIRCON                                            ,MFI-GP FARM                   ,GPF-ADMIN                                         
0041-0011239300005            ,WRAC-3 WCARJ024EE 2.5HP                                     ,25625     ,03/20/2025,AIRCON                                            ,MFI-GP FARM                   ,GPF-ADMIN                                         
0041-0011239400001            ,WRAC-4 WCARZ006EC1 0.5HP                                    ,8250      ,03/20/2025,AIRCON                                            ,MFI-GP FARM                   ,GPF-ADMIN                                         
0041-0011239500001            ,WRAC-5 WCARJ010EE 1.5HP                                     ,14500     ,03/20/2025,AIRCON                                            ,MFI-GP FARM                   ,GPF-ADMIN                                         
0070-0009264100003            ,DOSATRON CHLORINATOR D20S/ D20AL2VF                         ,145535.710,12/29/2023,TOOLS                                             ,GROWOUT-LOMANGOG              ,GROWOUT LOMANGOG PHASE 1                          
0070-0009264100004            ,DOSATRON CHLORINATOR D20S/ D20AL2VF                         ,145535.710,12/29/2023,TOOLS                                             ,GROWOUT-LOMANGOG              ,GROWOUT LOMANGOG PHASE 1                          
0070-0010194000001            ,EJ 400V 500GPM 110PSI                                       ,240670    ,01/02/2025,MACH. & EQUIPMENT                                 ,MFI-GP FARM                   ,GPF-ADMIN                                         
0041-0004774300004            ,SALTER HANGING SCALE 5KG X 20G                              ,8500      ,04/22/2025,WEIGHING SCALE                                    ,MFI-GP FARM                   ,GPF-ADMIN                                         
0041-0004774300005            ,SALTER HANGING SCALE 5KG X 20G                              ,8500      ,04/22/2025,WEIGHING SCALE                                    ,MFI-GP FARM                   ,GPF-ADMIN                                         
0041-0004774300006            ,SALTER HANGING SCALE 5KG X 20G                              ,8500      ,04/22/2025,WEIGHING SCALE                                    ,MFI-GP FARM                   ,GPF-ADMIN                                         
0041-0004774300007            ,SALTER HANGING SCALE 5KG X 20G                              ,8500      ,04/22/2025,WEIGHING SCALE                                    ,MFI-GP FARM                   ,GPF-ADMIN                                         
0041-0004774300008            ,SALTER HANGING SCALE 5KG X 20G                              ,8500      ,04/22/2025,WEIGHING SCALE                                    ,MFI-GP FARM                   ,GPF-ADMIN                                         
0041-0004774300009            ,SALTER HANGING SCALE 5KG X 20G                              ,8500      ,04/22/2025,WEIGHING SCALE                                    ,MFI-GP FARM                   ,GPF-ADMIN                                         
0041-0007721200001            ,NUTEX MECHANICAL SCALE                                      ,12300     ,04/22/2025,WEIGHING SCALE                                    ,MFI-GP FARM                   ,GPF-ADMIN                                         
0041-0007721200002            ,NUTEX MECHANICAL SCALE                                      ,12300     ,04/22/2025,WEIGHING SCALE                                    ,MFI-GP FARM                   ,GPF-ADMIN                                         
0041-0007721200003            ,NUTEX MECHANICAL SCALE                                      ,12300     ,04/22/2025,WEIGHING SCALE                                    ,MFI-GP FARM                   ,GPF-ADMIN                                         
0041-0007721200004            ,NUTEX MECHANICAL SCALE                                      ,12300     ,04/22/2025,WEIGHING SCALE                                    ,MFI-GP FARM                   ,GPF-ADMIN                                         
0041-0007721200005            ,NUTEX MECHANICAL SCALE                                      ,12300     ,04/22/2025,WEIGHING SCALE                                    ,MFI-GP FARM                   ,GPF-ADMIN                                         
0041-0007721200006            ,NUTEX MECHANICAL SCALE                                      ,12300     ,04/22/2025,WEIGHING SCALE                                    ,MFI-GP FARM                   ,GPF-ADMIN                                         
0041-0007721200007            ,NUTEX MECHANICAL SCALE                                      ,12300     ,04/22/2025,WEIGHING SCALE                                    ,MFI-GP FARM                   ,GPF-ADMIN                                         
0041-0007721200008            ,NUTEX MECHANICAL SCALE                                      ,12300     ,04/22/2025,WEIGHING SCALE                                    ,MFI-GP FARM                   ,GPF-ADMIN                                         
0041-0007721200009            ,NUTEX MECHANICAL SCALE                                      ,12300     ,04/22/2025,WEIGHING SCALE                                    ,MFI-GP FARM                   ,GPF-ADMIN                                         
0041-0007721200010            ,NUTEX MECHANICAL SCALE                                      ,12300     ,04/22/2025,WEIGHING SCALE                                    ,MFI-GP FARM                   ,GPF-ADMIN                                         
0041-0007721200011            ,NUTEX MECHANICAL SCALE                                      ,12300     ,04/22/2025,WEIGHING SCALE                                    ,MFI-GP FARM                   ,GPF-ADMIN                                         
0041-0007721200012            ,NUTEX MECHANICAL SCALE                                      ,12300     ,04/22/2025,WEIGHING SCALE                                    ,MFI-GP FARM                   ,GPF-ADMIN                                         
0041-0011582300001            ,HANGING WEIGHING SCALE 10KGS 50 GRAM CALIBRA                ,3000      ,04/22/2025,WEIGHING SCALE                                    ,MFI-GP FARM                   ,GPF-ADMIN                                         
0041-0011582300002            ,HANGING WEIGHING SCALE 10KGS 50 GRAM CALIBRA                ,3000      ,04/22/2025,WEIGHING SCALE                                    ,MFI-GP FARM                   ,GPF-ADMIN                                         
0041-0011582300003            ,HANGING WEIGHING SCALE 10KGS 50 GRAM CALIBRA                ,3000      ,04/22/2025,WEIGHING SCALE                                    ,MFI-GP FARM                   ,GPF-ADMIN                                         
0041-0011582300004            ,HANGING WEIGHING SCALE 10KGS 50 GRAM CALIBRA                ,3000      ,04/22/2025,WEIGHING SCALE                                    ,MFI-GP FARM                   ,GPF-ADMIN                                         
0041-0011582300005            ,HANGING WEIGHING SCALE 10KGS 50 GRAM CALIBRA                ,3000      ,04/22/2025,WEIGHING SCALE                                    ,MFI-GP FARM                   ,GPF-ADMIN                                         
0041-0011582300006            ,HANGING WEIGHING SCALE 10KGS 50 GRAM CALIBRA                ,3000      ,04/22/2025,WEIGHING SCALE                                    ,MFI-GP FARM                   ,GPF-ADMIN                                         
0041-0011582300007            ,HANGING WEIGHING SCALE 10KGS 50 GRAM CALIBRA                ,3000      ,04/22/2025,WEIGHING SCALE                                    ,MFI-GP FARM                   ,GPF-ADMIN                                         
0041-0011582300008            ,HANGING WEIGHING SCALE 10KGS 50 GRAM CALIBRA                ,3000      ,04/22/2025,WEIGHING SCALE                                    ,MFI-GP FARM                   ,GPF-ADMIN                                         
0041-0011582400001            ,DIGITAL (ELECTRIC) GRAMER 3KL CAP. 2 GRAMS CALIBRA          ,17000     ,04/22/2025,WEIGHING SCALE                                    ,MFI-GP FARM                   ,GPF-ADMIN                                         
0041-0011582400002            ,DIGITAL (ELECTRIC) GRAMER 3KL CAP. 2 GRAMS CALIBRA          ,17000     ,04/22/2025,WEIGHING SCALE                                    ,MFI-GP FARM                   ,GPF-ADMIN                                         
0041-0011582400003            ,DIGITAL (ELECTRIC) GRAMER 3KL CAP. 2 GRAMS CALIBRA          ,17000     ,04/22/2025,WEIGHING SCALE                                    ,MFI-GP FARM                   ,GPF-ADMIN                                         
0041-0007717200001            ,1.5 FT. WALL MOUNTED DATA CABINET W/PDU &                   ,8750      ,05/28/2025,CABINET-STEEL                                     ,MFI-GP FARM                   ,GPF-ADMIN                                         
0041-0007717200002            ,1.5 FT. WALL MOUNTED DATA CABINET W/PDU &                   ,8750      ,05/28/2025,CABINET-STEEL                                     ,MFI-GP FARM                   ,GPF-ADMIN                                         
0041-0010682400001            ,RG-S2915-10GT2MS-P-L 10-PORT GIGABIT                        ,16250     ,05/28/2025,SUPPLIES                                          ,MFI-GP FARM                   ,GPF-ADMIN                                         
0041-0010682400002            ,RG-S2915-10GT2MS-P-L 10-PORT GIGABIT                        ,16250     ,05/28/2025,SUPPLIES                                          ,MFI-GP FARM                   ,GPF-ADMIN                                         
0041-0010601000001            ,SOLAR STREET LIGHTS                                         ,19849.7200,06/21/2025,LIGHTING FIXTURES                                 ,CENTRAL CONSTRUCTION GROUP    ,CCG-CDC CONSTRUCTION                              
0041-0010601000002            ,SOLAR STREET LIGHTS                                         ,19849.7200,06/21/2025,LIGHTING FIXTURES                                 ,CENTRAL CONSTRUCTION GROUP    ,CCG-CDC CONSTRUCTION                              
0041-0010601000003            ,SOLAR STREET LIGHTS                                         ,19849.7200,06/21/2025,LIGHTING FIXTURES                                 ,CENTRAL CONSTRUCTION GROUP    ,CCG-CDC CONSTRUCTION                              
0041-0010601000004            ,SOLAR STREET LIGHTS                                         ,19849.7200,06/21/2025,LIGHTING FIXTURES                                 ,CENTRAL CONSTRUCTION GROUP    ,CCG-CDC CONSTRUCTION                              
0041-0010601000005            ,SOLAR STREET LIGHTS                                         ,19849.7200,06/21/2025,LIGHTING FIXTURES                                 ,CENTRAL CONSTRUCTION GROUP    ,CCG-CDC CONSTRUCTION                              
0041-0010601000006            ,SOLAR STREET LIGHTS                                         ,19849.7200,06/21/2025,LIGHTING FIXTURES                                 ,CENTRAL CONSTRUCTION GROUP    ,CCG-CDC CONSTRUCTION                              
0041-0010601000007            ,SOLAR STREET LIGHTS                                         ,19849.7200,06/21/2025,LIGHTING FIXTURES                                 ,CENTRAL CONSTRUCTION GROUP    ,CCG-CDC CONSTRUCTION                              
0041-0010601000008            ,SOLAR STREET LIGHTS                                         ,19849.7200,06/21/2025,LIGHTING FIXTURES                                 ,CENTRAL CONSTRUCTION GROUP    ,CCG-CDC CONSTRUCTION                              
0041-0010601000009            ,SOLAR STREET LIGHTS                                         ,19849.7200,06/21/2025,LIGHTING FIXTURES                                 ,CENTRAL CONSTRUCTION GROUP    ,CCG-CDC CONSTRUCTION                              
0041-0010601000010            ,SOLAR STREET LIGHTS                                         ,19849.7200,06/21/2025,LIGHTING FIXTURES                                 ,CENTRAL CONSTRUCTION GROUP    ,CCG-CDC CONSTRUCTION                              
0041-0010601000011            ,SOLAR STREET LIGHTS                                         ,19849.7200,06/21/2025,LIGHTING FIXTURES                                 ,CENTRAL CONSTRUCTION GROUP    ,CCG-CDC CONSTRUCTION                              
0041-0010601000012            ,SOLAR STREET LIGHTS                                         ,19849.7200,06/21/2025,LIGHTING FIXTURES                                 ,CENTRAL CONSTRUCTION GROUP    ,CCG-CDC CONSTRUCTION                              
0041-0010601000013            ,SOLAR STREET LIGHTS                                         ,19849.7200,06/21/2025,LIGHTING FIXTURES                                 ,CENTRAL CONSTRUCTION GROUP    ,CCG-CDC CONSTRUCTION                              
0041-0010601000014            ,SOLAR STREET LIGHTS                                         ,19849.7200,06/21/2025,LIGHTING FIXTURES                                 ,CENTRAL CONSTRUCTION GROUP    ,CCG-CDC CONSTRUCTION                              
0041-0010601000015            ,SOLAR STREET LIGHTS                                         ,19849.7200,06/21/2025,LIGHTING FIXTURES                                 ,CENTRAL CONSTRUCTION GROUP    ,CCG-CDC CONSTRUCTION                              
0041-0010601000016            ,SOLAR STREET LIGHTS                                         ,19849.7200,06/21/2025,LIGHTING FIXTURES                                 ,CENTRAL CONSTRUCTION GROUP    ,CCG-CDC CONSTRUCTION                              
0041-0010601000017            ,SOLAR STREET LIGHTS                                         ,19849.7200,06/21/2025,LIGHTING FIXTURES                                 ,CENTRAL CONSTRUCTION GROUP    ,CCG-CDC CONSTRUCTION                              
0041-0010601000018            ,SOLAR STREET LIGHTS                                         ,19849.7200,06/21/2025,LIGHTING FIXTURES                                 ,CENTRAL CONSTRUCTION GROUP    ,CCG-CDC CONSTRUCTION                              
0041-0010601000019            ,SOLAR STREET LIGHTS                                         ,19849.7200,06/21/2025,LIGHTING FIXTURES                                 ,CENTRAL CONSTRUCTION GROUP    ,CCG-CDC CONSTRUCTION                              
0041-0010601000020            ,SOLAR STREET LIGHTS                                         ,19849.7200,06/21/2025,LIGHTING FIXTURES                                 ,CENTRAL CONSTRUCTION GROUP    ,CCG-CDC CONSTRUCTION                              
0041-0010601000021            ,SOLAR STREET LIGHTS                                         ,19849.7200,06/21/2025,LIGHTING FIXTURES                                 ,CENTRAL CONSTRUCTION GROUP    ,CCG-CDC CONSTRUCTION                              
0041-0010601000022            ,SOLAR STREET LIGHTS                                         ,19849.7200,06/21/2025,LIGHTING FIXTURES                                 ,CENTRAL CONSTRUCTION GROUP    ,CCG-CDC CONSTRUCTION                              
0041-0010601000023            ,SOLAR STREET LIGHTS                                         ,19849.7200,06/21/2025,LIGHTING FIXTURES                                 ,CENTRAL CONSTRUCTION GROUP    ,CCG-CDC CONSTRUCTION                              
0041-0010601000024            ,SOLAR STREET LIGHTS                                         ,19849.7200,06/21/2025,LIGHTING FIXTURES                                 ,CENTRAL CONSTRUCTION GROUP    ,CCG-CDC CONSTRUCTION                              
0041-0010601000025            ,SOLAR STREET LIGHTS                                         ,19849.7200,06/21/2025,LIGHTING FIXTURES                                 ,CENTRAL CONSTRUCTION GROUP    ,CCG-CDC CONSTRUCTION                              
0041-0010601000026            ,SOLAR STREET LIGHTS                                         ,19849.7200,06/21/2025,LIGHTING FIXTURES                                 ,CENTRAL CONSTRUCTION GROUP    ,CCG-CDC CONSTRUCTION                              
0041-0010601000027            ,SOLAR STREET LIGHTS                                         ,19849.7200,06/21/2025,LIGHTING FIXTURES                                 ,CENTRAL CONSTRUCTION GROUP    ,CCG-CDC CONSTRUCTION                              
0041-0010601000028            ,SOLAR STREET LIGHTS                                         ,19849.7200,06/21/2025,LIGHTING FIXTURES                                 ,CENTRAL CONSTRUCTION GROUP    ,CCG-CDC CONSTRUCTION                              
0041-0010601000029            ,SOLAR STREET LIGHTS                                         ,19849.7200,06/21/2025,LIGHTING FIXTURES                                 ,CENTRAL CONSTRUCTION GROUP    ,CCG-CDC CONSTRUCTION                              
0041-0010601000030            ,SOLAR STREET LIGHTS                                         ,19849.7200,06/21/2025,LIGHTING FIXTURES                                 ,CENTRAL CONSTRUCTION GROUP    ,CCG-CDC CONSTRUCTION                              
0041-0010601000031            ,SOLAR STREET LIGHTS                                         ,19849.7200,06/21/2025,LIGHTING FIXTURES                                 ,CENTRAL CONSTRUCTION GROUP    ,CCG-CDC CONSTRUCTION                              
0041-0010601000032            ,SOLAR STREET LIGHTS                                         ,19849.7200,06/21/2025,LIGHTING FIXTURES                                 ,CENTRAL CONSTRUCTION GROUP    ,CCG-CDC CONSTRUCTION                              
0041-0010601000033            ,SOLAR STREET LIGHTS                                         ,19849.7200,06/21/2025,LIGHTING FIXTURES                                 ,CENTRAL CONSTRUCTION GROUP    ,CCG-CDC CONSTRUCTION                              
0041-0010601000034            ,SOLAR STREET LIGHTS                                         ,19849.7200,06/21/2025,LIGHTING FIXTURES                                 ,CENTRAL CONSTRUCTION GROUP    ,CCG-CDC CONSTRUCTION                              
0041-0010601000035            ,SOLAR STREET LIGHTS                                         ,19849.7200,06/21/2025,LIGHTING FIXTURES                                 ,CENTRAL CONSTRUCTION GROUP    ,CCG-CDC CONSTRUCTION                              
0041-0010601000036            ,SOLAR STREET LIGHTS                                         ,19849.7200,06/21/2025,LIGHTING FIXTURES                                 ,CENTRAL CONSTRUCTION GROUP    ,CCG-CDC CONSTRUCTION                              
0041-0010601000037            ,SOLAR STREET LIGHTS                                         ,19849.7200,06/21/2025,LIGHTING FIXTURES                                 ,CENTRAL CONSTRUCTION GROUP    ,CCG-CDC CONSTRUCTION                              
0041-0010601000038            ,SOLAR STREET LIGHTS                                         ,19849.7200,06/21/2025,LIGHTING FIXTURES                                 ,CENTRAL CONSTRUCTION GROUP    ,CCG-CDC CONSTRUCTION                              
0041-0010601000039            ,SOLAR STREET LIGHTS                                         ,19849.7200,06/21/2025,LIGHTING FIXTURES                                 ,CENTRAL CONSTRUCTION GROUP    ,CCG-CDC CONSTRUCTION                              
0041-0010601000040            ,SOLAR STREET LIGHTS                                         ,19849.7200,06/21/2025,LIGHTING FIXTURES                                 ,CENTRAL CONSTRUCTION GROUP    ,CCG-CDC CONSTRUCTION                              
0041-0010601000041            ,SOLAR STREET LIGHTS                                         ,19849.7200,06/21/2025,LIGHTING FIXTURES                                 ,CENTRAL CONSTRUCTION GROUP    ,CCG-CDC CONSTRUCTION                              
0041-0010601000042            ,SOLAR STREET LIGHTS                                         ,19849.7200,06/21/2025,LIGHTING FIXTURES                                 ,CENTRAL CONSTRUCTION GROUP    ,CCG-CDC CONSTRUCTION                              
0041-0010601000043            ,SOLAR STREET LIGHTS                                         ,19849.7200,06/21/2025,LIGHTING FIXTURES                                 ,CENTRAL CONSTRUCTION GROUP    ,CCG-CDC CONSTRUCTION                              
0041-0010601000044            ,SOLAR STREET LIGHTS                                         ,19849.7200,06/21/2025,LIGHTING FIXTURES                                 ,CENTRAL CONSTRUCTION GROUP    ,CCG-CDC CONSTRUCTION                              
0041-0010601000045            ,SOLAR STREET LIGHTS                                         ,19849.7200,06/21/2025,LIGHTING FIXTURES                                 ,CENTRAL CONSTRUCTION GROUP    ,CCG-CDC CONSTRUCTION                              
0041-0010601000046            ,SOLAR STREET LIGHTS                                         ,19849.7200,06/21/2025,LIGHTING FIXTURES                                 ,CENTRAL CONSTRUCTION GROUP    ,CCG-CDC CONSTRUCTION                              
0041-0010601000047            ,SOLAR STREET LIGHTS                                         ,19849.7200,06/21/2025,LIGHTING FIXTURES                                 ,CENTRAL CONSTRUCTION GROUP    ,CCG-CDC CONSTRUCTION                              
0041-0010601000048            ,SOLAR STREET LIGHTS                                         ,19849.7200,06/21/2025,LIGHTING FIXTURES                                 ,CENTRAL CONSTRUCTION GROUP    ,CCG-CDC CONSTRUCTION                              
0041-0010601000049            ,SOLAR STREET LIGHTS                                         ,19849.7200,06/21/2025,LIGHTING FIXTURES                                 ,CENTRAL CONSTRUCTION GROUP    ,CCG-CDC CONSTRUCTION                              
0041-0010601000050            ,SOLAR STREET LIGHTS                                         ,19849.7200,06/21/2025,LIGHTING FIXTURES                                 ,CENTRAL CONSTRUCTION GROUP    ,CCG-CDC CONSTRUCTION                              
0041-0010601000051            ,SOLAR STREET LIGHTS                                         ,19849.7200,06/21/2025,LIGHTING FIXTURES                                 ,CENTRAL CONSTRUCTION GROUP    ,CCG-CDC CONSTRUCTION                              
0041-0010601000052            ,SOLAR STREET LIGHTS                                         ,19849.7200,06/21/2025,LIGHTING FIXTURES                                 ,CENTRAL CONSTRUCTION GROUP    ,CCG-CDC CONSTRUCTION                              
0041-0010601000053            ,SOLAR STREET LIGHTS                                         ,19849.7200,06/21/2025,LIGHTING FIXTURES                                 ,CENTRAL CONSTRUCTION GROUP    ,CCG-CDC CONSTRUCTION                              
0041-0010601000054            ,SOLAR STREET LIGHTS                                         ,19849.7200,06/21/2025,LIGHTING FIXTURES                                 ,CENTRAL CONSTRUCTION GROUP    ,CCG-CDC CONSTRUCTION                              
0041-0010601000055            ,SOLAR STREET LIGHTS                                         ,19849.7200,06/21/2025,LIGHTING FIXTURES                                 ,CENTRAL CONSTRUCTION GROUP    ,CCG-CDC CONSTRUCTION                              
0041-0010601000056            ,SOLAR STREET LIGHTS                                         ,19849.7200,06/21/2025,LIGHTING FIXTURES                                 ,CENTRAL CONSTRUCTION GROUP    ,CCG-CDC CONSTRUCTION                              
0041-0010601000057            ,SOLAR STREET LIGHTS                                         ,19849.7200,06/21/2025,LIGHTING FIXTURES                                 ,CENTRAL CONSTRUCTION GROUP    ,CCG-CDC CONSTRUCTION                              
0041-0010601000058            ,SOLAR STREET LIGHTS                                         ,19849.7200,06/21/2025,LIGHTING FIXTURES                                 ,CENTRAL CONSTRUCTION GROUP    ,CCG-CDC CONSTRUCTION                              
0041-0010601000059            ,SOLAR STREET LIGHTS                                         ,19849.7200,06/21/2025,LIGHTING FIXTURES                                 ,CENTRAL CONSTRUCTION GROUP    ,CCG-CDC CONSTRUCTION                              
0041-0010601100001            ,LIGHT POLE                                                  ,9527.86000,06/21/2025,LIGHTING FIXTURES                                 ,CENTRAL CONSTRUCTION GROUP    ,CCG-CDC CONSTRUCTION                              
0041-0010601100002            ,LIGHT POLE                                                  ,9527.86000,06/21/2025,LIGHTING FIXTURES                                 ,CENTRAL CONSTRUCTION GROUP    ,CCG-CDC CONSTRUCTION                              
0041-0010601100003            ,LIGHT POLE                                                  ,9527.86000,06/21/2025,LIGHTING FIXTURES                                 ,CENTRAL CONSTRUCTION GROUP    ,CCG-CDC CONSTRUCTION                              
0041-0010601100004            ,LIGHT POLE                                                  ,9527.86000,06/21/2025,LIGHTING FIXTURES                                 ,CENTRAL CONSTRUCTION GROUP    ,CCG-CDC CONSTRUCTION                              
0041-0010601100005            ,LIGHT POLE                                                  ,9527.86000,06/21/2025,LIGHTING FIXTURES                                 ,CENTRAL CONSTRUCTION GROUP    ,CCG-CDC CONSTRUCTION                              
0041-0010601100006            ,LIGHT POLE                                                  ,9527.86000,06/21/2025,LIGHTING FIXTURES                                 ,CENTRAL CONSTRUCTION GROUP    ,CCG-CDC CONSTRUCTION                              
0041-0010601100007            ,LIGHT POLE                                                  ,9527.86000,06/21/2025,LIGHTING FIXTURES                                 ,CENTRAL CONSTRUCTION GROUP    ,CCG-CDC CONSTRUCTION                              
0041-0010601100008            ,LIGHT POLE                                                  ,9527.86000,06/21/2025,LIGHTING FIXTURES                                 ,CENTRAL CONSTRUCTION GROUP    ,CCG-CDC CONSTRUCTION                              
0041-0010601100009            ,LIGHT POLE                                                  ,9527.86000,06/21/2025,LIGHTING FIXTURES                                 ,CENTRAL CONSTRUCTION GROUP    ,CCG-CDC CONSTRUCTION                              
0041-0010601100010            ,LIGHT POLE                                                  ,9527.86000,06/21/2025,LIGHTING FIXTURES                                 ,CENTRAL CONSTRUCTION GROUP    ,CCG-CDC CONSTRUCTION                              
0041-0010601100011            ,LIGHT POLE                                                  ,9527.86000,06/21/2025,LIGHTING FIXTURES                                 ,CENTRAL CONSTRUCTION GROUP    ,CCG-CDC CONSTRUCTION                              
0041-0010601100012            ,LIGHT POLE                                                  ,9527.86000,06/21/2025,LIGHTING FIXTURES                                 ,CENTRAL CONSTRUCTION GROUP    ,CCG-CDC CONSTRUCTION                              
0041-0010601100013            ,LIGHT POLE                                                  ,9527.86000,06/21/2025,LIGHTING FIXTURES                                 ,CENTRAL CONSTRUCTION GROUP    ,CCG-CDC CONSTRUCTION                              
0041-0010601100014            ,LIGHT POLE                                                  ,9527.86000,06/21/2025,LIGHTING FIXTURES                                 ,CENTRAL CONSTRUCTION GROUP    ,CCG-CDC CONSTRUCTION                              
0041-0010601100015            ,LIGHT POLE                                                  ,9527.86000,06/21/2025,LIGHTING FIXTURES                                 ,CENTRAL CONSTRUCTION GROUP    ,CCG-CDC CONSTRUCTION                              
0041-0010601100016            ,LIGHT POLE                                                  ,9527.86000,06/21/2025,LIGHTING FIXTURES                                 ,CENTRAL CONSTRUCTION GROUP    ,CCG-CDC CONSTRUCTION                              
0041-0010601100017            ,LIGHT POLE                                                  ,9527.86000,06/21/2025,LIGHTING FIXTURES                                 ,CENTRAL CONSTRUCTION GROUP    ,CCG-CDC CONSTRUCTION                              
0041-0010601100018            ,LIGHT POLE                                                  ,9527.86000,06/21/2025,LIGHTING FIXTURES                                 ,CENTRAL CONSTRUCTION GROUP    ,CCG-CDC CONSTRUCTION                              
0041-0010601100019            ,LIGHT POLE                                                  ,9527.86000,06/21/2025,LIGHTING FIXTURES                                 ,CENTRAL CONSTRUCTION GROUP    ,CCG-CDC CONSTRUCTION                              
0041-0010601100020            ,LIGHT POLE                                                  ,9527.86000,06/21/2025,LIGHTING FIXTURES                                 ,CENTRAL CONSTRUCTION GROUP    ,CCG-CDC CONSTRUCTION                              
0041-0010601100021            ,LIGHT POLE                                                  ,9527.86000,06/21/2025,LIGHTING FIXTURES                                 ,CENTRAL CONSTRUCTION GROUP    ,CCG-CDC CONSTRUCTION                              
0041-0010601100022            ,LIGHT POLE                                                  ,9527.86000,06/21/2025,LIGHTING FIXTURES                                 ,CENTRAL CONSTRUCTION GROUP    ,CCG-CDC CONSTRUCTION                              
0041-0010601100023            ,LIGHT POLE                                                  ,9527.86000,06/21/2025,LIGHTING FIXTURES                                 ,CENTRAL CONSTRUCTION GROUP    ,CCG-CDC CONSTRUCTION                              
0041-0010601100024            ,LIGHT POLE                                                  ,9527.86000,06/21/2025,LIGHTING FIXTURES                                 ,CENTRAL CONSTRUCTION GROUP    ,CCG-CDC CONSTRUCTION                              
0041-0010601100025            ,LIGHT POLE                                                  ,9527.86000,06/21/2025,LIGHTING FIXTURES                                 ,CENTRAL CONSTRUCTION GROUP    ,CCG-CDC CONSTRUCTION                              
0041-0010601100026            ,LIGHT POLE                                                  ,9527.86000,06/21/2025,LIGHTING FIXTURES                                 ,CENTRAL CONSTRUCTION GROUP    ,CCG-CDC CONSTRUCTION                              
0041-0010601100027            ,LIGHT POLE                                                  ,9527.86000,06/21/2025,LIGHTING FIXTURES                                 ,CENTRAL CONSTRUCTION GROUP    ,CCG-CDC CONSTRUCTION                              
0041-0010601100028            ,LIGHT POLE                                                  ,9527.86000,06/21/2025,LIGHTING FIXTURES                                 ,CENTRAL CONSTRUCTION GROUP    ,CCG-CDC CONSTRUCTION                              
0041-0010601100029            ,LIGHT POLE                                                  ,9527.86000,06/21/2025,LIGHTING FIXTURES                                 ,CENTRAL CONSTRUCTION GROUP    ,CCG-CDC CONSTRUCTION                              
0041-0010601100030            ,LIGHT POLE                                                  ,9527.86000,06/21/2025,LIGHTING FIXTURES                                 ,CENTRAL CONSTRUCTION GROUP    ,CCG-CDC CONSTRUCTION                              
0041-0010601100031            ,LIGHT POLE                                                  ,9527.86000,06/21/2025,LIGHTING FIXTURES                                 ,CENTRAL CONSTRUCTION GROUP    ,CCG-CDC CONSTRUCTION                              
0041-0010601100032            ,LIGHT POLE                                                  ,9527.86000,06/21/2025,LIGHTING FIXTURES                                 ,CENTRAL CONSTRUCTION GROUP    ,CCG-CDC CONSTRUCTION                              
0041-0010601100033            ,LIGHT POLE                                                  ,9527.86000,06/21/2025,LIGHTING FIXTURES                                 ,CENTRAL CONSTRUCTION GROUP    ,CCG-CDC CONSTRUCTION                              
0041-0010601100034            ,LIGHT POLE                                                  ,9527.86000,06/21/2025,LIGHTING FIXTURES                                 ,CENTRAL CONSTRUCTION GROUP    ,CCG-CDC CONSTRUCTION                              
0041-0010601100035            ,LIGHT POLE                                                  ,9527.86000,06/21/2025,LIGHTING FIXTURES                                 ,CENTRAL CONSTRUCTION GROUP    ,CCG-CDC CONSTRUCTION                              
0041-0010601100036            ,LIGHT POLE                                                  ,9527.86000,06/21/2025,LIGHTING FIXTURES                                 ,CENTRAL CONSTRUCTION GROUP    ,CCG-CDC CONSTRUCTION                              
0041-0010601100037            ,LIGHT POLE                                                  ,9527.86000,06/21/2025,LIGHTING FIXTURES                                 ,CENTRAL CONSTRUCTION GROUP    ,CCG-CDC CONSTRUCTION                              
0041-0010601100038            ,LIGHT POLE                                                  ,9527.86000,06/21/2025,LIGHTING FIXTURES                                 ,CENTRAL CONSTRUCTION GROUP    ,CCG-CDC CONSTRUCTION                              
0041-0010601100039            ,LIGHT POLE                                                  ,9527.86000,06/21/2025,LIGHTING FIXTURES                                 ,CENTRAL CONSTRUCTION GROUP    ,CCG-CDC CONSTRUCTION                              
0041-0010601100040            ,LIGHT POLE                                                  ,9527.86000,06/21/2025,LIGHTING FIXTURES                                 ,CENTRAL CONSTRUCTION GROUP    ,CCG-CDC CONSTRUCTION                              
0041-0010601100041            ,LIGHT POLE                                                  ,9527.86000,06/21/2025,LIGHTING FIXTURES                                 ,CENTRAL CONSTRUCTION GROUP    ,CCG-CDC CONSTRUCTION                              
0041-0010601100042            ,LIGHT POLE                                                  ,9527.86000,06/21/2025,LIGHTING FIXTURES                                 ,CENTRAL CONSTRUCTION GROUP    ,CCG-CDC CONSTRUCTION                              
0041-0010601100043            ,LIGHT POLE                                                  ,9527.86000,06/21/2025,LIGHTING FIXTURES                                 ,CENTRAL CONSTRUCTION GROUP    ,CCG-CDC CONSTRUCTION                              
0041-0010601100044            ,LIGHT POLE                                                  ,9527.86000,06/21/2025,LIGHTING FIXTURES                                 ,CENTRAL CONSTRUCTION GROUP    ,CCG-CDC CONSTRUCTION                              
0041-0010601100045            ,LIGHT POLE                                                  ,9527.86000,06/21/2025,LIGHTING FIXTURES                                 ,CENTRAL CONSTRUCTION GROUP    ,CCG-CDC CONSTRUCTION                              
0041-0010601100046            ,LIGHT POLE                                                  ,9527.86000,06/21/2025,LIGHTING FIXTURES                                 ,CENTRAL CONSTRUCTION GROUP    ,CCG-CDC CONSTRUCTION                              
0041-0010601100047            ,LIGHT POLE                                                  ,9527.86000,06/21/2025,LIGHTING FIXTURES                                 ,CENTRAL CONSTRUCTION GROUP    ,CCG-CDC CONSTRUCTION                              
0041-0010601100048            ,LIGHT POLE                                                  ,9527.86000,06/21/2025,LIGHTING FIXTURES                                 ,CENTRAL CONSTRUCTION GROUP    ,CCG-CDC CONSTRUCTION                              
0041-0010601100049            ,LIGHT POLE                                                  ,9527.86000,06/21/2025,LIGHTING FIXTURES                                 ,CENTRAL CONSTRUCTION GROUP    ,CCG-CDC CONSTRUCTION                              
0041-0010601100050            ,LIGHT POLE                                                  ,9527.86000,06/21/2025,LIGHTING FIXTURES                                 ,CENTRAL CONSTRUCTION GROUP    ,CCG-CDC CONSTRUCTION                              
0041-0010601100051            ,LIGHT POLE                                                  ,9527.86000,06/21/2025,LIGHTING FIXTURES                                 ,CENTRAL CONSTRUCTION GROUP    ,CCG-CDC CONSTRUCTION                              
0041-0010601100052            ,LIGHT POLE                                                  ,9527.86000,06/21/2025,LIGHTING FIXTURES                                 ,CENTRAL CONSTRUCTION GROUP    ,CCG-CDC CONSTRUCTION                              
0041-0010601100053            ,LIGHT POLE                                                  ,9527.86000,06/21/2025,LIGHTING FIXTURES                                 ,CENTRAL CONSTRUCTION GROUP    ,CCG-CDC CONSTRUCTION                              
0041-0010601100054            ,LIGHT POLE                                                  ,9527.86000,06/21/2025,LIGHTING FIXTURES                                 ,CENTRAL CONSTRUCTION GROUP    ,CCG-CDC CONSTRUCTION                              
0041-0010601100055            ,LIGHT POLE                                                  ,9527.86000,06/21/2025,LIGHTING FIXTURES                                 ,CENTRAL CONSTRUCTION GROUP    ,CCG-CDC CONSTRUCTION                              
0041-0010601100056            ,LIGHT POLE                                                  ,9527.86000,06/21/2025,LIGHTING FIXTURES                                 ,CENTRAL CONSTRUCTION GROUP    ,CCG-CDC CONSTRUCTION                              
0041-0010601100057            ,LIGHT POLE                                                  ,9527.86000,06/21/2025,LIGHTING FIXTURES                                 ,CENTRAL CONSTRUCTION GROUP    ,CCG-CDC CONSTRUCTION                              
0041-0010601100058            ,LIGHT POLE                                                  ,9527.86000,06/21/2025,LIGHTING FIXTURES                                 ,CENTRAL CONSTRUCTION GROUP    ,CCG-CDC CONSTRUCTION                              
0041-0010601100059            ,LIGHT POLE                                                  ,9527.86000,06/21/2025,LIGHTING FIXTURES                                 ,CENTRAL CONSTRUCTION GROUP    ,CCG-CDC CONSTRUCTION                              
0041-0010852500001            ,DIGITAL CLAMP METER( NEW STAR UP-204+)                      ,5588.39000,07/02/2025,OTHERS                                            ,MFI-GP FARM                   ,GPF-ADMIN                                         
0041-0011184400001            ,MAKITA ANGLE GRINDER                                        ,3481.25000,07/02/2025,GRINDER                                           ,MFI-GP FARM                   ,GPF-ADMIN                                         
0041-0011186400001            ,STANLEY SOCKET SET                                          ,6160.49000,07/02/2025,OTHERS                                            ,MFI-GP FARM                   ,GPF-ADMIN                                         
0041-0011190700001            ,BERNMANN B-02 COMBINATION SET                               ,5499.78000,07/02/2025,OTHERS                                            ,MFI-GP FARM                   ,GPF-ADMIN                                         
0041-0011195000001            ,STANLEY ELECTRIC BLOWER                                     ,3124.78000,07/02/2025,BLOWER                                            ,MFI-GP FARM                   ,GPF-ADMIN                                         
0041-0011198900001            ,KYK CORDLESS IMPACK DRILL 1/2                               ,6874.11000,07/02/2025,DRILL                                             ,MFI-GP FARM                   ,GPF-ADMIN                                         
0041-0011563200001            ,ALPHA HEATER LH-1000                                        ,5446.43000,07/04/2025,HEATER                                            ,MFI-GP FARM                   ,GPF-ADMIN                                         
0041-0011563200002            ,ALPHA HEATER LH-1000                                        ,5446.43000,07/04/2025,HEATER                                            ,MFI-GP FARM                   ,GPF-ADMIN                                         
0041-0011563200003            ,ALPHA HEATER LH-1000                                        ,5446.43000,07/04/2025,HEATER                                            ,MFI-GP FARM                   ,GPF-ADMIN                                         
0041-0011563200004            ,ALPHA HEATER LH-1000                                        ,5446.43000,07/04/2025,HEATER                                            ,MFI-GP FARM                   ,GPF-ADMIN                                         
0041-0011563200005            ,ALPHA HEATER LH-1000                                        ,5446.43000,07/04/2025,HEATER                                            ,MFI-GP FARM                   ,GPF-ADMIN                                         
0041-0011563200006            ,ALPHA HEATER LH-1000                                        ,5446.43000,07/04/2025,HEATER                                            ,MFI-GP FARM                   ,GPF-ADMIN                                         
0041-0011563200007            ,ALPHA HEATER LH-1000                                        ,5446.43000,07/04/2025,HEATER                                            ,MFI-GP FARM                   ,GPF-ADMIN                                         
0041-0011563200008            ,ALPHA HEATER LH-1000                                        ,5446.43000,07/04/2025,HEATER                                            ,MFI-GP FARM                   ,GPF-ADMIN                                         
0041-0011563200009            ,ALPHA HEATER LH-1000                                        ,5446.43000,07/04/2025,HEATER                                            ,MFI-GP FARM                   ,GPF-ADMIN                                         
0041-0011563200010            ,ALPHA HEATER LH-1000                                        ,5446.43000,07/04/2025,HEATER                                            ,MFI-GP FARM                   ,GPF-ADMIN                                         
0041-0011563200011            ,ALPHA HEATER LH-1000                                        ,5446.43000,07/04/2025,HEATER                                            ,MFI-GP FARM                   ,GPF-ADMIN                                         
0041-0011563200012            ,ALPHA HEATER LH-1000                                        ,5446.43000,07/04/2025,HEATER                                            ,MFI-GP FARM                   ,GPF-ADMIN                                         
0041-0011563200013            ,ALPHA HEATER LH-1000                                        ,5446.43000,07/04/2025,HEATER                                            ,MFI-GP FARM                   ,GPF-ADMIN                                         
0041-0011563200014            ,ALPHA HEATER LH-1000                                        ,5446.43000,07/04/2025,HEATER                                            ,MFI-GP FARM                   ,GPF-ADMIN                                         
0041-0011563200015            ,ALPHA HEATER LH-1000                                        ,5446.43000,07/04/2025,HEATER                                            ,MFI-GP FARM                   ,GPF-ADMIN                                         
0041-0011224500001            ,CAMEL INDUCTION STOVE                                       ,2781.25000,07/11/2025,STOVE                                             ,MFI-GP FARM                   ,GPF-ADMIN                                         
0041-0011224500002            ,CAMEL INDUCTION STOVE                                       ,2781.25000,07/11/2025,STOVE                                             ,MFI-GP FARM                   ,GPF-ADMIN                                         
0041-0011224500003            ,CAMEL INDUCTION STOVE                                       ,2781.25000,07/11/2025,STOVE                                             ,MFI-GP FARM                   ,GPF-ADMIN                                         
0041-0011231800001            ,HANABISHI INDUCTION COOKER #HIC-40                          ,2319.64000,07/11/2025,OTHERS                                            ,MFI-GP FARM                   ,GPF-ADMIN                                         
0041-0012222100001            ,LOTUS DRILL DRIVER                                          ,1427.86000,08/01/2025,DRILL                                             ,MFI-GP FARM                   ,GPF-ADMIN                                         
0041-0009819300001            ,SUNNIK SECTIONAL WATER TANKS                                ,1389360   ,08/01/2025,TANK                                              ,MFI-GP FARM                   ,GPF-ADMIN                                         
0041-0009782900001            ,RUIJIE 24 PORTS POE SWITCH (RG-S2915-24GT4MS-P-L)           ,30590     ,08/06/2025,SWITCH                                            ,MFI-GP FARM                   ,GPF-ADMIN                                         
0041-0009782900002            ,RUIJIE 24 PORTS POE SWITCH (RG-S2915-24GT4MS-P-L)           ,30590     ,08/06/2025,SWITCH                                            ,MFI-GP FARM                   ,GPF-ADMIN                                         
0041-0009782900003            ,RUIJIE 24 PORTS POE SWITCH (RG-S2915-24GT4MS-P-L)           ,30590     ,08/06/2025,SWITCH                                            ,MFI-GP FARM                   ,GPF-ADMIN                                         
0041-0009782900004            ,RUIJIE 24 PORTS POE SWITCH (RG-S2915-24GT4MS-P-L)           ,30590     ,08/06/2025,SWITCH                                            ,MFI-GP FARM                   ,GPF-ADMIN                                         
0041-0009782900005            ,RUIJIE 24 PORTS POE SWITCH (RG-S2915-24GT4MS-P-L)           ,30590     ,08/06/2025,SWITCH                                            ,MFI-GP FARM                   ,GPF-ADMIN                                         
0041-0009782900006            ,RUIJIE 24 PORTS POE SWITCH (RG-S2915-24GT4MS-P-L)           ,30590     ,08/06/2025,SWITCH                                            ,MFI-GP FARM                   ,GPF-ADMIN                                         
0041-0009782900007            ,RUIJIE 24 PORTS POE SWITCH (RG-S2915-24GT4MS-P-L)           ,30590     ,08/06/2025,SWITCH                                            ,MFI-GP FARM                   ,GPF-ADMIN                                         
0041-0009782900008            ,RUIJIE 24 PORTS POE SWITCH (RG-S2915-24GT4MS-P-L)           ,30590     ,08/06/2025,SWITCH                                            ,MFI-GP FARM                   ,GPF-ADMIN                                         
0041-0009782900009            ,RUIJIE 24 PORTS POE SWITCH (RG-S2915-24GT4MS-P-L)           ,30590     ,08/06/2025,SWITCH                                            ,MFI-GP FARM                   ,GPF-ADMIN                                         
0041-0009782900010            ,RUIJIE 24 PORTS POE SWITCH (RG-S2915-24GT4MS-P-L)           ,30590     ,08/06/2025,SWITCH                                            ,MFI-GP FARM                   ,GPF-ADMIN                                         
0041-0009782900011            ,RUIJIE 24 PORTS POE SWITCH (RG-S2915-24GT4MS-P-L)           ,30590     ,08/06/2025,SWITCH                                            ,MFI-GP FARM                   ,GPF-ADMIN                                         
0041-0009782900012            ,RUIJIE 24 PORTS POE SWITCH (RG-S2915-24GT4MS-P-L)           ,30590     ,08/06/2025,SWITCH                                            ,MFI-GP FARM                   ,GPF-ADMIN                                         
0041-0011827800001            ,PATCH PANEL 24 PORTS LOADED 1U WITH CABLE                   ,4332      ,08/06/2025,SUPPLIES                                          ,MFI-GP FARM                   ,GPF-ADMIN                                         
0041-0011827800002            ,PATCH PANEL 24 PORTS LOADED 1U WITH CABLE                   ,4332      ,08/06/2025,SUPPLIES                                          ,MFI-GP FARM                   ,GPF-ADMIN                                         
0041-0011828200001            ,RUIJIE 24 SFP PORTS SWICH (RG-CS85-24SFP/8GT8XS-D)          ,87735.3500,08/06/2025,OTHERS                                            ,MFI-GP FARM                   ,GPF-ADMIN                                         
0041-0011828700001            ,POWER MODULE (RG-PA150IB-F)                                 ,18240     ,08/06/2025,SUPPLIES                                          ,MFI-GP FARM                   ,GPF-ADMIN                                         
0041-0011828700002            ,POWER MODULE (RG-PA150IB-F)                                 ,18240     ,08/06/2025,SUPPLIES                                          ,MFI-GP FARM                   ,GPF-ADMIN                                         
0041-0011829000001            ,ACCESS POINT ( RUIJIE RG-RAP2260(G))                        ,7604.75000,08/06/2025,ROUTER                                            ,MFI-GP FARM                   ,GPF-ADMIN                                         
0041-0011829000002            ,ACCESS POINT ( RUIJIE RG-RAP2260(G))                        ,7604.75000,08/06/2025,ROUTER                                            ,MFI-GP FARM                   ,GPF-ADMIN                                         
0041-0011829000003            ,ACCESS POINT ( RUIJIE RG-RAP2260(G))                        ,7604.75000,08/06/2025,ROUTER                                            ,MFI-GP FARM                   ,GPF-ADMIN                                         
0041-0011829000004            ,ACCESS POINT ( RUIJIE RG-RAP2260(G))                        ,7604.75000,08/06/2025,ROUTER                                            ,MFI-GP FARM                   ,GPF-ADMIN                                         
0041-0011829000005            ,ACCESS POINT ( RUIJIE RG-RAP2260(G))                        ,7604.75000,08/06/2025,ROUTER                                            ,MFI-GP FARM                   ,GPF-ADMIN                                         
0041-0011829400001            ,ZYCOO COOFONE IP SYSTEM(T100S)                              ,18525     ,08/06/2025,OTHERS                                            ,MFI-GP FARM                   ,GPF-ADMIN                                         
0041-0011829600001            ,ZYCOO PHONES (COOFONE H2P)                                  ,3135      ,08/06/2025,TELEPHONE                                         ,MFI-GP FARM                   ,GPF-ADMIN                                         
0041-0011829600002            ,ZYCOO PHONES (COOFONE H2P)                                  ,3135      ,08/06/2025,TELEPHONE                                         ,MFI-GP FARM                   ,GPF-ADMIN                                         
0041-0011829600003            ,ZYCOO PHONES (COOFONE H2P)                                  ,3135      ,08/06/2025,TELEPHONE                                         ,MFI-GP FARM                   ,GPF-ADMIN                                         
0041-0011829600004            ,ZYCOO PHONES (COOFONE H2P)                                  ,3135      ,08/06/2025,TELEPHONE                                         ,MFI-GP FARM                   ,GPF-ADMIN                                         
0041-0011829600005            ,ZYCOO PHONES (COOFONE H2P)                                  ,3135      ,08/06/2025,TELEPHONE                                         ,MFI-GP FARM                   ,GPF-ADMIN                                         
0041-0011829600006            ,ZYCOO PHONES (COOFONE H2P)                                  ,3135      ,08/06/2025,TELEPHONE                                         ,MFI-GP FARM                   ,GPF-ADMIN                                         
0041-0011829600007            ,ZYCOO PHONES (COOFONE H2P)                                  ,3135      ,08/06/2025,TELEPHONE                                         ,MFI-GP FARM                   ,GPF-ADMIN                                         
0041-0011829600008            ,ZYCOO PHONES (COOFONE H2P)                                  ,3135      ,08/06/2025,TELEPHONE                                         ,MFI-GP FARM                   ,GPF-ADMIN                                         
0041-0011829600009            ,ZYCOO PHONES (COOFONE H2P)                                  ,3135      ,08/06/2025,TELEPHONE                                         ,MFI-GP FARM                   ,GPF-ADMIN                                         
0041-0011829600010            ,ZYCOO PHONES (COOFONE H2P)                                  ,3135      ,08/06/2025,TELEPHONE                                         ,MFI-GP FARM                   ,GPF-ADMIN                                         
0041-0011829600011            ,ZYCOO PHONES (COOFONE H2P)                                  ,3135      ,08/06/2025,TELEPHONE                                         ,MFI-GP FARM                   ,GPF-ADMIN                                         
0041-0011829600012            ,ZYCOO PHONES (COOFONE H2P)                                  ,3135      ,08/06/2025,TELEPHONE                                         ,MFI-GP FARM                   ,GPF-ADMIN                                         
0041-0011829600013            ,ZYCOO PHONES (COOFONE H2P)                                  ,3135      ,08/06/2025,TELEPHONE                                         ,MFI-GP FARM                   ,GPF-ADMIN                                         
0041-0011829600014            ,ZYCOO PHONES (COOFONE H2P)                                  ,3135      ,08/06/2025,TELEPHONE                                         ,MFI-GP FARM                   ,GPF-ADMIN                                         
0041-0011829600015            ,ZYCOO PHONES (COOFONE H2P)                                  ,3135      ,08/06/2025,TELEPHONE                                         ,MFI-GP FARM                   ,GPF-ADMIN                                         
0041-0011829600016            ,ZYCOO PHONES (COOFONE H2P)                                  ,3135      ,08/06/2025,TELEPHONE                                         ,MFI-GP FARM                   ,GPF-ADMIN                                         
0041-0011829600017            ,ZYCOO PHONES (COOFONE H2P)                                  ,3135      ,08/06/2025,TELEPHONE                                         ,MFI-GP FARM                   ,GPF-ADMIN                                         
0041-0011829600018            ,ZYCOO PHONES (COOFONE H2P)                                  ,3135      ,08/06/2025,TELEPHONE                                         ,MFI-GP FARM                   ,GPF-ADMIN                                         
0041-0011829600019            ,ZYCOO PHONES (COOFONE H2P)                                  ,3135      ,08/06/2025,TELEPHONE                                         ,MFI-GP FARM                   ,GPF-ADMIN                                         
0041-0011829600020            ,ZYCOO PHONES (COOFONE H2P)                                  ,3135      ,08/06/2025,TELEPHONE                                         ,MFI-GP FARM                   ,GPF-ADMIN                                         
0041-0011829600021            ,ZYCOO PHONES (COOFONE H2P)                                  ,3135      ,08/06/2025,TELEPHONE                                         ,MFI-GP FARM                   ,GPF-ADMIN                                         
0041-0011829600022            ,ZYCOO PHONES (COOFONE H2P)                                  ,3135      ,08/06/2025,TELEPHONE                                         ,MFI-GP FARM                   ,GPF-ADMIN                                         
0041-0011829600023            ,ZYCOO PHONES (COOFONE H2P)                                  ,3135      ,08/06/2025,TELEPHONE                                         ,MFI-GP FARM                   ,GPF-ADMIN                                         
0041-0011829600024            ,ZYCOO PHONES (COOFONE H2P)                                  ,3135      ,08/06/2025,TELEPHONE                                         ,MFI-GP FARM                   ,GPF-ADMIN                                         
0041-0011829600025            ,ZYCOO PHONES (COOFONE H2P)                                  ,3135      ,08/06/2025,TELEPHONE                                         ,MFI-GP FARM                   ,GPF-ADMIN                                         
0041-0011829600026            ,ZYCOO PHONES (COOFONE H2P)                                  ,3135      ,08/06/2025,TELEPHONE                                         ,MFI-GP FARM                   ,GPF-ADMIN                                         
0041-0011829600027            ,ZYCOO PHONES (COOFONE H2P)                                  ,3135      ,08/06/2025,TELEPHONE                                         ,MFI-GP FARM                   ,GPF-ADMIN                                         
0041-0011829600028            ,ZYCOO PHONES (COOFONE H2P)                                  ,3135      ,08/06/2025,TELEPHONE                                         ,MFI-GP FARM                   ,GPF-ADMIN                                         
0041-0011829600029            ,ZYCOO PHONES (COOFONE H2P)                                  ,3135      ,08/06/2025,TELEPHONE                                         ,MFI-GP FARM                   ,GPF-ADMIN                                         
0041-0011829600030            ,ZYCOO PHONES (COOFONE H2P)                                  ,3135      ,08/06/2025,TELEPHONE                                         ,MFI-GP FARM                   ,GPF-ADMIN                                         
0041-0011829600031            ,ZYCOO PHONES (COOFONE H2P)                                  ,3135      ,08/06/2025,TELEPHONE                                         ,MFI-GP FARM                   ,GPF-ADMIN                                         
0041-0011829600032            ,ZYCOO PHONES (COOFONE H2P)                                  ,3135      ,08/06/2025,TELEPHONE                                         ,MFI-GP FARM                   ,GPF-ADMIN                                         
0041-0011829600033            ,ZYCOO PHONES (COOFONE H2P)                                  ,3135      ,08/06/2025,TELEPHONE                                         ,MFI-GP FARM                   ,GPF-ADMIN                                         
0041-0011829600034            ,ZYCOO PHONES (COOFONE H2P)                                  ,3135      ,08/06/2025,TELEPHONE                                         ,MFI-GP FARM                   ,GPF-ADMIN                                         
0041-0011829600035            ,ZYCOO PHONES (COOFONE H2P)                                  ,3135      ,08/06/2025,TELEPHONE                                         ,MFI-GP FARM                   ,GPF-ADMIN                                         
0041-0011829800001            ,WALL MOUNT DATA CABINET 1FT WITH FANS(PREMIUM LINE          ,9310      ,08/06/2025,OTHERS                                            ,MFI-GP FARM                   ,GPF-ADMIN                                         
0041-0011829800002            ,WALL MOUNT DATA CABINET 1FT WITH FANS(PREMIUM LINE          ,9310      ,08/06/2025,OTHERS                                            ,MFI-GP FARM                   ,GPF-ADMIN                                         
0041-0011829800003            ,WALL MOUNT DATA CABINET 1FT WITH FANS(PREMIUM LINE          ,9310      ,08/06/2025,OTHERS                                            ,MFI-GP FARM                   ,GPF-ADMIN                                         
0041-0011829800004            ,WALL MOUNT DATA CABINET 1FT WITH FANS(PREMIUM LINE          ,9310      ,08/06/2025,OTHERS                                            ,MFI-GP FARM                   ,GPF-ADMIN                                         
0041-0011829800005            ,WALL MOUNT DATA CABINET 1FT WITH FANS(PREMIUM LINE          ,9310      ,08/06/2025,OTHERS                                            ,MFI-GP FARM                   ,GPF-ADMIN                                         
0041-0011829800006            ,WALL MOUNT DATA CABINET 1FT WITH FANS(PREMIUM LINE          ,9310      ,08/06/2025,OTHERS                                            ,MFI-GP FARM                   ,GPF-ADMIN                                         
0041-0011829800007            ,WALL MOUNT DATA CABINET 1FT WITH FANS(PREMIUM LINE          ,9310      ,08/06/2025,OTHERS                                            ,MFI-GP FARM                   ,GPF-ADMIN                                         
0041-0011829800008            ,WALL MOUNT DATA CABINET 1FT WITH FANS(PREMIUM LINE          ,9310      ,08/06/2025,OTHERS                                            ,MFI-GP FARM                   ,GPF-ADMIN                                         
0041-0011829800009            ,WALL MOUNT DATA CABINET 1FT WITH FANS(PREMIUM LINE          ,9310      ,08/06/2025,OTHERS                                            ,MFI-GP FARM                   ,GPF-ADMIN                                         
0041-0011829800010            ,WALL MOUNT DATA CABINET 1FT WITH FANS(PREMIUM LINE          ,9310      ,08/06/2025,OTHERS                                            ,MFI-GP FARM                   ,GPF-ADMIN                                         
0041-0011829800011            ,WALL MOUNT DATA CABINET 1FT WITH FANS(PREMIUM LINE          ,9310      ,08/06/2025,OTHERS                                            ,MFI-GP FARM                   ,GPF-ADMIN                                         
0041-0011830000001            ,DEEP FREEZE COOLER BOX 40LTR HG-C040                        ,10640     ,08/06/2025,BOX                                               ,MFI-GP FARM                   ,GPF-ADMIN                                         
0041-0011830200001            ,FTTH AERIAL DROP FLAT CABLE 2 CORE SINGLE-MODE              ,11970     ,08/06/2025,SUPPLIES                                          ,MFI-GP FARM                   ,GPF-ADMIN                                         
0041-0011830200002            ,FTTH AERIAL DROP FLAT CABLE 2 CORE SINGLE-MODE              ,11970     ,08/06/2025,SUPPLIES                                          ,MFI-GP FARM                   ,GPF-ADMIN                                         
0041-0011830200003            ,FTTH AERIAL DROP FLAT CABLE 2 CORE SINGLE-MODE              ,11970     ,08/06/2025,SUPPLIES                                          ,MFI-GP FARM                   ,GPF-ADMIN                                         
0041-0011334100001            ,LG WM P1500RTW TT 15KG                                      ,15174.1100,08/18/2025,WASHING MACHINE                                   ,MFI-GP FARM                   ,GPF-ADMIN                                         
0041-0011334100002            ,LG WM P1500RTW TT 15KG                                      ,15174.1100,08/18/2025,WASHING MACHINE                                   ,MFI-GP FARM                   ,GPF-ADMIN                                         
0041-0012242400001            ,FUJIDENZO CHILLER SUD220A 22CF                              ,49955.3600,08/18/2025,CHILLER                                           ,MFI-GP FARM                   ,GPF-ADMIN                                         
0041-0012242500001            ,PANA REF NR BP272VD 9.5CF TMNF                              ,20981.2500,08/18/2025,REFRIGERATOR                                      ,MFI-GP FARM                   ,GPF-ADMIN                                         
0041-0011563200016            ,ALPHA HEATER LH-1000                                        ,5446.43000,08/27/2025,HEATER                                            ,MFI-GP FARM                   ,GPF-ADMIN                                         
0041-0011563200017            ,ALPHA HEATER LH-1000                                        ,5446.43000,08/27/2025,HEATER                                            ,MFI-GP FARM                   ,GPF-ADMIN                                         
0041-0011563200018            ,ALPHA HEATER LH-1000                                        ,5446.43000,08/27/2025,HEATER                                            ,MFI-GP FARM                   ,GPF-ADMIN                                         
0041-0011563200019            ,ALPHA HEATER LH-1000                                        ,5446.43000,08/27/2025,HEATER                                            ,MFI-GP FARM                   ,GPF-ADMIN                                         
0041-0011563200020            ,ALPHA HEATER LH-1000                                        ,5446.43000,08/27/2025,HEATER                                            ,MFI-GP FARM                   ,GPF-ADMIN                                         
0041-0011563200021            ,ALPHA HEATER LH-1000                                        ,5446.43000,08/27/2025,HEATER                                            ,MFI-GP FARM                   ,GPF-ADMIN                                         
0041-0011563200022            ,ALPHA HEATER LH-1000                                        ,5446.43000,08/27/2025,HEATER                                            ,MFI-GP FARM                   ,GPF-ADMIN                                         
0041-0011563200023            ,ALPHA HEATER LH-1000                                        ,5446.43000,08/27/2025,HEATER                                            ,MFI-GP FARM                   ,GPF-ADMIN                                         
0041-0011563200024            ,ALPHA HEATER LH-1000                                        ,5446.43000,08/27/2025,HEATER                                            ,MFI-GP FARM                   ,GPF-ADMIN                                         
0041-0011563200025            ,ALPHA HEATER LH-1000                                        ,5446.43000,08/27/2025,HEATER                                            ,MFI-GP FARM                   ,GPF-ADMIN                                         
0041-0011563200026            ,ALPHA HEATER LH-1000                                        ,5446.43000,08/27/2025,HEATER                                            ,MFI-GP FARM                   ,GPF-ADMIN                                         
0041-0011563200027            ,ALPHA HEATER LH-1000                                        ,5446.43000,08/27/2025,HEATER                                            ,MFI-GP FARM                   ,GPF-ADMIN                                         
0041-0011563200028            ,ALPHA HEATER LH-1000                                        ,5446.43000,08/27/2025,HEATER                                            ,MFI-GP FARM                   ,GPF-ADMIN                                         
0041-0011563200029            ,ALPHA HEATER LH-1000                                        ,5446.43000,08/27/2025,HEATER                                            ,MFI-GP FARM                   ,GPF-ADMIN                                         
0041-0011563200030            ,ALPHA HEATER LH-1000                                        ,5446.43000,08/27/2025,HEATER                                            ,MFI-GP FARM                   ,GPF-ADMIN                                         
0041-0012203300001            ,POWER SPRAYER 2.0HP                                         ,27900     ,09/02/2025,POWER SPRAYER                                     ,MFI-GP FARM                   ,GPF-ADMIN                                         
0041-0012203300002            ,POWER SPRAYER 2.0HP                                         ,27900     ,09/02/2025,POWER SPRAYER                                     ,MFI-GP FARM                   ,GPF-ADMIN                                         
0041-0012203300003            ,POWER SPRAYER 2.0HP                                         ,27900     ,09/02/2025,POWER SPRAYER                                     ,MFI-GP FARM                   ,GPF-ADMIN                                         
0041-0012203300004            ,POWER SPRAYER 2.0HP                                         ,27900     ,09/02/2025,POWER SPRAYER                                     ,MFI-GP FARM                   ,GPF-ADMIN                                         
0041-0012203300005            ,POWER SPRAYER 2.0HP                                         ,27900     ,09/02/2025,POWER SPRAYER                                     ,MFI-GP FARM                   ,GPF-ADMIN                                         
0041-0007855300001            ,KARCHER CLASSIC HIGH PRESSURE CLEANERS HD 6/15-4            ,54428.5000,09/02/2025,CLEANING DEVICE                                   ,MFI-GP FARM                   ,GPF-ADMIN                                         
0041-0012202700001            ,SANYANG WOODEN DOUBLE DECK                                  ,12129.9100,09/16/2025,BED                                               ,MFI-GP FARM                   ,GPF-ADMIN                                         
0041-0012202700002            ,SANYANG WOODEN DOUBLE DECK                                  ,12129.9100,09/16/2025,BED                                               ,MFI-GP FARM                   ,GPF-ADMIN                                         
0041-0012202700003            ,SANYANG WOODEN DOUBLE DECK                                  ,12129.9100,09/16/2025,BED                                               ,MFI-GP FARM                   ,GPF-ADMIN                                         
0041-0012203200001            ,SANYANG SINGLE BED                                          ,10120.9800,09/16/2025,BED                                               ,MFI-GP FARM                   ,GPF-ADMIN                                         
0041-0012203200002            ,SANYANG SINGLE BED                                          ,10120.9800,09/16/2025,BED                                               ,MFI-GP FARM                   ,GPF-ADMIN                                         
0041-0007505300001            ,NIAGARA NON-REVERSIBLE TYPE WALL MOUNTED FAN                ,10267.8600,09/18/2025,FAN                                               ,MFI-GP FARM                   ,GPF-ADMIN                                         
0041-0007505300002            ,NIAGARA NON-REVERSIBLE TYPE WALL MOUNTED FAN                ,10267.8600,09/18/2025,FAN                                               ,MFI-GP FARM                   ,GPF-ADMIN                                         
0041-0008166400001            ,EPSON LQ310 DOT MATRIX PRINTER                              ,14370.5400,09/23/2025,PRINTER                                           ,MFI-GP FARM                   ,GPF-ADMIN                                         
0041-0008166400002            ,EPSON LQ310 DOT MATRIX PRINTER                              ,14370.5400,09/23/2025,PRINTER                                           ,MFI-GP FARM                   ,GPF-ADMIN                                         
0041-0009805300001            ,ACER LED20 K202QBI 19.5"" LED MONITOR (VGAHDMI)              ,3258.93000,09/23/2025,MONITOR                                           ,MFI-GP FARM                   ,GPF-ADMIN                                         
0041-0009805300002            ,ACER LED20 K202QBI 19.5"" LED MONITOR (VGAHDMI)              ,3258.93000,09/23/2025,MONITOR                                           ,MFI-GP FARM                   ,GPF-ADMIN                                         
0041-0011579300001            ,EPSON ECOTANK L5290 AIO PRINTER                             ,12138.3900,09/23/2025,PRINTER                                           ,MFI-GP FARM                   ,GPF-ADMIN                                         
0041-0012409700001            ,CPU SET I3                                                  ,14776.7900,09/23/2025,CPU                                               ,MFI-GP FARM                   ,GPF-ADMIN                                         
0041-0012409700002            ,CPU SET I3                                                  ,14776.7900,09/23/2025,CPU                                               ,MFI-GP FARM                   ,GPF-ADMIN                                         
0041-0012462500001            ,ALUMINUM LADDER A TYPE 7 STEPS                              ,2544.64000,09/26/2025,LADDER                                            ,MFI-GP FARM                   ,GPF-ADMIN                                         
0041-0012446900001            ,HG COOLER BOX 60LTRS                                        ,5571.25000,09/29/2025,COOLER                                            ,MFI-GP FARM                   ,GPF-ADMIN                                         
0041-0012548700001            ,HANDTRUCK HD WHEEL                                          ,3977.68000,10/10/2025,HANDTRUCK                                         ,MFI-GP FARM                   ,GPF-ADMIN                                         
0041-0012548700002            ,HANDTRUCK HD WHEEL                                          ,3977.68000,10/10/2025,HANDTRUCK                                         ,MFI-GP FARM                   ,GPF-ADMIN                                         
0041-0012531700001            ,HANABISHI ORBIT FAN                                         ,2423.21000,10/13/2025,FAN                                               ,MFI-GP FARM                   ,GPF-ADMIN                                         
0041-0012531700002            ,HANABISHI ORBIT FAN                                         ,2423.21000,10/13/2025,FAN                                               ,MFI-GP FARM                   ,GPF-ADMIN                                         
0041-0012531800001            ,D.S/FAN SIMPLY WHT # STF3-TE18                              ,2060.71000,10/13/2025,FAN                                               ,MFI-GP FARM                   ,GPF-ADMIN                                         
0041-0012531800002            ,D.S/FAN SIMPLY WHT # STF3-TE18                              ,2060.71000,10/13/2025,FAN                                               ,MFI-GP FARM                   ,GPF-ADMIN                                         
0041-0012531800003            ,D.S/FAN SIMPLY WHT # STF3-TE18                              ,2060.71000,10/13/2025,FAN                                               ,MFI-GP FARM                   ,GPF-ADMIN                                         
0041-0012531800004            ,D.S/FAN SIMPLY WHT # STF3-TE18                              ,2060.71000,10/13/2025,FAN                                               ,MFI-GP FARM                   ,GPF-ADMIN                                         
0041-0012531800005            ,D.S/FAN SIMPLY WHT # STF3-TE18                              ,2060.71000,10/13/2025,FAN                                               ,MFI-GP FARM                   ,GPF-ADMIN                                         
0041-0012532000001            ,EUREKA WATER DISP. EUROBEST                                 ,4375      ,10/13/2025,DISPENSER                                         ,MFI-GP FARM                   ,GPF-ADMIN                                         
0041-0012537700001            ,1TB SEAGATE STKY1000400 ONE TOUCH SLIM 2.5""                 ,3348.21000,10/13/2025,HARD DISK                                         ,MFI-GP FARM                   ,GPF-ADMIN                                         
0041-0005191700001            ,BLOWER STANLEY                                              ,2499.82000,10/13/2025,TOOLS                                             ,MFI-GP FARM                   ,GPF-ADMIN                                         
0041-0007968400002            ,CPU SET CORE I3                                             ,15312.5000,10/15/2025,CPU                                               ,MFI-GP FARM                   ,GPF-ADMIN                                         
0041-0007968400003            ,CPU SET CORE I3                                             ,15312.5000,10/15/2025,CPU                                               ,MFI-GP FARM                   ,GPF-ADMIN                                         
0041-0007968400004            ,CPU SET CORE I3                                             ,15312.5000,10/15/2025,CPU                                               ,MFI-GP FARM                   ,GPF-ADMIN                                         
0041-0009805300003            ,ACER LED20 K202QBI 19.5"" LED MONITOR (VGAHDMI)              ,3258.93000,10/15/2025,MONITOR                                           ,MFI-GP FARM                   ,GPF-ADMIN                                         
0041-0009805300004            ,ACER LED20 K202QBI 19.5"" LED MONITOR (VGAHDMI)              ,3258.93000,10/15/2025,MONITOR                                           ,MFI-GP FARM                   ,GPF-ADMIN                                         
0041-0009805300005            ,ACER LED20 K202QBI 19.5"" LED MONITOR (VGAHDMI)              ,3258.93000,10/15/2025,MONITOR                                           ,MFI-GP FARM                   ,GPF-ADMIN                                         
0070-0006111700003            ,FUJI DIGITAL WEIGHING SCALE 400 KILOS CAPACITY              ,90848.2200,04/03/2024,WEIGHING SCALE                                    ,MFI-PIGGERY UNTAGA            ,PIGGERY UNTAGA-MAIN ADMIN                         
0070-0010191200004            ,EJ 230V 500 GPM 110PSI                                      ,240670    ,01/02/2025,PUMP                                              ,MFI-GP FARM                   ,GPF-ADMIN                                         
0041-0012203200003            ,SANYANG SINGLE BED                                          ,10120.9800,10/20/2025,BED                                               ,MFI-GP FARM                   ,GPF-ADMIN                                         
0041-0012203200004            ,SANYANG SINGLE BED                                          ,10120.9800,10/20/2025,BED                                               ,MFI-GP FARM                   ,GPF-ADMIN                                         
0041-0010243400001            ,MODULAR CRIMPER(FLUKE NETWORKS)                             ,5349.64000,08/14/2025,TOOLS                                             ,MFI-GP FARM                   ,GPF-ADMIN                                         
0041-0011829200001            ,BIOMETRIC (ZKTECO)- LX117                                   ,5272.11000,08/14/2025,BIOMETRICS                                        ,MFI-GP FARM                   ,GPF-ADMIN                                         
0041-0011829200002            ,BIOMETRIC (ZKTECO)- LX117                                   ,5272.11000,08/14/2025,BIOMETRICS                                        ,MFI-GP FARM                   ,GPF-ADMIN                                         
0041-0011829200003            ,BIOMETRIC (ZKTECO)- LX117                                   ,5272.11000,08/14/2025,BIOMETRICS                                        ,MFI-GP FARM                   ,GPF-ADMIN                                         
0041-0011829200004            ,BIOMETRIC (ZKTECO)- LX117                                   ,5272.11000,08/14/2025,BIOMETRICS                                        ,MFI-GP FARM                   ,GPF-ADMIN                                         
0041-0011829200005            ,BIOMETRIC (ZKTECO)- LX117                                   ,5272.11000,08/14/2025,BIOMETRICS                                        ,MFI-GP FARM                   ,GPF-ADMIN                                         
0041-0011829200006            ,BIOMETRIC (ZKTECO)- LX117                                   ,5272.11000,08/14/2025,BIOMETRICS                                        ,MFI-GP FARM                   ,GPF-ADMIN                                         
0041-0011831600001            ,19"" 1U RACK MOUNTED ODF FULLY-LOADED                        ,3721.49000,08/14/2025,OTHERS                                            ,MFI-GP FARM                   ,GPF-ADMIN                                         
0041-0011831800001            ,10 KVA UPS INPUT/OUTPUT 230 VAC 1 PHASE                     ,170568.340,08/14/2025,OTHERS                                            ,MFI-GP FARM                   ,GPF-ADMIN                                         
0041-0011832000001            ,1 KVA UPS INPUT/OUTPUT 230 VAC 1 PHASE                      ,5349.64000,08/14/2025,OTHERS                                            ,MFI-GP FARM                   ,GPF-ADMIN                                         
0041-0011832000002            ,1 KVA UPS INPUT/OUTPUT 230 VAC 1 PHASE                      ,5349.64000,08/14/2025,OTHERS                                            ,MFI-GP FARM                   ,GPF-ADMIN                                         
0041-0011832000003            ,1 KVA UPS INPUT/OUTPUT 230 VAC 1 PHASE                      ,5349.64000,08/14/2025,OTHERS                                            ,MFI-GP FARM                   ,GPF-ADMIN                                         
0041-0011832000004            ,1 KVA UPS INPUT/OUTPUT 230 VAC 1 PHASE                      ,5349.64000,08/14/2025,OTHERS                                            ,MFI-GP FARM                   ,GPF-ADMIN                                         
0041-0011832000005            ,1 KVA UPS INPUT/OUTPUT 230 VAC 1 PHASE                      ,5349.64000,08/14/2025,OTHERS                                            ,MFI-GP FARM                   ,GPF-ADMIN                                         
0041-0011832000006            ,1 KVA UPS INPUT/OUTPUT 230 VAC 1 PHASE                      ,5349.64000,08/14/2025,OTHERS                                            ,MFI-GP FARM                   ,GPF-ADMIN                                         
0041-0011832000007            ,1 KVA UPS INPUT/OUTPUT 230 VAC 1 PHASE                      ,5349.64000,08/14/2025,OTHERS                                            ,MFI-GP FARM                   ,GPF-ADMIN                                         
0041-0011832000008            ,1 KVA UPS INPUT/OUTPUT 230 VAC 1 PHASE                      ,5349.64000,08/14/2025,OTHERS                                            ,MFI-GP FARM                   ,GPF-ADMIN                                         
0041-0011832000009            ,1 KVA UPS INPUT/OUTPUT 230 VAC 1 PHASE                      ,5349.64000,08/14/2025,OTHERS                                            ,MFI-GP FARM                   ,GPF-ADMIN                                         
0041-0011832000010            ,1 KVA UPS INPUT/OUTPUT 230 VAC 1 PHASE                      ,5349.64000,08/14/2025,OTHERS                                            ,MFI-GP FARM                   ,GPF-ADMIN                                         
0041-0011832000011            ,1 KVA UPS INPUT/OUTPUT 230 VAC 1 PHASE                      ,5349.64000,08/14/2025,OTHERS                                            ,MFI-GP FARM                   ,GPF-ADMIN                                         
0041-0011832000012            ,1 KVA UPS INPUT/OUTPUT 230 VAC 1 PHASE                      ,5349.64000,08/14/2025,OTHERS                                            ,MFI-GP FARM                   ,GPF-ADMIN                                         
0041-0011832000013            ,1 KVA UPS INPUT/OUTPUT 230 VAC 1 PHASE                      ,5349.64000,08/14/2025,OTHERS                                            ,MFI-GP FARM                   ,GPF-ADMIN                                         
0041-0011832000014            ,1 KVA UPS INPUT/OUTPUT 230 VAC 1 PHASE                      ,5349.64000,08/14/2025,OTHERS                                            ,MFI-GP FARM                   ,GPF-ADMIN                                         
0041-0011832000015            ,1 KVA UPS INPUT/OUTPUT 230 VAC 1 PHASE                      ,5349.64000,08/14/2025,OTHERS                                            ,MFI-GP FARM                   ,GPF-ADMIN                                         
0041-0011832000016            ,1 KVA UPS INPUT/OUTPUT 230 VAC 1 PHASE                      ,5349.64000,08/14/2025,OTHERS                                            ,MFI-GP FARM                   ,GPF-ADMIN                                         
0041-0011832000017            ,1 KVA UPS INPUT/OUTPUT 230 VAC 1 PHASE                      ,5349.64000,08/14/2025,OTHERS                                            ,MFI-GP FARM                   ,GPF-ADMIN                                         
0041-0011832000018            ,1 KVA UPS INPUT/OUTPUT 230 VAC 1 PHASE                      ,5349.64000,08/14/2025,OTHERS                                            ,MFI-GP FARM                   ,GPF-ADMIN                                         
0041-0011832000019            ,1 KVA UPS INPUT/OUTPUT 230 VAC 1 PHASE                      ,5349.64000,08/14/2025,OTHERS                                            ,MFI-GP FARM                   ,GPF-ADMIN                                         
0041-0011832000020            ,1 KVA UPS INPUT/OUTPUT 230 VAC 1 PHASE                      ,5349.64000,08/14/2025,OTHERS                                            ,MFI-GP FARM                   ,GPF-ADMIN                                         
0041-0012613800001            ,AV FOLDING BED 779                                          ,3526.79000,10/22/2025,BED                                               ,MFI-GP FARM                   ,GPF-ADMIN                                         
0041-0012613800002            ,AV FOLDING BED 779                                          ,3526.79000,10/22/2025,BED                                               ,MFI-GP FARM                   ,GPF-ADMIN                                         
0116-0006254100008            ,KNAPSACK SPRAYER STAINLESS                                  ,2232.14000,07/14/2025,SPRAYER                                           ,MFI-GP FARM                   ,GPF-ADMIN                                         
0116-0006254100009            ,KNAPSACK SPRAYER STAINLESS                                  ,2232.14000,07/14/2025,SPRAYER                                           ,MFI-GP FARM                   ,GPF-ADMIN                                         
0116-0006254100010            ,KNAPSACK SPRAYER STAINLESS                                  ,2232.14000,07/14/2025,SPRAYER                                           ,MFI-GP FARM                   ,GPF-ADMIN                                         
0041-0012242400002            ,FUJIDENZO CHILLER SUD220A 22CF                              ,47500     ,10/09/2025,CHILLER                                           ,MFI-GP FARM                   ,GPF-ADMIN                                         
0070-0006401900008            ,MAKITA 7650H MIST BLOWER                                    ,26167.5000,11/02/2021,MACHINE                                           ,MFI-GP FARM                   ,GPF-ADMIN                                         
0041-0012680900001            ,85379 EUREKA WATER DISPENSER H&C ECO                        ,5066.97000,11/10/2025,DISPENSER                                         ,MFI-GP FARM                   ,GPF-ADMIN                                         
0041-0001677800001            ,LOCKER CABINET 15 DOORS                                     ,9776.79000,11/17/2025,CABINET                                           ,MFI-GP FARM                   ,GPF-ADMIN                                         
0041-0001677800002            ,LOCKER CABINET 15 DOORS                                     ,9776.79000,11/17/2025,CABINET                                           ,MFI-GP FARM                   ,GPF-ADMIN                                         
0041-0001677800003            ,LOCKER CABINET 15 DOORS                                     ,9776.79000,11/17/2025,CABINET                                           ,MFI-GP FARM                   ,GPF-ADMIN                                         
0041-0001677800004            ,LOCKER CABINET 15 DOORS                                     ,9776.79000,11/17/2025,CABINET                                           ,MFI-GP FARM                   ,GPF-ADMIN                                         
0041-0001677800005            ,LOCKER CABINET 15 DOORS                                     ,9776.79000,11/17/2025,CABINET                                           ,MFI-GP FARM                   ,GPF-ADMIN                                         
0041-0001677800006            ,LOCKER CABINET 15 DOORS                                     ,9776.79000,11/17/2025,CABINET                                           ,MFI-GP FARM                   ,GPF-ADMIN                                         
0041-0001677800007            ,LOCKER CABINET 15 DOORS                                     ,9776.79000,11/17/2025,CABINET                                           ,MFI-GP FARM                   ,GPF-ADMIN                                         
0041-0001677800008            ,LOCKER CABINET 15 DOORS                                     ,9776.79000,11/17/2025,CABINET                                           ,MFI-GP FARM                   ,GPF-ADMIN                                         
0041-0001677800009            ,LOCKER CABINET 15 DOORS                                     ,9776.79000,11/17/2025,CABINET                                           ,MFI-GP FARM                   ,GPF-ADMIN                                         
0041-0001677800010            ,LOCKER CABINET 15 DOORS                                     ,9776.79000,11/17/2025,CABINET                                           ,MFI-GP FARM                   ,GPF-ADMIN                                         
0041-0012531900001            ,W.TUBWASHER 10.5KN WDC10503BC                               ,11605.3600,11/01/2025,WASHING MACHINE                                   ,MFI-GP FARM                   ,GPF-ADMIN                                         
0041-0012462500002            ,ALUMINUM LADDER A TYPE 7 STEPS                              ,2544.64000,11/17/2025,LADDER                                            ,MFI-GP FARM                   ,GPF-ADMIN                                         
0041-0012754800001            ,EAGLE INVERTER WELDING MACHINE 200 AMP                      ,11250     ,11/17/2025,OTHERS                                            ,MFI-GP FARM                   ,GPF-ADMIN                                         
0041-0012723100001            ,STEEL LOCKER CABINET 9 DOORS                                ,17232.1400,11/13/2025,LOCKER                                            ,MFI-GP FARM                   ,GPF-ADMIN                                         
0041-0012723100002            ,STEEL LOCKER CABINET 9 DOORS                                ,17232.1400,11/13/2025,LOCKER                                            ,MFI-GP FARM                   ,GPF-ADMIN                                         
0041-0012723100003            ,STEEL LOCKER CABINET 9 DOORS                                ,17232.1400,11/13/2025,LOCKER                                            ,MFI-GP FARM                   ,GPF-ADMIN                                         
0041-0012723100004            ,STEEL LOCKER CABINET 9 DOORS                                ,17232.1400,11/13/2025,LOCKER                                            ,MFI-GP FARM                   ,GPF-ADMIN                                         
0041-0012723100005            ,STEEL LOCKER CABINET 9 DOORS                                ,17232.1400,11/13/2025,LOCKER                                            ,MFI-GP FARM                   ,GPF-ADMIN                                         
0041-0012655200001            ,CONDURA CFRZR CCF70DCI 7CF                                  ,13125     ,11/10/2025,FREEZER/CHILLER                                   ,MFI-GP FARM                   ,GPF-ADMIN                                         
0041-0012740500001            ,REDMI 15C 8GB RAM 256GB ROM                                 ,5774.13000,11/24/2025,CELLPHONE                                         ,MFI-GP FARM                   ,GPF-ADMIN                                         
0041-0012740500002            ,REDMI 15C 8GB RAM 256GB ROM                                 ,5774.13000,11/24/2025,CELLPHONE                                         ,MFI-GP FARM                   ,GPF-ADMIN                                         
0041-0002768300001            ,HONDA XRM 125 (4STROKE)                                     ,74600     ,11/13/2025,MOTORCYCLE-BRAND NEW                              ,MFI-GP FARM                   ,GPF-ADMIN                                         
0041-0012819600001            ,SY 100152 (DOUBLE DECK)                                     ,12129.9100,11/21/2025,BED                                               ,MFI-GP FARM                   ,GPF-ADMIN                                         
0041-0012820100001            ,SY 100422 (SINGLE BED)                                      ,7031.25000,11/21/2025,BED                                               ,MFI-GP FARM                   ,GPF-ADMIN                                         
0110-0009903600001            ,BRAND NEW WEICHAI(UNDER LICENSED BY DEUTZ GERMANY)          ,2250000   ,03/06/2025,GENERATOR                                         ,MFI-GP FARM                   ,GPF-ADMIN                                         
FAD-0110-0009841000001        ,CATERPILLAR ELECTRIC GENSET C13                             ,4062500   ,09/26/2024,GENERATOR                                         ,MFI-GP FARM                   ,GPF-ADMIN                                         
0041-0009840200001            ,SINOTRUK NX WATER TANKER CS#:M3J856                         ,2589286   ,12/12/2025,VEHICLE                                           ,MFI-GP FARM                   ,GPF-ADMIN                                         
0012-0012424900002            ,40-DOORS CUSTOM MADE STEEL LOCKER CABINET- GRAY             ,38839.2900,12/09/2025,LOCKER                                            ,MFI-GP FARM                   ,GPF-ADMIN                                         
0012-0012424900003            ,40-DOORS CUSTOM MADE STEEL LOCKER CABINET- GRAY             ,38839.2900,12/09/2025,LOCKER                                            ,MFI-GP FARM                   ,GPF-ADMIN                                         
0012-0012424900004            ,40-DOORS CUSTOM MADE STEEL LOCKER CABINET- GRAY             ,38839.2900,12/09/2025,LOCKER                                            ,MFI-GP FARM                   ,GPF-ADMIN                                         
FAD-0026-0004542300020        ,CISCO IP PHONE 7821                                         ,7738.10000,10/03/2024,TELEPHONE                                         ,MFI-GP FARM                   ,GPF-ADMIN                                         
FAD-0026-0004542300034        ,CISCO IP PHONE 7821                                         ,7738.10000,10/03/2024,TELEPHONE                                         ,MFI-GP FARM                   ,GPF-ADMIN                                         
FAD-0026-0004542300040        ,CISCO IP PHONE 7821                                         ,7738.10000,10/03/2024,TELEPHONE                                         ,MFI-GP FARM                   ,GPF-ADMIN                                         
0041-0010135400001            ,MIDEA WASHING MACHINE MT100W130/WB 13KG TT                  ,10176.7900,01/05/2026,WASHING MACHINE                                   ,MFI-GP FARM                   ,GPF-ADMIN                                         
0041-0011477100001            ,DELL POWEREDGE T360 SERVER                                  ,115674.110,01/12/2026,SERVER                                            ,MFI-GP FARM                   ,GPF-ADMIN                                         
0041-0010135400002            ,MIDEA WASHING MACHINE MT100W130/WB 13KG TT                  ,10982.1400,01/12/2026,WASHING MACHINE                                   ,MFI-GP FARM                   ,GPF-ADMIN                                         
0041-0010135400003            ,MIDEA WASHING MACHINE MT100W130/WB 13KG TT                  ,10982.1400,01/12/2026,WASHING MACHINE                                   ,MFI-GP FARM                   ,GPF-ADMIN                                         
0041-0010269500001            ,ACER LED MONITOR 19.5                                       ,3258.93000,01/07/2026,MONITOR                                           ,MFI-GP FARM                   ,GPF-ADMIN                                         
0041-0010269500002            ,ACER LED MONITOR 19.5                                       ,3258.93000,01/07/2026,MONITOR                                           ,MFI-GP FARM                   ,GPF-ADMIN                                         
0041-0012979100001            ,CPU SET CORE I3                                             ,19687.5000,01/07/2026,COMPUTER                                          ,MFI-GP FARM                   ,GPF-ADMIN                                         
0041-0012979100002            ,CPU SET CORE I3                                             ,19687.5000,01/07/2026,COMPUTER                                          ,MFI-GP FARM                   ,GPF-ADMIN                                         
0041-0011591700001            ,CONDURA REF CTF650I 6.3CF TMNF                              ,13571.4300,01/19/2026,REFRIGERATOR                                      ,MFI-GP FARM                   ,GPF-ADMIN                                         
0041-0008059900002            ,GRINDER                                                     ,2039.20000,01/29/2026,TOOLS                                             ,MFI-GP FARM                   ,GPF-ADMIN                                         
0041-0011351700002            ,ELECTRIC DRILL                                              ,3356      ,01/29/2026,TOOLS                                             ,MFI-GP FARM                   ,GPF-ADMIN                                         
0041-0008166400003            ,EPSON LQ310 DOT MATRIX PRINTER                              ,14370.5400,02/24/2026,PRINTER                                           ,MFI-GP FARM                   ,GPF-ADMIN                                         
