barcode,desc,acost,adate,cat_type,locname,dept
0079-0006116600001  ,CT 100:50:5 15KV                                            ,34960,02/21/2020,TRANSFORMER                                       ,MFI-PIGGERY UNTAGA            ,PIGGERY UNTAGA                                    
0079-0006116600002  ,CT 100:50:5 15KV                                            ,34960,02/21/2020,TRANSFORMER                                       ,MFI-PIGGERY UNTAGA            ,PIGGERY UNTAGA                                    
0079-0006116600003  ,CT 100:50:5 15KV                                            ,34960,02/21/2020,TRANSFORMER                                       ,MFI-PIGGERY UNTAGA            ,PIGGERY UNTAGA                                    
0079-0006116700001  ,PT 8400:120                                                 ,34960,02/21/2020,TRANSFORMER                                       ,MFI-PIGGERY UNTAGA            ,PIGGERY UNTAGA                                    
0079-0006116700002  ,PT 8400:120                                                 ,34960,02/21/2020,TRANSFORMER                                       ,MFI-PIGGERY UNTAGA            ,PIGGERY UNTAGA                                    
0079-0006116700003  ,PT 8400:120                                                 ,34960,02/21/2020,TRANSFORMER                                       ,MFI-PIGGERY UNTAGA            ,PIGGERY UNTAGA                                    
0079-0006066800001  ,DISTRIBUTION TRANSFORMER 75KVA 1Ø OISC P                    ,13800,03/18/2020,TRANSFORMER                                       ,MFI-PIGGERY UNTAGA            ,PIGGERY UNTAGA-MAIN ADMIN                         
0079-0006066800002  ,DISTRIBUTION TRANSFORMER 75KVA 1Ø OISC P                    ,13800,03/18/2020,TRANSFORMER                                       ,MFI-PIGGERY UNTAGA            ,PIGGERY UNTAGA-MAIN ADMIN                         
0079-0006066800003  ,DISTRIBUTION TRANSFORMER 75KVA 1Ø OISC P                    ,13800,03/18/2020,TRANSFORMER                                       ,MFI-PIGGERY UNTAGA            ,PIGGERY UNTAGA-MAIN ADMIN                         
0079-0006315300001  ,SUPPLY & DELIVERY OF LVSG TIE BREAKER &                     ,42338,05/22/2020,ELECTRICAL PARTS                                  ,MFI-PIGGERY UNTAGA            ,PIGGERY UNTAGA                                    
0079-0006333700001  ,INSTALLATION COST OF 3 UNITS 75KVA TRANS                    ,10028,06/11/2020,TRANSFORMER                                       ,MFI-PIGGERY UNTAGA            ,PIGGERY UNTAGA                                    
0079-0000522400001  ,UPS 650VA                                                   ,2400 ,06/15/2020,UPS                                               ,MFI-PIGGERY UNTAGA            ,PIGGERY UNTAGA-FIXED ASSET DEPARTMENT             
0079-0003207700001  ,PRINTER EPSON LQ-310                                        ,12990,06/15/2020,PRINTER                                           ,MFI-PIGGERY UNTAGA            ,PIGGERY UNTAGA                                    
0079-0006401900001  ,MAKITA 7650H MIST BLOWER                                    ,43000,06/29/2020,MACHINE                                           ,MFI-PIGGERY UNTAGA            ,PIGGERY UNTAGA                                    
0079-0006401900002  ,MAKITA 7650H MIST BLOWER                                    ,43000,06/29/2020,MACHINE                                           ,MFI-PIGGERY UNTAGA            ,PIGGERY UNTAGA                                    
0079-0005904500001  ,157561 SAMSUNG BASIC UA32N4003ARXXP 32 I                    ,10400,06/30/2020,TV                                                ,MFI-PIGGERY UNTAGA            ,PIGGERY UNTAGA                                    
0079-0006432100001  ,WM ES U75GP SHARP BL 7.5KG                                  ,9998 ,06/30/2020,WASHING MACHINE                                   ,MFI-PIGGERY UNTAGA            ,PIGGERY UNTAGA                                    
0079-0004241600003  ,SPERMACUE                                                   ,12000,06/24/2020,OTHERS                                            ,MFI-PIGGERY UNTAGA            ,PIGGERY UNTAGA-FIXED ASSET DEPARTMENT             
0079-0004242200002  ,WATER BATH                                                  ,38000,06/24/2020,OTHERS                                            ,MFI-PIGGERY UNTAGA            ,PIGGERY UNTAGA-FIXED ASSET DEPARTMENT             
0079-0004247300002  ,BACK FAT TEST S#63965                                       ,38000,06/24/2020,OTHERS                                            ,MFI-PIGGERY UNTAGA            ,PIGGERY UNTAGA-FIXED ASSET DEPARTMENT             
0079-0006417600001  ,PARABOLIC SOLID DISH ANTENNA                                ,24550,06/29/2020,OTHERS                                            ,MFI-PIGGERY UNTAGA            ,PIGGERY UNTAGA                                    
0079-0006417600002  ,PARABOLIC SOLID DISH ANTENNA                                ,24550,06/29/2020,OTHERS                                            ,MFI-PIGGERY UNTAGA            ,PIGGERY UNTAGA                                    
0079-0004230500004  ,MONITOR AOC 18.5""                                           ,3350 ,07/03/2020,MONITOR                                           ,MFI-PIGGERY UNTAGA            ,PIGGERY UNTAGA                                    
0079-0005957000004  ,COMPUTER SET INTEL CORE I3 8100 L1151                       ,15100,07/03/2020,COMPUTER                                          ,MFI-PIGGERY UNTAGA            ,PIGGERY UNTAGA                                    
0079-0006404000001  ,IDEAL UPS 600VA S105C W/AVR                                 ,1700 ,07/03/2020,UPS                                               ,MFI-PIGGERY UNTAGA            ,PIGGERY UNTAGA                                    
0079-0006404100001  ,VERTIV LIEBERT PSA650VA/230W                                ,2400 ,07/03/2020,UPS                                               ,MFI-PIGGERY UNTAGA            ,PIGGERY UNTAGA                                    
0079-0006085700002  ,PRINTER EPSON L3110 ECO TANK ALL-IN-ONE                     ,7500 ,07/03/2020,PRINTER                                           ,MFI-PIGGERY UNTAGA            ,PIGGERY UNTAGA                                    
0079-0006444100001  ,WATER METER BRASS                                           ,1753.,07/09/2020,METER                                             ,MFI-PIGGERY UNTAGA            ,PIGGERY UNTAGA                                    
0079-0006444100002  ,WATER METER BRASS                                           ,1753.,07/09/2020,METER                                             ,MFI-PIGGERY UNTAGA            ,PIGGERY UNTAGA                                    
0079-0006444100003  ,WATER METER BRASS                                           ,1753.,07/09/2020,METER                                             ,MFI-PIGGERY UNTAGA            ,PIGGERY UNTAGA                                    
0079-0006444100004  ,WATER METER BRASS                                           ,1753.,07/09/2020,METER                                             ,MFI-PIGGERY UNTAGA            ,PIGGERY UNTAGA                                    
0079-0006444100005  ,WATER METER BRASS                                           ,1753.,07/09/2020,METER                                             ,MFI-PIGGERY UNTAGA            ,PIGGERY UNTAGA                                    
0079-0005345300002  ,4 DOOR STAINLESS REACH IN FREZZER                           ,12000,07/09/2020,FREEZER                                           ,MFI-PIGGERY UNTAGA            ,PIGGERY UNTAGA-FIXED ASSET DEPARTMENT             
0079-0006376100001  ,BIOLOGICAL MICROSCOPE OLYMPUS CX23LEDRFS                    ,56000,07/21/2020,OTHERS                                            ,MFI-PIGGERY UNTAGA            ,PIGGERY UNTAGA                                    
0079-0006361500001  ,INDUSTRIAL SCALE                                            ,13500,07/23/2020,SCALE                                             ,MFI-PIGGERY UNTAGA            ,PIGGERY UNTAGA                                    
0079-0004222500002  ,MS MULTISCAN SET                                            ,18000,07/23/2020,OTHERS                                            ,MFI-PIGGERY UNTAGA            ,PIGGERY UNTAGA                                    
0079-0000009500001  ,MONITOR LED AOC 18.5""                                       ,3350 ,08/18/2020,MONITOR                                           ,MFI-PIGGERY UNTAGA            ,PIGGERY UNTAGA                                    
0079-0000009500002  ,MONITOR LED AOC 18.5""                                       ,3350 ,08/18/2020,MONITOR                                           ,MFI-PIGGERY UNTAGA            ,PIGGERY UNTAGA                                    
0079-0000009500003  ,MONITOR LED AOC 18.5""                                       ,3350 ,08/18/2020,MONITOR                                           ,MFI-PIGGERY UNTAGA            ,PIGGERY UNTAGA                                    
0079-0006440200001  ,CPU SET CORE I3-8100                                        ,16300,08/18/2020,CPU                                               ,MFI-PIGGERY UNTAGA            ,PIGGERY UNTAGA                                    
0079-0006440200002  ,CPU SET CORE I3-8100                                        ,16300,08/18/2020,CPU                                               ,MFI-PIGGERY UNTAGA            ,PIGGERY UNTAGA                                    
0079-0006440200003  ,CPU SET CORE I3-8100                                        ,16300,08/18/2020,CPU                                               ,MFI-PIGGERY UNTAGA            ,PIGGERY UNTAGA                                    
0079-0006253600001  ,DRY TYPE TRANSFORMER 3 PHASE 50 KVA                         ,11638,08/26/2020,TRANSFORMER                                       ,MFI-PIGGERY UNTAGA            ,PIGGERY UNTAGA                                    
0079-0006408600001  ,"GOULDS PUMPS MODEL:5BFIL2CORD W/10HP,3PH                    ",45700,08/28/2020,PUMP                                              ,MFI-PIGGERY UNTAGA            ,PIGGERY UNTAGA                                    
0079-0006408600002  ,"GOULDS PUMPS MODEL:5BFIL2CORD W/10HP,3PH                    ",45700,08/28/2020,PUMP                                              ,MFI-PIGGERY UNTAGA            ,PIGGERY UNTAGA                                    
0079-0006374500001  ,MAGNETIC MOTOR STARTER FUJI                                 ,5060 ,08/28/2020,ELECTRIC MOTOR                                    ,MFI-PIGGERY UNTAGA            ,PIGGERY UNTAGA                                    
0079-0006374500002  ,MAGNETIC MOTOR STARTER FUJI                                 ,5060 ,08/28/2020,ELECTRIC MOTOR                                    ,MFI-PIGGERY UNTAGA            ,PIGGERY UNTAGA                                    
0079-0006254200001  ,1.0 NEMA-1 (PANEL BOARD)DP BTCH PLANT                       ,85000,08/28/2020,PANEL BOARD                                       ,MFI-PIGGERY UNTAGA            ,PIGGERY UNTAGA                                    
0079-0003232200001  ,AIRCON CARRIER 1.5HP                                        ,27700,08/28/2020,AIRCON                                            ,MFI-PIGGERY UNTAGA            ,PIGGERY UNTAGA                                    
0079-0003232200002  ,AIRCON CARRIER 1.5HP                                        ,27700,08/28/2020,AIRCON                                            ,MFI-PIGGERY UNTAGA            ,PIGGERY UNTAGA                                    
0079-0006461000001  ,AIRCON FP CONDURA 2.5HP                                     ,58498,08/29/2020,AIRCON                                            ,MFI-PIGGERY UNTAGA            ,PIGGERY UNTAGA                                    
0079-0006461100001  ,AIRCON CS/CU PANASONIC 2.5HP                                ,47998,08/29/2020,AIRCON                                            ,MFI-PIGGERY UNTAGA            ,PIGGERY UNTAGA                                    
0079-0006461200001  ,AIRCON FP CARRIER 1.5 HP                                    ,32598,08/29/2020,AIRCON                                            ,MFI-PIGGERY UNTAGA            ,PIGGERY UNTAGA                                    
0079-0006461200002  ,AIRCON FP CARRIER 1.5 HP                                    ,32598,08/29/2020,AIRCON                                            ,MFI-PIGGERY UNTAGA            ,PIGGERY UNTAGA                                    
0079-0003200000004  ,GRINDER MAKITA                                              ,2999 ,09/11/2020,GRINDER                                           ,MFI-PIGGERY UNTAGA            ,PIGGERY UNTAGA                                    
0079-0000808500001  ,HONDA XRM STANDARD                                          ,63000,08/26/2020,MOTORCYCLE-BRAND NEW                              ,MFI-PIGGERY UNTAGA            ,PIGGERY UNTAGA                                    
0079-0000808500002  ,HONDA XRM STANDARD                                          ,63000,08/26/2020,MOTORCYCLE-BRAND NEW                              ,MFI-PIGGERY UNTAGA            ,PIGGERY UNTAGA                                    
0079-0000808500003  ,HONDA XRM STANDARD                                          ,63000,08/26/2020,MOTORCYCLE-BRAND NEW                              ,MFI-PIGGERY UNTAGA            ,PIGGERY UNTAGA                                    
0079-0000808500004  ,HONDA XRM STANDARD                                          ,63000,08/26/2020,MOTORCYCLE-BRAND NEW                              ,MFI-PIGGERY UNTAGA            ,PIGGERY UNTAGA                                    
0079-0004995500001  ,MTS PANEL                                                   ,46000,09/16/2020,PANEL BOARD                                       ,MFI-PIGGERY UNTAGA            ,PIGGERY UNTAGA                                    
0079-0006352500001  ,SEMEN STORAGE                                               ,20000,09/01/2020,STORAGE                                           ,MFI-PIGGERY UNTAGA            ,PIGGERY UNTAGA-FIXED ASSET DEPARTMENT             
0079-0006352500002  ,SEMEN STORAGE                                               ,20000,09/01/2020,STORAGE                                           ,MFI-PIGGERY UNTAGA            ,PIGGERY UNTAGA-FIXED ASSET DEPARTMENT             
0079-0006432200001  ,TRAILER 20FT T-234 CTS-2019-R070252-C                       ,45000,08/19/2020,TRAILER                                           ,MFI-PIGGERY UNTAGA            ,PIGGERY UNTAGA                                    
0079-0006432200002  ,TRAILER 20FT T-236 CTS-2019-R070256-C                       ,45000,08/19/2020,TRAILER                                           ,MFI-PIGGERY UNTAGA            ,PIGGERY UNTAGA                                    
0079-0006432200003  ,TRAILER 20FT T-235 CTS-2019-R070254-C                       ,45000,08/19/2020,TRAILER                                           ,MFI-PIGGERY UNTAGA            ,PIGGERY UNTAGA                                    
0079-0006432200004  ,TRAILER 20FT T-233 CTS-2019-R070253-C                       ,45000,08/19/2020,TRAILER                                           ,MFI-PIGGERY UNTAGA            ,PIGGERY UNTAGA                                    
0079-0006432200005  ,TRAILER 20FT T-237 CTS-2019-R070255-C                       ,45000,08/19/2020,TRAILER                                           ,MFI-PIGGERY UNTAGA            ,PIGGERY UNTAGA                                    
0079-0006432200006  ,TRAILER 20FT T-238 CTS-2019-R070257-C                       ,45000,08/19/2020,TRAILER                                           ,MFI-PIGGERY UNTAGA            ,PIGGERY UNTAGA                                    
0079-0004105700001  ,ELECTRIC DRILL LOTUS                                        ,2956 ,09/25/2020,DRILL                                             ,MFI-PIGGERY UNTAGA            ,PIGGERY UNTAGA                                    
0079-0001400500001  ,EBARA NON-CLOG SUBMERSIBLE SEWAGE/SLUDGE                    ,42000,10/06/2020,PUMP                                              ,MFI-PIGGERY UNTAGA            ,PIGGERY UNTAGA                                    
0079-0001400500002  ,EBARA NON-CLOG SUBMERSIBLE SEWAGE/SLUDGE                    ,42000,10/06/2020,PUMP                                              ,MFI-PIGGERY UNTAGA            ,PIGGERY UNTAGA                                    
0079-0006388500001  ,"SANWA CLAMP METER DCL 1200R,TRUE RMS                        ",10615,09/26/2020,CLAMP  METER                                      ,MFI-PIGGERY UNTAGA            ,PIGGERY UNTAGA                                    
0079-0006315400001  ,PROVISION OF MATERIALS LABOR ENGINEERING                    ,57500,10/07/2020,PUMP                                              ,MFI-PIGGERY UNTAGA            ,PIGGERY UNTAGA                                    
0079-0006284800001  ,4TB HDD                                                     ,7500 ,10/09/2020,HARD DISK                                         ,MFI-PIGGERY UNTAGA            ,PIGGERY UNTAGA                                    
0079-0006284800002  ,4TB HDD                                                     ,7500 ,10/09/2020,HARD DISK                                         ,MFI-PIGGERY UNTAGA            ,PIGGERY UNTAGA                                    
0079-0006284800003  ,4TB HDD                                                     ,7500 ,10/09/2020,HARD DISK                                         ,MFI-PIGGERY UNTAGA            ,PIGGERY UNTAGA                                    
0079-0006284800004  ,4TB HDD                                                     ,7500 ,10/09/2020,HARD DISK                                         ,MFI-PIGGERY UNTAGA            ,PIGGERY UNTAGA                                    
0079-0006413500001  ,WALL MOUNTED DATA CABINET 1.5FT                             ,10250,10/09/2020,CABINET                                           ,MFI-PIGGERY UNTAGA            ,PIGGERY UNTAGA                                    
0079-0006413500002  ,WALL MOUNTED DATA CABINET 1.5FT                             ,10250,10/09/2020,CABINET                                           ,MFI-PIGGERY UNTAGA            ,PIGGERY UNTAGA                                    
0079-0006413500003  ,WALL MOUNTED DATA CABINET 1.5FT                             ,10250,10/09/2020,CABINET                                           ,MFI-PIGGERY UNTAGA            ,PIGGERY UNTAGA                                    
0079-0006413500004  ,WALL MOUNTED DATA CABINET 1.5FT                             ,10250,10/09/2020,CABINET                                           ,MFI-PIGGERY UNTAGA            ,PIGGERY UNTAGA                                    
0079-0006413600001  ,BULLET TYPE CAMERA HIKVISION IP 2MP                         ,2200 ,10/09/2020,CCTV                                              ,MFI-PIGGERY UNTAGA            ,PIGGERY UNTAGA                                    
0079-0006413600002  ,BULLET TYPE CAMERA HIKVISION IP 2MP                         ,2200 ,10/09/2020,CCTV                                              ,MFI-PIGGERY UNTAGA            ,PIGGERY UNTAGA                                    
0079-0006413600003  ,BULLET TYPE CAMERA HIKVISION IP 2MP                         ,2200 ,10/09/2020,CCTV                                              ,MFI-PIGGERY UNTAGA            ,PIGGERY UNTAGA                                    
0079-0006413600004  ,BULLET TYPE CAMERA HIKVISION IP 2MP                         ,2200 ,10/09/2020,CCTV                                              ,MFI-PIGGERY UNTAGA            ,PIGGERY UNTAGA                                    
0079-0006413600005  ,BULLET TYPE CAMERA HIKVISION IP 2MP                         ,2200 ,10/09/2020,CCTV                                              ,MFI-PIGGERY UNTAGA            ,PIGGERY UNTAGA                                    
0079-0006413600006  ,BULLET TYPE CAMERA HIKVISION IP 2MP                         ,2200 ,10/09/2020,CCTV                                              ,MFI-PIGGERY UNTAGA            ,PIGGERY UNTAGA                                    
0079-0006413600007  ,BULLET TYPE CAMERA HIKVISION IP 2MP                         ,2200 ,10/09/2020,CCTV                                              ,MFI-PIGGERY UNTAGA            ,PIGGERY UNTAGA                                    
0079-0006413600008  ,BULLET TYPE CAMERA HIKVISION IP 2MP                         ,2200 ,10/09/2020,CCTV                                              ,MFI-PIGGERY UNTAGA            ,PIGGERY UNTAGA                                    
0079-0006413600009  ,BULLET TYPE CAMERA HIKVISION IP 2MP                         ,2200 ,10/09/2020,CCTV                                              ,MFI-PIGGERY UNTAGA            ,PIGGERY UNTAGA                                    
0079-0006413600010  ,BULLET TYPE CAMERA HIKVISION IP 2MP                         ,2200 ,10/09/2020,CCTV                                              ,MFI-PIGGERY UNTAGA            ,PIGGERY UNTAGA                                    
0079-0006413600011  ,BULLET TYPE CAMERA HIKVISION IP 2MP                         ,2200 ,10/09/2020,CCTV                                              ,MFI-PIGGERY UNTAGA            ,PIGGERY UNTAGA                                    
0079-0006413600012  ,BULLET TYPE CAMERA HIKVISION IP 2MP                         ,2200 ,10/09/2020,CCTV                                              ,MFI-PIGGERY UNTAGA            ,PIGGERY UNTAGA                                    
0079-0006413600013  ,BULLET TYPE CAMERA HIKVISION IP 2MP                         ,2200 ,10/09/2020,CCTV                                              ,MFI-PIGGERY UNTAGA            ,PIGGERY UNTAGA                                    
0079-0006413600014  ,BULLET TYPE CAMERA HIKVISION IP 2MP                         ,2200 ,10/09/2020,CCTV                                              ,MFI-PIGGERY UNTAGA            ,PIGGERY UNTAGA                                    
0079-0006413600015  ,BULLET TYPE CAMERA HIKVISION IP 2MP                         ,2200 ,10/09/2020,CCTV                                              ,MFI-PIGGERY UNTAGA            ,PIGGERY UNTAGA                                    
0079-0006413600016  ,BULLET TYPE CAMERA HIKVISION IP 2MP                         ,2200 ,10/09/2020,CCTV                                              ,MFI-PIGGERY UNTAGA            ,PIGGERY UNTAGA                                    
0079-0006413700001  ,DOME TYPE CAMERA HIKVISION IP 2MP                           ,2300 ,10/09/2020,CCTV                                              ,MFI-PIGGERY UNTAGA            ,PIGGERY UNTAGA                                    
0079-0006413700002  ,DOME TYPE CAMERA HIKVISION IP 2MP                           ,2300 ,10/09/2020,CCTV                                              ,MFI-PIGGERY UNTAGA            ,PIGGERY UNTAGA                                    
0079-0006413700003  ,DOME TYPE CAMERA HIKVISION IP 2MP                           ,2300 ,10/09/2020,CCTV                                              ,MFI-PIGGERY UNTAGA            ,PIGGERY UNTAGA                                    
0079-0006413700004  ,DOME TYPE CAMERA HIKVISION IP 2MP                           ,2300 ,10/09/2020,CCTV                                              ,MFI-PIGGERY UNTAGA            ,PIGGERY UNTAGA                                    
0079-0006413700005  ,DOME TYPE CAMERA HIKVISION IP 2MP                           ,2300 ,10/09/2020,CCTV                                              ,MFI-PIGGERY UNTAGA            ,PIGGERY UNTAGA                                    
0079-0006413700006  ,DOME TYPE CAMERA HIKVISION IP 2MP                           ,2300 ,10/09/2020,CCTV                                              ,MFI-PIGGERY UNTAGA            ,PIGGERY UNTAGA                                    
0079-0006413700007  ,DOME TYPE CAMERA HIKVISION IP 2MP                           ,2300 ,10/09/2020,CCTV                                              ,MFI-PIGGERY UNTAGA            ,PIGGERY UNTAGA                                    
0079-0006413700008  ,DOME TYPE CAMERA HIKVISION IP 2MP                           ,2300 ,10/09/2020,CCTV                                              ,MFI-PIGGERY UNTAGA            ,PIGGERY UNTAGA                                    
0079-0006413700009  ,DOME TYPE CAMERA HIKVISION IP 2MP                           ,2300 ,10/09/2020,CCTV                                              ,MFI-PIGGERY UNTAGA            ,PIGGERY UNTAGA                                    
0079-0006413700010  ,DOME TYPE CAMERA HIKVISION IP 2MP                           ,2300 ,10/09/2020,CCTV                                              ,MFI-PIGGERY UNTAGA            ,PIGGERY UNTAGA                                    
0079-0006413700011  ,DOME TYPE CAMERA HIKVISION IP 2MP                           ,2300 ,10/09/2020,CCTV                                              ,MFI-PIGGERY UNTAGA            ,PIGGERY UNTAGA                                    
0079-0006413700012  ,DOME TYPE CAMERA HIKVISION IP 2MP                           ,2300 ,10/09/2020,CCTV                                              ,MFI-PIGGERY UNTAGA            ,PIGGERY UNTAGA                                    
0079-0006413700013  ,DOME TYPE CAMERA HIKVISION IP 2MP                           ,2300 ,10/09/2020,CCTV                                              ,MFI-PIGGERY UNTAGA            ,PIGGERY UNTAGA                                    
0079-0006413700014  ,DOME TYPE CAMERA HIKVISION IP 2MP                           ,2300 ,10/09/2020,CCTV                                              ,MFI-PIGGERY UNTAGA            ,PIGGERY UNTAGA                                    
0079-0006413700015  ,DOME TYPE CAMERA HIKVISION IP 2MP                           ,2300 ,10/09/2020,CCTV                                              ,MFI-PIGGERY UNTAGA            ,PIGGERY UNTAGA                                    
0079-0006413700016  ,DOME TYPE CAMERA HIKVISION IP 2MP                           ,2300 ,10/09/2020,CCTV                                              ,MFI-PIGGERY UNTAGA            ,PIGGERY UNTAGA                                    
0079-0006413900001  ,POE SWITCH 24 PORTS (HIKVISION)                             ,11500,10/09/2020,NETWORK SWITCH                                    ,MFI-PIGGERY UNTAGA            ,PIGGERY UNTAGA                                    
0079-0006413900002  ,POE SWITCH 24 PORTS (HIKVISION)                             ,11500,10/09/2020,NETWORK SWITCH                                    ,MFI-PIGGERY UNTAGA            ,PIGGERY UNTAGA                                    
0026-0004542300008  ,CISCO IP PHONE 7821                                         ,6000 ,07/16/2020,TELEPHONE                                         ,MFI-PIGGERY UNTAGA            ,PIGGERY UNTAGA                                    
0026-0004542300009  ,CISCO IP PHONE 7821                                         ,6000 ,07/16/2020,TELEPHONE                                         ,MFI-PIGGERY UNTAGA            ,PIGGERY UNTAGA                                    
0079-0006472000001  ,DOSATRON D20S INJECTION RANGE                               ,18400,10/21/2020,OTHERS                                            ,MFI-PIGGERY UNTAGA            ,PIGGERY UNTAGA                                    
0079-0006472000002  ,DOSATRON D20S INJECTION RANGE                               ,18400,10/21/2020,OTHERS                                            ,MFI-PIGGERY UNTAGA            ,PIGGERY UNTAGA                                    
0079-0006488400001  ,D25+CARE                                                    ,25000,10/21/2020,OTHERS                                            ,MFI-PIGGERY UNTAGA            ,PIGGERY UNTAGA                                    
0079-0006488400002  ,D25+CARE                                                    ,25000,10/21/2020,OTHERS                                            ,MFI-PIGGERY UNTAGA            ,PIGGERY UNTAGA                                    
0079-0006488400003  ,D25+CARE                                                    ,25000,10/21/2020,OTHERS                                            ,MFI-PIGGERY UNTAGA            ,PIGGERY UNTAGA                                    
0079-0006488400004  ,D25+CARE                                                    ,25000,10/21/2020,OTHERS                                            ,MFI-PIGGERY UNTAGA            ,PIGGERY UNTAGA                                    
0079-0006488400005  ,D25+CARE                                                    ,25000,10/21/2020,OTHERS                                            ,MFI-PIGGERY UNTAGA            ,PIGGERY UNTAGA                                    
0079-0006488400006  ,D25+CARE                                                    ,25000,10/21/2020,OTHERS                                            ,MFI-PIGGERY UNTAGA            ,PIGGERY UNTAGA                                    
0079-0006488400007  ,D25+CARE                                                    ,25000,10/21/2020,OTHERS                                            ,MFI-PIGGERY UNTAGA            ,PIGGERY UNTAGA                                    
0079-0006488400008  ,D25+CARE                                                    ,25000,10/21/2020,OTHERS                                            ,MFI-PIGGERY UNTAGA            ,PIGGERY UNTAGA                                    
0079-0006488400009  ,D25+CARE                                                    ,25000,10/21/2020,OTHERS                                            ,MFI-PIGGERY UNTAGA            ,PIGGERY UNTAGA                                    
0079-0006488400010  ,D25+CARE                                                    ,25000,10/21/2020,OTHERS                                            ,MFI-PIGGERY UNTAGA            ,PIGGERY UNTAGA                                    
0079-0006488400011  ,D25+CARE                                                    ,25000,10/21/2020,OTHERS                                            ,MFI-PIGGERY UNTAGA            ,PIGGERY UNTAGA                                    
0079-0006488400012  ,D25+CARE                                                    ,25000,10/21/2020,OTHERS                                            ,MFI-PIGGERY UNTAGA            ,PIGGERY UNTAGA                                    
0079-0006366000001  ,LONGTECH THREE LOBES ROOTS BLOWER LT-100                    ,16232,10/22/2020,MACHINE                                           ,MFI-PIGGERY UNTAGA            ,PIGGERY UNTAGA                                    
0079-0006366000002  ,LONGTECH THREE LOBES ROOTS BLOWER LT-100                    ,16232,10/22/2020,MACHINE                                           ,MFI-PIGGERY UNTAGA            ,PIGGERY UNTAGA                                    
0079-0004262100001  ,MITS. FUSO FJ1823R CS#:H0A156 PL#:GAU-3653                  ,29300,10/28/2020,VEHICLE                                           ,MFI-PIGGERY                   ,PIGGERY-LOGISTICS                                 
0079-0006398400001  ,RUJIE ACCESS POINT                                          ,6200 ,06/19/2020,NETWORK SWITCH                                    ,MFI-PIGGERY UNTAGA            ,PIGGERY UNTAGA                                    
0079-0004935000001  ,MITS. FUSO FJ2528R CS#:B4C796 PL#:GAU-3654                  ,33500,10/28/2020,VEHICLE                                           ,MFI-PIGGERY UNTAGA            ,PIGGERY UNTAGA                                    
0079-0006437800001  ,MITS. L300 FB FRONT CS#:B7O253 PL#:GAT-7967                 ,90683,10/28/2020,VEHICLE                                           ,MFI-PIGGERY UNTAGA            ,PIGGERY UNTAGA                                    
0079-0006488400013  ,D25+CARE                                                    ,23557,10/28/2020,OTHERS                                            ,MFI-PIGGERY UNTAGA            ,PIGGERY UNTAGA                                    
0079-0006488400014  ,D25+CARE                                                    ,23557,10/28/2020,OTHERS                                            ,MFI-PIGGERY UNTAGA            ,PIGGERY UNTAGA                                    
0079-0006488400015  ,D25+CARE                                                    ,23557,10/28/2020,OTHERS                                            ,MFI-PIGGERY UNTAGA            ,PIGGERY UNTAGA                                    
0079-0006488400016  ,D25+CARE                                                    ,23557,10/28/2020,OTHERS                                            ,MFI-PIGGERY UNTAGA            ,PIGGERY UNTAGA                                    
0079-0006488400017  ,D25+CARE                                                    ,23557,10/28/2020,OTHERS                                            ,MFI-PIGGERY UNTAGA            ,PIGGERY UNTAGA                                    
0079-0006488400018  ,D25+CARE                                                    ,23557,10/28/2020,OTHERS                                            ,MFI-PIGGERY UNTAGA            ,PIGGERY UNTAGA                                    
0079-0006488400019  ,D25+CARE                                                    ,23557,10/28/2020,OTHERS                                            ,MFI-PIGGERY UNTAGA            ,PIGGERY UNTAGA                                    
0079-0006488400020  ,D25+CARE                                                    ,23557,10/28/2020,OTHERS                                            ,MFI-PIGGERY UNTAGA            ,PIGGERY UNTAGA                                    
0079-0006488400021  ,D25+CARE                                                    ,23557,10/28/2020,OTHERS                                            ,MFI-PIGGERY UNTAGA            ,PIGGERY UNTAGA                                    
0079-0006488400022  ,D25+CARE                                                    ,23557,10/28/2020,OTHERS                                            ,MFI-PIGGERY UNTAGA            ,PIGGERY UNTAGA                                    
0079-0006488400023  ,D25+CARE                                                    ,23557,10/28/2020,OTHERS                                            ,MFI-PIGGERY UNTAGA            ,PIGGERY UNTAGA                                    
0079-0006488400024  ,D25+CARE                                                    ,23557,10/28/2020,OTHERS                                            ,MFI-PIGGERY UNTAGA            ,PIGGERY UNTAGA                                    
0079-0006488400025  ,D25+CARE                                                    ,23557,10/28/2020,OTHERS                                            ,MFI-PIGGERY UNTAGA            ,PIGGERY UNTAGA                                    
0079-0006488400026  ,D25+CARE                                                    ,23557,10/28/2020,OTHERS                                            ,MFI-PIGGERY UNTAGA            ,PIGGERY UNTAGA                                    
0079-0006156100001  ,MITS. FUSO CANTER FE85 CS#:H0A757 PL#:GAT-6806              ,16300,10/28/2020,VEHICLE                                           ,MFI-PIGGERY                   ,PIGGERY-LOGISTICS                                 
0079-0006523700001  ,NANOSTATION UBIQUITI M5                                     ,5932 ,11/11/2020,NETWORK SWITCH                                    ,MFI-PIGGERY UNTAGA            ,PIGGERY UNTAGA-MAIN ADMIN                         
0079-0006523700002  ,NANOSTATION UBIQUITI M5                                     ,5932 ,11/11/2020,NETWORK SWITCH                                    ,MFI-PIGGERY UNTAGA            ,PIGGERY UNTAGA-MAIN ADMIN                         
0079-0006523700003  ,NANOSTATION UBIQUITI M5                                     ,5932 ,11/11/2020,NETWORK SWITCH                                    ,MFI-PIGGERY UNTAGA            ,PIGGERY UNTAGA-MAIN ADMIN                         
0079-0006523700004  ,NANOSTATION UBIQUITI M5                                     ,5932 ,11/11/2020,NETWORK SWITCH                                    ,MFI-PIGGERY UNTAGA            ,PIGGERY UNTAGA-MAIN ADMIN                         
0079-0006361200001  ,RD-5G34-5GHZ ROCKET DISH 34 DBI W/ ROCKE                    ,39250,11/06/2020,NETWORK SWITCH                                    ,MFI-PIGGERY UNTAGA            ,PIGGERY UNTAGA                                    
0079-0006361200002  ,RD-5G34-5GHZ ROCKET DISH 34 DBI W/ ROCKE                    ,39250,11/06/2020,NETWORK SWITCH                                    ,MFI-PIGGERY UNTAGA            ,PIGGERY UNTAGA                                    
0079-0006361300001  ,ROCKET-M5 5GHZ ROCKET MIMO AIRMAX                           ,7890 ,11/06/2020,NETWORK SWITCH                                    ,MFI-PIGGERY UNTAGA            ,PIGGERY UNTAGA                                    
0079-0006361300002  ,ROCKET-M5 5GHZ ROCKET MIMO AIRMAX                           ,7890 ,11/06/2020,NETWORK SWITCH                                    ,MFI-PIGGERY UNTAGA            ,PIGGERY UNTAGA                                    
0079-0006326200001  ,TRANSFORMER 1000KVA 3 PHASE 60HZ                            ,14500,11/10/2020,TRANSFORMER                                       ,MFI-PIGGERY UNTAGA            ,PIGGERY UNTAGA                                    
0079-0006326200002  ,TRANSFORMER 1000KVA 3 PHASE 60HZ                            ,14500,11/10/2020,TRANSFORMER                                       ,MFI-PIGGERY UNTAGA            ,PIGGERY UNTAGA                                    
0079-0006545300001  ,HOME ROUTER LINKSYS E1200 WL-N                              ,1691.,11/27/2020,ROUTER                                            ,MFI-PIGGERY UNTAGA            ,PIGGERY UNTAGA                                    
0079-0006545300002  ,HOME ROUTER LINKSYS E1200 WL-N                              ,1691.,12/01/2020,ROUTER                                            ,MFI-PIGGERY UNTAGA            ,PIGGERY UNTAGA                                    
0079-0000928700001  ,CPU SET LEADWAY MINI TOWER CASING                           ,13392,01/04/2021,COMPUTER                                          ,MFI-PIGGERY UNTAGA            ,PIGGERY UNTAGA-MAIN ADMIN                         
0079-0006549100001  ,MONITOR LED  AOC LCD 18.5"" E970SWN                          ,2767.,01/04/2021,MONITOR                                           ,MFI-PIGGERY UNTAGA            ,PIGGERY UNTAGA-MAIN ADMIN                         
0079-0006114900001  ,8 PORTS POE HIK VISION                                      ,3571.,12/23/2021,NETWORK SWITCH                                    ,MFI-PIGGERY UNTAGA            ,PIGGERY UNTAGA                                    
0079-0006564300001  ,HITACHI ANGLE GRINDER  G10SS                                ,3990 ,12/10/2020,GRINDER                                           ,MFI-PIGGERY UNTAGA            ,PIGGERY UNTAGA                                    
0079-0000928700002  ,CPU SET LEADWAY MINI TOWER CASING                           ,13392,01/04/2021,COMPUTER                                          ,MFI-PIGGERY UNTAGA            ,PIGGERY UNTAGA                                    
0079-0000928700003  ,CPU SET LEADWAY MINI TOWER CASING                           ,13392,01/04/2021,COMPUTER                                          ,MFI-PIGGERY UNTAGA            ,PIGGERY UNTAGA                                    
0079-0006571200001  ,MONITOR 18.5"" AOPEN 19CX1Q                                  ,2767.,01/04/2021,MONITOR                                           ,MFI-PIGGERY UNTAGA            ,PIGGERY UNTAGA                                    
0079-0006571200002  ,MONITOR 18.5"" AOPEN 19CX1Q                                  ,2767.,01/04/2021,MONITOR                                           ,MFI-PIGGERY UNTAGA            ,PIGGERY UNTAGA                                    
0079-0005681200001  ,ELECTRIC STOVE HANABISHI 120FC                              ,1350 ,01/14/2021,BURNER                                            ,MFI-PIGGERY UNTAGA            ,PIGGERY UNTAGA                                    
0079-0005681200002  ,ELECTRIC STOVE HANABISHI 120FC                              ,1350 ,01/14/2021,BURNER                                            ,MFI-PIGGERY UNTAGA            ,PIGGERY UNTAGA                                    
0079-0006608000001  ,EXTREME COOLER BOX 46LTR                                    ,3138.,01/14/2021,COOLER                                            ,MFI-PIGGERY UNTAGA            ,PIGGERY UNTAGA                                    
0079-0006608000002  ,EXTREME COOLER BOX 46LTR                                    ,3138.,01/14/2021,COOLER                                            ,MFI-PIGGERY UNTAGA            ,PIGGERY UNTAGA                                    
0079-0006608000003  ,EXTREME COOLER BOX 46LTR                                    ,3138.,01/14/2021,COOLER                                            ,MFI-PIGGERY UNTAGA            ,PIGGERY UNTAGA                                    
0079-0006608000004  ,EXTREME COOLER BOX 46LTR                                    ,3138.,01/14/2021,COOLER                                            ,MFI-PIGGERY UNTAGA            ,PIGGERY UNTAGA                                    
0079-0006608000005  ,EXTREME COOLER BOX 46LTR                                    ,3138.,01/14/2021,COOLER                                            ,MFI-PIGGERY UNTAGA            ,PIGGERY UNTAGA                                    
0079-0006608000006  ,EXTREME COOLER BOX 46LTR                                    ,3138.,01/14/2021,COOLER                                            ,MFI-PIGGERY UNTAGA            ,PIGGERY UNTAGA                                    
0079-0004579100001  ,SALTER HANGING SCALE                                        ,2800 ,01/07/2021,WEIGHING SCALE                                    ,MFI-PIGGERY UNTAGA            ,PIGGERY UNTAGA-FARROWING                          
0079-0006368900003  ,NUTEX  DIGITAL HANGING SCALE                                ,24000,01/07/2021,SCALE                                             ,MFI-PIGGERY UNTAGA            ,PIGGERY UNTAGA-FARROWING                          
0079-0006368900004  ,NUTEX  DIGITAL HANGING SCALE                                ,24000,01/07/2021,SCALE                                             ,MFI-PIGGERY UNTAGA            ,PIGGERY UNTAGA-FARROWING                          
0079-0003785800001  ,CELLPHONE SAMSUNG B350E                                     ,1776.,01/14/2021,CELLPHONE                                         ,MFI-PIGGERY UNTAGA            ,PIGGERY UNTAGA-MAIN ADMIN                         
0079-0003207700002  ,PRINTER EPSON LQ-310                                        ,11785,01/20/2021,PRINTER                                           ,MFI-PIGGERY UNTAGA            ,PIGGERY UNTAGA-MAIN ADMIN                         
0079-0006521900001  ,CABLE FTTH W/ TWO FRP STRENGTH MEMBERS                      ,21875,01/26/2021,OFFICE SUPPLIES                                   ,GROWOUT-LOMANGOG              ,GROWOUT LOMANGOG ADMIN                            
0079-0006522000001  ,CISCO SFP-GE-L COMPATIBLE 1000BASE- LX/LH SFP 1310          ,4500 ,01/26/2021,OFFICE SUPPLIES                                   ,MFI-PIGGERY UNTAGA            ,PIGGERY UNTAGA-MAIN ADMIN                         
0079-0006522000002  ,CISCO SFP-GE-L COMPATIBLE 1000BASE- LX/LH SFP 1310          ,4500 ,01/26/2021,OFFICE SUPPLIES                                   ,MFI-PIGGERY UNTAGA            ,PIGGERY UNTAGA-MAIN ADMIN                         
0079-0006522000003  ,CISCO SFP-GE-L COMPATIBLE 1000BASE- LX/LH SFP 1310          ,4500 ,01/26/2021,OFFICE SUPPLIES                                   ,MFI-PIGGERY UNTAGA            ,PIGGERY UNTAGA-MAIN ADMIN                         
0079-0006522000004  ,CISCO SFP-GE-L COMPATIBLE 1000BASE- LX/LH SFP 1310          ,4500 ,01/26/2021,OFFICE SUPPLIES                                   ,MFI-PIGGERY UNTAGA            ,PIGGERY UNTAGA-MAIN ADMIN                         
0079-0006522200001  ,4 PORT FIBER PATCH PANEL DESKTOP PIGTAIL                    ,3200 ,01/26/2021,OFFICE SUPPLIES                                   ,MFI-PIGGERY UNTAGA            ,PIGGERY UNTAGA-MAIN ADMIN                         
0079-0001783300001  ,CLAMP TESTER DIGITAL                                        ,5035.,01/28/2021,CLAMP  METER                                      ,MFI-PIGGERY UNTAGA            ,PIGGERY UNTAGA-ENGINEERING                        
0079-0001978900002  ,WASHING MACHINE                                             ,11606,01/28/2021,WASHING MACHINE                                   ,MFI-PIGGERY UNTAGA            ,PIGGERY UNTAGA-MAIN ADMIN                         
0079-0006611800001  ,FLAT SCREEN TV 32""                                          ,12053,02/03/2021,TV                                                ,MFI-PIGGERY UNTAGA            ,PIGGERY UNTAGA                                    
0079-0006602500001  ,BIOREF 8FT FUJIDENZO                                        ,9553.,01/28/2021,REFRIGERATOR                                      ,MFI-PIGGERY UNTAGA            ,PIGGERY UNTAGA-MAIN ADMIN                         
0079-0006573900001  ,UBIQUITY EDGE SWITCH 8 PORTS POE                            ,12946,01/29/2021,OFFICE EQUIPMENT                                  ,MFI-PIGGERY UNTAGA            ,PIGGERY UNTAGA-MAIN ADMIN                         
0079-0006602000001  ,AIRCON CARRIER WCARZ008EC/EC                                ,15000,01/15/2021,AIRCON                                            ,MFI-PIGGERY UNTAGA            ,PIGGERY UNTAGA                                    
0079-0006602000002  ,AIRCON CARRIER WCARZ008EC/EC                                ,15000,01/15/2021,AIRCON                                            ,MFI-PIGGERY UNTAGA            ,PIGGERY UNTAGA                                    
0079-0006602000003  ,AIRCON CARRIER WCARZ008EC/EC                                ,15000,01/15/2021,AIRCON                                            ,MFI-PIGGERY UNTAGA            ,PIGGERY UNTAGA                                    
0079-0006602000004  ,AIRCON CARRIER WCARZ008EC/EC                                ,15000,01/15/2021,AIRCON                                            ,MFI-PIGGERY UNTAGA            ,PIGGERY UNTAGA                                    
0079-0006607900001  ,FIRE PROOF 530X460X470MM D GREY                             ,23749,01/14/2021,OTHERS                                            ,MFI-PIGGERY UNTAGA            ,PIGGERY UNTAGA                                    
0079-0000355000001  ,MULTI TESTER DIGITAL                                        ,2357.,02/08/2021,MULTI-TESTER                                      ,MFI-PIGGERY UNTAGA            ,PIGGERY UNTAGA-ENGINEERING                        
0079-0006568200001  ,BIOMETRIC K30 /ID-ZK                                        ,6250 ,02/15/2021,BIOMETRICS                                        ,MFI-PIGGERY UNTAGA            ,PIGGERY UNTAGA-MAIN ADMIN                         
0026-0001687200006  ,FILING CABINET 5 DRAWER                                     ,9732.,02/15/2021,CABINET                                           ,HEAD OFFICE                   ,HO-SECURITY & SAFETY DEPARTMENT                   
0026-0001687200007  ,FILING CABINET 5 DRAWER                                     ,9732.,02/15/2021,CABINET                                           ,MFI-PIGGERY UNTAGA            ,PIGGERY UNTAGA-MAIN ADMIN                         
0026-0001687200008  ,FILING CABINET 5 DRAWER                                     ,9732.,02/15/2021,CABINET                                           ,MFI-PIGGERY UNTAGA            ,PIGGERY UNTAGA-MAIN ADMIN                         
0079-0001461500001  ,AIRCON CONDURA 1.5HP SPLIT TYPE                             ,27857,02/16/2021,AIRCON                                            ,MFI-PIGGERY UNTAGA            ,PIGGERY UNTAGA-MAIN ADMIN                         
0079-0000760300005  ,FUJIDENZO USHOWCASE SU110A                                  ,20044,02/10/2021,SHOWCASE                                          ,MFI-PIGGERY UNTAGA            ,PIGGERY UNTAGA                                    
0079-0006640700001  ,HONDA XRM125 EXTREME F1 PL#735-GTB                          ,60714,02/18/2021,MOTORCYCLE-BRAND NEW                              ,MFI-PIGGERY UNTAGA            ,PIGGERY UNTAGA-MAIN ADMIN                         
0079-0003207700003  ,PRINTER EPSON LQ-310                                        ,11785,03/01/2021,PRINTER                                           ,MFI-PIGGERY UNTAGA            ,PIGGERY UNTAGA-PRODUCTION                         
0026-0006595100006  ,LK-JDW245 SIREN VARIATION: 3288551                          ,22008,02/19/2021,OTHERS                                            ,MFI-PIGGERY UNTAGA            ,PIGGERY UNTAGA-MAIN ADMIN                         
0085-0006617800001  ,STAR-DELTA MOTOR STARTER                                    ,17035,03/05/2021,ELECTRICAL PARTS                                  ,MFI-PIGGERY UNTAGA            ,PIGGERY UNTAGA-ENGINEERING                        
0079-0003757900001  ,APC BX-650LI/MS BACK-UPS 650VA                              ,2232.,04/05/2021,UPS                                               ,MFI-PIGGERY UNTAGA            ,PIGGERY UNTAGA-PRODUCTION                         
0079-0003458800001  ,MAKITA UB1100 PORTABLE AIR BLOWER                           ,4553.,04/05/2021,OTHERS                                            ,MFI-PIGGERY UNTAGA            ,PIGGERY UNTAGA-MAIN ADMIN                         
0079-0003353400001  ,SMARTBRO LTE ADVANCE                                        ,2673.,04/05/2021,ROUTER                                            ,MFI-PIGGERY UNTAGA            ,PIGGERY UNTAGA-MAIN ADMIN                         
0085-0006617800002  ,STAR-DELTA MOTOR STARTER                                    ,17035,03/16/2021,ELECTRICAL PARTS                                  ,MFI-PIGGERY UNTAGA            ,PIGGERY UNTAGA-ENGINEERING                        
0079-0004387500001  ,KARCHER PRESSURE WASHER                                     ,54425,04/05/2021,PRESSURE WASHER                                   ,MFI-PIGGERY UNTAGA            ,PIGGERY UNTAGA-MAIN ADMIN                         
0079-0004387500002  ,KARCHER PRESSURE WASHER                                     ,54425,04/05/2021,PRESSURE WASHER                                   ,MFI-PIGGERY UNTAGA            ,PIGGERY UNTAGA-MAIN ADMIN                         
0079-0006714800001  ,IM 60 EC STIPIEL ELTRON                                     ,10499,05/03/2021,OTHERS                                            ,MFI-PIGGERY UNTAGA            ,PIGGERY UNTAGA                                    
0079-0006714800002  ,IM 60 EC STIPIEL ELTRON                                     ,10499,05/03/2021,OTHERS                                            ,MFI-PIGGERY UNTAGA            ,PIGGERY UNTAGA                                    
0079-0006714800003  ,IM 60 EC STIPIEL ELTRON                                     ,10499,05/03/2021,OTHERS                                            ,MFI-PIGGERY UNTAGA            ,PIGGERY UNTAGA                                    
0079-0006714800004  ,IM 60 EC STIPIEL ELTRON                                     ,10499,05/03/2021,OTHERS                                            ,MFI-PIGGERY UNTAGA            ,PIGGERY UNTAGA                                    
0079-0006714800005  ,IM 60 EC STIPIEL ELTRON                                     ,10499,05/03/2021,OTHERS                                            ,MFI-PIGGERY UNTAGA            ,PIGGERY UNTAGA                                    
0079-0006714800006  ,IM 60 EC STIPIEL ELTRON                                     ,10499,05/03/2021,OTHERS                                            ,MFI-PIGGERY UNTAGA            ,PIGGERY UNTAGA                                    
0079-0003207700004  ,PRINTER EPSON LQ-310                                        ,11959,05/05/2021,PRINTER                                           ,MFI-PIGGERY UNTAGA            ,PIGGERY UNTAGA-MAIN ADMIN                         
0079-0000760300006  ,FUJIDENZO USHOWCASE SU110A                                  ,19598,05/07/2021,SHOWCASE                                          ,MFI-PIGGERY UNTAGA            ,PIGGERY UNTAGA-MAIN ADMIN                         
0079-0006714900001  ,ALPHA X3EM MULTI                                            ,8800 ,05/03/2021,OTHERS                                            ,MFI-PIGGERY UNTAGA            ,PIGGERY UNTAGA                                    
0079-0006714900002  ,ALPHA X3EM MULTI                                            ,8800 ,05/03/2021,OTHERS                                            ,MFI-PIGGERY UNTAGA            ,PIGGERY UNTAGA                                    
0079-0006714900003  ,ALPHA X3EM MULTI                                            ,8800 ,05/03/2021,OTHERS                                            ,MFI-PIGGERY UNTAGA            ,PIGGERY UNTAGA                                    
0079-0006714900004  ,ALPHA X3EM MULTI                                            ,8800 ,05/03/2021,OTHERS                                            ,MFI-PIGGERY UNTAGA            ,PIGGERY UNTAGA                                    
0079-0006714900005  ,ALPHA X3EM MULTI                                            ,8800 ,05/03/2021,OTHERS                                            ,MFI-PIGGERY UNTAGA            ,PIGGERY UNTAGA                                    
0079-0006714900006  ,ALPHA X3EM MULTI                                            ,8800 ,05/03/2021,OTHERS                                            ,MFI-PIGGERY UNTAGA            ,PIGGERY UNTAGA                                    
0079-0006714900007  ,ALPHA X3EM MULTI                                            ,8800 ,05/03/2021,OTHERS                                            ,MFI-PIGGERY UNTAGA            ,PIGGERY UNTAGA                                    
0085-0006613000001  ,SUPPLY & DELIVERY OF BACK-UP PANELBOARD                     ,17100,05/11/2021,PANEL BOARD                                       ,MFI-PIGGERY UNTAGA            ,PIGGERY UNTAGA-ENGINEERING                        
0079-0004387500003  ,KARCHER PRESSURE WASHER                                     ,54425,05/18/2021,PRESSURE WASHER                                   ,MFI-PIGGERY UNTAGA            ,PIGGERY UNTAGA                                    
0079-0004387500004  ,KARCHER PRESSURE WASHER                                     ,54425,05/18/2021,PRESSURE WASHER                                   ,MFI-PIGGERY UNTAGA            ,PIGGERY UNTAGA                                    
0079-0004387500005  ,KARCHER PRESSURE WASHER                                     ,54425,05/18/2021,PRESSURE WASHER                                   ,MFI-PIGGERY UNTAGA            ,PIGGERY UNTAGA                                    
0079-0006602000005  ,AIRCON CARRIER WCARZ006EC/EC                                ,11651,05/21/2021,AIRCON                                            ,MFI-PIGGERY UNTAGA            ,PIGGERY UNTAGA-PRODUCTION                         
0079-0006602000006  ,AIRCON CARRIER WCARZ006EC/EC                                ,11651,05/21/2021,AIRCON                                            ,MFI-PIGGERY UNTAGA            ,PIGGERY UNTAGA-PRODUCTION                         
0079-0006602000007  ,AIRCON CARRIER WCARZ006EC/EC                                ,11651,05/21/2021,AIRCON                                            ,MFI-PIGGERY UNTAGA            ,PIGGERY UNTAGA-PRODUCTION                         
0079-0006602000008  ,AIRCON CARRIER WCARZ006EC/EC                                ,11651,05/21/2021,AIRCON                                            ,MFI-PIGGERY UNTAGA            ,PIGGERY UNTAGA-PRODUCTION                         
0079-0006602000009  ,AIRCON CARRIER WCARZ006EC/EC                                ,11651,05/21/2021,AIRCON                                            ,MFI-PIGGERY UNTAGA            ,PIGGERY UNTAGA-PRODUCTION                         
0079-0006602000010  ,AIRCON CARRIER WCARZ006EC/EC                                ,11651,05/21/2021,AIRCON                                            ,MFI-PIGGERY UNTAGA            ,PIGGERY UNTAGA-PRODUCTION                         
0079-0006602000011  ,AIRCON CARRIER WCARZ006EC/EC                                ,11651,05/21/2021,AIRCON                                            ,MFI-PIGGERY UNTAGA            ,PIGGERY UNTAGA-PRODUCTION                         
0079-0006602000012  ,AIRCON CARRIER WCARZ006EC/EC                                ,11651,05/21/2021,AIRCON                                            ,MFI-PIGGERY UNTAGA            ,PIGGERY UNTAGA-PRODUCTION                         
0079-0003794700001  ,MONITOR LED AOC 18.5"" E970SWN                               ,2946.,05/26/2021,MONITOR                                           ,MFI-PIGGERY UNTAGA            ,PIGGERY UNTAGA-MAIN ADMIN                         
0079-0006085700003  ,PRINTER EPSON L3110 ECO TANK ALL-IN-ONE                     ,7495.,05/26/2021,PRINTER                                           ,MFI-PIGGERY UNTAGA            ,PIGGERY UNTAGA-MAIN ADMIN                         
0079-0006731000001  ,CPU SET I3-10100                                            ,13660,05/26/2021,CPU                                               ,MFI-PIGGERY UNTAGA            ,PIGGERY UNTAGA-MAIN ADMIN                         
0079-0006753400001  ,SHARP BASIC 2T C42BB1M                                      ,9285.,05/28/2021,TV                                                ,MFI-PIGGERY UNTAGA            ,PIGGERY UNTAGA-MAIN ADMIN                         
0079-0006748000001  ,MOBILE TRI BAND 2G/3G/4G LTE CELLPHONE SIGNAL REPE          ,4836 ,06/01/2021,STORE EQUIPMENT                                   ,MFI-PIGGERY UNTAGA            ,PIGGERY UNTAGA-MAIN ADMIN                         
0003276300001       ,ISUZU TRACTOR HEAD PM-29 PL#:RJZ-155                        ,10834,07/30/2017,VEHICLE                                           ,MFI-PIGGERY UNTAGA            ,PIGGERY UNTAGA-MAIN ADMIN                         
0079-0006719600001  ,DIGITAL HOG SCALE                                           ,77491,06/08/2021,WEIGHING SCALE                                    ,MFI-PIGGERY UNTAGA            ,PIGGERY UNTAGA-GILT HOUSE                         
0079-0006719600002  ,DIGITAL HOG SCALE                                           ,77491,06/08/2021,WEIGHING SCALE                                    ,MFI-PIGGERY UNTAGA            ,PIGGERY UNTAGA-GILT HOUSE                         
0079-0001467700001  ,STAINLESS BRACKET                                           ,1783.,06/18/2021,BRACKET                                           ,MFI-PIGGERY UNTAGA            ,PIGGERY UNTAGA-MAIN ADMIN                         
0079-0003192100001  ,SAMSUNG TV UHD UA50TU8080GXXP                               ,21160,06/18/2021,TV                                                ,MFI-PIGGERY UNTAGA            ,PIGGERY UNTAGA-MAIN ADMIN                         
0079-0001139900001  ,STEEL LADDER 3 STEPS                                        ,1695.,06/29/2021,LADDER                                            ,MFI-PIGGERY UNTAGA            ,PIGGERY UNTAGA-MAIN ADMIN                         
0079-0001765600021  ,COMPACT VHF FM PORTABLE RADIO-TK-2107                       ,8500 ,07/05/2021,RADIO                                             ,MFI-PIGGERY UNTAGA            ,PIGGERY UNTAGA-MAIN ADMIN                         
0079-0001765600022  ,COMPACT VHF FM PORTABLE RADIO-TK-2107                       ,8500 ,07/05/2021,RADIO                                             ,MFI-PIGGERY UNTAGA            ,PIGGERY UNTAGA-MAIN ADMIN                         
0079-0001765600023  ,COMPACT VHF FM PORTABLE RADIO-TK-2107                       ,8500 ,07/05/2021,RADIO                                             ,MFI-PIGGERY UNTAGA            ,PIGGERY UNTAGA-MAIN ADMIN                         
0079-0001765600024  ,COMPACT VHF FM PORTABLE RADIO-TK-2107                       ,8500 ,07/05/2021,RADIO                                             ,MFI-PIGGERY UNTAGA            ,PIGGERY UNTAGA-MAIN ADMIN                         
0079-0001765600025  ,COMPACT VHF FM PORTABLE RADIO-TK-2107                       ,8500 ,07/05/2021,RADIO                                             ,MFI-PIGGERY UNTAGA            ,PIGGERY UNTAGA-MAIN ADMIN                         
0079-0001765600026  ,COMPACT VHF FM PORTABLE RADIO-TK-2107                       ,8500 ,07/05/2021,RADIO                                             ,MFI-PIGGERY UNTAGA            ,PIGGERY UNTAGA-MAIN ADMIN                         
0079-0001765600027  ,COMPACT VHF FM PORTABLE RADIO-TK-2107                       ,8500 ,07/05/2021,RADIO                                             ,MFI-PIGGERY UNTAGA            ,PIGGERY UNTAGA-MAIN ADMIN                         
0079-0001765600028  ,COMPACT VHF FM PORTABLE RADIO-TK-2107                       ,8500 ,07/05/2021,RADIO                                             ,MFI-PIGGERY UNTAGA            ,PIGGERY UNTAGA-MAIN ADMIN                         
0079-0001765600029  ,COMPACT VHF FM PORTABLE RADIO-TK-2107                       ,8500 ,07/05/2021,RADIO                                             ,MFI-PIGGERY UNTAGA            ,PIGGERY UNTAGA-MAIN ADMIN                         
0079-0001765600030  ,COMPACT VHF FM PORTABLE RADIO-TK-2107                       ,8500 ,07/05/2021,RADIO                                             ,MFI-PIGGERY UNTAGA            ,PIGGERY UNTAGA-MAIN ADMIN                         
0079-0001765600031  ,COMPACT VHF FM PORTABLE RADIO-TK-2107                       ,8500 ,07/05/2021,RADIO                                             ,MFI-PIGGERY UNTAGA            ,PIGGERY UNTAGA-MAIN ADMIN                         
0079-0001765600032  ,COMPACT VHF FM PORTABLE RADIO-TK-2107                       ,8500 ,07/05/2021,RADIO                                             ,MFI-PIGGERY UNTAGA            ,PIGGERY UNTAGA-MAIN ADMIN                         
0079-0001765600033  ,COMPACT VHF FM PORTABLE RADIO-TK-2107                       ,8500 ,07/05/2021,RADIO                                             ,MFI-PIGGERY UNTAGA            ,PIGGERY UNTAGA-MAIN ADMIN                         
0079-0001765600034  ,COMPACT VHF FM PORTABLE RADIO-TK-2107                       ,8500 ,07/05/2021,RADIO                                             ,MFI-PIGGERY UNTAGA            ,PIGGERY UNTAGA-MAIN ADMIN                         
0079-0001765600035  ,COMPACT VHF FM PORTABLE RADIO-TK-2107                       ,8500 ,07/05/2021,RADIO                                             ,MFI-PIGGERY UNTAGA            ,PIGGERY UNTAGA-MAIN ADMIN                         
0079-0006502700001  ,ENGINE CUMMINS ENGINE 6BT5 9-C130                           ,29189,06/05/2021,MACHINE MOTOR                                     ,MFI-PIGGERY UNTAGA            ,PIGGERY UNTAGA-MAIN ADMIN                         
0079-0006354200014  ,D25+CARE (D25AL5NVF+)                                       ,22321,08/03/2021,MACHINE                                           ,MFI-PIGGERY UNTAGA            ,PIGGERY UNTAGA-MAIN ADMIN                         
0079-0006354200011  ,D25+CARE (D25AL5NVF+)                                       ,22321,08/03/2021,MACHINE                                           ,MFI-PIGGERY UNTAGA            ,PIGGERY UNTAGA-MAIN ADMIN                         
0079-0006354200012  ,D25+CARE (D25AL5NVF+)                                       ,22321,08/03/2021,MACHINE                                           ,MFI-PIGGERY UNTAGA            ,PIGGERY UNTAGA-MAIN ADMIN                         
0079-0006354200013  ,D25+CARE (D25AL5NVF+)                                       ,22321,08/03/2021,MACHINE                                           ,MFI-PIGGERY UNTAGA            ,PIGGERY UNTAGA-MAIN ADMIN                         
0079-0006368900005  ,NUTEX  DIGITAL HANGING SCALE                                ,24000,07/15/2021,SCALE                                             ,MFI-PIGGERY UNTAGA            ,PIGGERY UNTAGA-MAIN ADMIN                         
0079-0006368900006  ,NUTEX  DIGITAL HANGING SCALE                                ,24000,07/15/2021,SCALE                                             ,MFI-PIGGERY UNTAGA            ,PIGGERY UNTAGA-MAIN ADMIN                         
0079-0005458600010  ,KARCHER CLASSIC HIGH-PRESSURE CLEANERS HD 6/15-4 C          ,54425,07/15/2021,CLEANING DEVICE                                   ,MFI-PIGGERY UNTAGA            ,PIGGERY UNTAGA-MAIN ADMIN                         
0079-0005458600011  ,KARCHER CLASSIC HIGH-PRESSURE CLEANERS HD 6/15-4 C          ,54425,07/15/2021,CLEANING DEVICE                                   ,MFI-PIGGERY UNTAGA            ,PIGGERY UNTAGA-MAIN ADMIN                         
0079-0005570300001  ,RG-AP710-INDOOR 802.11AC ACCESS POINT                       ,5357.,07/22/2021,HUB                                               ,MFI-PIGGERY UNTAGA            ,PIGGERY UNTAGA-MAIN ADMIN                         
0079-0005570300002  ,RG-AP710-INDOOR 802.11AC ACCESS POINT                       ,5357.,07/22/2021,HUB                                               ,MIC-UBAY                      ,MIC-UBAY-FIXED ASSET DEPARTMENT                   
0079-0006807300001  ,SCHNEIDER BREAKER PANELBOARD FLOOR MOUNTED                  ,15081,07/30/2021,PANEL BOARD                                       ,MFI-PIGGERY UNTAGA            ,PIGGERY UNTAGA-MAIN ADMIN                         
0079-0004387500006  ,KARCHER PRESSURE WASHER                                     ,54425,08/05/2021,PRESSURE WASHER                                   ,MFI-PIGGERY UNTAGA            ,PIGGERY UNTAGA                                    
0079-0006354200001  ,D25+CARE (D25AL5NVF+)                                       ,22321,08/03/2021,MACHINE                                           ,MFI-PIGGERY UNTAGA            ,PIGGERY UNTAGA-MAIN ADMIN                         
0079-0006354200002  ,D25+CARE (D25AL5NVF+)                                       ,22321,08/03/2021,MACHINE                                           ,MFI-PIGGERY UNTAGA            ,PIGGERY UNTAGA-MAIN ADMIN                         
0079-0006354200003  ,D25+CARE (D25AL5NVF+)                                       ,22321,08/03/2021,MACHINE                                           ,MFI-PIGGERY UNTAGA            ,PIGGERY UNTAGA-MAIN ADMIN                         
0079-0006354200004  ,D25+CARE (D25AL5NVF+)                                       ,22321,08/03/2021,MACHINE                                           ,MFI-PIGGERY UNTAGA            ,PIGGERY UNTAGA-MAIN ADMIN                         
0079-0006354200005  ,D25+CARE (D25AL5NVF+)                                       ,22321,08/03/2021,MACHINE                                           ,MFI-PIGGERY UNTAGA            ,PIGGERY UNTAGA-MAIN ADMIN                         
0079-0006354200006  ,D25+CARE (D25AL5NVF+)                                       ,22321,08/03/2021,MACHINE                                           ,MFI-PIGGERY UNTAGA            ,PIGGERY UNTAGA-MAIN ADMIN                         
0079-0006354200007  ,D25+CARE (D25AL5NVF+)                                       ,22321,08/03/2021,MACHINE                                           ,MFI-PIGGERY UNTAGA            ,PIGGERY UNTAGA-MAIN ADMIN                         
0079-0006354200008  ,D25+CARE (D25AL5NVF+)                                       ,22321,08/03/2021,MACHINE                                           ,MFI-PIGGERY UNTAGA            ,PIGGERY UNTAGA-MAIN ADMIN                         
0079-0006354200009  ,D25+CARE (D25AL5NVF+)                                       ,22321,08/03/2021,MACHINE                                           ,MFI-PIGGERY UNTAGA            ,PIGGERY UNTAGA-MAIN ADMIN                         
0079-0006354200010  ,D25+CARE (D25AL5NVF+)                                       ,22321,08/03/2021,MACHINE                                           ,MFI-PIGGERY UNTAGA            ,PIGGERY UNTAGA-MAIN ADMIN                         
0079-0000357600001  ,TEST WEIGHT 25KG.                                           ,3125 ,08/02/2021,TEST WEIGHT                                       ,MFI-PIGGERY UNTAGA            ,PIGGERY UNTAGA-MAIN ADMIN                         
0079-0000357600002  ,TEST WEIGHT 25KG.                                           ,3125 ,08/02/2021,TEST WEIGHT                                       ,MFI-PIGGERY UNTAGA            ,PIGGERY UNTAGA-MAIN ADMIN                         
0079-0006354200015  ,D25+CARE (D25AL5NVF+)                                       ,22321,08/03/2021,MACHINE                                           ,MFI-PIGGERY UNTAGA            ,PIGGERY UNTAGA-MAIN ADMIN                         
0079-0006354200016  ,D25+CARE (D25AL5NVF+)                                       ,22321,08/03/2021,MACHINE                                           ,MFI-PIGGERY UNTAGA            ,PIGGERY UNTAGA-MAIN ADMIN                         
0079-0006354200017  ,D25+CARE (D25AL5NVF+)                                       ,22321,08/03/2021,MACHINE                                           ,MFI-PIGGERY UNTAGA            ,PIGGERY UNTAGA-MAIN ADMIN                         
0079-0006354200018  ,D25+CARE (D25AL5NVF+)                                       ,22321,08/03/2021,MACHINE                                           ,MFI-PIGGERY UNTAGA            ,PIGGERY UNTAGA-MAIN ADMIN                         
0079-0003200100003  ,KNAPSACK SPRAYER TUNGHO                                     ,2357.,08/02/2021,SPRAYER                                           ,MFI-PIGGERY UNTAGA            ,PIGGERY UNTAGA-MAIN ADMIN                         
0079-0003200100004  ,KNAPSACK SPRAYER TUNGHO                                     ,2357.,08/02/2021,SPRAYER                                           ,MFI-PIGGERY UNTAGA            ,PIGGERY UNTAGA-MAIN ADMIN                         
0079-0003200100005  ,KNAPSACK SPRAYER TUNGHO                                     ,2357.,08/13/2021,SPRAYER                                           ,MFI-PIGGERY UNTAGA            ,PIGGERY UNTAGA-MAIN ADMIN                         
0079-0003200100006  ,KNAPSACK SPRAYER TUNGHO                                     ,2357.,08/13/2021,SPRAYER                                           ,MFI-PIGGERY UNTAGA            ,PIGGERY UNTAGA-MAIN ADMIN                         
0079-0003200100007  ,KNAPSACK SPRAYER TUNGHO                                     ,2357.,08/13/2021,SPRAYER                                           ,MFI-PIGGERY UNTAGA            ,PIGGERY UNTAGA-MAIN ADMIN                         
0079-0004242300002  ,AKITA WEIGHING SCALE 60KG                                   ,2320 ,07/01/2021,WEIGHING SCALE                                    ,MFI-PIGGERY UNTAGA            ,PIGGERY UNTAGA-MAIN ADMIN                         
0079-0002821000001  ,CISCO LINKSYS E1200 SINGLE BAND WIFI 4 ROUTER               ,1350 ,07/02/2021,ROUTER                                            ,MFI-PIGGERY UNTAGA            ,PIGGERY UNTAGA-MAIN ADMIN                         
0079-0006611800002  ,FLAT SCREEN TV 32""                                          ,8839.,08/19/2021,TV                                                ,MFI-PIGGERY UNTAGA            ,PIGGERY UNTAGA-MAIN ADMIN                         
0079-0005458600012  ,KARCHER CLASSIC HIGH-PRESSURE CLEANERS HD 6/15-4 C          ,54425,09/01/2021,CLEANING DEVICE                                   ,MFI-PIGGERY UNTAGA            ,PIGGERY UNTAGA-MAIN ADMIN                         
0079-0005458600013  ,KARCHER CLASSIC HIGH-PRESSURE CLEANERS HD 6/15-4 C          ,54425,09/01/2021,CLEANING DEVICE                                   ,MFI-PIGGERY UNTAGA            ,PIGGERY UNTAGA-MAIN ADMIN                         
0079-0005458600014  ,KARCHER CLASSIC HIGH-PRESSURE CLEANERS HD 6/15-4 C          ,54425,09/01/2021,CLEANING DEVICE                                   ,MFI-PIGGERY UNTAGA            ,PIGGERY UNTAGA-MAIN ADMIN                         
0079-0005458600015  ,KARCHER CLASSIC HIGH-PRESSURE CLEANERS HD 6/15-4 C          ,54425,09/01/2021,CLEANING DEVICE                                   ,MFI-PIGGERY UNTAGA            ,PIGGERY UNTAGA-MAIN ADMIN                         
0079-0006354200019  ,D25+CARE (D25AL5NVF+)                                       ,22321,09/01/2021,MACHINE                                           ,MFI-PIGGERY UNTAGA            ,PIGGERY UNTAGA-MAIN ADMIN                         
0079-0006354200020  ,D25+CARE (D25AL5NVF+)                                       ,22321,09/01/2021,MACHINE                                           ,MFI-PIGGERY UNTAGA            ,PIGGERY UNTAGA-MAIN ADMIN                         
0079-0006354200021  ,D25+CARE (D25AL5NVF+)                                       ,22321,09/01/2021,MACHINE                                           ,MFI-PIGGERY UNTAGA            ,PIGGERY UNTAGA-MAIN ADMIN                         
0079-0006354200022  ,D25+CARE (D25AL5NVF+)                                       ,22321,09/01/2021,MACHINE                                           ,MFI-PIGGERY UNTAGA            ,PIGGERY UNTAGA-MAIN ADMIN                         
0079-0006354200023  ,D25+CARE (D25AL5NVF+)                                       ,22321,09/01/2021,MACHINE                                           ,MFI-PIGGERY UNTAGA            ,PIGGERY UNTAGA-MAIN ADMIN                         
0079-0006354200024  ,D25+CARE (D25AL5NVF+)                                       ,22321,09/01/2021,MACHINE                                           ,MFI-PIGGERY UNTAGA            ,PIGGERY UNTAGA-MAIN ADMIN                         
0079-0006354200025  ,D25+CARE (D25AL5NVF+)                                       ,22321,09/01/2021,MACHINE                                           ,MFI-PIGGERY UNTAGA            ,PIGGERY UNTAGA-MAIN ADMIN                         
0079-0006354200026  ,D25+CARE (D25AL5NVF+)                                       ,22321,09/01/2021,MACHINE                                           ,MFI-PIGGERY UNTAGA            ,PIGGERY UNTAGA-MAIN ADMIN                         
0079-0006354200027  ,D25+CARE (D25AL5NVF+)                                       ,22321,09/01/2021,MACHINE                                           ,MFI-PIGGERY UNTAGA            ,PIGGERY UNTAGA-MAIN ADMIN                         
0079-0006354200028  ,D25+CARE (D25AL5NVF+)                                       ,22321,09/01/2021,MACHINE                                           ,MFI-PIGGERY UNTAGA            ,PIGGERY UNTAGA-MAIN ADMIN                         
0079-0006354200029  ,D25+CARE (D25AL5NVF+)                                       ,22321,09/01/2021,MACHINE                                           ,MFI-PIGGERY UNTAGA            ,PIGGERY UNTAGA-MAIN ADMIN                         
0079-0006354200030  ,D25+CARE (D25AL5NVF+)                                       ,22321,09/01/2021,MACHINE                                           ,MFI-PIGGERY UNTAGA            ,PIGGERY UNTAGA-MAIN ADMIN                         
0079-0004579900001  ,EBARA END SUCTION CENTRIFUGAL PUMP                          ,91964,09/24/2021,PUMP                                              ,MFI-PIGGERY UNTAGA            ,PIGGERY UNTAGA-MAIN ADMIN                         
0079-0004579900002  ,EBARA END SUCTION CENTRIFUGAL PUMP                          ,91964,09/24/2021,PUMP                                              ,MFI-PIGGERY UNTAGA            ,PIGGERY UNTAGA-MAIN ADMIN                         
0079-0004579900003  ,EBARA END SUCTION CENTRIFUGAL PUMP                          ,91964,09/24/2021,PUMP                                              ,MFI-PIGGERY UNTAGA            ,PIGGERY UNTAGA-MAIN ADMIN                         
0079-0004173100001  ,POWER SPRAYER 2HP(WL25 ASBC)                                ,23500,09/24/2021,POWER SPRAYER                                     ,MFI-PIGGERY UNTAGA            ,PIGGERY UNTAGA-MAIN ADMIN                         
0079-0004173100002  ,POWER SPRAYER 2HP(WL25 ASBC)                                ,23500,09/24/2021,POWER SPRAYER                                     ,MFI-PIGGERY UNTAGA            ,PIGGERY UNTAGA-MAIN ADMIN                         
0079-0004173100003  ,POWER SPRAYER 2HP(WL25 ASBC)                                ,23500,09/24/2021,POWER SPRAYER                                     ,MFI-PIGGERY UNTAGA            ,PIGGERY UNTAGA-MAIN ADMIN                         
0079-0004173100004  ,POWER SPRAYER 2HP(WL25 ASBC)                                ,23500,09/24/2021,POWER SPRAYER                                     ,MFI-PIGGERY UNTAGA            ,PIGGERY UNTAGA-MAIN ADMIN                         
0079-0004173100005  ,POWER SPRAYER 2HP(WL25 ASBC)                                ,23500,09/24/2021,POWER SPRAYER                                     ,MFI-PIGGERY UNTAGA            ,PIGGERY UNTAGA-MAIN ADMIN                         
0079-0004173100006  ,POWER SPRAYER 2HP(WL25 ASBC)                                ,23500,09/24/2021,POWER SPRAYER                                     ,MFI-PIGGERY UNTAGA            ,PIGGERY UNTAGA-MAIN ADMIN                         
0079-0004173100007  ,POWER SPRAYER 2HP(WL25 ASBC)                                ,23500,09/24/2021,POWER SPRAYER                                     ,MFI-PIGGERY UNTAGA            ,PIGGERY UNTAGA-MAIN ADMIN                         
0079-0004173100008  ,POWER SPRAYER 2HP(WL25 ASBC)                                ,23500,09/24/2021,POWER SPRAYER                                     ,MFI-PIGGERY UNTAGA            ,PIGGERY UNTAGA-MAIN ADMIN                         
0079-0004173100009  ,POWER SPRAYER 2HP(WL25 ASBC)                                ,23500,09/24/2021,POWER SPRAYER                                     ,MFI-PIGGERY UNTAGA            ,PIGGERY UNTAGA-MAIN ADMIN                         
0079-0004173100010  ,POWER SPRAYER 2HP(WL25 ASBC)                                ,23500,09/24/2021,POWER SPRAYER                                     ,MFI-PIGGERY UNTAGA            ,PIGGERY UNTAGA-MAIN ADMIN                         
0079-0005560500002  ,DEWALT COMPACT DRILL                                        ,14598,09/24/2021,DRILL                                             ,MFI-PIGGERY UNTAGA            ,PIGGERY UNTAGA-MAIN ADMIN                         
0079-0006982200001  ,40 FOOTER SKELETAL CHASSIS TRI AXLE                         ,40000,09/24/2021,TRAILER                                           ,MFI-PIGGERY UNTAGA            ,PIGGERY UNTAGA-MAIN ADMIN                         
0079-0006982200002  ,40 FOOTER SKELETAL CHASSIS TRI AXLE                         ,40000,09/24/2021,TRAILER                                           ,MFI-PIGGERY UNTAGA            ,PIGGERY UNTAGA-MAIN ADMIN                         
0079-0006982200003  ,40 FOOTER SKELETAL CHASSIS TRI AXLE                         ,40000,09/24/2021,TRAILER                                           ,MFI-PIGGERY UNTAGA            ,PIGGERY UNTAGA-MAIN ADMIN                         
0079-0006982200004  ,40 FOOTER SKELETAL CHASSIS TRI AXLE                         ,40000,09/24/2021,TRAILER                                           ,MFI-PIGGERY UNTAGA            ,PIGGERY UNTAGA-MAIN ADMIN                         
0079-0003757900002  ,APC BX-650LI/MS BACK-UPS 650VA                              ,2053.,09/22/2021,UPS                                               ,MFI-PIGGERY UNTAGA            ,PIGGERY UNTAGA-MAIN ADMIN                         
0079-0006827600001  ,ICONIX ELECTRONIC WEIGHING SCALE MODEL FX-21 2000K          ,19678,10/01/2021,WEIGHING SCALE                                    ,MFI-PIGGERY UNTAGA            ,PIGGERY UNTAGA-MAIN ADMIN                         
0079-0006643100002  ,ES2413EAHTVFD3-400 W/PCO200 RATED 24GPM @1300 PSI           ,21612,09/30/2021,PRESSURE WASHER                                   ,MFI-PIGGERY UNTAGA            ,PIGGERY UNTAGA                                    
0079-0004579900004  ,EBARA END SUCTION CENTRIFUGAL PUMP                          ,91964,10/01/2021,PUMP                                              ,MFI-PIGGERY UNTAGA            ,PIGGERY UNTAGA-MAIN ADMIN                         
0079-0004579900005  ,EBARA END SUCTION CENTRIFUGAL PUMP                          ,91964,10/01/2021,PUMP                                              ,MFI-PIGGERY UNTAGA            ,PIGGERY UNTAGA-MAIN ADMIN                         
0079-0006688400001  ,BATTERY CHARGER 30AMPS/240V                                 ,9050 ,09/24/2021,OTHERS                                            ,MFI-PIGGERY UNTAGA            ,PIGGERY UNTAGA-MAIN ADMIN                         
0079-0006842900001  ,INDUSTRIAL GENERATOR SET WEICHAI                            ,12000,10/27/2021,GENERATOR                                         ,MFI-PIGGERY UNTAGA            ,PIGGERY UNTAGA-MAIN ADMIN                         
0079-0006354200031  ,D25+CARE (D25AL5NVF+)                                       ,22321,11/01/2021,MACHINE                                           ,MFI-PIGGERY UNTAGA            ,PIGGERY UNTAGA-MAIN ADMIN                         
0079-0006354200032  ,D25+CARE (D25AL5NVF+)                                       ,22321,11/01/2021,MACHINE                                           ,MFI-PIGGERY UNTAGA            ,PIGGERY UNTAGA-MAIN ADMIN                         
0079-0006354200033  ,D25+CARE (D25AL5NVF+)                                       ,22321,11/01/2021,MACHINE                                           ,MFI-PIGGERY UNTAGA            ,PIGGERY UNTAGA-MAIN ADMIN                         
0079-0006354200034  ,D25+CARE (D25AL5NVF+)                                       ,22321,11/01/2021,MACHINE                                           ,MFI-PIGGERY UNTAGA            ,PIGGERY UNTAGA-MAIN ADMIN                         
0079-0006354200035  ,D25+CARE (D25AL5NVF+)                                       ,22321,11/01/2021,MACHINE                                           ,MFI-PIGGERY UNTAGA            ,PIGGERY UNTAGA-MAIN ADMIN                         
0079-0006354200036  ,D25+CARE (D25AL5NVF+)                                       ,22321,11/01/2021,MACHINE                                           ,MFI-PIGGERY UNTAGA            ,PIGGERY UNTAGA-MAIN ADMIN                         
0079-0006748000002  ,MOBILE TRI BAND 2G/3G/4G LTE CELLPHONE SIGNAL REPE          ,4751 ,06/23/2021,STORE EQUIPMENT                                   ,MFI-PIGGERY UNTAGA            ,PIGGERY UNTAGA-MAIN ADMIN                         
0079-0007147100001  ,USHOWCASE FUJIDENZO SU140A                                  ,25450,11/19/2021,CHILLER                                           ,MFI-PIGGERY UNTAGA            ,PIGGERY UNTAGA-MAIN ADMIN                         
0079-0006571700001  ,BF 50 ON/OFF CONE WITH AIR SHUTTER                          ,61377,06/15/2021,BUILDING                                          ,MFI-PIGGERY UNTAGA            ,PIGGERY UNTAGA-MAIN ADMIN                         
0079-0002506900001  ,10 LBS CAPACITY PORTABLE FIRE EXTINGUISHER HCFC 12          ,6883.,01/19/2022,FIRE EXTINGUISHER                                 ,MFI-PIGGERY UNTAGA            ,PIGGERY UNTAGA-MAINTENANCE WAREHOUSE              
0079-0002506900002  ,10 LBS CAPACITY PORTABLE FIRE EXTINGUISHER HCFC 12          ,6883.,01/19/2022,FIRE EXTINGUISHER                                 ,MFI-PIGGERY UNTAGA            ,PIGGERY UNTAGA-MAINTENANCE WAREHOUSE              
0079-0002506900003  ,10 LBS CAPACITY PORTABLE FIRE EXTINGUISHER HCFC 12          ,6883.,01/19/2022,FIRE EXTINGUISHER                                 ,MFI-PIGGERY UNTAGA            ,PIGGERY UNTAGA-MAINTENANCE WAREHOUSE              
0079-0002506900004  ,10 LBS CAPACITY PORTABLE FIRE EXTINGUISHER HCFC 12          ,6883.,01/19/2022,FIRE EXTINGUISHER                                 ,MFI-PIGGERY UNTAGA            ,PIGGERY UNTAGA-MAINTENANCE WAREHOUSE              
0079-0002506900005  ,10 LBS CAPACITY PORTABLE FIRE EXTINGUISHER HCFC 12          ,6883.,01/19/2022,FIRE EXTINGUISHER                                 ,MFI-PIGGERY UNTAGA            ,PIGGERY UNTAGA-MAINTENANCE WAREHOUSE              
0079-0002506900006  ,10 LBS CAPACITY PORTABLE FIRE EXTINGUISHER HCFC 12          ,6883.,01/19/2022,FIRE EXTINGUISHER                                 ,MFI-PIGGERY UNTAGA            ,PIGGERY UNTAGA-MAINTENANCE WAREHOUSE              
0079-0002506900007  ,10 LBS CAPACITY PORTABLE FIRE EXTINGUISHER HCFC 12          ,6883.,01/19/2022,FIRE EXTINGUISHER                                 ,MFI-PIGGERY UNTAGA            ,PIGGERY UNTAGA-MAINTENANCE WAREHOUSE              
0079-0002506900008  ,10 LBS CAPACITY PORTABLE FIRE EXTINGUISHER HCFC 12          ,6883.,01/19/2022,FIRE EXTINGUISHER                                 ,MFI-PIGGERY UNTAGA            ,PIGGERY UNTAGA-MAINTENANCE WAREHOUSE              
0079-0002506900009  ,10 LBS CAPACITY PORTABLE FIRE EXTINGUISHER HCFC 12          ,6883.,01/19/2022,FIRE EXTINGUISHER                                 ,MFI-PIGGERY UNTAGA            ,PIGGERY UNTAGA-MAINTENANCE WAREHOUSE              
0079-0002506900010  ,10 LBS CAPACITY PORTABLE FIRE EXTINGUISHER HCFC 12          ,6883.,01/19/2022,FIRE EXTINGUISHER                                 ,MFI-PIGGERY UNTAGA            ,PIGGERY UNTAGA-MAINTENANCE WAREHOUSE              
0079-0002506900011  ,10 LBS CAPACITY PORTABLE FIRE EXTINGUISHER HCFC 12          ,6883.,01/19/2022,FIRE EXTINGUISHER                                 ,MFI-PIGGERY UNTAGA            ,PIGGERY UNTAGA-MAINTENANCE WAREHOUSE              
0079-0002506900012  ,10 LBS CAPACITY PORTABLE FIRE EXTINGUISHER HCFC 12          ,6883.,01/19/2022,FIRE EXTINGUISHER                                 ,MFI-PIGGERY UNTAGA            ,PIGGERY UNTAGA-MAINTENANCE WAREHOUSE              
0079-0002506900013  ,10 LBS CAPACITY PORTABLE FIRE EXTINGUISHER HCFC 12          ,6883.,01/19/2022,FIRE EXTINGUISHER                                 ,MFI-PIGGERY UNTAGA            ,PIGGERY UNTAGA-MAINTENANCE WAREHOUSE              
0079-0002506900014  ,10 LBS CAPACITY PORTABLE FIRE EXTINGUISHER HCFC 12          ,6883.,01/19/2022,FIRE EXTINGUISHER                                 ,MFI-PIGGERY UNTAGA            ,PIGGERY UNTAGA-MAINTENANCE WAREHOUSE              
0079-0002506900015  ,10 LBS CAPACITY PORTABLE FIRE EXTINGUISHER HCFC 12          ,6883.,01/19/2022,FIRE EXTINGUISHER                                 ,MFI-PIGGERY UNTAGA            ,PIGGERY UNTAGA-MAINTENANCE WAREHOUSE              
0079-0002506900016  ,10 LBS CAPACITY PORTABLE FIRE EXTINGUISHER HCFC 12          ,6883.,01/19/2022,FIRE EXTINGUISHER                                 ,MFI-PIGGERY UNTAGA            ,PIGGERY UNTAGA-MAINTENANCE WAREHOUSE              
0079-0002506900017  ,10 LBS CAPACITY PORTABLE FIRE EXTINGUISHER HCFC 12          ,6883.,01/19/2022,FIRE EXTINGUISHER                                 ,MFI-PIGGERY UNTAGA            ,PIGGERY UNTAGA-MAINTENANCE WAREHOUSE              
0079-0002506900018  ,10 LBS CAPACITY PORTABLE FIRE EXTINGUISHER HCFC 12          ,6883.,01/19/2022,FIRE EXTINGUISHER                                 ,MFI-PIGGERY UNTAGA            ,PIGGERY UNTAGA-MAINTENANCE WAREHOUSE              
0079-0002506900019  ,10 LBS CAPACITY PORTABLE FIRE EXTINGUISHER HCFC 12          ,6883.,01/19/2022,FIRE EXTINGUISHER                                 ,MFI-PIGGERY UNTAGA            ,PIGGERY UNTAGA-MAINTENANCE WAREHOUSE              
0079-0002506900020  ,10 LBS CAPACITY PORTABLE FIRE EXTINGUISHER HCFC 12          ,6883.,01/19/2022,FIRE EXTINGUISHER                                 ,MFI-PIGGERY UNTAGA            ,PIGGERY UNTAGA-MAINTENANCE WAREHOUSE              
0079-0002506900021  ,10 LBS CAPACITY PORTABLE FIRE EXTINGUISHER HCFC 12          ,6883.,01/19/2022,FIRE EXTINGUISHER                                 ,MFI-PIGGERY UNTAGA            ,PIGGERY UNTAGA-MAINTENANCE WAREHOUSE              
0079-0002506900022  ,10 LBS CAPACITY PORTABLE FIRE EXTINGUISHER HCFC 12          ,6883.,01/19/2022,FIRE EXTINGUISHER                                 ,MFI-PIGGERY UNTAGA            ,PIGGERY UNTAGA-MAINTENANCE WAREHOUSE              
0079-0002506900023  ,10 LBS CAPACITY PORTABLE FIRE EXTINGUISHER HCFC 12          ,6883.,01/19/2022,FIRE EXTINGUISHER                                 ,MFI-PIGGERY UNTAGA            ,PIGGERY UNTAGA-MAINTENANCE WAREHOUSE              
0079-0002506900024  ,10 LBS CAPACITY PORTABLE FIRE EXTINGUISHER HCFC 12          ,6883.,01/19/2022,FIRE EXTINGUISHER                                 ,MFI-PIGGERY UNTAGA            ,PIGGERY UNTAGA-MAINTENANCE WAREHOUSE              
0079-0002506900025  ,10 LBS CAPACITY PORTABLE FIRE EXTINGUISHER HCFC 12          ,6883.,01/19/2022,FIRE EXTINGUISHER                                 ,MFI-PIGGERY UNTAGA            ,PIGGERY UNTAGA-MAINTENANCE WAREHOUSE              
0079-0002506900026  ,10 LBS CAPACITY PORTABLE FIRE EXTINGUISHER HCFC 12          ,6883.,01/19/2022,FIRE EXTINGUISHER                                 ,MFI-PIGGERY UNTAGA            ,PIGGERY UNTAGA-MAINTENANCE WAREHOUSE              
0079-0002506900027  ,10 LBS CAPACITY PORTABLE FIRE EXTINGUISHER HCFC 12          ,6883.,01/19/2022,FIRE EXTINGUISHER                                 ,MFI-PIGGERY UNTAGA            ,PIGGERY UNTAGA-MAINTENANCE WAREHOUSE              
0079-0002506900028  ,10 LBS CAPACITY PORTABLE FIRE EXTINGUISHER HCFC 12          ,6883.,01/19/2022,FIRE EXTINGUISHER                                 ,MFI-PIGGERY UNTAGA            ,PIGGERY UNTAGA-MAINTENANCE WAREHOUSE              
0079-0002506900029  ,10 LBS CAPACITY PORTABLE FIRE EXTINGUISHER HCFC 12          ,6883.,01/19/2022,FIRE EXTINGUISHER                                 ,MFI-PIGGERY UNTAGA            ,PIGGERY UNTAGA-MAINTENANCE WAREHOUSE              
0079-0002506900030  ,10 LBS CAPACITY PORTABLE FIRE EXTINGUISHER HCFC 12          ,6883.,01/19/2022,FIRE EXTINGUISHER                                 ,MFI-PIGGERY UNTAGA            ,PIGGERY UNTAGA-MAINTENANCE WAREHOUSE              
0079-0002506900031  ,10 LBS CAPACITY PORTABLE FIRE EXTINGUISHER HCFC 12          ,6883.,01/19/2022,FIRE EXTINGUISHER                                 ,MFI-PIGGERY UNTAGA            ,PIGGERY UNTAGA-MAINTENANCE WAREHOUSE              
0079-0002506900032  ,10 LBS CAPACITY PORTABLE FIRE EXTINGUISHER HCFC 12          ,6883.,01/19/2022,FIRE EXTINGUISHER                                 ,MFI-PIGGERY UNTAGA            ,PIGGERY UNTAGA-MAINTENANCE WAREHOUSE              
0079-0002506900033  ,10 LBS CAPACITY PORTABLE FIRE EXTINGUISHER HCFC 12          ,6883.,01/19/2022,FIRE EXTINGUISHER                                 ,MFI-PIGGERY UNTAGA            ,PIGGERY UNTAGA-MAINTENANCE WAREHOUSE              
0079-0002506900034  ,10 LBS CAPACITY PORTABLE FIRE EXTINGUISHER HCFC 12          ,6883.,01/19/2022,FIRE EXTINGUISHER                                 ,MFI-PIGGERY UNTAGA            ,PIGGERY UNTAGA-MAINTENANCE WAREHOUSE              
0079-0002506900035  ,10 LBS CAPACITY PORTABLE FIRE EXTINGUISHER HCFC 12          ,6883.,01/19/2022,FIRE EXTINGUISHER                                 ,MFI-PIGGERY UNTAGA            ,PIGGERY UNTAGA-MAINTENANCE WAREHOUSE              
0079-0002506900036  ,10 LBS CAPACITY PORTABLE FIRE EXTINGUISHER HCFC 12          ,6883.,01/19/2022,FIRE EXTINGUISHER                                 ,MFI-PIGGERY UNTAGA            ,PIGGERY UNTAGA-MAINTENANCE WAREHOUSE              
0079-0002506900037  ,10 LBS CAPACITY PORTABLE FIRE EXTINGUISHER HCFC 12          ,6883.,01/19/2022,FIRE EXTINGUISHER                                 ,MFI-PIGGERY UNTAGA            ,PIGGERY UNTAGA-MAINTENANCE WAREHOUSE              
0079-0002506900038  ,10 LBS CAPACITY PORTABLE FIRE EXTINGUISHER HCFC 12          ,6883.,01/19/2022,FIRE EXTINGUISHER                                 ,MFI-PIGGERY UNTAGA            ,PIGGERY UNTAGA-MAINTENANCE WAREHOUSE              
0079-0002506900039  ,10 LBS CAPACITY PORTABLE FIRE EXTINGUISHER HCFC 12          ,6883.,01/19/2022,FIRE EXTINGUISHER                                 ,MFI-PIGGERY UNTAGA            ,PIGGERY UNTAGA-MAINTENANCE WAREHOUSE              
0079-0002506900040  ,10 LBS CAPACITY PORTABLE FIRE EXTINGUISHER HCFC 12          ,6883.,01/19/2022,FIRE EXTINGUISHER                                 ,MFI-PIGGERY UNTAGA            ,PIGGERY UNTAGA-MAINTENANCE WAREHOUSE              
0079-0002506900041  ,10 LBS CAPACITY PORTABLE FIRE EXTINGUISHER HCFC 12          ,6883.,01/19/2022,FIRE EXTINGUISHER                                 ,MFI-PIGGERY UNTAGA            ,PIGGERY UNTAGA-MAINTENANCE WAREHOUSE              
0079-0002506900042  ,10 LBS CAPACITY PORTABLE FIRE EXTINGUISHER HCFC 12          ,6883.,01/19/2022,FIRE EXTINGUISHER                                 ,MFI-PIGGERY UNTAGA            ,PIGGERY UNTAGA-MAINTENANCE WAREHOUSE              
0079-0002506900043  ,10 LBS CAPACITY PORTABLE FIRE EXTINGUISHER HCFC 12          ,6883.,01/19/2022,FIRE EXTINGUISHER                                 ,MFI-PIGGERY UNTAGA            ,PIGGERY UNTAGA-MAINTENANCE WAREHOUSE              
0079-0002506900044  ,10 LBS CAPACITY PORTABLE FIRE EXTINGUISHER HCFC 12          ,6883.,01/19/2022,FIRE EXTINGUISHER                                 ,MFI-PIGGERY UNTAGA            ,PIGGERY UNTAGA-MAINTENANCE WAREHOUSE              
0079-0002506900045  ,10 LBS CAPACITY PORTABLE FIRE EXTINGUISHER HCFC 12          ,6883.,01/19/2022,FIRE EXTINGUISHER                                 ,MFI-PIGGERY UNTAGA            ,PIGGERY UNTAGA-MAINTENANCE WAREHOUSE              
0079-0002506900046  ,10 LBS CAPACITY PORTABLE FIRE EXTINGUISHER HCFC 12          ,6883.,01/19/2022,FIRE EXTINGUISHER                                 ,MFI-PIGGERY UNTAGA            ,PIGGERY UNTAGA-MAINTENANCE WAREHOUSE              
0079-0002506900047  ,10 LBS CAPACITY PORTABLE FIRE EXTINGUISHER HCFC 12          ,6883.,01/19/2022,FIRE EXTINGUISHER                                 ,MFI-PIGGERY UNTAGA            ,PIGGERY UNTAGA-MAINTENANCE WAREHOUSE              
0079-0002506900048  ,10 LBS CAPACITY PORTABLE FIRE EXTINGUISHER HCFC 12          ,6883.,01/19/2022,FIRE EXTINGUISHER                                 ,MFI-PIGGERY UNTAGA            ,PIGGERY UNTAGA-MAINTENANCE WAREHOUSE              
0079-0002506900049  ,10 LBS CAPACITY PORTABLE FIRE EXTINGUISHER HCFC 12          ,6883.,01/19/2022,FIRE EXTINGUISHER                                 ,MFI-PIGGERY UNTAGA            ,PIGGERY UNTAGA-MAINTENANCE WAREHOUSE              
0079-0002506900050  ,10 LBS CAPACITY PORTABLE FIRE EXTINGUISHER HCFC 12          ,6883.,01/19/2022,FIRE EXTINGUISHER                                 ,MFI-PIGGERY UNTAGA            ,PIGGERY UNTAGA-MAINTENANCE WAREHOUSE              
0079-0002506900051  ,10 LBS CAPACITY PORTABLE FIRE EXTINGUISHER HCFC 12          ,6883.,01/19/2022,FIRE EXTINGUISHER                                 ,MFI-PIGGERY UNTAGA            ,PIGGERY UNTAGA-MAINTENANCE WAREHOUSE              
0079-0002506900052  ,10 LBS CAPACITY PORTABLE FIRE EXTINGUISHER HCFC 12          ,6883.,01/19/2022,FIRE EXTINGUISHER                                 ,MFI-PIGGERY UNTAGA            ,PIGGERY UNTAGA-MAINTENANCE WAREHOUSE              
0079-0002506900053  ,10 LBS CAPACITY PORTABLE FIRE EXTINGUISHER HCFC 12          ,6883.,01/19/2022,FIRE EXTINGUISHER                                 ,MFI-PIGGERY UNTAGA            ,PIGGERY UNTAGA-MAINTENANCE WAREHOUSE              
0079-0002506900054  ,10 LBS CAPACITY PORTABLE FIRE EXTINGUISHER HCFC 12          ,6883.,01/19/2022,FIRE EXTINGUISHER                                 ,MFI-PIGGERY UNTAGA            ,PIGGERY UNTAGA-MAINTENANCE WAREHOUSE              
0079-0002506900055  ,10 LBS CAPACITY PORTABLE FIRE EXTINGUISHER HCFC 12          ,6883.,01/19/2022,FIRE EXTINGUISHER                                 ,MFI-PIGGERY UNTAGA            ,PIGGERY UNTAGA-MAINTENANCE WAREHOUSE              
0079-0002506900056  ,10 LBS CAPACITY PORTABLE FIRE EXTINGUISHER HCFC 12          ,6883.,01/19/2022,FIRE EXTINGUISHER                                 ,MFI-PIGGERY UNTAGA            ,PIGGERY UNTAGA-MAINTENANCE WAREHOUSE              
0079-0007207800001  ,CISCO  SG300-10SFP 10-PORT GIGABIT                          ,20833,01/19/2022,NETWORK SWITCH                                    ,MFI-PIGGERY UNTAGA            ,PIGGERY UNTAGA-MAIN ADMIN                         
0079-0007207800002  ,CISCO  SG300-10SFP 10-PORT GIGABIT                          ,20833,01/19/2022,NETWORK SWITCH                                    ,MFI-PIGGERY UNTAGA            ,PIGGERY UNTAGA-MAIN ADMIN                         
0079-0007209300001  ,RG-S2910-10GT2SFP-P-E 10 PORTS OF 10/100/1OOO BASE          ,23871,01/19/2022,NETWORK SWITCH                                    ,MFI-PIGGERY UNTAGA            ,PIGGERY UNTAGA-MAIN ADMIN                         
0079-0007209300002  ,RG-S2910-10GT2SFP-P-E 10 PORTS OF 10/100/1OOO BASE          ,23871,01/19/2022,NETWORK SWITCH                                    ,MFI-PIGGERY UNTAGA            ,PIGGERY UNTAGA-MAIN ADMIN                         
0079-0007209300003  ,RG-S2910-10GT2SFP-P-E 10 PORTS OF 10/100/1OOO BASE          ,23871,01/19/2022,NETWORK SWITCH                                    ,MFI-PIGGERY UNTAGA            ,PIGGERY UNTAGA-MAIN ADMIN                         
0079-0007209300004  ,RG-S2910-10GT2SFP-P-E 10 PORTS OF 10/100/1OOO BASE          ,23871,01/19/2022,NETWORK SWITCH                                    ,MFI-PIGGERY UNTAGA            ,PIGGERY UNTAGA-MAIN ADMIN                         
0079-0007209300005  ,RG-S2910-10GT2SFP-P-E 10 PORTS OF 10/100/1OOO BASE          ,23871,01/19/2022,NETWORK SWITCH                                    ,MFI-PIGGERY UNTAGA            ,PIGGERY UNTAGA-MAIN ADMIN                         
0079-0007209300006  ,RG-S2910-10GT2SFP-P-E 10 PORTS OF 10/100/1OOO BASE          ,23871,01/19/2022,NETWORK SWITCH                                    ,MFI-PIGGERY UNTAGA            ,PIGGERY UNTAGA-MAIN ADMIN                         
0079-0007067000001  ,STEEL LOCKER CABINET(STANDARD) 32 DOORS 8""X8""               ,12455,01/02/2022,LOCKER                                            ,MFI-BREEDER RIZAL BILAR       ,BRB-RIZAL ADMIN                                   
0079-0007067000002  ,STEEL LOCKER CABINET(STANDARD) 32 DOORS 8""X8""               ,12455,01/02/2022,LOCKER                                            ,MFI-BREEDER RIZAL BILAR       ,BRB-RIZAL ADMIN                                   
0079-0007067000003  ,STEEL LOCKER CABINET(STANDARD) 32 DOORS 8""X8""               ,12455,01/02/2022,LOCKER                                            ,MFI-PIGGERY UNTAGA            ,PIGGERY UNTAGA-MAIN ADMIN                         
0079-0007067000004  ,STEEL LOCKER CABINET(STANDARD) 32 DOORS 8""X8""               ,12455,01/02/2022,LOCKER                                            ,MFI-PIGGERY UNTAGA            ,PIGGERY UNTAGA-MAIN ADMIN                         
0079-0007067000005  ,STEEL LOCKER CABINET(STANDARD) 32 DOORS 8""X8""               ,12455,01/02/2022,LOCKER                                            ,MFI-PIGGERY UNTAGA            ,PIGGERY UNTAGA-MAIN ADMIN                         
0079-0007067000006  ,STEEL LOCKER CABINET(STANDARD) 32 DOORS 8""X8""               ,12455,01/02/2022,LOCKER                                            ,MFI-PIGGERY UNTAGA            ,PIGGERY UNTAGA-MAIN ADMIN                         
0079-0007067000007  ,STEEL LOCKER CABINET(STANDARD) 32 DOORS 8""X8""               ,12455,01/02/2022,LOCKER                                            ,MFI-PIGGERY UNTAGA            ,PIGGERY UNTAGA-MAIN ADMIN                         
0079-0007067000008  ,STEEL LOCKER CABINET(STANDARD) 32 DOORS 8""X8""               ,12455,01/02/2022,LOCKER                                            ,MFI-PIGGERY UNTAGA            ,PIGGERY UNTAGA-MAIN ADMIN                         
0079-0007067000009  ,STEEL LOCKER CABINET(STANDARD) 32 DOORS 8""X8""               ,12455,01/02/2022,LOCKER                                            ,MFI-PIGGERY UNTAGA            ,PIGGERY UNTAGA-MAIN ADMIN                         
0079-0007067000010  ,STEEL LOCKER CABINET(STANDARD) 32 DOORS 8""X8""               ,12455,01/02/2022,LOCKER                                            ,MFI-PIGGERY UNTAGA            ,PIGGERY UNTAGA-MAIN ADMIN                         
0079-0007067000011  ,STEEL LOCKER CABINET(STANDARD) 32 DOORS 8""X8""               ,12455,01/02/2022,LOCKER                                            ,MFI-PIGGERY UNTAGA            ,PIGGERY UNTAGA-MAIN ADMIN                         
0079-0007067000012  ,STEEL LOCKER CABINET(STANDARD) 32 DOORS 8""X8""               ,12455,01/02/2022,LOCKER                                            ,MFI-PIGGERY UNTAGA            ,PIGGERY UNTAGA-MAIN ADMIN                         
0079-0007067000013  ,STEEL LOCKER CABINET(STANDARD) 32 DOORS 8""X8""               ,12455,01/02/2022,LOCKER                                            ,MFI-PIGGERY UNTAGA            ,PIGGERY UNTAGA-MAIN ADMIN                         
0079-0007067000014  ,STEEL LOCKER CABINET(STANDARD) 32 DOORS 8""X8""               ,12455,01/02/2022,LOCKER                                            ,MFI-BREEDER RIZAL BILAR       ,BRB-RIZAL ADMIN                                   
0079-0007067000015  ,STEEL LOCKER CABINET(STANDARD) 32 DOORS 8""X8""               ,12455,01/02/2022,LOCKER                                            ,MFI-BREEDER RIZAL BILAR       ,BRB-RIZAL ADMIN                                   
0079-0006661300001  ,UBIQUITY AIR FIBER AF-5XHD W/ 30 DBI DISH                   ,33928,02/11/2022,SATELLITE                                         ,MFI-PIGGERY UNTAGA            ,PIGGERY UNTAGA-MAIN ADMIN                         
0079-0006661300002  ,UBIQUITY AIR FIBER AF-5XHD W/ 30 DBI DISH                   ,33928,02/11/2022,SATELLITE                                         ,MFI-PIGGERY UNTAGA            ,PIGGERY UNTAGA-MAIN ADMIN                         
0079-0007204100001  ,DISTRIBUTION TRANSFORMER 100KVA                             ,17613,12/14/2021,TRANSFORMER                                       ,MFI-PIGGERY UNTAGA            ,PIGGERY UNTAGA-ENGINEERING                        
0079-0007204100002  ,DISTRIBUTION TRANSFORMER 100KVA                             ,17613,12/14/2021,TRANSFORMER                                       ,MFI-PIGGERY UNTAGA            ,PIGGERY UNTAGA-ENGINEERING                        
0079-0007204100003  ,DISTRIBUTION TRANSFORMER 100KVA                             ,17613,12/14/2021,TRANSFORMER                                       ,MFI-PIGGERY UNTAGA            ,PIGGERY UNTAGA-ENGINEERING                        
0079-0003185700001  ,PH METER                                                    ,2142.,02/28/2022,LABORATORY INV.                                   ,MFI-PIGGERY UNTAGA            ,PIGGERY UNTAGA-MAINTENANCE                        
0079-0007026600001  ,K3X INFRARED COUNTER (THERMOMETER)                          ,2000 ,03/01/2022,THERMOMETER                                       ,MFI-PIGGERY UNTAGA            ,PIGGERY UNTAGA-MAIN ADMIN                         
0079-0007026600002  ,K3X INFRARED COUNTER (THERMOMETER)                          ,2000 ,03/01/2022,THERMOMETER                                       ,MFI-PIGGERY UNTAGA            ,PIGGERY UNTAGA-MAIN ADMIN                         
0079-0007209400001  ,LC/UPC-LC/UPC DUPLEX SINGLE MODE                            ,21473,02/24/2022,WIRE                                              ,MFI-PIGGERY UNTAGA            ,PIGGERY UNTAGA-MAIN ADMIN                         
0079-0007209500001  ,LC/UPC-LC/UPC DUPLEX MULTIMODE OM3                          ,1919.,02/24/2022,WIRE                                              ,MFI-PIGGERY UNTAGA            ,PIGGERY UNTAGA-MAIN ADMIN                         
0079-0006964400001  ,PANELBOARD-FABRICATED &ASSEMBLED                            ,43781,02/04/2022,PANEL BOARD                                       ,MFI-PIGGERY UNTAGA            ,PIGGERY UNTAGA-MAIN ADMIN                         
0079-0006964600001  ,PANELBOARD-FABRICATED & ASSEMBLED (LUGS ONLY)               ,17316,02/04/2022,PANEL BOARD                                       ,MFI-PIGGERY UNTAGA            ,PIGGERY UNTAGA-MAIN ADMIN                         
0079-0006964700001  ,DRY TYPE TRANSFORMER-RATING:60KVA 3-PHASE 60HZ              ,17104,02/04/2022,TRANSFORMER                                       ,MFI-PIGGERY UNTAGA            ,PIGGERY UNTAGA-MAIN ADMIN                         
0079-0000882700001  ,SYNCHRONIZING PANEL                                         ,55080,03/14/2022,OTHERS                                            ,MFI-PIGGERY UNTAGA            ,PIGGERY UNTAGA-MAIN ADMIN                         
0079-0006768100001  ,BRAND NEW WEIGHAI BIOGAS GENERATOR SET                      ,30447,03/14/2022,GENERATOR                                         ,MFI-PIGGERY UNTAGA            ,PIGGERY UNTAGA-MAIN ADMIN                         
0079-0006768100002  ,BRAND NEW WEIGHAI BIOGAS GENERATOR SET                      ,30447,03/14/2022,GENERATOR                                         ,MFI-PIGGERY UNTAGA            ,PIGGERY UNTAGA-MAIN ADMIN                         
0079-0006768200001  ,ACCESSORIES (SCRUBBER SYSTEM)                               ,77265,03/14/2022,OTHERS                                            ,MFI-PIGGERY UNTAGA            ,PIGGERY UNTAGA-MAIN ADMIN                         
0079-0004275200001  ,ASAHI STAND FAN 16""                                         ,1804 ,10/23/2022,FAN                                               ,MFI-PIGGERY UNTAGA            ,PIGGERY UNTAGA-MAIN ADMIN                         
0079-0004275200002  ,ASAHI STAND FAN 16""                                         ,1767.,10/23/2021,FAN                                               ,MFI-PIGGERY UNTAGA            ,PIGGERY UNTAGA-MAIN ADMIN                         
0079-0004275200003  ,ASAHI STAND FAN 16""                                         ,1767.,10/23/2021,FAN                                               ,MFI-PIGGERY UNTAGA            ,PIGGERY UNTAGA-MAIN ADMIN                         
0079-0003460700001  ,GSAT HD SATELLITE                                           ,2500 ,09/06/2021,OTHERS                                            ,MFI-PIGGERY UNTAGA            ,PIGGERY UNTAGA-MAIN ADMIN                         
0079-0003460700002  ,GSAT HD SATELLITE                                           ,2500 ,02/05/2022,OTHERS                                            ,MFI-PIGGERY UNTAGA            ,PIGGERY UNTAGA-MAIN ADMIN                         
0079-0003460700003  ,GSAT HD SATELLITE                                           ,2500 ,02/05/2022,OTHERS                                            ,MFI-PIGGERY UNTAGA            ,PIGGERY UNTAGA-MAIN ADMIN                         
0079-0007341900001  ,ELASTIC SOFT 20KV RUBBERIZED GLOVES                         ,8100 ,03/25/2022,TOOLS                                             ,MFI-PIGGERY UNTAGA            ,PIGGERY UNTAGA-MAINTENANCE WAREHOUSE              
0079-0007209600001  ,CISCO GLC-SX-MM COMPATIBLE 1000BASE-SX SFP                  ,2690.,04/08/2022,NETWORK SWITCH                                    ,MFI-PIGGERY UNTAGA            ,PIGGERY UNTAGA-MAIN ADMIN                         
0079-0007209700001  ,CISCO GLC-LH-SM COMPATIBLE 1000BASE-LX/LH SFP               ,39495,04/08/2022,NETWORK SWITCH                                    ,MFI-PIGGERY UNTAGA            ,PIGGERY UNTAGA-MAIN ADMIN                         
0079-0000483800001  ,ALUMINUM LADDER 4 STEPS                                     ,2540 ,04/18/2022,LADDER                                            ,MFI-PIGGERY UNTAGA            ,PIGGERY UNTAGA-MAINTENANCE WAREHOUSE              
0079-0007418100001  ,MITS. FUSO CANTER FE85 CS#:H0C534 PL#:GAR-1192              ,15178,04/19/2022,VEHICLE                                           ,MFI-PIGGERY UNTAGA            ,PIGGERY UNTAGA-MAIN ADMIN                         
0079-0007344200001  ,RADIO HANDSET MOTOPLUS DUAL BAND FM TRANSCEIVER             ,2400 ,04/20/2022,RADIO                                             ,MFI-PIGGERY UNTAGA            ,PIGGERY UNTAGA-MAIN ADMIN                         
0079-0007344200002  ,RADIO HANDSET MOTOPLUS DUAL BAND FM TRANSCEIVER             ,2400 ,04/20/2022,RADIO                                             ,MFI-PIGGERY UNTAGA            ,PIGGERY UNTAGA-MAIN ADMIN                         
0079-0007344200003  ,RADIO HANDSET MOTOPLUS DUAL BAND FM TRANSCEIVER             ,2400 ,04/20/2022,RADIO                                             ,MFI-PIGGERY UNTAGA            ,PIGGERY UNTAGA-MAIN ADMIN                         
0079-0007344200004  ,RADIO HANDSET MOTOPLUS DUAL BAND FM TRANSCEIVER             ,2400 ,04/20/2022,RADIO                                             ,MFI-PIGGERY UNTAGA            ,PIGGERY UNTAGA-MAIN ADMIN                         
0079-0007344200005  ,RADIO HANDSET MOTOPLUS DUAL BAND FM TRANSCEIVER             ,2400 ,04/20/2022,RADIO                                             ,MFI-PIGGERY UNTAGA            ,PIGGERY UNTAGA-MAIN ADMIN                         
0079-0007344200006  ,RADIO HANDSET MOTOPLUS DUAL BAND FM TRANSCEIVER             ,2400 ,04/20/2022,RADIO                                             ,MFI-PIGGERY UNTAGA            ,PIGGERY UNTAGA-MAIN ADMIN                         
0079-0007344200007  ,RADIO HANDSET MOTOPLUS DUAL BAND FM TRANSCEIVER             ,2400 ,04/20/2022,RADIO                                             ,MFI-PIGGERY UNTAGA            ,PIGGERY UNTAGA-MAIN ADMIN                         
0079-0007344200008  ,RADIO HANDSET MOTOPLUS DUAL BAND FM TRANSCEIVER             ,2400 ,04/20/2022,RADIO                                             ,MFI-PIGGERY UNTAGA            ,PIGGERY UNTAGA-MAIN ADMIN                         
0079-0007344200009  ,RADIO HANDSET MOTOPLUS DUAL BAND FM TRANSCEIVER             ,2400 ,04/20/2022,RADIO                                             ,MFI-PIGGERY UNTAGA            ,PIGGERY UNTAGA-MAIN ADMIN                         
0079-0007344200010  ,RADIO HANDSET MOTOPLUS DUAL BAND FM TRANSCEIVER             ,2400 ,04/20/2022,RADIO                                             ,MFI-PIGGERY UNTAGA            ,PIGGERY UNTAGA-MAIN ADMIN                         
0079-0006549100002  ,MONITOR LED  AOC LCD 18.5"" E970SWN                          ,5150 ,05/06/2022,MONITOR                                           ,MFI-PIGGERY UNTAGA            ,PIGGERY UNTAGA-SAFETY AND SECURITY DEPT.          
0079-0007573500001  ,CPU SET I3                                                  ,17950,05/06/2022,CPU                                               ,MFI-PIGGERY UNTAGA            ,PIGGERY UNTAGA-SAFETY AND SECURITY DEPT.          
0079-0007587200001  ,REFRIGERANT 32 (3 KGS CAPACITY) GALCO                       ,1980 ,05/03/2022,OTHERS                                            ,MFI-PIGGERY UNTAGA            ,PIGGERY UNTAGA-MAIN ADMIN                         
0079-0007587200002  ,REFRIGERANT 32 (3 KGS CAPACITY) GALCO                       ,1980 ,05/03/2022,OTHERS                                            ,MFI-PIGGERY UNTAGA            ,PIGGERY UNTAGA-MAIN ADMIN                         
0079-0007587200003  ,REFRIGERANT 32 (3 KGS CAPACITY) GALCO                       ,1980 ,05/03/2022,OTHERS                                            ,MFI-PIGGERY UNTAGA            ,PIGGERY UNTAGA-MAIN ADMIN                         
0079-0007587200004  ,REFRIGERANT 32 (3 KGS CAPACITY) GALCO                       ,1980 ,05/03/2022,OTHERS                                            ,MFI-PIGGERY UNTAGA            ,PIGGERY UNTAGA-MAIN ADMIN                         
0079-0000968900001  ,OFFICE TABLE                                                ,3897.,05/12/2022,TABLE                                             ,MFI-PIGGERY UNTAGA            ,PIGGERY UNTAGA-MAIN ADMIN                         
0079-0000968900002  ,OFFICE TABLE                                                ,3897.,05/12/2022,TABLE                                             ,MFI-PIGGERY UNTAGA            ,PIGGERY UNTAGA-MAIN ADMIN                         
0079-0007453600001  ,FUSO CANTER FE85 ALUM. VAN BODY PL#:GAR-1192                ,30357,04/28/2022,VEHICLE                                           ,MFI-PIGGERY UNTAGA            ,PIGGERY UNTAGA-MAIN ADMIN                         
0079-0007553300001  ,DOSATRON D20AL2VF DOSAGE                                    ,14553,05/26/2022,PUMP                                              ,MFI-PIGGERY UNTAGA            ,PIGGERY UNTAGA-MAINTENANCE WAREHOUSE              
0079-0006470900001  ,LAMINATED DISC FILTER 200 MICRON 2""Ø                        ,11607,06/02/2022,OTHERS                                            ,MFI-PIGGERY UNTAGA            ,PIGGERY UNTAGA-MAINTENANCE WAREHOUSE              
0079-0004879900001  ,ELECTRICAL STEP EXTENDED LADDER 20FT                        ,18750,06/23/2022,LADDER-STEEL                                      ,MFI-PIGGERY UNTAGA            ,PIGGERY UNTAGA-MAINTENANCE WAREHOUSE              
0079-0000700100001  ,STEEL CABINET 5 DRAWER VERTICAL HERMACO                     ,9732.,07/07/2022,CABINET                                           ,MFI-PIGGERY UNTAGA            ,PIGGERY UNTAGA-MAIN ADMIN                         
0079-0000700100002  ,STEEL CABINET 5 DRAWER VERTICAL HERMACO                     ,9732.,07/07/2022,CABINET                                           ,MFI-PIGGERY UNTAGA            ,PIGGERY UNTAGA-MAIN ADMIN                         
0079-0007720900001  ,SNAT PURE SINE WAVE INVERTER                                ,6696.,07/28/2022,OTHERS                                            ,MFI-PIGGERY UNTAGA            ,PIGGERY UNTAGA-MAIN ADMIN                         
0079-0007721000001  ,100AH 12VOLTS DEEP CYCLE BATTERY GEL TYPE                   ,8482.,07/28/2022,BATTERY                                           ,MFI-PIGGERY UNTAGA            ,PIGGERY UNTAGA-MAIN ADMIN                         
0079-0007721000002  ,100AH 12VOLTS DEEP CYCLE BATTERY GEL TYPE                   ,8482.,07/28/2022,BATTERY                                           ,MFI-PIGGERY UNTAGA            ,PIGGERY UNTAGA-MAIN ADMIN                         
0079-0003202700001  ,PORTABLE WELDING MACHINE EAGLE HEAVY DUTY                   ,18000,07/25/2022,MACHINE TOOLS                                     ,MFI-PIGGERY UNTAGA            ,PIGGERY UNTAGA-MAINTENANCE WAREHOUSE              
0079-0000968900003  ,OFFICE TABLE                                                ,3685.,07/22/2022,TABLE                                             ,MFI-PIGGERY UNTAGA            ,PIGGERY UNTAGA-MAIN ADMIN                         
0079-0000968900004  ,OFFICE TABLE                                                ,3685.,07/22/2022,TABLE                                             ,MFI-PIGGERY UNTAGA            ,PIGGERY UNTAGA-MAIN ADMIN                         
0079-0000968900005  ,OFFICE TABLE                                                ,3685.,07/22/2022,TABLE                                             ,MFI-PIGGERY UNTAGA            ,PIGGERY UNTAGA-MAIN ADMIN                         
0079-0007890300001  ,CELLPHONE REDMI NOTE 11                                     ,8927.,08/13/2022,CELLPHONE                                         ,MFI-PIGGERY UNTAGA            ,PIGGERY UNTAGA-MAIN ADMIN                         
0079-0006694500001  ,SANWA DIGITAL CLAMP TESTER                                  ,5640 ,08/25/2022,TEST WEIGHT                                       ,MFI-PIGGERY UNTAGA            ,PIGGERY UNTAGA-MAINTENANCE WAREHOUSE              
0079-0003794700002  ,MONITOR LED AOC 18.5"" E970SWN                               ,4642.,08/01/2022,MONITOR                                           ,MFI-PIGGERY UNTAGA            ,PIGGERY UNTAGA-MAIN ADMIN                         
0079-0003794700003  ,MONITOR LED AOC 18.5"" E970SWN                               ,4642.,08/01/2022,MONITOR                                           ,MFI-PIGGERY UNTAGA            ,PIGGERY UNTAGA-MAIN ADMIN                         
0079-0003794700004  ,MONITOR LED AOC 18.5"" E970SWN                               ,4642.,08/01/2022,MONITOR                                           ,MFI-PIGGERY UNTAGA            ,PIGGERY UNTAGA-MAIN ADMIN                         
0079-0006189100001  ,EXTERNAL HARD DISK DRIVE HDD USB TYPE 1TERABYTE             ,2678.,08/01/2022,HARD DISK                                         ,MFI-PIGGERY UNTAGA            ,PIGGERY UNTAGA-MAIN ADMIN                         
0079-0006189100002  ,EXTERNAL HARD DISK DRIVE HDD USB TYPE 1TERABYTE             ,2678.,08/01/2022,HARD DISK                                         ,MFI-PIGGERY UNTAGA            ,PIGGERY UNTAGA-MAIN ADMIN                         
0079-0006189100003  ,EXTERNAL HARD DISK DRIVE HDD USB TYPE 1TERABYTE             ,2678.,08/01/2022,HARD DISK                                         ,MFI-PIGGERY UNTAGA            ,PIGGERY UNTAGA-MAIN ADMIN                         
0079-0007821400001  ,CPU SET CORE I5-10400 L1200                                 ,19196,08/01/2022,CPU                                               ,MFI-PIGGERY UNTAGA            ,PIGGERY UNTAGA-MAIN ADMIN                         
0079-0007821400002  ,CPU SET CORE I5-10400 L1200                                 ,19196,08/01/2022,CPU                                               ,MFI-PIGGERY UNTAGA            ,PIGGERY UNTAGA-MAIN ADMIN                         
0079-0007821400003  ,CPU SET CORE I5-10400 L1200                                 ,19196,08/01/2022,CPU                                               ,MFI-PIGGERY UNTAGA            ,PIGGERY UNTAGA-MAIN ADMIN                         
0079-0002423000001  ,CALIPER                                                     ,2142.,08/30/2022,OTHERS                                            ,MFI-PIGGERY UNTAGA            ,PIGGERY UNTAGA-MAIN ADMIN                         
0079-0002423000002  ,CALIPER                                                     ,2142.,08/30/2022,OTHERS                                            ,MFI-PIGGERY UNTAGA            ,PIGGERY UNTAGA-MAIN ADMIN                         
0079-0002423000003  ,CALIPER                                                     ,2142.,08/30/2022,OTHERS                                            ,MFI-PIGGERY UNTAGA            ,PIGGERY UNTAGA-MAIN ADMIN                         
0079-0007706000001  ,DANFOSS VLT 131B4216  5.5KW(400V)/7.5(460V)                 ,27500,08/29/2022,ELECTRICAL PARTS                                  ,MFI-PIGGERY UNTAGA            ,PIGGERY UNTAGA-MAINTENANCE WAREHOUSE              
0079-0007659000001  ,EATON UPS 9E1000I                                           ,21875,09/05/2022,UPS                                               ,MFI-PIGGERY UNTAGA            ,PIGGERY UNTAGA-MAINTENANCE WAREHOUSE              
0079-0007480900001  ,EBARA CENTRIFUGAL PUMP HORIZONTAL SPLIT CASE                ,30357,09/14/2022,PUMP                                              ,AGGREGATES & CONSTRUCTION MATE,AGGREGATES & CONS.-ADMIN                          
0079-0007481000001  ,REDUCED VOLTAGE WYE DELTA MAGNETIC STARTER                  ,53571,09/14/2022,PANEL BOARD                                       ,AGGREGATES & CONSTRUCTION MATE,AGGREGATES & CONS.-ADMIN                          
0079-0007576500001  ,QUICK DISCHARGE CONNECTORS LM80                             ,12500,09/23/2022,PUMP                                              ,MFI-PIGGERY UNTAGA            ,PIGGERY UNTAGA-MAINTENANCE WAREHOUSE              
0079-0007576500002  ,QUICK DISCHARGE CONNECTORS LM80                             ,12500,09/23/2022,PUMP                                              ,MFI-PIGGERY UNTAGA            ,PIGGERY UNTAGA-MAINTENANCE WAREHOUSE              
0079-0007931000001  ,EBARA NON-CLOG SUBMERSIBLE SEWAGE/SLUDGE PUMP               ,66964,09/23/2022,PUMP                                              ,MFI-PIGGERY UNTAGA            ,PIGGERY UNTAGA-MAINTENANCE WAREHOUSE              
0079-0007931000002  ,EBARA NON-CLOG SUBMERSIBLE SEWAGE/SLUDGE PUMP               ,66964,09/23/2022,PUMP                                              ,MFI-PIGGERY UNTAGA            ,PIGGERY UNTAGA-MAINTENANCE WAREHOUSE              
0079-0001237000001  ,SHARP TV 32""	                                               ,9998 ,09/23/2022,TV                                                ,MFI-PIGGERY UNTAGA            ,PIGGERY UNTAGA-MAIN ADMIN                         
0079-0007931200001  ,CT SPLIT TYPE 1000:5                                        ,5332.,09/28/2022,TRANSFORMER                                       ,MFI-PIGGERY UNTAGA            ,PIGGERY UNTAGA-MAINTENANCE WAREHOUSE              
0079-0007931200002  ,CT SPLIT TYPE 1000:5                                        ,5332.,09/28/2022,TRANSFORMER                                       ,MFI-PIGGERY UNTAGA            ,PIGGERY UNTAGA-MAINTENANCE WAREHOUSE              
0079-0007931200003  ,CT SPLIT TYPE 1000:5                                        ,5332.,09/28/2022,TRANSFORMER                                       ,MFI-PIGGERY UNTAGA            ,PIGGERY UNTAGA-MAINTENANCE WAREHOUSE              
0079-0007931100001  ,GE KV2C FM9S CLASS 20 3-PHASE 4-WIRE 120V-480V              ,17000,10/17/2022,METER                                             ,MFI-PIGGERY UNTAGA            ,PIGGERY UNTAGA-MAINTENANCE WAREHOUSE              
0079-0007931100002  ,GE KV2C FM9S CLASS 20 3-PHASE 4-WIRE 120V-480V              ,17000,10/17/2022,METER                                             ,MFI-PIGGERY UNTAGA            ,PIGGERY UNTAGA-MAINTENANCE WAREHOUSE              
0079-0007931100003  ,GE KV2C FM9S CLASS 20 3-PHASE 4-WIRE 120V-480V              ,17000,10/17/2022,METER                                             ,MFI-PIGGERY UNTAGA            ,PIGGERY UNTAGA-MAINTENANCE WAREHOUSE              
0079-0007344200011  ,RADIO HANDSET MOTOPLUS DUAL BAND FM TRANSCEIVER             ,2400 ,10/20/2022,RADIO                                             ,MFI-PIGGERY UNTAGA            ,PIGGERY UNTAGA-MAIN ADMIN                         
0079-0007344200012  ,RADIO HANDSET MOTOPLUS DUAL BAND FM TRANSCEIVER             ,2400 ,10/20/2022,RADIO                                             ,MFI-PIGGERY UNTAGA            ,PIGGERY UNTAGA-MAIN ADMIN                         
0079-0007344200013  ,RADIO HANDSET MOTOPLUS DUAL BAND FM TRANSCEIVER             ,2400 ,10/20/2022,RADIO                                             ,MFI-PIGGERY UNTAGA            ,PIGGERY UNTAGA-MAIN ADMIN                         
0079-0007344200014  ,RADIO HANDSET MOTOPLUS DUAL BAND FM TRANSCEIVER             ,2400 ,10/20/2022,RADIO                                             ,MFI-PIGGERY UNTAGA            ,PIGGERY UNTAGA-MAIN ADMIN                         
0079-0007344200015  ,RADIO HANDSET MOTOPLUS DUAL BAND FM TRANSCEIVER             ,2400 ,10/20/2022,RADIO                                             ,MFI-PIGGERY UNTAGA            ,PIGGERY UNTAGA-MAIN ADMIN                         
0079-0007344200016  ,RADIO HANDSET MOTOPLUS DUAL BAND FM TRANSCEIVER             ,2400 ,10/20/2022,RADIO                                             ,MFI-PIGGERY UNTAGA            ,PIGGERY UNTAGA-MAIN ADMIN                         
0079-0007344200017  ,RADIO HANDSET MOTOPLUS DUAL BAND FM TRANSCEIVER             ,2400 ,10/20/2022,RADIO                                             ,MFI-PIGGERY UNTAGA            ,PIGGERY UNTAGA-MAIN ADMIN                         
0079-0007344200018  ,RADIO HANDSET MOTOPLUS DUAL BAND FM TRANSCEIVER             ,2400 ,10/20/2022,RADIO                                             ,MFI-PIGGERY UNTAGA            ,PIGGERY UNTAGA-MAIN ADMIN                         
0079-0007344200019  ,RADIO HANDSET MOTOPLUS DUAL BAND FM TRANSCEIVER             ,2400 ,10/20/2022,RADIO                                             ,MFI-PIGGERY UNTAGA            ,PIGGERY UNTAGA-MAIN ADMIN                         
0079-0007344200020  ,RADIO HANDSET MOTOPLUS DUAL BAND FM TRANSCEIVER             ,2400 ,10/20/2022,RADIO                                             ,MFI-PIGGERY UNTAGA            ,PIGGERY UNTAGA-MAIN ADMIN                         
0079-0007344200021  ,RADIO HANDSET MOTOPLUS DUAL BAND FM TRANSCEIVER             ,2400 ,10/20/2022,RADIO                                             ,MFI-PIGGERY UNTAGA            ,PIGGERY UNTAGA-MAIN ADMIN                         
0079-0008287700001  ,DEWALT CORDLESS HAND DRILL                                  ,18303,10/03/2023,DRILL                                             ,MFI-PIGGERY UNTAGA            ,PIGGERY UNTAGA-MAINTENANCE WAREHOUSE              
0079-0005127600002  ,FINGERPRINT TIME ATTENDANCE TERMINAL 3000TC                 ,13616,11/08/2022,OTHERS                                            ,MFI-PIGGERY UNTAGA            ,PIGGERY UNTAGA-MAIN ADMIN                         
0079-0005127600003  ,FINGERPRINT TIME ATTENDANCE TERMINAL 3000TC                 ,13616,11/08/2022,OTHERS                                            ,MFI-PIGGERY UNTAGA            ,PIGGERY UNTAGA-MAIN ADMIN                         
0079-0003207700005  ,PRINTER EPSON LQ-310                                        ,14241,11/11/2022,PRINTER                                           ,MFI-PIGGERY UNTAGA            ,PIGGERY UNTAGA-MAIN ADMIN                         
0079-0007048000001  ,PRINTER EPSON L3210 AIO                                     ,8924.,11/24/2022,PRINTER                                           ,MFI-PIGGERY UNTAGA            ,PIGGERY UNTAGA-MAIN ADMIN                         
0079-0000357600003  ,TEST WEIGHT 25KG.                                           ,3800 ,11/24/2022,TEST WEIGHT                                       ,MFI-PIGGERY UNTAGA            ,PIGGERY UNTAGA-MAINTENANCE WAREHOUSE              
0079-0007931300001  ,CT SPLIT TYPE 2000:5                                        ,8136.,12/02/2022,TRANSFORMER                                       ,MFI-PIGGERY UNTAGA            ,PIGGERY UNTAGA-MAINTENANCE WAREHOUSE              
0079-0007931300002  ,CT SPLIT TYPE 2000:5                                        ,8136.,12/02/2022,TRANSFORMER                                       ,MFI-PIGGERY UNTAGA            ,PIGGERY UNTAGA-MAINTENANCE WAREHOUSE              
0079-0007931300003  ,CT SPLIT TYPE 2000:5                                        ,8136.,12/02/2022,TRANSFORMER                                       ,MFI-PIGGERY UNTAGA            ,PIGGERY UNTAGA-MAINTENANCE WAREHOUSE              
0079-0007931300004  ,CT SPLIT TYPE 2000:5                                        ,8136.,12/02/2022,TRANSFORMER                                       ,MFI-PIGGERY UNTAGA            ,PIGGERY UNTAGA-MAINTENANCE WAREHOUSE              
0079-0007931300005  ,CT SPLIT TYPE 2000:5                                        ,8136.,12/02/2022,TRANSFORMER                                       ,MFI-PIGGERY UNTAGA            ,PIGGERY UNTAGA-MAINTENANCE WAREHOUSE              
0079-0006502500001  ,FORKLIFT 15T CPCD150 ENGINE                                 ,31978,12/05/2022,FORKLIFT                                          ,MFI-PIGGERY UNTAGA            ,PIGGERY UNTAGA-MAIN ADMIN                         
0079-0007728800001  ,MAKITA BLOWER UB1102                                        ,2349.,12/16/2022,BLOWER                                            ,MFI-PIGGERY UNTAGA            ,PIGGERY UNTAGA-MAINTENANCE WAREHOUSE              
0079-0007728800002  ,MAKITA BLOWER UB1102                                        ,2349.,12/16/2022,BLOWER                                            ,MFI-PIGGERY UNTAGA            ,PIGGERY UNTAGA-MAINTENANCE WAREHOUSE              
0079-0007823500001  ,PITM-0001-GRID SYNC PANEL FOR 2X 240KW BIOGAS               ,85000,12/22/2022,GENERATOR                                         ,MFI-PIGGERY UNTAGA            ,PIGGERY UNTAGA-MAINTENANCE WAREHOUSE              
0079-0007931300006  ,CT SPLIT TYPE 2000:5                                        ,8136.,01/11/2023,TRANSFORMER                                       ,MFI-PIGGERY UNTAGA            ,PIGGERY UNTAGA-MAINTENANCE WAREHOUSE              
0079-0008362600001  ,MAKITA HP1630 HAMMER DRILL 5/8"" 710W                        ,4017.,02/01/2023,DRILL                                             ,MFI-PIGGERY UNTAGA            ,PIGGERY UNTAGA-MAINTENANCE WAREHOUSE              
0026-0003869900081  ,CISCO UC PHONE 7821                                         ,8482.,11/22/2022,TELEPHONE                                         ,MFI-PIGGERY UNTAGA            ,PIGGERY UNTAGA-SAFETY AND SECURITY DEPT.          
0026-0003869900069  ,CISCO UC PHONE 7821                                         ,8482.,11/22/2022,TELEPHONE                                         ,MFI-PIGGERY UNTAGA            ,PIGGERY UNTAGA-SAFETY AND SECURITY DEPT.          
0079-0006611500001  ,BUILDING FOR INSEMINATION (CLOTCHES CHANGING)               ,69069,06/07/2021,BUILDING                                          ,MFI-PIGGERY UNTAGA            ,PIGGERY UNTAGA-MAIN ADMIN                         
0079-0006611600001  ,BUILDING FOR FINISHER (CANTEEN)                             ,73626,06/07/2021,BUILDING                                          ,MFI-PIGGERY UNTAGA            ,PIGGERY UNTAGA-MAIN ADMIN                         
0079-0006611700001  ,BUILDING FOR FINISHER (TEMPORARY SHOWER)                    ,65297,06/07/2021,BUILDING                                          ,MFI-PIGGERY UNTAGA            ,PIGGERY UNTAGA-MAIN ADMIN                         
0079-0003460700004  ,GSAT HD SATELLITE                                           ,1750 ,03/04/2023,OTHERS                                            ,MFI-PIGGERY UNTAGA            ,PIGGERY UNTAGA-MAIN ADMIN                         
0079-0007889200001  ,INFRARED THERMOMETER (TES 1327K)                            ,8652.,03/07/2023,THERMOMETER                                       ,MFI-PIGGERY UNTAGA            ,PIGGERY UNTAGA-MAINTENANCE WAREHOUSE              
0079-0008327400001  ,FLUKE 376 TRUE RMS CLAMP METER                              ,37286,03/07/2023,TOOLS                                             ,MFI-PIGGERY UNTAGA            ,PIGGERY UNTAGA-MAINTENANCE WAREHOUSE              
0079-0008358900001  ,MAKITA ANGLE GRINDER M: M9513B                              ,1735.,03/27/2023,GRINDER                                           ,MFI-PIGGERY UNTAGA            ,PIGGERY UNTAGA-MAINTENANCE WAREHOUSE              
0079-0008358900002  ,MAKITA ANGLE GRINDER M: M9513B                              ,1735.,03/27/2023,GRINDER                                           ,MFI-PIGGERY UNTAGA            ,PIGGERY UNTAGA-MAINTENANCE WAREHOUSE              
0079-0003200100008  ,KNAPSACK SPRAYER TUNGHO                                     ,2416.,03/27/2023,SPRAYER                                           ,MFI-PIGGERY UNTAGA            ,PIGGERY UNTAGA-MAIN ADMIN                         
0079-0003200100009  ,KNAPSACK SPRAYER TUNGHO                                     ,2416.,03/27/2023,SPRAYER                                           ,MFI-PIGGERY UNTAGA            ,PIGGERY UNTAGA-MAIN ADMIN                         
0079-0003200100010  ,KNAPSACK SPRAYER TUNGHO                                     ,2416.,03/27/2023,SPRAYER                                           ,MFI-PIGGERY UNTAGA            ,PIGGERY UNTAGA-MAIN ADMIN                         
0079-0003200100011  ,KNAPSACK SPRAYER TUNGHO                                     ,2416.,03/27/2023,SPRAYER                                           ,MFI-PIGGERY UNTAGA            ,PIGGERY UNTAGA-MAIN ADMIN                         
0079-0003200100012  ,KNAPSACK SPRAYER TUNGHO                                     ,2416.,03/27/2023,SPRAYER                                           ,MFI-PIGGERY UNTAGA            ,PIGGERY UNTAGA-MAIN ADMIN                         
0079-0003200100013  ,KNAPSACK SPRAYER TUNGHO                                     ,2416.,03/27/2023,SPRAYER                                           ,MFI-PIGGERY UNTAGA            ,PIGGERY UNTAGA-MAIN ADMIN                         
0079-0003200100014  ,KNAPSACK SPRAYER TUNGHO                                     ,2416.,03/27/2023,SPRAYER                                           ,MFI-PIGGERY UNTAGA            ,PIGGERY UNTAGA-MAIN ADMIN                         
0079-0003200100015  ,KNAPSACK SPRAYER TUNGHO                                     ,2416.,03/27/2023,SPRAYER                                           ,MFI-PIGGERY UNTAGA            ,PIGGERY UNTAGA-MAIN ADMIN                         
0079-0003200100016  ,KNAPSACK SPRAYER TUNGHO                                     ,2416.,03/27/2023,SPRAYER                                           ,MFI-PIGGERY UNTAGA            ,PIGGERY UNTAGA-MAIN ADMIN                         
0079-0003200100017  ,KNAPSACK SPRAYER TUNGHO                                     ,2416.,03/27/2023,SPRAYER                                           ,MFI-PIGGERY UNTAGA            ,PIGGERY UNTAGA-MAIN ADMIN                         
0079-0003200100018  ,KNAPSACK SPRAYER TUNGHO                                     ,2416.,03/27/2023,SPRAYER                                           ,MFI-PIGGERY UNTAGA            ,PIGGERY UNTAGA-MAIN ADMIN                         
0079-0003200100019  ,KNAPSACK SPRAYER TUNGHO                                     ,2416.,03/27/2023,SPRAYER                                           ,MFI-PIGGERY UNTAGA            ,PIGGERY UNTAGA-MAIN ADMIN                         
0079-0003200100020  ,KNAPSACK SPRAYER TUNGHO                                     ,2416.,03/27/2023,SPRAYER                                           ,MFI-PIGGERY UNTAGA            ,PIGGERY UNTAGA-MAIN ADMIN                         
0079-0003200100021  ,KNAPSACK SPRAYER TUNGHO                                     ,2416.,03/27/2023,SPRAYER                                           ,MFI-PIGGERY UNTAGA            ,PIGGERY UNTAGA-MAIN ADMIN                         
0079-0003200100022  ,KNAPSACK SPRAYER TUNGHO                                     ,2416.,03/27/2023,SPRAYER                                           ,MFI-PIGGERY UNTAGA            ,PIGGERY UNTAGA-MAIN ADMIN                         
0079-0003200100023  ,KNAPSACK SPRAYER TUNGHO                                     ,2416.,03/27/2023,SPRAYER                                           ,MFI-PIGGERY UNTAGA            ,PIGGERY UNTAGA-MAIN ADMIN                         
0079-0003200100024  ,KNAPSACK SPRAYER TUNGHO                                     ,2416.,03/27/2023,SPRAYER                                           ,MFI-PIGGERY UNTAGA            ,PIGGERY UNTAGA-MAIN ADMIN                         
0079-0003200100025  ,KNAPSACK SPRAYER TUNGHO                                     ,2416.,03/27/2023,SPRAYER                                           ,MFI-PIGGERY UNTAGA            ,PIGGERY UNTAGA-MAIN ADMIN                         
0079-0003200100026  ,KNAPSACK SPRAYER TUNGHO                                     ,2416.,03/27/2023,SPRAYER                                           ,MFI-PIGGERY UNTAGA            ,PIGGERY UNTAGA-MAIN ADMIN                         
0079-0003200100027  ,KNAPSACK SPRAYER TUNGHO                                     ,2416.,03/27/2023,SPRAYER                                           ,MFI-PIGGERY UNTAGA            ,PIGGERY UNTAGA-MAIN ADMIN                         
0079-0000449700001  ,ALUMINUM LADDER 5 STEPS                                     ,5356.,03/27/2023,LADDER                                            ,MFI-PIGGERY UNTAGA            ,PIGGERY UNTAGA-MAIN ADMIN                         
0079-0000449700002  ,ALUMINUM LADDER 5 STEPS                                     ,5356.,03/27/2023,LADDER                                            ,MFI-PIGGERY UNTAGA            ,PIGGERY UNTAGA-MAIN ADMIN                         
0079-0008054500001  ,FUEL DISPENSER SK52-222B                                    ,27517,04/04/2023,DISPENSER                                         ,MFI-PIGGERY UNTAGA            ,PIGGERY UNTAGA-MAIN ADMIN                         
0079-0007721600001  ,WALL MOUNTED DATA CABINET HR-WMC-6406                       ,8500 ,04/04/2023,CABINET-STEEL                                     ,MFI-PIGGERY UNTAGA            ,PIGGERY UNTAGA-MAIN ADMIN                         
0079-0001336300001  ,ELECTRIC STOVE                                              ,2496.,04/05/2023,STOVE                                             ,MFI-PIGGERY UNTAGA            ,PIGGERY UNTAGA-MAIN ADMIN                         
0079-0007222300001  ,172448 TCL ANDROID 40S615                                   ,11873,04/05/2023,TV                                                ,MFI-PIGGERY UNTAGA            ,PIGGERY UNTAGA-MAIN ADMIN                         
0079-0006147000003  ,PROBE FOR MULTISCAN                                         ,28000,04/05/2023,OTHERS                                            ,MFI-PIGGERY UNTAGA            ,PIGGERY UNTAGA-MAIN ADMIN                         
0079-0008610500001  ,TOYOTA HILUX FX CS#:Z2F201 PL#:GAK-5497                     ,97142,04/13/2023,VEHICLE                                           ,MFI-PIGGERY UNTAGA            ,PIGGERY UNTAGA-MAIN ADMIN                         
0079-0002962900001  ,INSTALLATION OF CCTV CAMERAS                                ,19000,03/29/2023,OTHERS                                            ,MFI-PIGGERY UNTAGA            ,PIGGERY UNTAGA-MAIN ADMIN                         
0079-0004705600001  ,SIGNAL BOOSTER                                              ,7331.,04/20/2023,OTHERS                                            ,MFI-PIGGERY UNTAGA            ,PIGGERY UNTAGA-MAIN ADMIN                         
0079-0004705600002  ,SIGNAL BOOSTER                                              ,7331.,04/20/2023,OTHERS                                            ,MFI-PIGGERY UNTAGA            ,PIGGERY UNTAGA-MAIN ADMIN                         
0079-0004705600003  ,SIGNAL BOOSTER                                              ,7331.,04/20/2023,OTHERS                                            ,MFI-PIGGERY UNTAGA            ,PIGGERY UNTAGA-MAIN ADMIN                         
0079-0004705600004  ,SIGNAL BOOSTER                                              ,7491.,04/20/2023,OTHERS                                            ,MFI-PIGGERY UNTAGA            ,PIGGERY UNTAGA-MAIN ADMIN                         
0079-0004705600005  ,SIGNAL BOOSTER                                              ,7491.,04/20/2023,OTHERS                                            ,MFI-PIGGERY UNTAGA            ,PIGGERY UNTAGA-MAIN ADMIN                         
0079-0004705600006  ,SIGNAL BOOSTER                                              ,7491.,04/20/2023,OTHERS                                            ,MFI-PIGGERY UNTAGA            ,PIGGERY UNTAGA-MAIN ADMIN                         
0070-0005458600025  ,KARCHER CLASSIC HIGH-PRESSURE CLEANERS HD 6/15-4 C          ,54425,11/04/2022,CLEANING DEVICE                                   ,MFI-PIGGERY UNTAGA            ,PIGGERY UNTAGA-MAIN ADMIN                         
0070-0000949000001  ,POWER SPRAYER HEAVY DUTY-WULI                               ,26500,04/04/2023,SPRAYER                                           ,MFI-PIGGERY UNTAGA            ,PIGGERY UNTAGA-MAIN ADMIN                         
0070-0000949000002  ,POWER SPRAYER HEAVY DUTY-WULI                               ,26500,04/04/2023,SPRAYER                                           ,MFI-PIGGERY UNTAGA            ,PIGGERY UNTAGA-MAIN ADMIN                         
0070-0004991600002  ,POWER SPRAYER WULI POWER SPRAYER 2 HP MODEL                 ,26000,03/17/2022,POWER SPRAYER                                     ,DRESSING PLANT                ,DRESSING PLANT-ADMIN                              
0070-0005458600024  ,KARCHER CLASSIC HIGH-PRESSURE CLEANERS HD 6/15-4 C          ,54425,11/04/2022,CLEANING DEVICE                                   ,MFI-POULTRY LAYER             ,POULTRY-LAYER                                     
0004523300001       ,FOGGING MACHINE                                             ,50000,09/24/2018,OTHERS                                            ,MFI-PIGGERY UNTAGA            ,PIGGERY UNTAGA-MAIN ADMIN                         
0079-0001094200001  ,ALUMINUM LADDER 8 STEPS                                     ,6249.,04/27/2023,LADDER                                            ,MFI-PIGGERY UNTAGA            ,PIGGERY UNTAGA-MAIN ADMIN                         
0079-0000968900006  ,OFFICE TABLE                                                ,2085.,05/06/2023,TABLE                                             ,MFI-PIGGERY UNTAGA            ,PIGGERY UNTAGA-MAIN ADMIN                         
0079-0000968900007  ,OFFICE TABLE                                                ,2085.,05/06/2023,TABLE                                             ,MFI-PIGGERY UNTAGA            ,PIGGERY UNTAGA-MAIN ADMIN                         
0079-0000968900008  ,OFFICE TABLE                                                ,2085.,05/06/2023,TABLE                                             ,MFI-PIGGERY UNTAGA            ,PIGGERY UNTAGA-MAIN ADMIN                         
0079-0000968900009  ,OFFICE TABLE                                                ,2085.,05/06/2023,TABLE                                             ,MFI-PIGGERY UNTAGA            ,PIGGERY UNTAGA-MAIN ADMIN                         
0079-0000968900010  ,OFFICE TABLE                                                ,2085.,05/06/2023,TABLE                                             ,MFI-PIGGERY UNTAGA            ,PIGGERY UNTAGA-MAIN ADMIN                         
0079-0000968900011  ,OFFICE TABLE                                                ,2085.,05/06/2023,TABLE                                             ,MFI-PIGGERY UNTAGA            ,PIGGERY UNTAGA-MAIN ADMIN                         
0079-0000968900012  ,OFFICE TABLE                                                ,2085.,05/06/2023,TABLE                                             ,MFI-PIGGERY UNTAGA            ,PIGGERY UNTAGA-MAIN ADMIN                         
0079-0000968900013  ,OFFICE TABLE                                                ,2085.,05/06/2023,TABLE                                             ,MFI-PIGGERY UNTAGA            ,PIGGERY UNTAGA-MAIN ADMIN                         
0079-0001978900003  ,WASHING MACHINE                                             ,7622.,05/06/2023,WASHING MACHINE                                   ,MFI-PIGGERY UNTAGA            ,PIGGERY UNTAGA-MAIN ADMIN                         
0079-0005458600016  ,KARCHER CLASSIC HIGH PRESSURE CLEANERS HD 6/15-4 C          ,60956,04/24/2023,MACHINE TOOLS                                     ,MFI-PIGGERY UNTAGA            ,PIGGERY UNTAGA-MAIN ADMIN                         
0079-0005458600017  ,KARCHER CLASSIC HIGH PRESSURE CLEANERS HD 6/15-4 C          ,60956,04/24/2023,MACHINE TOOLS                                     ,MFI-PIGGERY UNTAGA            ,PIGGERY UNTAGA-MAIN ADMIN                         
0079-0004173100011  ,POWER SPRAYER 2HP(WL25 ASBC)                                ,28900,04/20/2023,POWER SPRAYER                                     ,MFI-PIGGERY UNTAGA            ,PIGGERY UNTAGA-MAIN ADMIN                         
0079-0004173100012  ,POWER SPRAYER 2HP(WL25 ASBC)                                ,28900,04/20/2023,POWER SPRAYER                                     ,MFI-PIGGERY UNTAGA            ,PIGGERY UNTAGA-MAIN ADMIN                         
0079-0004173100013  ,POWER SPRAYER 2HP(WL25 ASBC)                                ,28900,04/20/2023,POWER SPRAYER                                     ,MFI-PIGGERY UNTAGA            ,PIGGERY UNTAGA-MAIN ADMIN                         
0079-0004173100014  ,POWER SPRAYER 2HP(WL25 ASBC)                                ,28900,04/20/2023,POWER SPRAYER                                     ,GROWOUT-LOMANGOG              ,GROWOUT LOMANGOG ADMIN                            
0079-0007816500001  ,CPU SET CORE I5                                             ,22250,05/17/2023,CPU                                               ,MFI-PIGGERY UNTAGA            ,PIGGERY UNTAGA-MAIN ADMIN                         
0079-0007902700001  ,ACER 19.5"" LED MONITOR K202HQL                              ,4400 ,05/17/2023,MONITOR                                           ,MFI-PIGGERY UNTAGA            ,PIGGERY UNTAGA-MAIN ADMIN                         
0070-0001050900006  ,KAWASAKI  POWER SPRAYER 1.5HP                               ,6696.,08/16/2022,PRESSURE WASHER                                   ,MFI-PIGGERY UNTAGA            ,PIGGERY UNTAGA-MAIN ADMIN                         
0070-0004513700010  ,EBARA ALL SS304 END SUCTION CENTRIFUGAL                     ,75892,09/24/2021,PUMP                                              ,MFI-PIGGERY UNTAGA            ,PIGGERY UNTAGA-MAIN ADMIN                         
0070-0008340100001  ,EBARA END SUCTION CENTRIFUGAL PUMP MODEL:GS50-315           ,10714,03/23/2023,PUMP                                              ,MFI-PIGGERY UNTAGA            ,PIGGERY UNTAGA-MAIN ADMIN                         
0079-0007652100001  ,UGT TANK                                                    ,31987,05/18/2023,TANK                                              ,MFI-PIGGERY UNTAGA            ,PIGGERY UNTAGA-MAIN ADMIN                         
0079-0007067000016  ,STEEL LOCKER CABINET(STANDARD) 32 DOORS 8""X8""               ,13794,05/18/2023,LOCKER                                            ,MFI-PIGGERY UNTAGA            ,PIGGERY UNTAGA-MAIN ADMIN                         
0079-0007067000017  ,STEEL LOCKER CABINET(STANDARD) 32 DOORS 8""X8""               ,13794,05/18/2023,LOCKER                                            ,MFI-PIGGERY UNTAGA            ,PIGGERY UNTAGA-MAIN ADMIN                         
0079-0007067000018  ,STEEL LOCKER CABINET(STANDARD) 32 DOORS 8""X8""               ,13794,05/18/2023,LOCKER                                            ,MFI-PIGGERY UNTAGA            ,PIGGERY UNTAGA-MAIN ADMIN                         
0079-0007067000019  ,STEEL LOCKER CABINET(STANDARD) 32 DOORS 8""X8""               ,13794,05/18/2023,LOCKER                                            ,MFI-PIGGERY UNTAGA            ,PIGGERY UNTAGA-MAIN ADMIN                         
0079-0007067000020  ,STEEL LOCKER CABINET(STANDARD) 32 DOORS 8""X8""               ,13794,05/18/2023,LOCKER                                            ,MFI-PIGGERY UNTAGA            ,PIGGERY UNTAGA-MAIN ADMIN                         
0079-0007067000021  ,STEEL LOCKER CABINET(STANDARD) 32 DOORS 8""X8""               ,13794,05/18/2023,LOCKER                                            ,MFI-PIGGERY UNTAGA            ,PIGGERY UNTAGA-MAIN ADMIN                         
0079-0007067000022  ,STEEL LOCKER CABINET(STANDARD) 32 DOORS 8""X8""               ,13794,05/18/2023,LOCKER                                            ,MFI-PIGGERY UNTAGA            ,PIGGERY UNTAGA-MAIN ADMIN                         
0079-0007067000023  ,STEEL LOCKER CABINET(STANDARD) 32 DOORS 8""X8""               ,13794,05/18/2023,LOCKER                                            ,MFI-PIGGERY UNTAGA            ,PIGGERY UNTAGA-MAIN ADMIN                         
0079-0007067000024  ,STEEL LOCKER CABINET(STANDARD) 32 DOORS 8""X8""               ,13794,05/18/2023,LOCKER                                            ,MFI-PIGGERY UNTAGA            ,PIGGERY UNTAGA-MAIN ADMIN                         
0079-0007067000025  ,STEEL LOCKER CABINET(STANDARD) 32 DOORS 8""X8""               ,13794,05/18/2023,LOCKER                                            ,MFI-PIGGERY UNTAGA            ,PIGGERY UNTAGA-MAIN ADMIN                         
0079-0007067000026  ,STEEL LOCKER CABINET(STANDARD) 32 DOORS 8""X8""               ,13794,05/18/2023,LOCKER                                            ,MFI-PIGGERY UNTAGA            ,PIGGERY UNTAGA-MAIN ADMIN                         
0079-0007067000027  ,STEEL LOCKER CABINET(STANDARD) 32 DOORS 8""X8""               ,13794,05/18/2023,LOCKER                                            ,MFI-PIGGERY UNTAGA            ,PIGGERY UNTAGA-MAIN ADMIN                         
0079-0007067000028  ,STEEL LOCKER CABINET(STANDARD) 32 DOORS 8""X8""               ,13794,05/18/2023,LOCKER                                            ,MFI-PIGGERY UNTAGA            ,PIGGERY UNTAGA-MAIN ADMIN                         
0079-0007067000029  ,STEEL LOCKER CABINET(STANDARD) 32 DOORS 8""X8""               ,13794,05/18/2023,LOCKER                                            ,MFI-PIGGERY UNTAGA            ,PIGGERY UNTAGA-MAIN ADMIN                         
0079-0007067000030  ,STEEL LOCKER CABINET(STANDARD) 32 DOORS 8""X8""               ,13794,05/18/2023,LOCKER                                            ,MFI-PIGGERY UNTAGA            ,PIGGERY UNTAGA-MAIN ADMIN                         
0026-0001689200005  ,MOBILE CABINET DDF                                          ,2000 ,02/01/2011,CABINET                                           ,AGGREGATES & CONSTRUCTION MATE,AGGREGATES & CONS.-ADMIN                          
0079-0005663500021  ,ALPHA VIZZ HEATER                                           ,10000,05/30/2023,HEATER                                            ,MFI-PIGGERY UNTAGA            ,PIGGERY UNTAGA-MAIN ADMIN                         
0079-0005663500022  ,ALPHA VIZZ HEATER                                           ,10000,05/30/2023,HEATER                                            ,MFI-PIGGERY UNTAGA            ,PIGGERY UNTAGA-MAIN ADMIN                         
0079-0005663500023  ,ALPHA VIZZ HEATER                                           ,10000,05/30/2023,HEATER                                            ,MFI-PIGGERY UNTAGA            ,PIGGERY UNTAGA-MAIN ADMIN                         
0079-0005663500024  ,ALPHA VIZZ HEATER                                           ,10000,05/30/2023,HEATER                                            ,MFI-PIGGERY UNTAGA            ,PIGGERY UNTAGA-MAIN ADMIN                         
0079-0005663500025  ,ALPHA VIZZ HEATER                                           ,10000,05/30/2023,HEATER                                            ,MFI-PIGGERY UNTAGA            ,PIGGERY UNTAGA-MAIN ADMIN                         
0079-0005663500026  ,ALPHA VIZZ HEATER                                           ,10000,05/30/2023,HEATER                                            ,MFI-PIGGERY UNTAGA            ,PIGGERY UNTAGA-MAIN ADMIN                         
0079-0008677900001  ,16 PORTS POE SWITCH WITH SFP PORT                           ,8794.,05/30/2023,OFFICE SUPPLIES                                   ,MFI-PIGGERY UNTAGA            ,PIGGERY UNTAGA-MAIN ADMIN                         
0079-0008677900002  ,16 PORTS POE SWITCH WITH SFP PORT                           ,8794.,05/30/2023,OFFICE SUPPLIES                                   ,MFI-PIGGERY UNTAGA            ,PIGGERY UNTAGA-MAIN ADMIN                         
0079-0008677900003  ,16 PORTS POE SWITCH WITH SFP PORT                           ,8794.,05/30/2023,OFFICE SUPPLIES                                   ,MFI-PIGGERY UNTAGA            ,PIGGERY UNTAGA-MAIN ADMIN                         
0079-0008678000001  ,DOME TYPE IP CAMERA (4MP)                                   ,2544.,05/30/2023,CCTV                                              ,MFI-PIGGERY UNTAGA            ,PIGGERY UNTAGA-MAIN ADMIN                         
0079-0008678000002  ,DOME TYPE IP CAMERA (4MP)                                   ,2544.,05/30/2023,CCTV                                              ,MFI-PIGGERY UNTAGA            ,PIGGERY UNTAGA-MAIN ADMIN                         
0079-0008678000003  ,DOME TYPE IP CAMERA (4MP)                                   ,2544.,05/30/2023,CCTV                                              ,MFI-PIGGERY UNTAGA            ,PIGGERY UNTAGA-MAIN ADMIN                         
0079-0008678000004  ,DOME TYPE IP CAMERA (4MP)                                   ,2544.,05/30/2023,CCTV                                              ,MFI-PIGGERY UNTAGA            ,PIGGERY UNTAGA-MAIN ADMIN                         
0079-0008678000005  ,DOME TYPE IP CAMERA (4MP)                                   ,2544.,05/30/2023,CCTV                                              ,MFI-PIGGERY UNTAGA            ,PIGGERY UNTAGA-MAIN ADMIN                         
0079-0008678000006  ,DOME TYPE IP CAMERA (4MP)                                   ,2544.,05/30/2023,CCTV                                              ,MFI-PIGGERY UNTAGA            ,PIGGERY UNTAGA-MAIN ADMIN                         
0079-0008678000007  ,DOME TYPE IP CAMERA (4MP)                                   ,2544.,05/30/2023,CCTV                                              ,MFI-PIGGERY UNTAGA            ,PIGGERY UNTAGA-MAIN ADMIN                         
0079-0008678000008  ,DOME TYPE IP CAMERA (4MP)                                   ,2544.,05/30/2023,CCTV                                              ,MFI-PIGGERY UNTAGA            ,PIGGERY UNTAGA-MAIN ADMIN                         
0079-0008678000009  ,DOME TYPE IP CAMERA (4MP)                                   ,2544.,05/30/2023,CCTV                                              ,MFI-PIGGERY UNTAGA            ,PIGGERY UNTAGA-MAIN ADMIN                         
0079-0008678000010  ,DOME TYPE IP CAMERA (4MP)                                   ,2544.,05/30/2023,CCTV                                              ,MFI-PIGGERY UNTAGA            ,PIGGERY UNTAGA-MAIN ADMIN                         
0079-0008678000011  ,DOME TYPE IP CAMERA (4MP)                                   ,2544.,05/30/2023,CCTV                                              ,MFI-PIGGERY UNTAGA            ,PIGGERY UNTAGA-MAIN ADMIN                         
0079-0008678000012  ,DOME TYPE IP CAMERA (4MP)                                   ,2544.,05/30/2023,CCTV                                              ,MFI-PIGGERY UNTAGA            ,PIGGERY UNTAGA-MAIN ADMIN                         
0079-0008678000013  ,DOME TYPE IP CAMERA (4MP)                                   ,2544.,05/30/2023,CCTV                                              ,MFI-PIGGERY UNTAGA            ,PIGGERY UNTAGA-MAIN ADMIN                         
0079-0008678000014  ,DOME TYPE IP CAMERA (4MP)                                   ,2544.,05/30/2023,CCTV                                              ,MFI-PIGGERY UNTAGA            ,PIGGERY UNTAGA-MAIN ADMIN                         
0079-0008678000015  ,DOME TYPE IP CAMERA (4MP)                                   ,2544.,05/30/2023,CCTV                                              ,MFI-PIGGERY UNTAGA            ,PIGGERY UNTAGA-MAIN ADMIN                         
0079-0008678000016  ,DOME TYPE IP CAMERA (4MP)                                   ,2544.,05/30/2023,CCTV                                              ,MFI-PIGGERY UNTAGA            ,PIGGERY UNTAGA-MAIN ADMIN                         
0079-0008678000017  ,DOME TYPE IP CAMERA (4MP)                                   ,2544.,05/30/2023,CCTV                                              ,MFI-PIGGERY UNTAGA            ,PIGGERY UNTAGA-MAIN ADMIN                         
0079-0008678000018  ,DOME TYPE IP CAMERA (4MP)                                   ,2544.,05/30/2023,CCTV                                              ,MFI-PIGGERY UNTAGA            ,PIGGERY UNTAGA-MAIN ADMIN                         
0079-0008678000019  ,DOME TYPE IP CAMERA (4MP)                                   ,2544.,05/30/2023,CCTV                                              ,MFI-PIGGERY UNTAGA            ,PIGGERY UNTAGA-MAIN ADMIN                         
0079-0008678000020  ,DOME TYPE IP CAMERA (4MP)                                   ,2544.,05/30/2023,CCTV                                              ,MFI-PIGGERY UNTAGA            ,PIGGERY UNTAGA-MAIN ADMIN                         
0079-0008678000021  ,DOME TYPE IP CAMERA (4MP)                                   ,2544.,05/30/2023,CCTV                                              ,MFI-PIGGERY UNTAGA            ,PIGGERY UNTAGA-MAIN ADMIN                         
0079-0008678000022  ,DOME TYPE IP CAMERA (4MP)                                   ,2544.,05/30/2023,CCTV                                              ,MFI-PIGGERY UNTAGA            ,PIGGERY UNTAGA-MAIN ADMIN                         
0079-0008678000023  ,DOME TYPE IP CAMERA (4MP)                                   ,2544.,05/30/2023,CCTV                                              ,MFI-PIGGERY UNTAGA            ,PIGGERY UNTAGA-MAIN ADMIN                         
0079-0008678000024  ,DOME TYPE IP CAMERA (4MP)                                   ,2544.,05/30/2023,CCTV                                              ,MFI-PIGGERY UNTAGA            ,PIGGERY UNTAGA-MAIN ADMIN                         
0079-0008678000025  ,DOME TYPE IP CAMERA (4MP)                                   ,2544.,05/30/2023,CCTV                                              ,MFI-PIGGERY UNTAGA            ,PIGGERY UNTAGA-MAIN ADMIN                         
0079-0008678000026  ,DOME TYPE IP CAMERA (4MP)                                   ,2544.,05/30/2023,CCTV                                              ,MFI-PIGGERY UNTAGA            ,PIGGERY UNTAGA-MAIN ADMIN                         
0079-0008678000027  ,DOME TYPE IP CAMERA (4MP)                                   ,2544.,05/30/2023,CCTV                                              ,MFI-PIGGERY UNTAGA            ,PIGGERY UNTAGA-MAIN ADMIN                         
0079-0008678000028  ,DOME TYPE IP CAMERA (4MP)                                   ,2544.,05/30/2023,CCTV                                              ,MFI-PIGGERY UNTAGA            ,PIGGERY UNTAGA-MAIN ADMIN                         
0079-0008678100001  ,BULLET TYPE IP CAMERA (4MP)                                 ,2455.,05/30/2023,CCTV                                              ,MFI-PIGGERY UNTAGA            ,PIGGERY UNTAGA-MAIN ADMIN                         
0079-0008678100002  ,BULLET TYPE IP CAMERA (4MP)                                 ,2455.,05/30/2023,CCTV                                              ,MFI-PIGGERY UNTAGA            ,PIGGERY UNTAGA-MAIN ADMIN                         
0079-0008678100003  ,BULLET TYPE IP CAMERA (4MP)                                 ,2455.,05/30/2023,CCTV                                              ,MFI-PIGGERY UNTAGA            ,PIGGERY UNTAGA-MAIN ADMIN                         
0079-0008678100004  ,BULLET TYPE IP CAMERA (4MP)                                 ,2455.,05/30/2023,CCTV                                              ,MFI-PIGGERY UNTAGA            ,PIGGERY UNTAGA-MAIN ADMIN                         
0079-0008678200001  ,NVR 16 CHANNELS (2 SLOTS FOR HDD)                           ,6696.,05/30/2023,OFFICE SUPPLIES                                   ,MFI-PIGGERY UNTAGA            ,PIGGERY UNTAGA-MAIN ADMIN                         
0079-0008678200002  ,NVR 16 CHANNELS (2 SLOTS FOR HDD)                           ,6696.,05/30/2023,OFFICE SUPPLIES                                   ,MFI-PIGGERY UNTAGA            ,PIGGERY UNTAGA-MAIN ADMIN                         
0079-0008678300001  ,6TB HDD (SURVIELLANCE HDD)                                  ,9151.,05/30/2023,HARD DISK                                         ,MFI-PIGGERY UNTAGA            ,PIGGERY UNTAGA-MAIN ADMIN                         
0079-0008678300002  ,6TB HDD (SURVIELLANCE HDD)                                  ,9151.,05/30/2023,HARD DISK                                         ,MFI-PIGGERY UNTAGA            ,PIGGERY UNTAGA-MAIN ADMIN                         
0079-0008678300003  ,6TB HDD (SURVIELLANCE HDD)                                  ,9151.,05/30/2023,HARD DISK                                         ,MFI-PIGGERY UNTAGA            ,PIGGERY UNTAGA-MAIN ADMIN                         
0079-0008678300004  ,6TB HDD (SURVIELLANCE HDD)                                  ,9151.,05/30/2023,HARD DISK                                         ,MFI-PIGGERY UNTAGA            ,PIGGERY UNTAGA-MAIN ADMIN                         
0079-0008678400001  ,SFP 1.25G SC SINGLE MODE TRANSCEIVER                        ,1339.,05/30/2023,SUPPLIES                                          ,MFI-PIGGERY UNTAGA            ,PIGGERY UNTAGA-MAIN ADMIN                         
0079-0008678400002  ,SFP 1.25G SC SINGLE MODE TRANSCEIVER                        ,1339.,05/30/2023,SUPPLIES                                          ,MFI-PIGGERY UNTAGA            ,PIGGERY UNTAGA-MAIN ADMIN                         
0079-0008615900001  ,DOSATRON                                                    ,27678,06/06/2023,SUPPLIES                                          ,MFI-PIGGERY UNTAGA            ,PIGGERY UNTAGA-MAINTENANCE WAREHOUSE              
0079-0008615900002  ,DOSATRON                                                    ,27678,06/06/2023,SUPPLIES                                          ,MFI-PIGGERY UNTAGA            ,PIGGERY UNTAGA-MAINTENANCE WAREHOUSE              
0079-0008615900003  ,DOSATRON                                                    ,27678,06/06/2023,SUPPLIES                                          ,MFI-PIGGERY UNTAGA            ,PIGGERY UNTAGA-MAINTENANCE WAREHOUSE              
0079-0008615900004  ,DOSATRON                                                    ,27678,06/06/2023,SUPPLIES                                          ,MFI-PIGGERY UNTAGA            ,PIGGERY UNTAGA-MAINTENANCE WAREHOUSE              
0026-0006265900007  ,STANDARD MAIN TABLE 1100W-1100WX600DX760H                   ,3800 ,07/20/2017,TABLE                                             ,AGGREGATES & CONSTRUCTION MATE,AGGREGATES & CONS.-ADMIN                          
0079-0007435700001  ,DA 17K TUNNEL INLET SEMI INS. OUTSIDE                       ,91541,05/21/2022,IMPROVEMENTS                                      ,MFI-PIGGERY UNTAGA            ,PIGGERY UNTAGA-MAIN ADMIN                         
0079-0008858500001  ,141032 CARRIER A/C WCARZ010EC/EC 1 1HP                      ,14283,06/14/2023,AIRCON                                            ,MFI-PIGGERY UNTAGA            ,PIGGERY UNTAGA-MAINTENANCE WAREHOUSE              
0070-0004227600044  ,SUBMERSIBLE PUMP STREAMPLUS .5HP                            ,6964.,05/12/2022,PUMP                                              ,MFI-PIGGERY UNTAGA            ,PIGGERY UNTAGA-MAIN ADMIN                         
0070-0004222500003  ,MS MULTISCAN SET                                            ,18000,01/21/2022,OTHERS                                            ,MFI-PIGGERY UNTAGA            ,PIGGERY UNTAGA-MAIN ADMIN                         
0079-0007480900002  ,EBARA CENTRIFUGAL PUMP HORIZONTAL SPLIT CASE                ,31696,06/23/2023,PUMP                                              ,MFI-PIGGERY                   ,PIGGERY-MAINTENANCE WAREHOUSE                     
0079-0007481000002  ,REDUCED VOLTAGE WYE DELTA MAGNETIC STARTER                  ,53571,06/23/2023,PANEL BOARD                                       ,MFI-PIGGERY                   ,PIGGERY-MAINTENANCE WAREHOUSE                     
0079-0008753400001  ,EBSRAY AUSTRALIA CENTRIFUGAL END SUCTION PUMP               ,13946,06/06/2023,MACH. & EQUIPMENT                                 ,MFI-PIGGERY UNTAGA            ,PIGGERY UNTAGA-MAIN ADMIN                         
0079-0006147000004  ,PROBE FOR MULTISCAN                                         ,28000,06/29/2023,OTHERS                                            ,MFI-PIGGERY UNTAGA            ,PIGGERY UNTAGA-MAIN ADMIN                         
0079-0005289800001  ,JEFFERSON DRY TYPE TRANSFORMER-75KVA                        ,19330,07/03/2023,TRANSFORMER                                       ,MFI-PIGGERY UNTAGA            ,PIGGERY UNTAGA-MAINTENANCE WAREHOUSE              
0079-0005289800002  ,JEFFERSON DRY TYPE TRANSFORMER-75KVA                        ,19330,07/03/2023,TRANSFORMER                                       ,MFI-PIGGERY UNTAGA            ,PIGGERY UNTAGA-MAINTENANCE WAREHOUSE              
0079-0006581100001  ,DIGITAL HANGING SCALE 10 KILOS CAPACITY                     ,3950 ,07/05/2023,HANGING SCALE                                     ,MFI-PIGGERY UNTAGA            ,PIGGERY UNTAGA-MAIN ADMIN                         
0079-0008931300001  ,184995 TCL BASIC 32D3200                                    ,8477.,07/12/2023,TURNSTILE                                         ,MFI-PIGGERY UNTAGA            ,PIGGERY UNTAGA-MAIN ADMIN                         
0079-0008931300002  ,184995 TCL BASIC 32D3200                                    ,8477.,07/12/2023,TURNSTILE                                         ,MFI-PIGGERY UNTAGA            ,PIGGERY UNTAGA-MAIN ADMIN                         
0079-0008931300003  ,184995 TCL BASIC 32D3200                                    ,8477.,07/12/2023,TURNSTILE                                         ,MFI-PIGGERY UNTAGA            ,PIGGERY UNTAGA-MAIN ADMIN                         
0079-0008615900005  ,DOSATRON                                                    ,27678,07/13/2023,SUPPLIES                                          ,MFI-PIGGERY UNTAGA            ,PIGGERY UNTAGA-MAINTENANCE WAREHOUSE              
0079-0008615900006  ,DOSATRON                                                    ,27678,07/13/2023,SUPPLIES                                          ,MFI-PIGGERY UNTAGA            ,PIGGERY UNTAGA-MAINTENANCE WAREHOUSE              
0079-0008615900007  ,DOSATRON                                                    ,27678,07/13/2023,SUPPLIES                                          ,MFI-PIGGERY UNTAGA            ,PIGGERY UNTAGA-MAINTENANCE WAREHOUSE              
0079-0008615900008  ,DOSATRON                                                    ,27678,07/13/2023,SUPPLIES                                          ,MFI-PIGGERY UNTAGA            ,PIGGERY UNTAGA-MAINTENANCE WAREHOUSE              
0079-0008615900009  ,DOSATRON                                                    ,27678,07/13/2023,SUPPLIES                                          ,MFI-PIGGERY UNTAGA            ,PIGGERY UNTAGA-MAINTENANCE WAREHOUSE              
0079-0008615900010  ,DOSATRON                                                    ,27678,07/13/2023,SUPPLIES                                          ,MFI-PIGGERY UNTAGA            ,PIGGERY UNTAGA-MAINTENANCE WAREHOUSE              
0079-0008615900011  ,DOSATRON                                                    ,27678,07/13/2023,SUPPLIES                                          ,MFI-PIGGERY UNTAGA            ,PIGGERY UNTAGA-MAINTENANCE WAREHOUSE              
0079-0005127600004  ,FINGERPRINT TIME ATTENDANCE TERMINAL 3000TC                 ,14508,07/13/2023,OTHERS                                            ,MFI-PIGGERY UNTAGA            ,PIGGERY UNTAGA-MAIN ADMIN                         
0079-0008932300001  ,RG-EG2100-P V2                                              ,18250,07/27/2023,HUB                                               ,MFI-PIGGERY UNTAGA            ,PIGGERY UNTAGA-MAIN ADMIN                         
0079-0008932400001  ,RG-RAP2260-(G) REYEE WI-FI 6 AX1800 CEILING ACCESS          ,7250 ,07/27/2023,ROUTER                                            ,MFI-PIGGERY UNTAGA            ,PIGGERY UNTAGA-MAIN ADMIN                         
0079-0008932400002  ,RG-RAP2260-(G) REYEE WI-FI 6 AX1800 CEILING ACCESS          ,7250 ,07/27/2023,ROUTER                                            ,MFI-PIGGERY UNTAGA            ,PIGGERY UNTAGA-MAIN ADMIN                         
0079-0008932400003  ,RG-RAP2260-(G) REYEE WI-FI 6 AX1800 CEILING ACCESS          ,7250 ,07/27/2023,ROUTER                                            ,MFI-PIGGERY UNTAGA            ,PIGGERY UNTAGA-MAIN ADMIN                         
0079-0006719600003  ,DIGITAL HOG SCALE                                           ,99870,08/04/2023,WEIGHING SCALE                                    ,MFI-PIGGERY UNTAGA            ,PIGGERY UNTAGA-MAINTENANCE WAREHOUSE              
0079-0006719600004  ,DIGITAL HOG SCALE                                           ,99870,08/04/2023,WEIGHING SCALE                                    ,MFI-PIGGERY UNTAGA            ,PIGGERY UNTAGA-MAINTENANCE WAREHOUSE              
0079-0006719600005  ,DIGITAL HOG SCALE                                           ,99870,08/04/2023,WEIGHING SCALE                                    ,MFI-PIGGERY UNTAGA            ,PIGGERY UNTAGA-MAINTENANCE WAREHOUSE              
0079-0008615900012  ,DOSATRON                                                    ,27678,08/16/2023,SUPPLIES                                          ,MFI-PIGGERY UNTAGA            ,PIGGERY UNTAGA-MAINTENANCE WAREHOUSE              
0079-0008615900013  ,DOSATRON                                                    ,27678,08/16/2023,SUPPLIES                                          ,MFI-PIGGERY UNTAGA            ,PIGGERY UNTAGA-MAINTENANCE WAREHOUSE              
0079-0008615900014  ,DOSATRON                                                    ,27678,08/16/2023,SUPPLIES                                          ,MFI-PIGGERY UNTAGA            ,PIGGERY UNTAGA-MAINTENANCE WAREHOUSE              
0079-0006401900003  ,MAKITA 7650H MIST BLOWER                                    ,26167,08/22/2023,MACHINE                                           ,MFI-PIGGERY UNTAGA            ,PIGGERY UNTAGA-MAIN ADMIN                         
0079-0006401900004  ,MAKITA 7650H MIST BLOWER                                    ,26167,08/22/2023,MACHINE                                           ,MFI-PIGGERY UNTAGA            ,PIGGERY UNTAGA-MAIN ADMIN                         
0079-0008610400001  ,MITS. FUSO FJ2528R CS#:H0D665 PL#:GBG-5048                  ,33035,08/25/2023,VEHICLE                                           ,MFI-PIGGERY UNTAGA            ,PIGGERY UNTAGA-MAIN ADMIN                         
0079-0008610400002  ,MITS. FUSO FJ2528R CS#:H0E210 PL#:GBG-3394                  ,33035,08/25/2023,VEHICLE                                           ,MFI-PIGGERY UNTAGA            ,PIGGERY UNTAGA-MAIN ADMIN                         
0070-0002844300001  ,STEEL CABINET 5 DRAWERS                                     ,9375 ,08/16/2023,CABINET                                           ,MARCELA FARMS INCORPORATED    ,MFI-SLAUGHTER HOUSE & MEAT CUTTING PLANT 2        
0070-0003200100038  ,KNAPSACK SPRAYER TUNGHO                                     ,2706 ,01/03/2023,SPRAYER                                           ,MARCELA FARMS INCORPORATED    ,MFI-SLAUGHTER HOUSE & MEAT CUTTING PLANT 2        
0070-0003200100039  ,KNAPSACK SPRAYER TUNGHO                                     ,2706 ,01/03/2023,SPRAYER                                           ,MARCELA FARMS INCORPORATED    ,MFI-SLAUGHTER HOUSE & MEAT CUTTING PLANT 2        
0070-0007212000001  ,ELECTRIC STOVE (SINGLE)                                     ,2510 ,01/19/2022,STOVE                                             ,MFI-PIGGERY UNTAGA            ,PIGGERY UNTAGA-MAIN ADMIN                         
0070-0007212000002  ,ELECTRIC STOVE (SINGLE)                                     ,2510 ,01/19/2022,STOVE                                             ,MFI-PIGGERY UNTAGA            ,PIGGERY UNTAGA-MAIN ADMIN                         
0070-0007816500001  ,CPU SET CORE I5                                             ,15535,07/25/2023,CPU                                               ,MARCELA FARMS INCORPORATED    ,MFI-SLAUGHTER HOUSE & MEAT CUTTING PLANT 2        
0026-0003869900094  ,CISCO UC PHONE 7821                                         ,8035.,09/11/2023,TELEPHONE                                         ,AGGREGATES & CONSTRUCTION MATE,AGGREGATES & CONS.-ADMIN                          
0079-0008284400001  ,BIOMETRICS ZKTECO SILKFP-101TA                              ,14732,09/19/2023,BIOMETRICS                                        ,MFI-PIGGERY UNTAGA            ,PIGGERY UNTAGA-MAIN ADMIN                         
0079-0008287700002  ,DEWALT CORDLESS HAND DRILL                                  ,18303,10/03/2023,DRILL                                             ,MFI-PIGGERY UNTAGA            ,PIGGERY UNTAGA-MAINTENANCE WAREHOUSE              
0079-0004228300004  ,HANGING SCALE NUTEX 10KG                                    ,3950 ,10/06/2023,WEIGHING SCALE                                    ,MFI-PIGGERY UNTAGA            ,PIGGERY UNTAGA-MAIN ADMIN                         
0079-0007728800003  ,MAKITA BLOWER UB1102                                        ,2700 ,10/17/2023,BLOWER                                            ,MFI-PIGGERY UNTAGA            ,PIGGERY UNTAGA-MAINTENANCE WAREHOUSE              
0079-0008358900003  ,MAKITA ANGLE GRINDER M: M9513B                              ,2217.,10/17/2023,GRINDER                                           ,MFI-PIGGERY UNTAGA            ,PIGGERY UNTAGA-MAINTENANCE WAREHOUSE              
0079-0008358900004  ,MAKITA ANGLE GRINDER M: M9513B                              ,2217.,10/17/2023,GRINDER                                           ,MFI-PIGGERY UNTAGA            ,PIGGERY UNTAGA-MAINTENANCE WAREHOUSE              
0079-0009159200001  ,DRY TYPE TRANSFORMER                                        ,20385,12/04/2023,TRANSFORMER                                       ,MFI-PIGGERY UNTAGA            ,PIGGERY UNTAGA-MAINTENANCE WAREHOUSE              
0079-0008340100001  ,EBARA END SUCTION CENTRIFUGAL PUMP MODEL:GS50-315           ,10714,11/30/2023,PUMP                                              ,MFI-PIGGERY UNTAGA            ,PIGGERY UNTAGA-MAINTENANCE WAREHOUSE              
0079-0008340100002  ,EBARA END SUCTION CENTRIFUGAL PUMP MODEL:GS50-315           ,10714,11/30/2023,PUMP                                              ,MFI-PIGGERY UNTAGA            ,PIGGERY UNTAGA-MAINTENANCE WAREHOUSE              
0079-0008331500001  ,CPU SET CORE I3-10105                                       ,15450,12/13/2023,CPU                                               ,MFI-PIGGERY UNTAGA            ,PIGGERY UNTAGA-MAIN ADMIN                         
0079-0009405700001  ,PHILIPS 193V5LHSB2/71 18.5"" WL                              ,3250 ,12/13/2023,MONITOR                                           ,MFI-PIGGERY UNTAGA            ,PIGGERY UNTAGA-MAIN ADMIN                         
0079-0008870900001  ,10KVA AEC RACK MOUNTABLE UPS                                ,10500,12/14/2023,UPS                                               ,MFI-PIGGERY UNTAGA            ,PIGGERY UNTAGA-MAIN ADMIN                         
0079-0007728800004  ,MAKITA BLOWER UB1102                                        ,2700 ,12/19/2023,BLOWER                                            ,MFI-PIGGERY UNTAGA            ,PIGGERY UNTAGA-MAINTENANCE WAREHOUSE              
0079-0009276000001  ,TESTO 206 PH1 INSTRUMENT SET                                ,12257,12/29/2023,OTHERS                                            ,MFI-PIGGERY UNTAGA            ,PIGGERY UNTAGA-MAIN ADMIN                         
0070-0009264100006  ,DOSATRON CHLORINATOR D20S/ D20AL2VF                         ,14553,12/29/2023,TOOLS                                             ,MFI-PIGGERY UNTAGA            ,PIGGERY UNTAGA-MAIN ADMIN                         
0079-0008593600001  ,CI/DI FIRE HYDRANT 6"" X 3-WAY ASSEMBLY                      ,36607,01/31/2024,OTHERS                                            ,MFI-PIGGERY UNTAGA            ,PIGGERY UNTAGA-MAINTENANCE WAREHOUSE              
0079-0008593600002  ,CI/DI FIRE HYDRANT 6"" X 3-WAY ASSEMBLY                      ,36607,01/31/2024,OTHERS                                            ,MFI-PIGGERY UNTAGA            ,PIGGERY UNTAGA-MAINTENANCE WAREHOUSE              
0079-0008593600003  ,CI/DI FIRE HYDRANT 6"" X 3-WAY ASSEMBLY                      ,36607,01/31/2024,OTHERS                                            ,MFI-PIGGERY UNTAGA            ,PIGGERY UNTAGA-MAINTENANCE WAREHOUSE              
0079-0008593600004  ,CI/DI FIRE HYDRANT 6"" X 3-WAY ASSEMBLY                      ,36607,01/31/2024,OTHERS                                            ,MFI-PIGGERY UNTAGA            ,PIGGERY UNTAGA-MAINTENANCE WAREHOUSE              
0079-0008593600005  ,CI/DI FIRE HYDRANT 6"" X 3-WAY ASSEMBLY                      ,36607,01/31/2024,OTHERS                                            ,MFI-PIGGERY UNTAGA            ,PIGGERY UNTAGA-MAINTENANCE WAREHOUSE              
0079-0008593600006  ,CI/DI FIRE HYDRANT 6"" X 3-WAY ASSEMBLY                      ,36607,01/31/2024,OTHERS                                            ,MFI-PIGGERY UNTAGA            ,PIGGERY UNTAGA-MAINTENANCE WAREHOUSE              
0079-0008593600007  ,CI/DI FIRE HYDRANT 6"" X 3-WAY ASSEMBLY                      ,36607,01/31/2024,OTHERS                                            ,MFI-PIGGERY UNTAGA            ,PIGGERY UNTAGA-MAINTENANCE WAREHOUSE              
0079-0008593600008  ,CI/DI FIRE HYDRANT 6"" X 3-WAY ASSEMBLY                      ,36607,01/31/2024,OTHERS                                            ,MFI-PIGGERY UNTAGA            ,PIGGERY UNTAGA-MAINTENANCE WAREHOUSE              
0079-0008593600009  ,CI/DI FIRE HYDRANT 6"" X 3-WAY ASSEMBLY                      ,36607,01/31/2024,OTHERS                                            ,MFI-PIGGERY UNTAGA            ,PIGGERY UNTAGA-MAINTENANCE WAREHOUSE              
0079-0008593600010  ,CI/DI FIRE HYDRANT 6"" X 3-WAY ASSEMBLY                      ,36607,01/31/2024,OTHERS                                            ,MFI-PIGGERY UNTAGA            ,PIGGERY UNTAGA-MAINTENANCE WAREHOUSE              
0079-0008593600011  ,CI/DI FIRE HYDRANT 6"" X 3-WAY ASSEMBLY                      ,36607,01/31/2024,OTHERS                                            ,MFI-PIGGERY UNTAGA            ,PIGGERY UNTAGA-MAINTENANCE WAREHOUSE              
0079-0008593600012  ,CI/DI FIRE HYDRANT 6"" X 3-WAY ASSEMBLY                      ,36607,01/31/2024,OTHERS                                            ,MFI-PIGGERY UNTAGA            ,PIGGERY UNTAGA-MAINTENANCE WAREHOUSE              
0079-0008593600013  ,CI/DI FIRE HYDRANT 6"" X 3-WAY ASSEMBLY                      ,36607,01/31/2024,OTHERS                                            ,MFI-PIGGERY UNTAGA            ,PIGGERY UNTAGA-MAINTENANCE WAREHOUSE              
0079-0008593600014  ,CI/DI FIRE HYDRANT 6"" X 3-WAY ASSEMBLY                      ,36607,01/31/2024,OTHERS                                            ,MFI-PIGGERY UNTAGA            ,PIGGERY UNTAGA-MAINTENANCE WAREHOUSE              
0079-0009491500001  ,MAKITA 2800W DEMOLITION JACK HAMMER                         ,61200,02/19/2024,MACHINE TOOLS                                     ,MFI-PIGGERY UNTAGA            ,PIGGERY UNTAGA-MAINTENANCE WAREHOUSE              
0079-0009251000001  ,HINO SH1E TRACTOR HEAD CS#:JOK487 PL#:KAR-9401              ,41964,03/05/2024,VEHICLE                                           ,MFI-PIGGERY UNTAGA            ,PIGGERY UNTAGA-MAIN ADMIN                         
0079-0009311900001  ,2.8MM 4MP BULLET IPC  (HWI-B140H HIKVISION)                 ,2650 ,03/06/2024,CCTV                                              ,MFI-PIGGERY UNTAGA            ,PIGGERY UNTAGA-MAIN ADMIN                         
0079-0009311900002  ,2.8MM 4MP BULLET IPC  (HWI-B140H HIKVISION)                 ,2650 ,03/06/2024,CCTV                                              ,MFI-PIGGERY UNTAGA            ,PIGGERY UNTAGA-MAIN ADMIN                         
0079-0009385100001  ,HIKVISION-DS-3E0510 HP-E                                    ,6400 ,03/06/2024,HARD DISK                                         ,MFI-PIGGERY UNTAGA            ,PIGGERY UNTAGA-MAIN ADMIN                         
0079-0000968900014  ,OFFICE TABLE                                                ,2085.,01/23/2024,TABLE                                             ,MFI-PIGGERY UNTAGA            ,PIGGERY UNTAGA-MAIN ADMIN                         
0079-0000968900015  ,OFFICE TABLE                                                ,2085.,01/23/2024,TABLE                                             ,MFI-PIGGERY UNTAGA            ,PIGGERY UNTAGA-MAIN ADMIN                         
0079-0008774700001  ,HIK VISION DOME TYPE IP CAMERA 4MP 2.8MM                    ,2589.,03/26/2024,CAMERA                                            ,MFI-PIGGERY UNTAGA            ,PIGGERY UNTAGA-MAIN ADMIN                         
0079-0008774700002  ,HIK VISION DOME TYPE IP CAMERA 4MP 2.8MM                    ,2589.,03/26/2024,CAMERA                                            ,MFI-PIGGERY UNTAGA            ,PIGGERY UNTAGA-MAIN ADMIN                         
0079-0008774700003  ,HIK VISION DOME TYPE IP CAMERA 4MP 2.8MM                    ,2589.,03/26/2024,CAMERA                                            ,MFI-PIGGERY UNTAGA            ,PIGGERY UNTAGA-MAIN ADMIN                         
0079-0008774700004  ,HIK VISION DOME TYPE IP CAMERA 4MP 2.8MM                    ,2589.,03/26/2024,CAMERA                                            ,MFI-PIGGERY UNTAGA            ,PIGGERY UNTAGA-MAIN ADMIN                         
0079-0008774700005  ,HIK VISION DOME TYPE IP CAMERA 4MP 2.8MM                    ,2589.,03/26/2024,CAMERA                                            ,MFI-PIGGERY UNTAGA            ,PIGGERY UNTAGA-MAIN ADMIN                         
0079-0008774700006  ,HIK VISION DOME TYPE IP CAMERA 4MP 2.8MM                    ,2589.,03/26/2024,CAMERA                                            ,MFI-PIGGERY UNTAGA            ,PIGGERY UNTAGA-MAIN ADMIN                         
0079-0008774700007  ,HIK VISION DOME TYPE IP CAMERA 4MP 2.8MM                    ,2589.,03/26/2024,CAMERA                                            ,MFI-PIGGERY                   ,PIGGERY-MAIN ADMIN                                
0079-0008774700008  ,HIK VISION DOME TYPE IP CAMERA 4MP 2.8MM                    ,2589.,03/26/2024,CAMERA                                            ,MFI-PIGGERY                   ,PIGGERY-MAIN ADMIN                                
0079-0009301800001  ,PATCH PANEL 24 PORTS LOADED PREMIUM LINE                    ,3348.,03/26/2024,PANEL BOARD                                       ,MFI-PIGGERY UNTAGA            ,PIGGERY UNTAGA-MAIN ADMIN                         
0079-0009529100001  ,HIK VISION NVR 16CH 4K W/ 2 HDD SLOT                        ,19464,03/26/2024,HARD DISK                                         ,MFI-PIGGERY UNTAGA            ,PIGGERY UNTAGA-MAIN ADMIN                         
0079-0000449700003  ,ALUMINUM LADDER 5 STEPS                                     ,1964.,04/08/2024,LADDER                                            ,MFI-PIGGERY UNTAGA            ,PIGGERY UNTAGA-MAINTENANCE WAREHOUSE              
0079-0000449700004  ,ALUMINUM LADDER 5 STEPS                                     ,1964.,04/08/2024,LADDER                                            ,MFI-PIGGERY UNTAGA            ,PIGGERY UNTAGA-MAINTENANCE WAREHOUSE              
0079-0009531100001  ,1KVA ONLINE UPS VERTIV  RACK MOUNT 2U                       ,63392,04/08/2024,UPS                                               ,MFI-PIGGERY UNTAGA            ,PIGGERY UNTAGA-MAIN ADMIN                         
0079-0008358900005  ,MAKITA ANGLE GRINDER M: M9513B                              ,2957.,04/11/2024,GRINDER                                           ,MFI-PIGGERY UNTAGA            ,PIGGERY UNTAGA-MAINTENANCE WAREHOUSE              
0079-0008358900006  ,MAKITA ANGLE GRINDER M: M9513B                              ,2957.,04/11/2024,GRINDER                                           ,MFI-PIGGERY UNTAGA            ,PIGGERY UNTAGA-MAINTENANCE WAREHOUSE              
0079-0004340400001  ,HONDA XRM125 PL#:G820ND                                     ,73900,04/12/2024,VEHICLE                                           ,MFI-PIGGERY UNTAGA            ,PIGGERY UNTAGA-MAIN ADMIN                         
0079-0008702400001  ,AOC E970SWNL 18.5"" WLED MONITOR                             ,2946.,04/15/2024,MONITOR                                           ,MFI-PIGGERY UNTAGA            ,PIGGERY UNTAGA-MAIN ADMIN                         
0079-0009528200001  ,HIK VISION 24 PORTS POE SWITCH WITH SFP PORTS               ,17857,04/16/2024,SWITCH                                            ,MFI-PIGGERY UNTAGA            ,PIGGERY UNTAGA-MAIN ADMIN                         
0079-0007480900003  ,EBARA CENTRIFUGAL PUMP HORIZONTAL SPLIT CASE                ,33482,04/22/2024,PUMP                                              ,MFI-PIGGERY UNTAGA            ,PIGGERY UNTAGA-MAINTENANCE WAREHOUSE              
0079-0007481000003  ,REDUCED VOLTAGE WYE DELTA MAGNETIC STARTER                  ,53571,04/22/2024,PANEL BOARD                                       ,MFI-PIGGERY UNTAGA            ,PIGGERY UNTAGA-MAINTENANCE WAREHOUSE              
0079-0009839800001  ,103249 FUJIDENZO USHWCS SU90A/A2 9CF - 9 CUFT.              ,18952,04/25/2024,FREEZER/CHILLER                                   ,MFI-PIGGERY UNTAGA            ,PIGGERY UNTAGA-MAIN ADMIN                         
0079-0005560500003  ,DEWALT COMPACT DRILL                                        ,20500,05/06/2024,DRILL                                             ,MFI-PIGGERY UNTAGA            ,PIGGERY UNTAGA-MAINTENANCE WAREHOUSE              
0079-0009911700001  ,WASHING MACHINE TWIN TUB 7KG #HTW70P1217                    ,8123.,05/06/2024,WASHING MACHINE                                   ,MFI-PIGGERY UNTAGA            ,PIGGERY UNTAGA-MAIN ADMIN                         
0079-0006694500002  ,SANWA DIGITAL CLAMP TESTER                                  ,10178,04/22/2024,TEST KIT                                          ,MFI-PIGGERY UNTAGA            ,PIGGERY UNTAGA-MAINTENANCE WAREHOUSE              
0079-0009796700001  ,""EBARA"" ALL SS304 END SUCTION CENTRIFUGAL PUMP              ,66964,05/08/2024,PUMP                                              ,MFI-PIGGERY UNTAGA            ,PIGGERY UNTAGA-MAINTENANCE WAREHOUSE              
0079-0003837900007  ,HYPO CHLORINATOR (PULSATRON)                                ,40000,05/14/2024,MACHINE TOOLS                                     ,MFI-PIGGERY UNTAGA            ,PIGGERY UNTAGA-MAINTENANCE WAREHOUSE              
0079-0003202700002  ,PORTABLE WELDING MACHINE EAGLE HEAVY DUTY                   ,12945,05/27/2024,MACHINE TOOLS                                     ,MFI-PIGGERY UNTAGA            ,PIGGERY UNTAGA-MAINTENANCE WAREHOUSE              
0079-0005458600018  ,KARCHER CLASSIC HIGH PRESSURE CLEANERS HD 6/15-4 C          ,63133,05/27/2024,MACHINE TOOLS                                     ,MFI-PIGGERY UNTAGA            ,PIGGERY UNTAGA-MAINTENANCE WAREHOUSE              
0079-0005458600019  ,KARCHER CLASSIC HIGH PRESSURE CLEANERS HD 6/15-4 C          ,63133,05/27/2024,MACHINE TOOLS                                     ,MFI-PIGGERY UNTAGA            ,PIGGERY UNTAGA-MAINTENANCE WAREHOUSE              
0079-0004173100015  ,POWER SPRAYER 2HP(WL25 ASBC)                                ,27900,05/27/2024,POWER SPRAYER                                     ,MFI-PIGGERY UNTAGA            ,PIGGERY UNTAGA-MAINTENANCE WAREHOUSE              
0079-0004173100016  ,POWER SPRAYER 2HP(WL25 ASBC)                                ,27900,05/27/2024,POWER SPRAYER                                     ,MFI-PIGGERY UNTAGA            ,PIGGERY UNTAGA-MAINTENANCE WAREHOUSE              
0079-0004173100017  ,POWER SPRAYER 2HP(WL25 ASBC)                                ,27900,05/27/2024,POWER SPRAYER                                     ,MFI-PIGGERY UNTAGA            ,PIGGERY UNTAGA-MAINTENANCE WAREHOUSE              
0079-0004173100018  ,POWER SPRAYER 2HP(WL25 ASBC)                                ,27900,05/27/2024,POWER SPRAYER                                     ,MFI-PIGGERY UNTAGA            ,PIGGERY UNTAGA-MAINTENANCE WAREHOUSE              
0079-0004173100019  ,POWER SPRAYER 2HP(WL25 ASBC)                                ,27900,05/27/2024,POWER SPRAYER                                     ,MFI-PIGGERY UNTAGA            ,PIGGERY UNTAGA-MAINTENANCE WAREHOUSE              
0079-0005458600020  ,KARCHER CLASSIC HIGH PRESSURE CLEANERS HD 6/15-4 C          ,54425,06/14/2024,MACHINE TOOLS                                     ,MFI-PIGGERY UNTAGA            ,PIGGERY UNTAGA-MAINTENANCE WAREHOUSE              
0079-0005458600021  ,KARCHER CLASSIC HIGH PRESSURE CLEANERS HD 6/15-4 C          ,54425,06/14/2024,MACHINE TOOLS                                     ,MFI-PIGGERY UNTAGA            ,PIGGERY UNTAGA-MAINTENANCE WAREHOUSE              
0079-0005458600022  ,KARCHER CLASSIC HIGH PRESSURE CLEANERS HD 6/15-4 C          ,54425,06/14/2024,MACHINE TOOLS                                     ,MFI-PIGGERY UNTAGA            ,PIGGERY UNTAGA-MAINTENANCE WAREHOUSE              
0079-0000483800002  ,ALUMINUM LADDER 4 STEPS                                     ,5356.,06/24/2024,LADDER                                            ,MFI-PIGGERY UNTAGA            ,PIGGERY UNTAGA-MAINTENANCE WAREHOUSE              
0079-0000483800003  ,ALUMINUM LADDER 4 STEPS                                     ,5356.,06/24/2024,LADDER                                            ,MFI-PIGGERY UNTAGA            ,PIGGERY UNTAGA-MAINTENANCE WAREHOUSE              
0079-0009500000001  ,PORKY'S PICK UP XL FOR SOWS                                 ,43838,05/22/2024,TROLLEY-STAINLESS                                 ,MFI-PIGGERY UNTAGA            ,PIGGERY UNTAGA-MAIN ADMIN                         
0079-0009698400001  ,PATCH PANEL 24PORTS LOADED 1U W/CABLE MANAGEMENT            ,3465 ,08/19/2024,SWITCH                                            ,MFI-PIGGERY UNTAGA            ,PIGGERY UNTAGA-MAIN ADMIN                         
0079-0009698400002  ,PATCH PANEL 24PORTS LOADED 1U W/CABLE MANAGEMENT            ,3465 ,08/19/2024,SWITCH                                            ,MFI-PIGGERY UNTAGA            ,PIGGERY UNTAGA-MAIN ADMIN                         
0079-0009698400003  ,PATCH PANEL 24PORTS LOADED 1U W/CABLE MANAGEMENT            ,3465 ,08/19/2024,SWITCH                                            ,MFI-PIGGERY UNTAGA            ,PIGGERY UNTAGA-MAIN ADMIN                         
0079-0009698400004  ,PATCH PANEL 24PORTS LOADED 1U W/CABLE MANAGEMENT            ,3465 ,08/19/2024,SWITCH                                            ,MFI-PIGGERY UNTAGA            ,PIGGERY UNTAGA-MAIN ADMIN                         
0079-0009698400005  ,PATCH PANEL 24PORTS LOADED 1U W/CABLE MANAGEMENT            ,3465 ,08/19/2024,SWITCH                                            ,MFI-PIGGERY UNTAGA            ,PIGGERY UNTAGA-MAIN ADMIN                         
0079-0009698400006  ,PATCH PANEL 24PORTS LOADED 1U W/CABLE MANAGEMENT            ,3465 ,08/19/2024,SWITCH                                            ,MFI-PIGGERY UNTAGA            ,PIGGERY UNTAGA-MAIN ADMIN                         
0079-0009712500001  ,ZYCOO COOFONE K2P 2 SIP LINES                               ,3600 ,08/19/2024,TELECOM                                           ,MFI-PIGGERY UNTAGA            ,PIGGERY UNTAGA-MAIN ADMIN                         
0079-0009712500002  ,ZYCOO COOFONE K2P 2 SIP LINES                               ,3600 ,08/19/2024,TELECOM                                           ,MFI-PIGGERY UNTAGA            ,PIGGERY UNTAGA-MAIN ADMIN                         
0079-0009712500003  ,ZYCOO COOFONE K2P 2 SIP LINES                               ,3600 ,08/19/2024,TELECOM                                           ,MFI-PIGGERY UNTAGA            ,PIGGERY UNTAGA-MAIN ADMIN                         
0079-0009712500004  ,ZYCOO COOFONE K2P 2 SIP LINES                               ,3600 ,08/19/2024,TELECOM                                           ,MFI-PIGGERY UNTAGA            ,PIGGERY UNTAGA-MAIN ADMIN                         
0079-0009712500005  ,ZYCOO COOFONE K2P 2 SIP LINES                               ,3600 ,08/19/2024,TELECOM                                           ,MFI-PIGGERY UNTAGA            ,PIGGERY UNTAGA-MAIN ADMIN                         
0079-0002703400001  ,CPU INTEL CORE I3                                           ,15312,08/19/2024,CPU                                               ,MFI-PIGGERY UNTAGA            ,PIGGERY UNTAGA-MAIN ADMIN                         
0079-0009878800001  ,ACER LED 20 K202QB1 19.5"" LED                               ,3080.,08/19/2024,MONITOR                                           ,MFI-PIGGERY UNTAGA            ,PIGGERY UNTAGA-MAIN ADMIN                         
0079-0009878800002  ,ACER LED 20 K202QB1 19.5"" LED                               ,3080.,08/19/2024,MONITOR                                           ,MFI-PIGGERY UNTAGA            ,PIGGERY UNTAGA-MAIN ADMIN                         
0079-0010151800001  ,SIGMA CP MODEL K11040 M2                                    ,25776,09/19/2024,ELECTRICAL SUPPLIES                               ,MFI-PIGGERY UNTAGA            ,PIGGERY UNTAGA-MAINTENANCE WAREHOUSE              
0079-0010151800002  ,SIGMA CP MODEL K11040 M2                                    ,25776,09/19/2024,ELECTRICAL SUPPLIES                               ,MFI-PIGGERY UNTAGA            ,PIGGERY UNTAGA-MAINTENANCE WAREHOUSE              
0079-0010151900001  ,1000VA 230V AVR UNIVERSAL SOCKETS MODEL UPS 1KVA            ,11434,09/19/2024,UPS                                               ,MFI-PIGGERY UNTAGA            ,PIGGERY UNTAGA-MAINTENANCE WAREHOUSE              
0079-0010152000001  ,SURGE PROTECTION                                            ,9088.,09/19/2024,ELECTRICAL SUPPLIES                               ,MFI-PIGGERY UNTAGA            ,PIGGERY UNTAGA-MAINTENANCE WAREHOUSE              
0079-0008615900015  ,DOSATRON                                                    ,28125,10/07/2024,SUPPLIES                                          ,MFI-PIGGERY UNTAGA            ,PIGGERY UNTAGA-MAINTENANCE WAREHOUSE              
0079-0008615900016  ,DOSATRON                                                    ,28125,10/07/2024,SUPPLIES                                          ,MFI-PIGGERY UNTAGA            ,PIGGERY UNTAGA-MAINTENANCE WAREHOUSE              
0079-0008615900017  ,DOSATRON                                                    ,28125,10/07/2024,SUPPLIES                                          ,MFI-PIGGERY UNTAGA            ,PIGGERY UNTAGA-MAINTENANCE WAREHOUSE              
0079-0008615900018  ,DOSATRON                                                    ,28125,10/07/2024,SUPPLIES                                          ,MFI-PIGGERY UNTAGA            ,PIGGERY UNTAGA-MAINTENANCE WAREHOUSE              
0079-0008615900019  ,DOSATRON                                                    ,28125,10/07/2024,SUPPLIES                                          ,MFI-PIGGERY UNTAGA            ,PIGGERY UNTAGA-MAINTENANCE WAREHOUSE              
0079-0008615900020  ,DOSATRON                                                    ,28125,10/07/2024,SUPPLIES                                          ,MFI-PIGGERY UNTAGA            ,PIGGERY UNTAGA-MAINTENANCE WAREHOUSE              
0079-0008615900021  ,DOSATRON                                                    ,28125,10/07/2024,SUPPLIES                                          ,MFI-PIGGERY UNTAGA            ,PIGGERY UNTAGA-MAINTENANCE WAREHOUSE              
0079-0008615900022  ,DOSATRON                                                    ,28125,10/07/2024,SUPPLIES                                          ,MFI-PIGGERY UNTAGA            ,PIGGERY UNTAGA-MAINTENANCE WAREHOUSE              
0079-0008615900023  ,DOSATRON                                                    ,28125,10/07/2024,SUPPLIES                                          ,MFI-PIGGERY UNTAGA            ,PIGGERY UNTAGA-MAINTENANCE WAREHOUSE              
0079-0008615900024  ,DOSATRON                                                    ,28125,10/07/2024,SUPPLIES                                          ,MFI-PIGGERY UNTAGA            ,PIGGERY UNTAGA-MAINTENANCE WAREHOUSE              
0079-0008615900025  ,DOSATRON                                                    ,28125,10/07/2024,SUPPLIES                                          ,MFI-PIGGERY UNTAGA            ,PIGGERY UNTAGA-MAINTENANCE WAREHOUSE              
0079-0008615900026  ,DOSATRON                                                    ,28125,10/07/2024,SUPPLIES                                          ,MFI-PIGGERY UNTAGA            ,PIGGERY UNTAGA-MAINTENANCE WAREHOUSE              
0079-0008615900027  ,DOSATRON                                                    ,28125,10/07/2024,SUPPLIES                                          ,MFI-PIGGERY UNTAGA            ,PIGGERY UNTAGA-MAINTENANCE WAREHOUSE              
0079-0008615900028  ,DOSATRON                                                    ,28125,10/07/2024,SUPPLIES                                          ,MFI-PIGGERY UNTAGA            ,PIGGERY UNTAGA-MAINTENANCE WAREHOUSE              
0079-0006559800001  ,PVC WELDING MACHINE SUKYOUNG                                ,33000,10/10/2024,MACHINE                                           ,MFI-PIGGERY UNTAGA            ,PIGGERY UNTAGA-MAINTENANCE WAREHOUSE              
0079-0009429500001  ,REBUILT FUSO TANKER TRUCK PL#:CBA-5319                      ,22000,12/28/2023,VEHICLE                                           ,MFI-PIGGERY UNTAGA            ,PIGGERY UNTAGA-MAIN ADMIN                         
0079-0003064600001  ,WEIGHING SCALE DIGITAL 1KG                                  ,3800 ,10/21/2024,WEIGHING SCALE                                    ,MFI-PIGGERY UNTAGA            ,PIGGERY UNTAGA-MAIN ADMIN                         
0070-0005030100009  ,SUBMERSIBLE PUMP EBARA MODEL: DML 67.5                      ,11428,05/23/2024,PUMP                                              ,MFI-PIGGERY UNTAGA            ,PIGGERY UNTAGA-MAIN ADMIN                         
0079-0010668400001  ,T/TUB WASHING MACHINE #7KG HWM-470 BLK                      ,8784.,10/22/2024,WASHING MACHINE                                   ,MFI-PIGGERY UNTAGA            ,PIGGERY UNTAGA-MAIN ADMIN                         
0057-0005458600004  ,KARCHER CLASSIC HIGH-PRESSURE CLEANERS H                    ,56893,12/19/2019,CLEANING DEVICE                                   ,MFI-PIGGERY UNTAGA            ,PIGGERY UNTAGA                                    
0057-0005458600006  ,KARCHER CLASSIC HIGH-PRESSURE CLEANERS H                    ,56893,12/19/2019,CLEANING DEVICE                                   ,MFI-PIGGERY UNTAGA            ,PIGGERY UNTAGA                                    
0106-0005458600024  ,KARCHER CLASSIC HIGH-PRESSURE CLEANERS HD 6/15-4 C          ,54425,08/03/2021,CLEANING DEVICE                                   ,MFI-PIGGERY UNTAGA            ,PIGGERY UNTAGA                                    
0044-0008325800005  ,COOFONE H81 P 2 SIP LINES I HD VOICE I POE                  ,3405.,02/20/2023,TELECOM                                           ,MFI-PIGGERY UNTAGA            ,PIGGERY UNTAGA                                    
0044-0008325800006  ,COOFONE H81 P 2 SIP LINES I HD VOICE I POE                  ,3405.,02/20/2023,TELECOM                                           ,MFI-PIGGERY UNTAGA            ,PIGGERY UNTAGA                                    
0044-0008325800008  ,COOFONE H81 P 2 SIP LINES I HD VOICE I POE                  ,3405.,02/20/2023,TELECOM                                           ,MFI-PIGGERY UNTAGA            ,PIGGERY UNTAGA                                    
0044-0008325800019  ,COOFONE H81 P 2 SIP LINES I HD VOICE I POE                  ,3405.,02/20/2023,TELECOM                                           ,MFI-PIGGERY UNTAGA            ,PIGGERY UNTAGA                                    
0058-0008698300001  ,ONE-PIECE PALLET BLUE OP D4-1012.15 (40X48X6 IN)            ,2950 ,05/30/2023,PALLET                                            ,MARCELA FARMS INCORPORATED    ,MFI-SLAUGHTER HOUSE & MEAT CUTTING PLANT 2        
0058-0008698300002  ,ONE-PIECE PALLET BLUE OP D4-1012.15 (40X48X6 IN)            ,2950 ,05/30/2023,PALLET                                            ,MARCELA FARMS INCORPORATED    ,MFI-SLAUGHTER HOUSE & MEAT CUTTING PLANT 2        
0058-0008698300003  ,ONE-PIECE PALLET BLUE OP D4-1012.15 (40X48X6 IN)            ,2950 ,05/30/2023,PALLET                                            ,MARCELA FARMS INCORPORATED    ,MFI-SLAUGHTER HOUSE & MEAT CUTTING PLANT 2        
0058-0008698300004  ,ONE-PIECE PALLET BLUE OP D4-1012.15 (40X48X6 IN)            ,2950 ,05/30/2023,PALLET                                            ,MARCELA FARMS INCORPORATED    ,MFI-SLAUGHTER HOUSE & MEAT CUTTING PLANT 2        
0058-0008698300005  ,ONE-PIECE PALLET BLUE OP D4-1012.15 (40X48X6 IN)            ,2950 ,05/30/2023,PALLET                                            ,MARCELA FARMS INCORPORATED    ,MFI-SLAUGHTER HOUSE & MEAT CUTTING PLANT 2        
0058-0008698300006  ,ONE-PIECE PALLET BLUE OP D4-1012.15 (40X48X6 IN)            ,2950 ,05/30/2023,PALLET                                            ,MARCELA FARMS INCORPORATED    ,MFI-SLAUGHTER HOUSE & MEAT CUTTING PLANT 2        
0058-0008698300007  ,ONE-PIECE PALLET BLUE OP D4-1012.15 (40X48X6 IN)            ,2950 ,05/30/2023,PALLET                                            ,MARCELA FARMS INCORPORATED    ,MFI-SLAUGHTER HOUSE & MEAT CUTTING PLANT 2        
0058-0008698300008  ,ONE-PIECE PALLET BLUE OP D4-1012.15 (40X48X6 IN)            ,2950 ,05/30/2023,PALLET                                            ,MARCELA FARMS INCORPORATED    ,MFI-SLAUGHTER HOUSE & MEAT CUTTING PLANT 2        
0058-0008698300009  ,ONE-PIECE PALLET BLUE OP D4-1012.15 (40X48X6 IN)            ,2950 ,05/30/2023,PALLET                                            ,MARCELA FARMS INCORPORATED    ,MFI-SLAUGHTER HOUSE & MEAT CUTTING PLANT 2        
0058-0008698300010  ,ONE-PIECE PALLET BLUE OP D4-1012.15 (40X48X6 IN)            ,2950 ,05/30/2023,PALLET                                            ,MARCELA FARMS INCORPORATED    ,MFI-SLAUGHTER HOUSE & MEAT CUTTING PLANT 2        
0058-0008698300011  ,ONE-PIECE PALLET BLUE OP D4-1012.15 (40X48X6 IN)            ,2950 ,05/30/2023,PALLET                                            ,MARCELA FARMS INCORPORATED    ,MFI-SLAUGHTER HOUSE & MEAT CUTTING PLANT 2        
0058-0008698300012  ,ONE-PIECE PALLET BLUE OP D4-1012.15 (40X48X6 IN)            ,2950 ,05/30/2023,PALLET                                            ,MARCELA FARMS INCORPORATED    ,MFI-SLAUGHTER HOUSE & MEAT CUTTING PLANT 2        
0058-0008698300013  ,ONE-PIECE PALLET BLUE OP D4-1012.15 (40X48X6 IN)            ,2950 ,05/30/2023,PALLET                                            ,MARCELA FARMS INCORPORATED    ,MFI-SLAUGHTER HOUSE & MEAT CUTTING PLANT 2        
0058-0008964800001  ,BRINE MIXER SP1000L                                         ,26250,02/09/2024,MIXER                                             ,MARCELA FARMS INCORPORATED    ,MFI-MEAT PROCESSING PLANT                         
0058-0009009700001  ,TOYOTA LPE 200 POWERED PALLET TRUCK                         ,60714,01/27/2024,PALLET TRUCK                                      ,MARCELA FARMS INCORPORATED    ,MFI-MEAT PROCESSING PLANT                         
0058-0009009700002  ,TOYOTA LPE 200 POWERED PALLET TRUCK                         ,60714,01/27/2024,PALLET TRUCK                                      ,MARCELA FARMS INCORPORATED    ,MFI-MEAT PROCESSING PLANT                         
0058-0009009700003  ,TOYOTA LPE 200 POWERED PALLET TRUCK                         ,60714,01/27/2024,PALLET TRUCK                                      ,MARCELA FARMS INCORPORATED    ,MFI-MEAT PROCESSING PLANT                         
0058-0009009800001  ,BATTERY 24V//225AH                                          ,89285,01/27/2024,BATTERY                                           ,MARCELA FARMS INCORPORATED    ,MFI-MEAT PROCESSING PLANT                         
0058-0009009800002  ,BATTERY 24V//225AH                                          ,89285,01/27/2024,BATTERY                                           ,MARCELA FARMS INCORPORATED    ,MFI-MEAT PROCESSING PLANT                         
0058-0009009800003  ,BATTERY 24V//225AH                                          ,89285,01/27/2024,BATTERY                                           ,MARCELA FARMS INCORPORATED    ,MFI-MEAT PROCESSING PLANT                         
0079-0008865200001  ,CPU SET CORE I7                                             ,25848,11/11/2024,CPU                                               ,MFI-PIGGERY UNTAGA            ,PIGGERY UNTAGA-MAIN ADMIN                         
0079-0010857700001  ,ACER LED20 K202QBI 19.5"" LED MONITOR (VGAHDMI)              ,3258.,11/11/2024,MONITOR                                           ,MFI-PIGGERY UNTAGA            ,PIGGERY UNTAGA-MAIN ADMIN                         
0026-0000996500145  ,STAFF CHAIR W/O ARM BLACK                                   ,4500 ,07/15/2024,CHAIR                                             ,MFI-PIGGERY UNTAGA            ,PIGGERY UNTAGA-MAIN ADMIN                         
0026-0006265900015  ,STANDARD MAIN TABLE 1100W-1100WX600DX760H                   ,3800 ,07/04/2017,TABLE                                             ,MFI-PIGGERY UNTAGA            ,PIGGERY UNTAGA-MAIN ADMIN                         
0079-0011132500001  ,DIGITAL CLAMP TESTER DCM60R                                 ,5312.,12/19/2024,TEST KIT                                          ,MFI-PIGGERY UNTAGA            ,PIGGERY UNTAGA-MAINTENANCE WAREHOUSE              
0079-0005030100005  ,SUBMERSIBLE PUMP EBARA MODEL: DML 67.5                      ,11428,12/26/2024,PUMP                                              ,MFI-PIGGERY UNTAGA            ,PIGGERY UNTAGA-MAINTENANCE WAREHOUSE              
0079-0003207700006  ,PRINTER EPSON LQ-310                                        ,13495,01/07/2025,PRINTER                                           ,MFI-PIGGERY UNTAGA            ,PIGGERY UNTAGA-MAIN ADMIN                         
0079-0000881000001  ,EURO STAR WATER PUMP                                        ,11160,01/23/2025,PUMP                                              ,MFI-PIGGERY UNTAGA            ,PIGGERY UNTAGA-MAIN ADMIN                         
0079-0011231200001  ,GSP-314-GENSET AVR (LEROY SOMER) MODEL: WPG27588NG          ,58500,01/27/2025,AVR                                               ,MFI-PIGGERY UNTAGA            ,PIGGERY UNTAGA-MAINTENANCE WAREHOUSE              
0079-0006768100003  ,BRAND NEW WEICHAI BIOGAS GENERATOR SET                      ,32330,01/27/2025,GENERATOR                                         ,MFI-PIGGERY UNTAGA            ,PIGGERY UNTAGA-MAINTENANCE WAREHOUSE              
0026-0006265900018  ,STANDARD MAIN TABLE 1100W-1100WX600DX760H                   ,3800 ,07/04/2017,TABLE                                             ,MFI-PIGGERY UNTAGA            ,PIGGERY UNTAGA-MAIN ADMIN                         
0026-0009712700001  ,LENOVO YOGA SLIM7 14IMH9 I7-155H LAPTOP                     ,63750,03/20/2024,LAPTOP                                            ,ASC MAIN                      ,ASCM-ADMIN                                        
0070-0003837900010  ,HYPO CHLORINATOR (PULSATRON)                                ,40000,06/10/2021,MACHINE TOOLS                                     ,MFI-PIGGERY UNTAGA            ,PIGGERY UNTAGA-MAIN ADMIN                         
0079-0011397800001  ,CPU SET CORE I3                                             ,18035,02/10/2025,CPU                                               ,MFI-PIGGERY UNTAGA            ,PIGGERY UNTAGA-MAIN ADMIN                         
0079-0011397900001  ,AOC 27B1H2 27"" FHD IPS LED MONITOR                          ,6294.,02/10/2025,MONITOR                                           ,MFI-PIGGERY UNTAGA            ,PIGGERY UNTAGA-MAIN ADMIN                         
0079-0011398000001  ,WINDOWS 11 HOME 64BIT ENG INTL1 1PK DSP EOI                 ,6785.,02/10/2025,SOFTWARE                                          ,MFI-PIGGERY UNTAGA            ,PIGGERY UNTAGA-MAIN ADMIN                         
0079-0009846500001  ,CONTAINER 40HC                                              ,15238,06/24/2024,CONTAINER                                         ,MIC-UBAY                      ,MIC UBAY-COMPOUND                                 
0079-0009846500002  ,CONTAINER 40HC                                              ,15238,06/24/2024,CONTAINER                                         ,MIC-UBAY                      ,MIC UBAY-COMPOUND                                 
0079-0009846500003  ,CONTAINER 40HC                                              ,15238,06/24/2024,CONTAINER                                         ,MIC-UBAY                      ,MIC UBAY-COMPOUND                                 
0079-0009846500004  ,CONTAINER 40HC                                              ,15238,06/24/2024,CONTAINER                                         ,MIC-UBAY                      ,MIC UBAY-COMPOUND                                 
0079-0009846500005  ,CONTAINER 40HC                                              ,15238,06/24/2024,CONTAINER                                         ,MIC-UBAY                      ,MIC UBAY-COMPOUND                                 
0079-0009846500006  ,CONTAINER 40HC                                              ,15238,06/24/2024,CONTAINER                                         ,MIC-UBAY                      ,MIC UBAY-COMPOUND                                 
0079-0009846500007  ,CONTAINER 40HC                                              ,15238,06/24/2024,CONTAINER                                         ,MIC-UBAY                      ,MIC UBAY-COMPOUND                                 
0079-0009846500008  ,CONTAINER 40HC                                              ,15238,06/24/2024,CONTAINER                                         ,MIC-UBAY                      ,MIC UBAY-COMPOUND                                 
0079-0009846500009  ,CONTAINER 40HC                                              ,15238,06/24/2024,CONTAINER                                         ,MIC-UBAY                      ,MIC UBAY-COMPOUND                                 
0079-0009846500010  ,CONTAINER 40HC                                              ,15238,06/24/2024,CONTAINER                                         ,MIC-UBAY                      ,MIC UBAY-COMPOUND                                 
0079-0009846500011  ,CONTAINER 40HC                                              ,15238,06/24/2024,CONTAINER                                         ,MIC-UBAY                      ,MIC UBAY-COMPOUND                                 
0079-0009846500012  ,CONTAINER 40HC                                              ,15238,06/24/2024,CONTAINER                                         ,MIC-UBAY                      ,MIC UBAY-COMPOUND                                 
0079-0009846500013  ,CONTAINER 40HC                                              ,15238,06/24/2024,CONTAINER                                         ,MIC-UBAY                      ,MIC UBAY-COMPOUND                                 
0079-0009846500014  ,CONTAINER 40HC                                              ,15238,06/24/2024,CONTAINER                                         ,MIC-UBAY                      ,MIC UBAY-COMPOUND                                 
0079-0009846500015  ,CONTAINER 40HC                                              ,15238,06/24/2024,CONTAINER                                         ,MIC-UBAY                      ,MIC UBAY-COMPOUND                                 
0070-0009264100002  ,DOSATRON CHLORINATOR D20S/ D20AL2VF                         ,14553,12/29/2023,TOOLS                                             ,MFI-PIGGERY UNTAGA            ,PIGGERY UNTAGA-MAIN ADMIN                         
0079-0007344200022  ,RADIO HANDSET MOTOPLUS DUAL BAND FM TRANSCEIVER             ,2400 ,03/03/2025,RADIO                                             ,MFI-PIGGERY UNTAGA            ,PIGGERY UNTAGA-MAIN ADMIN                         
0079-0007344200023  ,RADIO HANDSET MOTOPLUS DUAL BAND FM TRANSCEIVER             ,2400 ,03/03/2025,RADIO                                             ,MFI-PIGGERY UNTAGA            ,PIGGERY UNTAGA-MAIN ADMIN                         
0079-0007344200024  ,RADIO HANDSET MOTOPLUS DUAL BAND FM TRANSCEIVER             ,2400 ,03/03/2025,RADIO                                             ,MFI-PIGGERY UNTAGA            ,PIGGERY UNTAGA-MAIN ADMIN                         
0079-0007344200025  ,RADIO HANDSET MOTOPLUS DUAL BAND FM TRANSCEIVER             ,2400 ,03/03/2025,RADIO                                             ,MFI-PIGGERY UNTAGA            ,PIGGERY UNTAGA-MAIN ADMIN                         
0079-0007344200026  ,RADIO HANDSET MOTOPLUS DUAL BAND FM TRANSCEIVER             ,2400 ,03/03/2025,RADIO                                             ,MFI-PIGGERY UNTAGA            ,PIGGERY UNTAGA-MAIN ADMIN                         
0079-0007344200027  ,RADIO HANDSET MOTOPLUS DUAL BAND FM TRANSCEIVER             ,2400 ,03/03/2025,RADIO                                             ,MFI-PIGGERY UNTAGA            ,PIGGERY UNTAGA-MAIN ADMIN                         
0079-0007344200028  ,RADIO HANDSET MOTOPLUS DUAL BAND FM TRANSCEIVER             ,2400 ,03/03/2025,RADIO                                             ,MFI-PIGGERY UNTAGA            ,PIGGERY UNTAGA-MAIN ADMIN                         
0079-0007344200029  ,RADIO HANDSET MOTOPLUS DUAL BAND FM TRANSCEIVER             ,2400 ,03/03/2025,RADIO                                             ,MFI-PIGGERY UNTAGA            ,PIGGERY UNTAGA-MAIN ADMIN                         
0079-0007344200030  ,RADIO HANDSET MOTOPLUS DUAL BAND FM TRANSCEIVER             ,2400 ,03/03/2025,RADIO                                             ,MFI-PIGGERY UNTAGA            ,PIGGERY UNTAGA-MAIN ADMIN                         
0079-0007344200031  ,RADIO HANDSET MOTOPLUS DUAL BAND FM TRANSCEIVER             ,2400 ,03/03/2025,RADIO                                             ,MFI-PIGGERY UNTAGA            ,PIGGERY UNTAGA-MAIN ADMIN                         
0079-0007344200032  ,RADIO HANDSET MOTOPLUS DUAL BAND FM TRANSCEIVER             ,2400 ,03/03/2025,RADIO                                             ,MFI-PIGGERY UNTAGA            ,PIGGERY UNTAGA-MAIN ADMIN                         
0079-0007344200033  ,RADIO HANDSET MOTOPLUS DUAL BAND FM TRANSCEIVER             ,2400 ,03/03/2025,RADIO                                             ,MFI-PIGGERY UNTAGA            ,PIGGERY UNTAGA-MAIN ADMIN                         
0079-0007344200034  ,RADIO HANDSET MOTOPLUS DUAL BAND FM TRANSCEIVER             ,2400 ,03/03/2025,RADIO                                             ,MFI-PIGGERY UNTAGA            ,PIGGERY UNTAGA-MAIN ADMIN                         
0079-0007344200035  ,RADIO HANDSET MOTOPLUS DUAL BAND FM TRANSCEIVER             ,2400 ,03/03/2025,RADIO                                             ,MFI-PIGGERY UNTAGA            ,PIGGERY UNTAGA-MAIN ADMIN                         
0079-0007344200036  ,RADIO HANDSET MOTOPLUS DUAL BAND FM TRANSCEIVER             ,2400 ,03/03/2025,RADIO                                             ,MFI-PIGGERY UNTAGA            ,PIGGERY UNTAGA-MAIN ADMIN                         
0079-0008362600002  ,MAKITA HP1630 HAMMER DRILL 5/8"" 710W                        ,5000 ,03/04/2025,DRILL                                             ,MFI-PIGGERY UNTAGA            ,PIGGERY UNTAGA-MAINTENANCE WAREHOUSE              
0079-0004340400002  ,HONDA XRM125 CHASSIS:KPYY0030830                            ,66071,03/06/2025,VEHICLE                                           ,MFI-PIGGERY UNTAGA            ,PIGGERY UNTAGA-MAIN ADMIN                         
0079-0004173100020  ,POWER SPRAYER 2HP(WL25 ASBC)                                ,27900,03/12/2025,POWER SPRAYER                                     ,MFI-PIGGERY UNTAGA            ,PIGGERY UNTAGA-MAINTENANCE WAREHOUSE              
0079-0004173100021  ,POWER SPRAYER 2HP(WL25 ASBC)                                ,27900,03/12/2025,POWER SPRAYER                                     ,MFI-PIGGERY UNTAGA            ,PIGGERY UNTAGA-MAINTENANCE WAREHOUSE              
0079-0004173100022  ,POWER SPRAYER 2HP(WL25 ASBC)                                ,27900,03/12/2025,POWER SPRAYER                                     ,MFI-PIGGERY UNTAGA            ,PIGGERY UNTAGA-MAINTENANCE WAREHOUSE              
0079-0004173100023  ,POWER SPRAYER 2HP(WL25 ASBC)                                ,27900,03/12/2025,POWER SPRAYER                                     ,MFI-PIGGERY UNTAGA            ,PIGGERY UNTAGA-MAINTENANCE WAREHOUSE              
0079-0004173100024  ,POWER SPRAYER 2HP(WL25 ASBC)                                ,27900,03/12/2025,POWER SPRAYER                                     ,MFI-PIGGERY UNTAGA            ,PIGGERY UNTAGA-MAINTENANCE WAREHOUSE              
0079-0007344200037  ,RADIO HANDSET MOTOPLUS DUAL BAND FM TRANSCEIVER             ,2400 ,05/22/2024,RADIO                                             ,MFI-PIGGERY UNTAGA            ,PIGGERY UNTAGA-MAIN ADMIN                         
0079-0007344200038  ,RADIO HANDSET MOTOPLUS DUAL BAND FM TRANSCEIVER             ,2400 ,05/22/2024,RADIO                                             ,MFI-PIGGERY UNTAGA            ,PIGGERY UNTAGA-MAIN ADMIN                         
0079-0007344200039  ,RADIO HANDSET MOTOPLUS DUAL BAND FM TRANSCEIVER             ,2400 ,05/22/2024,RADIO                                             ,MFI-PIGGERY UNTAGA            ,PIGGERY UNTAGA-MAIN ADMIN                         
0079-0007344200040  ,RADIO HANDSET MOTOPLUS DUAL BAND FM TRANSCEIVER             ,2400 ,05/22/2024,RADIO                                             ,MFI-PIGGERY UNTAGA            ,PIGGERY UNTAGA-MAIN ADMIN                         
0079-0007344200041  ,RADIO HANDSET MOTOPLUS DUAL BAND FM TRANSCEIVER             ,2400 ,05/22/2024,RADIO                                             ,MFI-PIGGERY UNTAGA            ,PIGGERY UNTAGA-MAIN ADMIN                         
0079-0007344200042  ,RADIO HANDSET MOTOPLUS DUAL BAND FM TRANSCEIVER             ,2400 ,05/22/2024,RADIO                                             ,MFI-PIGGERY UNTAGA            ,PIGGERY UNTAGA-MAIN ADMIN                         
0079-0007344200043  ,RADIO HANDSET MOTOPLUS DUAL BAND FM TRANSCEIVER             ,2400 ,05/22/2024,RADIO                                             ,MFI-PIGGERY UNTAGA            ,PIGGERY UNTAGA-MAIN ADMIN                         
0079-0007344200044  ,RADIO HANDSET MOTOPLUS DUAL BAND FM TRANSCEIVER             ,2400 ,05/22/2024,RADIO                                             ,MFI-PIGGERY UNTAGA            ,PIGGERY UNTAGA-MAIN ADMIN                         
0079-0007344200045  ,RADIO HANDSET MOTOPLUS DUAL BAND FM TRANSCEIVER             ,2400 ,05/22/2024,RADIO                                             ,MFI-PIGGERY UNTAGA            ,PIGGERY UNTAGA-MAIN ADMIN                         
0079-0007344200046  ,RADIO HANDSET MOTOPLUS DUAL BAND FM TRANSCEIVER             ,2400 ,05/22/2024,RADIO                                             ,MFI-PIGGERY UNTAGA            ,PIGGERY UNTAGA-MAIN ADMIN                         
0106-0006283600001  ,ISUZU ELF MINI DUMP TRUCK PL#:GAX-9690                      ,13500,08/05/2020,VEHICLE                                           ,MFI-PIGGERY UNTAGA            ,PIGGERY UNTAGA-MAIN ADMIN                         
0079-0009504800001  ,CARRIER A/C 53CFM ASC STD4HP                                ,75150,03/20/2025,AIRCON                                            ,MFI-PIGGERY UNTAGA            ,PIGGERY UNTAGA-MAINTENANCE WAREHOUSE              
0079-0009504800002  ,CARRIER A/C 53CFM ASC STD4HP                                ,75150,03/20/2025,AIRCON                                            ,MFI-PIGGERY UNTAGA            ,PIGGERY UNTAGA-MAINTENANCE WAREHOUSE              
0079-0008236700001  ,RENCO LEAN-MEATER DIGITAL BACKFAT INDICATOR                 ,37500,03/24/2025,TOOLS                                             ,MFI-PIGGERY UNTAGA            ,PIGGERY UNTAGA-MAIN ADMIN                         
0079-0002541300003  ,USHOWCASE FUJIDENZO SU140A                                  ,24553,04/01/2025,FREEZER/CHILLER                                   ,MFI-PIGGERY UNTAGA            ,PIGGERY UNTAGA-MAIN ADMIN                         
0079-0011858800001  ,SINOTRUCK MINI DUMPTRUCK 6W PL#:GBI-5147                    ,13000,04/03/2025,VEHICLE                                           ,MFI-PIGGERY UNTAGA            ,PIGGERY UNTAGA-MAIN ADMIN                         
0079-0011285500001  ,SOLID-LIQUID SEPARATOR 7.5KW                                ,49334,04/03/2025,MACHINE TOOLS                                     ,MFI-PIGGERY UNTAGA            ,PIGGERY UNTAGA-MAIN ADMIN                         
0079-0011285500002  ,SOLID-LIQUID SEPARATOR 7.5KW                                ,49334,04/03/2025,MACHINE TOOLS                                     ,MFI-PIGGERY UNTAGA            ,PIGGERY UNTAGA-MAIN ADMIN                         
0079-0009769400001  ,SOLAR RAMMING PILE DRIVER                                   ,21200,05/13/2024,OTHERS                                            ,CENTRAL CONSTRUCTION GROUP    ,CCG-CDC CONSTRUCTION                              
0079-0009770300001  ,DRILL HAMMER 12""                                            ,35594,05/13/2024,MACHINE TOOLS                                     ,MFI-PIGGERY UNTAGA            ,PIGGERY UNTAGA-MAINTENANCE WAREHOUSE              
0079-0009770500001  ,AIR COMPRESSOR 21-19 (21 M3/MIN 19BAR)                      ,18723,05/13/2024,AIR COMPRESSOR                                    ,MFI-PIGGERY UNTAGA            ,PIGGERY UNTAGA-MAINTENANCE WAREHOUSE              
0079-0009820200001  ,DRILL HAMMER 7""                                             ,95958,05/13/2024,DRILL                                             ,MFI-PIGGERY UNTAGA            ,PIGGERY UNTAGA-MAINTENANCE WAREHOUSE              
0079-0009769500001  ,HYDRAULIC ROTARY HEAD                                       ,22873,05/13/2024,MACHINE MOTOR                                     ,MFI-PIGGERY UNTAGA            ,PIGGERY UNTAGA-MAINTENANCE WAREHOUSE              
0079-0008327400002  ,FLUKE 376 TRUE RMS                                          ,41000,05/07/2025,TOOLS                                             ,MFI-PIGGERY UNTAGA            ,PIGGERY UNTAGA-MAINTENANCE WAREHOUSE              
0079-0006574600001  ,MITS. FUSO FJ1823R CS#:H0G496                               ,30178,05/23/2025,VEHICLE                                           ,MFI-PIGGERY                   ,PIGGERY-LOGISTICS                                 
0079-0012088400001  ,50 KVA DRY TYPE TRANSFORMER3Ø60 HZ                          ,16964,05/23/2025,TRANSFORMER                                       ,MFI-PIGGERY UNTAGA            ,PIGGERY UNTAGA-MAINTENANCE WAREHOUSE              
0079-0011460600001  ,YANMAR EXCAVATOR VIO17 ENG:W8750                            ,13750,05/23/2025,VEHICLE                                           ,MFI-PIGGERY UNTAGA            ,PIGGERY UNTAGA-MAIN ADMIN                         
0079-0011397600001  ,TOSHIBA WM VH H140WPH 13KG TT                               ,11870,05/27/2025,WASHING MACHINE                                   ,MFI-PIGGERY UNTAGA            ,PIGGERY UNTAGA-MAIN ADMIN                         
0079-0002541300004  ,USHOWCASE FUJIDENZO SU140A                                  ,24553,05/27/2025,FREEZER/CHILLER                                   ,MFI-PIGGERY UNTAGA            ,PIGGERY UNTAGA-MAIN ADMIN                         
0079-0010302900001  ,NUTEX HANGING SCALE 10KLS CAPACITY                          ,3950 ,05/28/2025,WEIGHING SCALE                                    ,MFI-PIGGERY UNTAGA            ,PIGGERY UNTAGA-MAIN ADMIN                         
0079-0010302900002  ,NUTEX HANGING SCALE 10KLS CAPACITY                          ,3950 ,05/28/2025,WEIGHING SCALE                                    ,MFI-PIGGERY UNTAGA            ,PIGGERY UNTAGA-MAIN ADMIN                         
FAD-0110-00109777000,NEMA-1 LPP-ADMIN                                            ,4912.,05/14/2025,PANEL BOARD                                       ,MFI-PIGGERY UNTAGA            ,PIGGERY UNTAGA-MAIN ADMIN                         
0079-0007067000031  ,STEEL LOCKER CABINET(STANDARD) 32 DOORS 8""X8""               ,14732,06/23/2025,LOCKER                                            ,MFI-PIGGERY UNTAGA            ,PIGGERY UNTAGA-MAIN ADMIN                         
0079-0007067000032  ,STEEL LOCKER CABINET(STANDARD) 32 DOORS 8""X8""               ,14732,06/23/2025,LOCKER                                            ,MFI-PIGGERY UNTAGA            ,PIGGERY UNTAGA-MAIN ADMIN                         
0079-0007067000033  ,STEEL LOCKER CABINET(STANDARD) 32 DOORS 8""X8""               ,14732,06/23/2025,LOCKER                                            ,MFI-PIGGERY UNTAGA            ,PIGGERY UNTAGA-MAIN ADMIN                         
0079-0007067000034  ,STEEL LOCKER CABINET(STANDARD) 32 DOORS 8""X8""               ,14732,06/23/2025,LOCKER                                            ,MFI-PIGGERY UNTAGA            ,PIGGERY UNTAGA-MAIN ADMIN                         
0079-0007067000035  ,STEEL LOCKER CABINET(STANDARD) 32 DOORS 8""X8""               ,14732,06/23/2025,LOCKER                                            ,MFI-PIGGERY UNTAGA            ,PIGGERY UNTAGA-MAIN ADMIN                         
0079-0007067000036  ,STEEL LOCKER CABINET(STANDARD) 32 DOORS 8""X8""               ,14732,06/23/2025,LOCKER                                            ,MFI-PIGGERY UNTAGA            ,PIGGERY UNTAGA-MAIN ADMIN                         
0079-0007067000037  ,STEEL LOCKER CABINET(STANDARD) 32 DOORS 8""X8""               ,14732,06/23/2025,LOCKER                                            ,MFI-PIGGERY UNTAGA            ,PIGGERY UNTAGA-MAIN ADMIN                         
0079-0007067000038  ,STEEL LOCKER CABINET(STANDARD) 32 DOORS 8""X8""               ,14732,06/23/2025,LOCKER                                            ,MFI-PIGGERY UNTAGA            ,PIGGERY UNTAGA-MAIN ADMIN                         
0079-0007067000039  ,STEEL LOCKER CABINET(STANDARD) 32 DOORS 8""X8""               ,14732,06/23/2025,LOCKER                                            ,MFI-PIGGERY UNTAGA            ,PIGGERY UNTAGA-MAIN ADMIN                         
0079-0007067000040  ,STEEL LOCKER CABINET(STANDARD) 32 DOORS 8""X8""               ,14732,06/23/2025,LOCKER                                            ,MFI-PIGGERY UNTAGA            ,PIGGERY UNTAGA-MAIN ADMIN                         
0079-0007067000041  ,STEEL LOCKER CABINET(STANDARD) 32 DOORS 8""X8""               ,14732,06/23/2025,LOCKER                                            ,MFI-PIGGERY UNTAGA            ,PIGGERY UNTAGA-MAIN ADMIN                         
0079-0007067000042  ,STEEL LOCKER CABINET(STANDARD) 32 DOORS 8""X8""               ,14732,06/23/2025,LOCKER                                            ,MFI-PIGGERY UNTAGA            ,PIGGERY UNTAGA-MAIN ADMIN                         
0079-0007067000043  ,STEEL LOCKER CABINET(STANDARD) 32 DOORS 8""X8""               ,14732,06/23/2025,LOCKER                                            ,MFI-PIGGERY UNTAGA            ,PIGGERY UNTAGA-MAIN ADMIN                         
0079-0007067000044  ,STEEL LOCKER CABINET(STANDARD) 32 DOORS 8""X8""               ,14732,06/23/2025,LOCKER                                            ,MFI-PIGGERY UNTAGA            ,PIGGERY UNTAGA-MAIN ADMIN                         
0079-0007067000045  ,STEEL LOCKER CABINET(STANDARD) 32 DOORS 8""X8""               ,14732,06/23/2025,LOCKER                                            ,MFI-PIGGERY UNTAGA            ,PIGGERY UNTAGA-MAIN ADMIN                         
0079-0007067000046  ,STEEL LOCKER CABINET(STANDARD) 32 DOORS 8""X8""               ,14732,06/23/2025,LOCKER                                            ,MFI-PIGGERY UNTAGA            ,PIGGERY UNTAGA-MAIN ADMIN                         
0079-0007067000047  ,STEEL LOCKER CABINET(STANDARD) 32 DOORS 8""X8""               ,14732,06/23/2025,LOCKER                                            ,MFI-PIGGERY UNTAGA            ,PIGGERY UNTAGA-MAIN ADMIN                         
0079-0007067000048  ,STEEL LOCKER CABINET(STANDARD) 32 DOORS 8""X8""               ,14732,06/23/2025,LOCKER                                            ,MFI-PIGGERY UNTAGA            ,PIGGERY UNTAGA-MAIN ADMIN                         
0079-0007067000049  ,STEEL LOCKER CABINET(STANDARD) 32 DOORS 8""X8""               ,14732,06/23/2025,LOCKER                                            ,MFI-PIGGERY UNTAGA            ,PIGGERY UNTAGA-MAIN ADMIN                         
0079-0007067000050  ,STEEL LOCKER CABINET(STANDARD) 32 DOORS 8""X8""               ,14732,06/23/2025,LOCKER                                            ,MFI-PIGGERY UNTAGA            ,PIGGERY UNTAGA-MAIN ADMIN                         
0079-0007067000051  ,STEEL LOCKER CABINET(STANDARD) 32 DOORS 8""X8""               ,14732,06/23/2025,LOCKER                                            ,MFI-PIGGERY UNTAGA            ,PIGGERY UNTAGA-MAIN ADMIN                         
0079-0007067000052  ,STEEL LOCKER CABINET(STANDARD) 32 DOORS 8""X8""               ,14732,06/23/2025,LOCKER                                            ,MFI-PIGGERY UNTAGA            ,PIGGERY UNTAGA-MAIN ADMIN                         
0079-0007067000053  ,STEEL LOCKER CABINET(STANDARD) 32 DOORS 8""X8""               ,14732,06/23/2025,LOCKER                                            ,MFI-PIGGERY UNTAGA            ,PIGGERY UNTAGA-MAIN ADMIN                         
0079-0007067000054  ,STEEL LOCKER CABINET(STANDARD) 32 DOORS 8""X8""               ,14732,06/23/2025,LOCKER                                            ,MFI-PIGGERY UNTAGA            ,PIGGERY UNTAGA-MAIN ADMIN                         
0079-0007067000055  ,STEEL LOCKER CABINET(STANDARD) 32 DOORS 8""X8""               ,14732,06/23/2025,LOCKER                                            ,MFI-PIGGERY UNTAGA            ,PIGGERY UNTAGA-MAIN ADMIN                         
0079-0007067000056  ,STEEL LOCKER CABINET(STANDARD) 32 DOORS 8""X8""               ,14732,06/23/2025,LOCKER                                            ,MFI-PIGGERY UNTAGA            ,PIGGERY UNTAGA-MAIN ADMIN                         
0079-0007067000057  ,STEEL LOCKER CABINET(STANDARD) 32 DOORS 8""X8""               ,14732,06/23/2025,LOCKER                                            ,MFI-PIGGERY UNTAGA            ,PIGGERY UNTAGA-MAIN ADMIN                         
0079-0007067000058  ,STEEL LOCKER CABINET(STANDARD) 32 DOORS 8""X8""               ,14732,06/23/2025,LOCKER                                            ,MFI-PIGGERY UNTAGA            ,PIGGERY UNTAGA-MAIN ADMIN                         
0079-0007067000059  ,STEEL LOCKER CABINET(STANDARD) 32 DOORS 8""X8""               ,14732,06/23/2025,LOCKER                                            ,MFI-PIGGERY UNTAGA            ,PIGGERY UNTAGA-MAIN ADMIN                         
0079-0007067000060  ,STEEL LOCKER CABINET(STANDARD) 32 DOORS 8""X8""               ,14732,06/23/2025,LOCKER                                            ,MFI-PIGGERY UNTAGA            ,PIGGERY UNTAGA-MAIN ADMIN                         
0079-0007067000061  ,STEEL LOCKER CABINET(STANDARD) 32 DOORS 8""X8""               ,14732,06/23/2025,LOCKER                                            ,MFI-PIGGERY UNTAGA            ,PIGGERY UNTAGA-MAIN ADMIN                         
0079-0007067000062  ,STEEL LOCKER CABINET(STANDARD) 32 DOORS 8""X8""               ,14732,06/23/2025,LOCKER                                            ,MFI-PIGGERY UNTAGA            ,PIGGERY UNTAGA-MAIN ADMIN                         
0079-0007067000063  ,STEEL LOCKER CABINET(STANDARD) 32 DOORS 8""X8""               ,14732,06/23/2025,LOCKER                                            ,MFI-PIGGERY UNTAGA            ,PIGGERY UNTAGA-MAIN ADMIN                         
0079-0007067000064  ,STEEL LOCKER CABINET(STANDARD) 32 DOORS 8""X8""               ,14732,06/23/2025,LOCKER                                            ,MFI-PIGGERY UNTAGA            ,PIGGERY UNTAGA-MAIN ADMIN                         
0079-0007067000065  ,STEEL LOCKER CABINET(STANDARD) 32 DOORS 8""X8""               ,14732,06/23/2025,LOCKER                                            ,MFI-PIGGERY UNTAGA            ,PIGGERY UNTAGA-MAIN ADMIN                         
0079-0007067000066  ,STEEL LOCKER CABINET(STANDARD) 32 DOORS 8""X8""               ,14732,06/23/2025,LOCKER                                            ,MFI-PIGGERY UNTAGA            ,PIGGERY UNTAGA-MAIN ADMIN                         
0079-0007067000067  ,STEEL LOCKER CABINET(STANDARD) 32 DOORS 8""X8""               ,14732,06/23/2025,LOCKER                                            ,MFI-PIGGERY UNTAGA            ,PIGGERY UNTAGA-MAIN ADMIN                         
0079-0007067000068  ,STEEL LOCKER CABINET(STANDARD) 32 DOORS 8""X8""               ,14732,06/23/2025,LOCKER                                            ,MFI-PIGGERY UNTAGA            ,PIGGERY UNTAGA-MAIN ADMIN                         
0079-0007067000069  ,STEEL LOCKER CABINET(STANDARD) 32 DOORS 8""X8""               ,14732,06/23/2025,LOCKER                                            ,MFI-PIGGERY UNTAGA            ,PIGGERY UNTAGA-MAIN ADMIN                         
0079-0007067000070  ,STEEL LOCKER CABINET(STANDARD) 32 DOORS 8""X8""               ,14732,06/23/2025,LOCKER                                            ,MFI-PIGGERY UNTAGA            ,PIGGERY UNTAGA-MAIN ADMIN                         
0079-0007067000071  ,STEEL LOCKER CABINET(STANDARD) 32 DOORS 8""X8""               ,14732,06/23/2025,LOCKER                                            ,MFI-PIGGERY UNTAGA            ,PIGGERY UNTAGA-MAIN ADMIN                         
0079-0007067000072  ,STEEL LOCKER CABINET(STANDARD) 32 DOORS 8""X8""               ,14732,06/23/2025,LOCKER                                            ,MFI-PIGGERY UNTAGA            ,PIGGERY UNTAGA-MAIN ADMIN                         
0079-0007067000073  ,STEEL LOCKER CABINET(STANDARD) 32 DOORS 8""X8""               ,14732,06/23/2025,LOCKER                                            ,MFI-PIGGERY UNTAGA            ,PIGGERY UNTAGA-MAIN ADMIN                         
0079-0007067000074  ,STEEL LOCKER CABINET(STANDARD) 32 DOORS 8""X8""               ,14732,06/23/2025,LOCKER                                            ,MFI-PIGGERY UNTAGA            ,PIGGERY UNTAGA-MAIN ADMIN                         
0079-0007067000075  ,STEEL LOCKER CABINET(STANDARD) 32 DOORS 8""X8""               ,14732,06/23/2025,LOCKER                                            ,MFI-PIGGERY UNTAGA            ,PIGGERY UNTAGA-MAIN ADMIN                         
0079-0007067000076  ,STEEL LOCKER CABINET(STANDARD) 32 DOORS 8""X8""               ,14732,06/23/2025,LOCKER                                            ,MFI-PIGGERY UNTAGA            ,PIGGERY UNTAGA-MAIN ADMIN                         
0079-0007067000077  ,STEEL LOCKER CABINET(STANDARD) 32 DOORS 8""X8""               ,14732,06/23/2025,LOCKER                                            ,MFI-PIGGERY UNTAGA            ,PIGGERY UNTAGA-MAIN ADMIN                         
0079-0007067000078  ,STEEL LOCKER CABINET(STANDARD) 32 DOORS 8""X8""               ,14732,06/23/2025,LOCKER                                            ,MFI-PIGGERY UNTAGA            ,PIGGERY UNTAGA-MAIN ADMIN                         
0079-0007067000079  ,STEEL LOCKER CABINET(STANDARD) 32 DOORS 8""X8""               ,14732,06/23/2025,LOCKER                                            ,MFI-PIGGERY UNTAGA            ,PIGGERY UNTAGA-MAIN ADMIN                         
0079-0007067000080  ,STEEL LOCKER CABINET(STANDARD) 32 DOORS 8""X8""               ,14732,06/23/2025,LOCKER                                            ,MFI-PIGGERY UNTAGA            ,PIGGERY UNTAGA-MAIN ADMIN                         
0070-0011869000001  ,AI REF 100L                                                 ,23214,06/03/2025,REFRIGERATOR                                      ,MFI-PIGGERY UNTAGA            ,PIGGERY UNTAGA-MAIN ADMIN                         
0079-0009650700001  ,DOUBLE DECKER HOG VAN BODY CS#:H0G496                       ,10714,08/08/2025,VEHICLE                                           ,MFI-PIGGERY                   ,PIGGERY-LOGISTICS                                 
0079-0012331300001  ,FUJIDENZO CFRZR FC 18ADF2 18CF                              ,26250,08/27/2025,FREEZER/CHILLER                                   ,MFI-PIGGERY UNTAGA            ,PIGGERY UNTAGA-MAIN ADMIN                         
0079-0007228600001  ,ASAHI CAST IRON STOVE(#C40)                                 ,2915.,09/30/2025,STOVE                                             ,MFI-PIGGERY UNTAGA            ,PIGGERY UNTAGA-MAIN ADMIN                         
0079-0007228600002  ,ASAHI CAST IRON STOVE(#C40)                                 ,2915.,09/30/2025,STOVE                                             ,MFI-PIGGERY UNTAGA            ,PIGGERY UNTAGA-MAIN ADMIN                         
0079-0009840200001  ,SINOTRUK NX WATER SPRINKLER TRUCK PL#:MIJ-173               ,29000,06/10/2025,VEHICLE                                           ,MFI-PIGGERY UNTAGA            ,PIGGERY UNTAGA-MAIN ADMIN                         
0079-0011081200001  ,CARRIER A/C WCARZ006EC/EC1                                  ,11606,10/10/2025,AIRCON                                            ,MFI-PIGGERY UNTAGA            ,PIGGERY UNTAGA-MAIN ADMIN                         
0079-0011081200002  ,CARRIER A/C WCARZ006EC/EC1                                  ,11606,10/10/2025,AIRCON                                            ,MFI-PIGGERY UNTAGA            ,PIGGERY UNTAGA-MAIN ADMIN                         
0079-0011081200003  ,CARRIER A/C WCARZ006EC/EC1                                  ,11606,10/10/2025,AIRCON                                            ,MFI-PIGGERY UNTAGA            ,PIGGERY UNTAGA-MAIN ADMIN                         
FAD-0110-00109700000,NEMA-1 PANELBOARD MCCB RATED AT 125AT 3P 25KA               ,20758,02/20/2025,PANEL BOARD                                       ,MFI-PIGGERY UNTAGA            ,PIGGERY UNTAGA                                    
FAD-0110-00109701000,1-MCCB RATED AT 320AT 3P 36KA @ 400V SCHNEIDER              ,12646,02/20/2025,CIRCUIT BREAKER                                   ,MFI-PIGGERY UNTAGA            ,PIGGERY UNTAGA                                    
FAD-0110-00109702000,1-MCCB RATED AT 400AT 3P 36KA @ 400V SCHNEIDER              ,12646,02/20/2025,CIRCUIT BREAKER                                   ,MFI-PIGGERY UNTAGA            ,PIGGERY UNTAGA                                    
FAD-0110-00109703000,2-MCCB RATED AT 100AT 3P 10KA @ 460V SCHNEIDER              ,2437.,02/20/2025,CIRCUIT BREAKER                                   ,MFI-PIGGERY UNTAGA            ,PIGGERY UNTAGA                                    
FAD-0110-00109704000,1-MCCB RATED AT 80AT 3P 10KA @ 460V SCHNEIDER               ,2437.,02/20/2025,CIRCUIT BREAKER                                   ,MFI-PIGGERY UNTAGA            ,PIGGERY UNTAGA                                    
FAD-0110-00109705000,1-MCCB RATED AT 60AT 3P 10KA @ 460V SCHNEIDER               ,2437.,02/20/2025,CIRCUIT BREAKER                                   ,MFI-PIGGERY UNTAGA            ,PIGGERY UNTAGA                                    
0070-0006111700003  ,FUJI DIGITAL WEIGHING SCALE 400 KILOS CAPACITY              ,90848,04/03/2024,WEIGHING SCALE                                    ,MFI-PIGGERY UNTAGA            ,PIGGERY UNTAGA-MAIN ADMIN                         
0079-0012503000001  ,EURO STAR WATER PUMP                                        ,11160,10/16/2025,PUMP                                              ,MFI-PIGGERY UNTAGA            ,PIGGERY UNTAGA-MAINTENANCE WAREHOUSE              
0079-0012503000002  ,EURO STAR WATER PUMP                                        ,11160,10/16/2025,PUMP                                              ,MFI-PIGGERY UNTAGA            ,PIGGERY UNTAGA-MAINTENANCE WAREHOUSE              
0079-0010998100001  ,BAJAJ COMPACT ENG:AZXWNK40826-AN101554                      ,20200,11/10/2025,VEHICLE                                           ,MFI-PIGGERY UNTAGA            ,PIGGERY UNTAGA-MAIN ADMIN                         
0079-0010998100002  ,BAJAJ COMPACT ENG:AZXWNK18818-AN101554                      ,20200,11/10/2025,VEHICLE                                           ,MFI-PIGGERY UNTAGA            ,PIGGERY UNTAGA-MAIN ADMIN                         
0079-0010549200001  ,SHOE RACK .39X1.2X1.8                                       ,7596.,11/17/2025,RACK                                              ,MFI-PIGGERY UNTAGA            ,PIGGERY UNTAGA-MAIN ADMIN                         
0079-0010549200002  ,SHOE RACK .39X1.2X1.8                                       ,7596.,11/17/2025,RACK                                              ,MFI-PIGGERY UNTAGA            ,PIGGERY UNTAGA-MAIN ADMIN                         
0079-0010549200003  ,SHOE RACK .39X1.2X1.8                                       ,7596.,11/17/2025,RACK                                              ,MFI-PIGGERY UNTAGA            ,PIGGERY UNTAGA-MAIN ADMIN                         
0079-0010549200004  ,SHOE RACK .39X1.2X1.8                                       ,7596.,11/17/2025,RACK                                              ,MFI-PIGGERY UNTAGA            ,PIGGERY UNTAGA-MAIN ADMIN                         
0079-0010549200005  ,SHOE RACK .39X1.2X1.8                                       ,7596.,11/17/2025,RACK                                              ,MFI-PIGGERY UNTAGA            ,PIGGERY UNTAGA-MAIN ADMIN                         
0079-0010549200006  ,SHOE RACK .39X1.2X1.8                                       ,7596.,11/17/2025,RACK                                              ,MFI-PIGGERY UNTAGA            ,PIGGERY UNTAGA-MAIN ADMIN                         
0079-0010549200007  ,SHOE RACK .39X1.2X1.8                                       ,7596.,11/17/2025,RACK                                              ,MFI-PIGGERY UNTAGA            ,PIGGERY UNTAGA-MAIN ADMIN                         
0079-0010549200008  ,SHOE RACK .39X1.2X1.8                                       ,7596.,11/17/2025,RACK                                              ,MFI-PIGGERY UNTAGA            ,PIGGERY UNTAGA-MAIN ADMIN                         
0079-0010549200009  ,SHOE RACK .39X1.2X1.8                                       ,7596.,11/17/2025,RACK                                              ,MFI-PIGGERY UNTAGA            ,PIGGERY UNTAGA-MAIN ADMIN                         
0079-0010549200010  ,SHOE RACK .39X1.2X1.8                                       ,7596.,11/17/2025,RACK                                              ,MFI-PIGGERY UNTAGA            ,PIGGERY UNTAGA-MAIN ADMIN                         
0079-0012722700001  ,CARRIER A/C FP53CAC012308 1.5                               ,28436,11/17/2025,AIRCON                                            ,MFI-PIGGERY UNTAGA            ,PIGGERY UNTAGA-MAIN ADMIN                         
0079-0012761300001  ,FUJIDENZO CHILLER SU110A                                    ,23625,11/24/2025,CHILLER                                           ,MFI-PIGGERY UNTAGA            ,PIGGERY UNTAGA-MAIN ADMIN                         
0079-0012722800001  ,ELECTRIC KILOWATT HOUR METER                                ,28500,12/06/2025,METER                                             ,MFI-PIGGERY UNTAGA            ,PIGGERY UNTAGA-MAIN ADMIN                         
0079-0011579300001  ,EPSON ECOTANK L5290 AIO PRINTER                             ,12138,12/17/2025,PRINTER                                           ,MFI-PIGGERY UNTAGA            ,PIGGERY UNTAGA-MAIN ADMIN                         
0079-0011579300002  ,EPSON ECOTANK L5290 AIO PRINTER                             ,12138,12/17/2025,PRINTER                                           ,MFI-PIGGERY UNTAGA            ,PIGGERY UNTAGA-MAIN ADMIN                         
0079-0010148600001  ,HIK VISION 8 PORTS POE SWITCH W/ SFP PORTS                  ,5750 ,12/22/2025,NETWORK SWITCH                                    ,MFI-PIGGERY UNTAGA            ,PIGGERY UNTAGA-MAIN ADMIN                         
0079-0010148600002  ,HIK VISION 8 PORTS POE SWITCH W/ SFP PORTS                  ,5750 ,12/22/2025,NETWORK SWITCH                                    ,MFI-PIGGERY UNTAGA            ,PIGGERY UNTAGA-MAIN ADMIN                         
0079-0012227900001  ,IWAKI METERING PUMP MODEL: ES-BIIVC-230NI                   ,29017,01/09/2026,PUMP                                              ,MFI-PIGGERY UNTAGA            ,PIGGERY UNTAGA-MAINTENANCE WAREHOUSE              
0079-0012227900002  ,IWAKI METERING PUMP MODEL: ES-BIIVC-230NI                   ,29017,01/09/2026,PUMP                                              ,MFI-PIGGERY UNTAGA            ,PIGGERY UNTAGA-MAINTENANCE WAREHOUSE              
0079-0012852700001  ,ANDELLI AVR AC MOTOR W/ ON DELAY                            ,3316.,01/12/2026,AVR                                               ,MFI-PIGGERY UNTAGA            ,PIGGERY UNTAGA-MAIN ADMIN                         
0079-0012852700002  ,ANDELLI AVR AC MOTOR W/ ON DELAY                            ,3316.,01/12/2026,AVR                                               ,MFI-PIGGERY UNTAGA            ,PIGGERY UNTAGA-MAIN ADMIN                         
0079-0012852700003  ,ANDELLI AVR AC MOTOR W/ ON DELAY                            ,3316.,01/12/2026,AVR                                               ,MFI-PIGGERY UNTAGA            ,PIGGERY UNTAGA-MAIN ADMIN                         
0079-0003207700007  ,PRINTER EPSON LQ-310                                        ,14370,01/12/2026,PRINTER                                           ,MFI-PIGGERY UNTAGA            ,PIGGERY UNTAGA-MAIN ADMIN                         
0079-0012722900001  ,CURRENT TRANSFORMER 300:5 SPLIT TYPE                        ,2291.,01/14/2026,TRANSFORMER                                       ,MFI-PIGGERY UNTAGA            ,PIGGERY UNTAGA-MAIN ADMIN                         
0079-0012722900002  ,CURRENT TRANSFORMER 300:5 SPLIT TYPE                        ,2291.,01/14/2026,TRANSFORMER                                       ,MFI-PIGGERY UNTAGA            ,PIGGERY UNTAGA-MAIN ADMIN                         
0079-0012722900003  ,CURRENT TRANSFORMER 300:5 SPLIT TYPE                        ,2291.,01/14/2026,TRANSFORMER                                       ,MFI-PIGGERY UNTAGA            ,PIGGERY UNTAGA-MAIN ADMIN                         
0079-0004241600004  ,SPERMACUE                                                   ,11160,01/26/2026,OTHERS                                            ,MFI-PIGGERY UNTAGA            ,PIGGERY UNTAGA-MAIN ADMIN                         
0079-0004242200003  ,WATER BATH                                                  ,40178,01/26/2026,OTHERS                                            ,MFI-PIGGERY UNTAGA            ,PIGGERY UNTAGA-MAIN ADMIN                         
0079-0008236700002  ,RENCO LEAN-MEATER DIGITAL BACKFAT INDICATOR                 ,37499,01/26/2026,TOOLS                                             ,MFI-PIGGERY UNTAGA            ,PIGGERY UNTAGA-MAIN ADMIN                         
0079-0004222500003  ,MS MULTISCAN SET                                            ,16071,01/26/2026,OTHERS                                            ,MFI-PIGGERY UNTAGA            ,PIGGERY UNTAGA-MAIN ADMIN                         
0079-0012771500001  ,FUJIDENZO ARTIFICIAL INSEMINATION REFRIGERATOR              ,17857,01/26/2026,REFRIGERATOR                                      ,MFI-PIGGERY UNTAGA            ,PIGGERY UNTAGA-MAIN ADMIN                         
0079-0006376100002  ,BIOLOGICAL MICROSCOPE OLYMPUS CX23LEDRFS1 JAPAN BR          ,52678,02/02/2026,OTHERS                                            ,MFI-PIGGERY UNTAGA            ,PIGGERY UNTAGA-MAIN ADMIN                         
0079-0012465900001  ,HEAVY DUTY BURNER 3RINGS                                    ,3000 ,02/10/2026,BURNER                                            ,MFI-PIGGERY UNTAGA            ,PIGGERY UNTAGA-MAIN ADMIN                         
0079-0012465900002  ,HEAVY DUTY BURNER 3RINGS                                    ,3000 ,02/10/2026,BURNER                                            ,MFI-PIGGERY UNTAGA            ,PIGGERY UNTAGA-MAIN ADMIN                         
0079-0012465900003  ,HEAVY DUTY BURNER 3RINGS                                    ,3000 ,02/10/2026,BURNER                                            ,MFI-PIGGERY UNTAGA            ,PIGGERY UNTAGA-MAIN ADMIN                         
0079-0010942600001  ,CONDURA CFRZR CCF180DCI 18CF                                ,26339,02/07/2026,AIRCON                                            ,MFI-PIGGERY UNTAGA            ,PIGGERY UNTAGA-MAIN ADMIN                         
0079-0010942600002  ,CONDURA CFRZR CCF180DCI 18CF                                ,26339,02/07/2026,AIRCON                                            ,MFI-PIGGERY UNTAGA            ,PIGGERY UNTAGA-MAIN ADMIN                         
0070-0006574600001  ,MITS. FUSO FJ 1823R TRUCK 6W CS#:H0E172 PL#:GBD-3133        ,29553,04/26/2024,VEHICLE                                           ,MFI-PIGGERY UNTAGA            ,PIGGERY UNTAGA-MAIN ADMIN                         
0079-0013100800001  ,PHONE SAMSUNG A56  8+256GB                                  ,20776,03/05/2026,CELLPHONE                                         ,MFI-PIGGERY UNTAGA            ,PIGGERY UNTAGA-MAIN ADMIN                         
0079-0012771500002  ,FUJIDENZO ARTIFICIAL INSEMINATION REFRIGERATOR              ,17857,03/02/2026,REFRIGERATOR                                      ,MFI-PIGGERY UNTAGA            ,PIGGERY UNTAGA-MAIN ADMIN                         
0079-0013100700001  ,LAPTOP HP OMNIBOOK X FLIP 14                                ,65982,03/13/2026,LAPTOP                                            ,MFI-PIGGERY UNTAGA            ,PIGGERY UNTAGA-MAIN ADMIN                         
0079-0006608000007  ,EXTREME COOLER BOX 46LTR                                    ,1545.,03/10/2026,COOLER                                            ,MFI-PIGGERY UNTAGA            ,PIGGERY UNTAGA-MAIN ADMIN                         
0079-0006608000008  ,EXTREME COOLER BOX 46LTR                                    ,1545.,03/10/2026,COOLER                                            ,MFI-PIGGERY UNTAGA            ,PIGGERY UNTAGA-MAIN ADMIN                         
0079-0006608000009  ,EXTREME COOLER BOX 46LTR                                    ,1545.,03/10/2026,COOLER                                            ,MFI-PIGGERY UNTAGA            ,PIGGERY UNTAGA-MAIN ADMIN                         
0079-0006608000010  ,EXTREME COOLER BOX 46LTR                                    ,1545.,03/10/2026,COOLER                                            ,MFI-PIGGERY UNTAGA            ,PIGGERY UNTAGA-MAIN ADMIN                         
0079-0004173100025  ,POWER SPRAYER 2HP(WL25 ASBC)                                ,27900,03/26/2026,POWER SPRAYER                                     ,MFI-PIGGERY UNTAGA            ,PIGGERY UNTAGA-MAIN ADMIN                         
0079-0004173100026  ,POWER SPRAYER 2HP(WL25 ASBC)                                ,27900,03/26/2026,POWER SPRAYER                                     ,MFI-PIGGERY UNTAGA            ,PIGGERY UNTAGA-MAIN ADMIN                         
0079-0004173100027  ,POWER SPRAYER 2HP(WL25 ASBC)                                ,27900,03/26/2026,POWER SPRAYER                                     ,MFI-PIGGERY UNTAGA            ,PIGGERY UNTAGA-MAIN ADMIN                         
0079-0004173100028  ,POWER SPRAYER 2HP(WL25 ASBC)                                ,27900,03/26/2026,POWER SPRAYER                                     ,MFI-PIGGERY UNTAGA            ,PIGGERY UNTAGA-MAIN ADMIN                         
0079-0004173100029  ,POWER SPRAYER 2HP(WL25 ASBC)                                ,27900,03/26/2026,POWER SPRAYER                                     ,MFI-PIGGERY UNTAGA            ,PIGGERY UNTAGA-MAIN ADMIN                         
0079-0012771500003  ,FUJIDENZO ARTIFICIAL INSEMINATION REFRIGERATOR              ,17857,03/26/2026,REFRIGERATOR                                      ,MFI-PIGGERY UNTAGA            ,PIGGERY UNTAGA-MAIN ADMIN                         
0079-0013219500001  ,PANA WM NA W18XG2BPH 18KG TT                                ,16030,04/06/2026,WASHING MACHINE                                   ,MFI-PIGGERY UNTAGA            ,PIGGERY UNTAGA-MAIN ADMIN                         
0079-0009733200001  ,MITS. FUSO FJ2828R CS#:FA055B                               ,37500,04/20/2026,VEHICLE                                           ,MFI-PIGGERY UNTAGA            ,PIGGERY UNTAGA-MAIN ADMIN                         
0079-0006574600002  ,MITS. FUSO FJ1823R CS#:FA168B                               ,31535,04/20/2026,VEHICLE                                           ,MFI-PIGGERY UNTAGA            ,PIGGERY UNTAGA-MAIN ADMIN                         
0079-0006574600003  ,MITS. FUSO FJ1823R CS#:FA167B                               ,31535,04/20/2026,VEHICLE                                           ,MFI-PIGGERY UNTAGA            ,PIGGERY UNTAGA-MAIN ADMIN                         
0079-0013255200001  ,FUJIDENZO REF IRD35G 3.5CF REF                              ,8213.,04/22/2026,REFRIGERATOR                                      ,MFI-PIGGERY UNTAGA            ,PIGGERY UNTAGA-MAIN ADMIN                         
0079-0011306700001  ,SUBMERSIBLE PUMP 2HP                                        ,26785,05/18/2026,PUMP                                              ,MFI-PIGGERY UNTAGA            ,PIGGERY UNTAGA-MAIN ADMIN                         
0079-0009650700002  ,DOUBLE DECKER HOG VAN BODY CS#:FA167B                       ,11607,05/21/2026,VEHICLE                                           ,MFI-PIGGERY UNTAGA            ,PIGGERY UNTAGA-MAIN ADMIN                         
0079-0009650700003  ,DOUBLE DECKER HOG VAN BODY CS#:FA168B                       ,11607,05/21/2026,VEHICLE                                           ,MFI-PIGGERY UNTAGA            ,PIGGERY UNTAGA-MAIN ADMIN                         
