barcode,desc,acost,adate,cat_type,locname,dept,status
0026-0001025500152       ,LOVE CART 022                                               ,      3724.05,11/21/2018,CART                                              ,ALTA CITTA                              ,AC-GROCERY CHECK OUT COUNTER                      ,FA_TRAN             
0026-0001025500153       ,LOVE CART 022                                               ,      3724.05,11/21/2018,CART                                              ,ALTA CITTA                              ,AC-GROCERY CHECK OUT COUNTER                      ,FA_TRAN             
0026-0001025500154       ,LOVE CART 022                                               ,      3724.05,11/21/2018,CART                                              ,ALTA CITTA                              ,AC-GROCERY CHECK OUT COUNTER                      ,FA_TRAN             
0026-0001025500155       ,LOVE CART 022                                               ,      3724.05,11/21/2018,CART                                              ,ALTA CITTA                              ,AC-GROCERY CHECK OUT COUNTER                      ,FA_TRAN             
0026-0001025500156       ,LOVE CART 022                                               ,      3724.05,11/21/2018,CART                                              ,ALTA CITTA                              ,AC-GROCERY CHECK OUT COUNTER                      ,FA_TRAN             
0026-0001025500157       ,LOVE CART 022                                               ,      3724.05,11/21/2018,CART                                              ,ALTA CITTA                              ,AC-GROCERY CHECK OUT COUNTER                      ,FA_TRAN             
0026-0001025500158       ,LOVE CART 022                                               ,      3724.05,11/21/2018,CART                                              ,ALTA CITTA                              ,AC-GROCERY CHECK OUT COUNTER                      ,FA_TRAN             
0026-0001025500159       ,LOVE CART 022                                               ,      3724.05,11/21/2018,CART                                              ,ALTA CITTA                              ,AC-GROCERY CHECK OUT COUNTER                      ,FA_TRAN             
0026-0001025500160       ,LOVE CART 022                                               ,      3724.05,11/21/2018,CART                                              ,ALTA CITTA                              ,AC-GROCERY CHECK OUT COUNTER                      ,FA_TRAN             
0026-0001025500161       ,LOVE CART 022                                               ,      3724.05,11/21/2018,CART                                              ,ALTA CITTA                              ,AC-GROCERY CHECK OUT COUNTER                      ,FA_TRAN             
0026-0001025500162       ,LOVE CART 022                                               ,      3724.05,11/21/2018,CART                                              ,ALTA CITTA                              ,AC-GROCERY CHECK OUT COUNTER                      ,FA_TRAN             
0026-0001025500163       ,LOVE CART 022                                               ,      3724.05,11/21/2018,CART                                              ,ALTA CITTA                              ,AC-GROCERY CHECK OUT COUNTER                      ,FA_TRAN             
0026-0001025500164       ,LOVE CART 022                                               ,      3724.05,11/21/2018,CART                                              ,ALTA CITTA                              ,AC-GROCERY CHECK OUT COUNTER                      ,FA_TRAN             
0026-0001025500165       ,LOVE CART 022                                               ,      3724.05,11/21/2018,CART                                              ,ALTA CITTA                              ,AC-GROCERY CHECK OUT COUNTER                      ,FA_TRAN             
0026-0001025500166       ,LOVE CART 022                                               ,      3724.05,11/21/2018,CART                                              ,ALTA CITTA                              ,AC-GROCERY CHECK OUT COUNTER                      ,FA_TRAN             
0026-0001025500167       ,LOVE CART 022                                               ,      3724.05,11/21/2018,CART                                              ,ALTA CITTA                              ,AC-GROCERY CHECK OUT COUNTER                      ,FA_TRAN             
0026-0001025500168       ,LOVE CART 022                                               ,      3724.05,11/21/2018,CART                                              ,ALTA CITTA                              ,AC-GROCERY CHECK OUT COUNTER                      ,FA_TRAN             
0026-0001025500169       ,LOVE CART 022                                               ,      3724.05,11/21/2018,CART                                              ,ALTA CITTA                              ,AC-GROCERY CHECK OUT COUNTER                      ,FA_TRAN             
0026-0001025500170       ,LOVE CART 022                                               ,      3724.05,11/21/2018,CART                                              ,ALTA CITTA                              ,AC-GROCERY CHECK OUT COUNTER                      ,FA_TRAN             
0026-0001025500171       ,LOVE CART 022                                               ,      3724.05,11/21/2018,CART                                              ,ALTA CITTA                              ,AC-GROCERY CHECK OUT COUNTER                      ,FA_TRAN             
0026-0001025500172       ,LOVE CART 022                                               ,      3724.05,11/21/2018,CART                                              ,ALTA CITTA                              ,AC-GROCERY CHECK OUT COUNTER                      ,FA_TRAN             
0026-0001025500173       ,LOVE CART 022                                               ,      3724.05,11/21/2018,CART                                              ,ALTA CITTA                              ,AC-GROCERY CHECK OUT COUNTER                      ,FA_TRAN             
0026-0001025500174       ,LOVE CART 022                                               ,      3724.05,11/21/2018,CART                                              ,ALTA CITTA                              ,AC-GROCERY CHECK OUT COUNTER                      ,FA_TRAN             
0026-0001025500175       ,LOVE CART 022                                               ,      3724.05,11/21/2018,CART                                              ,ALTA CITTA                              ,AC-GROCERY CHECK OUT COUNTER                      ,FA_TRAN             
0026-0001025500176       ,LOVE CART 022                                               ,      3724.05,11/21/2018,CART                                              ,ALTA CITTA                              ,AC-GROCERY CHECK OUT COUNTER                      ,FA_TRAN             
0026-0001025500177       ,LOVE CART 022                                               ,      3724.05,11/21/2018,CART                                              ,ALTA CITTA                              ,AC-GROCERY CHECK OUT COUNTER                      ,FA_TRAN             
0026-0001025500178       ,LOVE CART 022                                               ,      3724.05,11/21/2018,CART                                              ,ALTA CITTA                              ,AC-GROCERY CHECK OUT COUNTER                      ,FA_TRAN             
0026-0001025500179       ,LOVE CART 022                                               ,      3724.05,11/21/2018,CART                                              ,ALTA CITTA                              ,AC-GROCERY CHECK OUT COUNTER                      ,FA_TRAN             
0026-0001025500180       ,LOVE CART 022                                               ,      3724.05,11/21/2018,CART                                              ,ALTA CITTA                              ,AC-GROCERY CHECK OUT COUNTER                      ,FA_TRAN             
0026-0001025500181       ,LOVE CART 022                                               ,      3724.05,11/21/2018,CART                                              ,ALTA CITTA                              ,AC-GROCERY CHECK OUT COUNTER                      ,FA_TRAN             
0026-0001025500182       ,LOVE CART 022                                               ,      3724.05,11/21/2018,CART                                              ,ALTA CITTA                              ,AC-GROCERY CHECK OUT COUNTER                      ,FA_TRAN             
0026-0001025500183       ,LOVE CART 022                                               ,      3724.05,11/21/2018,CART                                              ,ALTA CITTA                              ,AC-GROCERY CHECK OUT COUNTER                      ,FA_TRAN             
0026-0001025500184       ,LOVE CART 022                                               ,      3724.05,11/21/2018,CART                                              ,ALTA CITTA                              ,AC-GROCERY CHECK OUT COUNTER                      ,FA_TRAN             
0026-0001025500185       ,LOVE CART 022                                               ,      3724.05,11/21/2018,CART                                              ,ALTA CITTA                              ,AC-GROCERY CHECK OUT COUNTER                      ,FA_TRAN             
0026-0001025500186       ,LOVE CART 022                                               ,      3724.05,11/21/2018,CART                                              ,ALTA CITTA                              ,AC-GROCERY CHECK OUT COUNTER                      ,FA_TRAN             
0026-0001025500187       ,LOVE CART 022                                               ,      3724.05,11/21/2018,CART                                              ,ALTA CITTA                              ,AC-GROCERY CHECK OUT COUNTER                      ,FA_TRAN             
0026-0001025500188       ,LOVE CART 022                                               ,      3724.05,11/21/2018,CART                                              ,ALTA CITTA                              ,AC-GROCERY CHECK OUT COUNTER                      ,FA_TRAN             
0026-0001025500189       ,LOVE CART 022                                               ,      3724.05,11/21/2018,CART                                              ,ALTA CITTA                              ,AC-GROCERY CHECK OUT COUNTER                      ,FA_TRAN             
0026-0001025500190       ,LOVE CART 022                                               ,      3724.05,11/21/2018,CART                                              ,ALTA CITTA                              ,AC-GROCERY CHECK OUT COUNTER                      ,FA_TRAN             
0026-0001025500191       ,LOVE CART 022                                               ,      3724.05,11/21/2018,CART                                              ,ALTA CITTA                              ,AC-GROCERY CHECK OUT COUNTER                      ,FA_TRAN             
0026-0001025500192       ,LOVE CART 022                                               ,      3724.05,11/21/2018,CART                                              ,ALTA CITTA                              ,AC-GROCERY CHECK OUT COUNTER                      ,FA_TRAN             
0026-0001025500193       ,LOVE CART 022                                               ,      3724.05,11/21/2018,CART                                              ,ALTA CITTA                              ,AC-GROCERY CHECK OUT COUNTER                      ,FA_TRAN             
0026-0001025500194       ,LOVE CART 022                                               ,      3724.05,11/21/2018,CART                                              ,ALTA CITTA                              ,AC-GROCERY CHECK OUT COUNTER                      ,FA_TRAN             
0026-0001025500195       ,LOVE CART 022                                               ,      3724.05,11/21/2018,CART                                              ,ALTA CITTA                              ,AC-GROCERY CHECK OUT COUNTER                      ,FA_TRAN             
0026-0001025500196       ,LOVE CART 022                                               ,      3724.05,11/21/2018,CART                                              ,ALTA CITTA                              ,AC-GROCERY CHECK OUT COUNTER                      ,FA_TRAN             
0026-0001025500197       ,LOVE CART 022                                               ,      3724.05,11/21/2018,CART                                              ,ALTA CITTA                              ,AC-GROCERY CHECK OUT COUNTER                      ,FA_TRAN             
0026-0001025500198       ,LOVE CART 022                                               ,      3724.05,11/21/2018,CART                                              ,ALTA CITTA                              ,AC-GROCERY CHECK OUT COUNTER                      ,FA_TRAN             
0026-0001025500199       ,LOVE CART 022                                               ,      3724.05,11/21/2018,CART                                              ,ALTA CITTA                              ,AC-GROCERY CHECK OUT COUNTER                      ,FA_TRAN             
0026-0001025500200       ,LOVE CART 022                                               ,      3724.05,11/21/2018,CART                                              ,ALTA CITTA                              ,AC-GROCERY CHECK OUT COUNTER                      ,FA_TRAN             
0026-0001025500201       ,LOVE CART 022                                               ,      3724.05,11/21/2018,CART                                              ,ALTA CITTA                              ,AC-GROCERY CHECK OUT COUNTER                      ,FA_TRAN             
0026-0002570300651       ,PUSH CART CYBER 90L                                         ,      4965.40,11/21/2018,CART                                              ,ALTA CITTA                              ,AC-GROCERY CHECK OUT COUNTER                      ,FA_TRAN             
0026-0002570300652       ,PUSH CART CYBER 90L                                         ,      4965.40,11/21/2018,CART                                              ,ALTA CITTA                              ,AC-GROCERY CHECK OUT COUNTER                      ,FA_TRAN             
0026-0002570300653       ,PUSH CART CYBER 90L                                         ,      4965.40,11/21/2018,CART                                              ,ALTA CITTA                              ,AC-GROCERY CHECK OUT COUNTER                      ,FA_TRAN             
0026-0002570300654       ,PUSH CART CYBER 90L                                         ,      4965.40,11/21/2018,CART                                              ,ALTA CITTA                              ,AC-GROCERY CHECK OUT COUNTER                      ,FA_TRAN             
0026-0002570300655       ,PUSH CART CYBER 90L                                         ,      4965.40,11/21/2018,CART                                              ,ALTA CITTA                              ,AC-GROCERY CHECK OUT COUNTER                      ,FA_TRAN             
0026-0002570300656       ,PUSH CART CYBER 90L                                         ,      4965.40,11/21/2018,CART                                              ,ALTA CITTA                              ,AC-GROCERY CHECK OUT COUNTER                      ,FA_TRAN             
0026-0002570300657       ,PUSH CART CYBER 90L                                         ,      4965.40,11/21/2018,CART                                              ,ALTA CITTA                              ,AC-GROCERY CHECK OUT COUNTER                      ,FA_TRAN             
0026-0002570300658       ,PUSH CART CYBER 90L                                         ,      4965.40,11/21/2018,CART                                              ,ALTA CITTA                              ,AC-GROCERY CHECK OUT COUNTER                      ,FA_TRAN             
0026-0002570300659       ,PUSH CART CYBER 90L                                         ,      4965.40,11/21/2018,CART                                              ,ALTA CITTA                              ,AC-GROCERY CHECK OUT COUNTER                      ,FA_TRAN             
0026-0002570300660       ,PUSH CART CYBER 90L                                         ,      4965.40,11/21/2018,CART                                              ,ALTA CITTA                              ,AC-GROCERY CHECK OUT COUNTER                      ,FA_TRAN             
0026-0002570300661       ,PUSH CART CYBER 90L                                         ,      4965.40,11/21/2018,CART                                              ,ALTA CITTA                              ,AC-GROCERY CHECK OUT COUNTER                      ,FA_TRAN             
0026-0002570300662       ,PUSH CART CYBER 90L                                         ,      4965.40,11/21/2018,CART                                              ,ALTA CITTA                              ,AC-GROCERY CHECK OUT COUNTER                      ,FA_TRAN             
0026-0002570300663       ,PUSH CART CYBER 90L                                         ,      4965.40,11/21/2018,CART                                              ,ALTA CITTA                              ,AC-GROCERY CHECK OUT COUNTER                      ,FA_TRAN             
0026-0002570300664       ,PUSH CART CYBER 90L                                         ,      4965.40,11/21/2018,CART                                              ,ALTA CITTA                              ,AC-GROCERY CHECK OUT COUNTER                      ,FA_TRAN             
0026-0002570300665       ,PUSH CART CYBER 90L                                         ,      4965.40,11/21/2018,CART                                              ,ALTA CITTA                              ,AC-GROCERY CHECK OUT COUNTER                      ,FA_TRAN             
0026-0002570300666       ,PUSH CART CYBER 90L                                         ,      4965.40,11/21/2018,CART                                              ,ALTA CITTA                              ,AC-GROCERY CHECK OUT COUNTER                      ,FA_TRAN             
0026-0002570300667       ,PUSH CART CYBER 90L                                         ,      4965.40,11/21/2018,CART                                              ,ALTA CITTA                              ,AC-GROCERY CHECK OUT COUNTER                      ,FA_TRAN             
0026-0002570300668       ,PUSH CART CYBER 90L                                         ,      4965.40,11/21/2018,CART                                              ,ALTA CITTA                              ,AC-GROCERY CHECK OUT COUNTER                      ,FA_TRAN             
0026-0002570300669       ,PUSH CART CYBER 90L                                         ,      4965.40,11/21/2018,CART                                              ,ALTA CITTA                              ,AC-GROCERY CHECK OUT COUNTER                      ,FA_TRAN             
0026-0002570300670       ,PUSH CART CYBER 90L                                         ,      4965.40,11/21/2018,CART                                              ,ALTA CITTA                              ,AC-GROCERY CHECK OUT COUNTER                      ,FA_TRAN             
0026-0002570300671       ,PUSH CART CYBER 90L                                         ,      4965.40,11/21/2018,CART                                              ,ALTA CITTA                              ,AC-GROCERY CHECK OUT COUNTER                      ,FA_TRAN             
0026-0002570300672       ,PUSH CART CYBER 90L                                         ,      4965.40,11/21/2018,CART                                              ,ALTA CITTA                              ,AC-GROCERY CHECK OUT COUNTER                      ,FA_TRAN             
0026-0002570300673       ,PUSH CART CYBER 90L                                         ,      4965.40,11/21/2018,CART                                              ,ALTA CITTA                              ,AC-GROCERY CHECK OUT COUNTER                      ,FA_TRAN             
0026-0002570300674       ,PUSH CART CYBER 90L                                         ,      4965.40,11/21/2018,CART                                              ,ALTA CITTA                              ,AC-GROCERY CHECK OUT COUNTER                      ,FA_TRAN             
0026-0002570300675       ,PUSH CART CYBER 90L                                         ,      4965.40,11/21/2018,CART                                              ,ALTA CITTA                              ,AC-GROCERY CHECK OUT COUNTER                      ,FA_TRAN             
0026-0002570300676       ,PUSH CART CYBER 90L                                         ,      4965.40,11/21/2018,CART                                              ,ALTA CITTA                              ,AC-GROCERY CHECK OUT COUNTER                      ,FA_TRAN             
0026-0002570300677       ,PUSH CART CYBER 90L                                         ,      4965.40,11/21/2018,CART                                              ,ALTA CITTA                              ,AC-GROCERY CHECK OUT COUNTER                      ,FA_TRAN             
0026-0002570300678       ,PUSH CART CYBER 90L                                         ,      4965.40,11/21/2018,CART                                              ,ALTA CITTA                              ,AC-GROCERY CHECK OUT COUNTER                      ,FA_TRAN             
0026-0002570300679       ,PUSH CART CYBER 90L                                         ,      4965.40,11/21/2018,CART                                              ,ALTA CITTA                              ,AC-GROCERY CHECK OUT COUNTER                      ,FA_TRAN             
0026-0002570300680       ,PUSH CART CYBER 90L                                         ,      4965.40,11/21/2018,CART                                              ,ALTA CITTA                              ,AC-GROCERY CHECK OUT COUNTER                      ,FA_TRAN             
0047-0005115700001       ,GOULDS JET PUMP 1HP M:C48A95A06                             ,     16000.00,01/22/2019,PUMP                                              ,ALTA CITTA                              ,AC-ADMIN                                          ,                    
0047-0005040100002       ,STEEL LOCKER CABINET STANDARD MODEL-21 DOORS                ,     10200.00,02/28/2019,CABINET                                           ,ALTA CITTA                              ,AC-ADMIN                                          ,                    
0047-0005040100003       ,STEEL LOCKER CABINET STANDARD MODEL-21 DOORS                ,     10200.00,02/28/2019,CABINET                                           ,ALTA CITTA                              ,AC-ADMIN                                          ,                    
0047-0005040100004       ,STEEL LOCKER CABINET STANDARD MODEL-21 DOORS                ,     10200.00,02/28/2019,CABINET                                           ,ALTA CITTA                              ,AC-ADMIN                                          ,                    
0047-0005040100005       ,STEEL LOCKER CABINET STANDARD MODEL-21 DOORS                ,     10200.00,02/28/2019,CABINET                                           ,ALTA CITTA                              ,AC-ADMIN                                          ,                    
0047-0003600600021       ,VERTICAL STEEL FILING CABINET (STD.) 5 D                    ,      9900.00,04/16/2019,CABINET                                           ,ALTA CITTA                              ,AC-ADMIN                                          ,                    
0047-0003600600022       ,VERTICAL STEEL FILING CABINET (STD.) 5 D                    ,      9900.00,04/16/2019,CABINET                                           ,ALTA CITTA                              ,AC-ADMIN                                          ,                    
0047-0003600600023       ,VERTICAL STEEL FILING CABINET (STD.) 5 D                    ,      9900.00,04/16/2019,CABINET                                           ,ALTA CITTA                              ,AC-ADMIN                                          ,                    
0047-0001595700001       ,OUTDOOR COMMERCIAL WASTE BIN STAINLESS S                    ,      6435.00,03/11/2019,OTHERS                                            ,ALTA CITTA                              ,AC-GENERAL SERVICES DEPARTMENT                    ,FA_TRAN             
0047-0001595700002       ,OUTDOOR COMMERCIAL WASTE BIN STAINLESS S                    ,      6435.00,03/11/2019,OTHERS                                            ,ALTA CITTA                              ,AC-GENERAL SERVICES DEPARTMENT                    ,FA_TRAN             
0047-0001595700003       ,OUTDOOR COMMERCIAL WASTE BIN STAINLESS S                    ,      6435.00,03/11/2019,OTHERS                                            ,ALTA CITTA                              ,AC-GENERAL SERVICES DEPARTMENT                    ,FA_TRAN             
0047-0001595700004       ,OUTDOOR COMMERCIAL WASTE BIN STAINLESS S                    ,      6435.00,03/11/2019,OTHERS                                            ,ALTA CITTA                              ,AC-GENERAL SERVICES DEPARTMENT                    ,FA_TRAN             
0047-0001595700005       ,OUTDOOR COMMERCIAL WASTE BIN STAINLESS S                    ,      6435.00,03/11/2019,OTHERS                                            ,ALTA CITTA                              ,AC-GENERAL SERVICES DEPARTMENT                    ,FA_TRAN             
0047-0001595700006       ,OUTDOOR COMMERCIAL WASTE BIN STAINLESS S                    ,      6435.00,03/11/2019,OTHERS                                            ,ALTA CITTA                              ,AC-GENERAL SERVICES DEPARTMENT                    ,FA_TRAN             
0047-0001595700007       ,OUTDOOR COMMERCIAL WASTE BIN STAINLESS S                    ,      6435.00,03/11/2019,OTHERS                                            ,ALTA CITTA                              ,AC-GENERAL SERVICES DEPARTMENT                    ,FA_TRAN             
0047-0001595700008       ,OUTDOOR COMMERCIAL WASTE BIN STAINLESS S                    ,      6435.00,03/11/2019,OTHERS                                            ,ALTA CITTA                              ,AC-GENERAL SERVICES DEPARTMENT                    ,FA_TRAN             
0047-0001595700009       ,OUTDOOR COMMERCIAL WASTE BIN STAINLESS S                    ,      6435.00,03/11/2019,OTHERS                                            ,ALTA CITTA                              ,AC-GENERAL SERVICES DEPARTMENT                    ,FA_TRAN             
0047-0001595700010       ,OUTDOOR COMMERCIAL WASTE BIN STAINLESS S                    ,      6435.00,03/11/2019,OTHERS                                            ,ALTA CITTA                              ,AC-GENERAL SERVICES DEPARTMENT                    ,FA_TRAN             
0047-0001743200001       ,HAND SEALER 12""                                             ,      1800.00,03/11/2019,SEALER                                            ,ALTA CITTA                              ,AC-GROCERY RECEIVING                              ,FA_TRAN             
0047-0001743200002       ,HAND SEALER 12""                                             ,      1800.00,03/11/2019,SEALER                                            ,ALTA CITTA                              ,AC-GROCERY RECEIVING                              ,FA_TRAN             
0047-0005091200001       ,ZEBRA LABEL PRINTER ZT230 203 DPI                           ,     48800.00,03/12/2019,PRINTER                                           ,ALTA CITTA                              ,AC-MIS                                            ,FA_TRAN             
0047-0005091200002       ,ZEBRA LABEL PRINTER ZT230 203 DPI                           ,     48800.00,03/12/2019,PRINTER                                           ,ALTA CITTA                              ,AC-MIS                                            ,FA_TRAN             
0047-0001920700001       ,PRINTER EPSON L120                                          ,      4800.00,03/20/2019,PRINTER                                           ,ALTA CITTA                              ,AC-ADMIN                                          ,                    
0047-0001920700002       ,PRINTER EPSON L120                                          ,      4800.00,03/20/2019,PRINTER                                           ,ALTA CITTA                              ,AC-ADMIN                                          ,                    
0047-0003600600024       ,VERTICAL STEEL FILING CABINET (STD.) 5 D                    ,      9900.00,04/16/2019,CABINET                                           ,ALTA CITTA                              ,AC-ADMIN                                          ,                    
0047-0003600600025       ,VERTICAL STEEL FILING CABINET (STD.) 5 D                    ,      9900.00,04/16/2019,CABINET                                           ,ALTA CITTA                              ,AC-ADMIN                                          ,                    
0047-0003011400001       ,"ZEBRA LABEL PRINTER, ZT230, 203 DPI                         ",     15000.00,03/22/2019,PRINTER                                           ,ALTA CITTA                              ,AC-ADMIN                                          ,                    
0047-0005013100001       ,HAND PALLET 2.5 TONS                                        ,     15500.00,03/28/2019,PALLET TRUCK                                      ,ALTA CITTA                              ,AC-ENGINEERING DEPARTMENT                         ,FA_TRAN             
0047-0005013100002       ,HAND PALLET 2.5 TONS                                        ,     15500.00,03/28/2019,PALLET TRUCK                                      ,ALTA CITTA                              ,AC-GROCERY RECEIVING                              ,FA_TRAN             
0047-0004840500001       ,SYMBOL CORDLESS SCANNER LI4278                              ,     18000.00,04/02/2019,SCANNER                                           ,ALTA CITTA                              ,AC-ADMIN                                          ,FA_TRAN             
0047-0004840500002       ,SYMBOL CORDLESS SCANNER LI4278                              ,     18000.00,04/02/2019,SCANNER                                           ,ALTA CITTA                              ,AC-ADMIN                                          ,FA_TRAN             
0047-0005014200001       ,FREEZER 3-DOOR                                              ,    161960.78,04/13/2019,FREEZER                                           ,ALTA CITTA                              ,AC-GROCERY SELLING AREA                           ,FA_TRAN             
0047-0005014200002       ,FREEZER 3-DOOR                                              ,    161960.78,04/13/2019,FREEZER                                           ,ALTA CITTA                              ,AC-GROCERY SELLING AREA                           ,FA_TRAN             
0047-0005014200003       ,FREEZER 3-DOOR                                              ,    161960.78,04/13/2019,FREEZER                                           ,ALTA CITTA                              ,AC-GROCERY SELLING AREA                           ,FA_TRAN             
0047-0005014200004       ,FREEZER 3-DOOR                                              ,    161960.78,04/13/2019,FREEZER                                           ,ALTA CITTA                              ,AC-GROCERY SELLING AREA                           ,FA_TRAN             
0047-0005014300001       ,3-DOOR CHILLER                                              ,    124941.18,04/13/2019,CHILLER                                           ,ALTA CITTA                              ,AC-GROCERY SELLING AREA                           ,FA_TRAN             
0047-0005014300002       ,3-DOOR CHILLER                                              ,    124941.18,04/13/2019,CHILLER                                           ,ALTA CITTA                              ,AC-GROCERY SELLING AREA                           ,FA_TRAN             
0047-0005014300003       ,3-DOOR CHILLER                                              ,    124941.18,04/13/2019,CHILLER                                           ,ALTA CITTA                              ,AC-GROCERY SELLING AREA                           ,FA_TRAN             
0047-0005014400001       ,GLASS DOOR CHILLER 2-DOOR                                   ,     78666.67,04/13/2019,CHILLER                                           ,ALTA CITTA                              ,AC-GROCERY SELLING AREA                           ,FA_TRAN             
0047-0005014400002       ,GLASS DOOR CHILLER 2-DOOR                                   ,     78666.67,04/13/2019,CHILLER                                           ,ALTA CITTA                              ,AC-GROCERY SELLING AREA                           ,FA_TRAN             
0047-0003600600001       ,VERTICAL STEEL FILING CABINET (STD.) 5 D                    ,      9900.00,04/16/2019,CABINET                                           ,ALTA CITTA                              ,AC-ADMIN                                          ,                    
0047-0003600600002       ,VERTICAL STEEL FILING CABINET (STD.) 5 D                    ,      9900.00,04/16/2019,CABINET                                           ,ALTA CITTA                              ,AC-ADMIN                                          ,                    
0047-0003600600003       ,VERTICAL STEEL FILING CABINET (STD.) 5 D                    ,      9900.00,04/16/2019,CABINET                                           ,ALTA CITTA                              ,AC-ADMIN                                          ,                    
0047-0003600600004       ,VERTICAL STEEL FILING CABINET (STD.) 5 D                    ,      9900.00,04/16/2019,CABINET                                           ,ALTA CITTA                              ,AC-ADMIN                                          ,                    
0047-0003600600005       ,VERTICAL STEEL FILING CABINET (STD.) 5 D                    ,      9900.00,04/16/2019,CABINET                                           ,ALTA CITTA                              ,AC-ADMIN                                          ,                    
0047-0003600600006       ,VERTICAL STEEL FILING CABINET (STD.) 5 D                    ,      9900.00,04/16/2019,CABINET                                           ,ALTA CITTA                              ,AC-ADMIN                                          ,                    
0047-0003600600007       ,VERTICAL STEEL FILING CABINET (STD.) 5 D                    ,      9900.00,04/16/2019,CABINET                                           ,ALTA CITTA                              ,AC-ADMIN                                          ,                    
0047-0003600600008       ,VERTICAL STEEL FILING CABINET (STD.) 5 D                    ,      9900.00,04/16/2019,CABINET                                           ,ALTA CITTA                              ,AC-ADMIN                                          ,                    
0047-0003600600009       ,VERTICAL STEEL FILING CABINET (STD.) 5 D                    ,      9900.00,04/16/2019,CABINET                                           ,ALTA CITTA                              ,AC-ADMIN                                          ,                    
0047-0003600600010       ,VERTICAL STEEL FILING CABINET (STD.) 5 D                    ,      9900.00,04/16/2019,CABINET                                           ,ALTA CITTA                              ,AC-ADMIN                                          ,                    
0047-0003600600011       ,VERTICAL STEEL FILING CABINET (STD.) 5 D                    ,      9900.00,04/16/2019,CABINET                                           ,ALTA CITTA                              ,AC-ADMIN                                          ,                    
0047-0003600600012       ,VERTICAL STEEL FILING CABINET (STD.) 5 D                    ,      9900.00,04/16/2019,CABINET                                           ,ALTA CITTA                              ,AC-ADMIN                                          ,                    
0047-0003600600013       ,VERTICAL STEEL FILING CABINET (STD.) 5 D                    ,      9900.00,04/16/2019,CABINET                                           ,ALTA CITTA                              ,AC-ADMIN                                          ,                    
0047-0003600600014       ,VERTICAL STEEL FILING CABINET (STD.) 5 D                    ,      9900.00,04/16/2019,CABINET                                           ,ALTA CITTA                              ,AC-ADMIN                                          ,                    
0047-0003600600015       ,VERTICAL STEEL FILING CABINET (STD.) 5 D                    ,      9900.00,04/16/2019,CABINET                                           ,ALTA CITTA                              ,AC-ADMIN                                          ,                    
0047-0003600600016       ,VERTICAL STEEL FILING CABINET (STD.) 5 D                    ,      9900.00,04/16/2019,CABINET                                           ,ALTA CITTA                              ,AC-ADMIN                                          ,                    
0047-0003600600017       ,VERTICAL STEEL FILING CABINET (STD.) 5 D                    ,      9900.00,04/16/2019,CABINET                                           ,ALTA CITTA                              ,AC-ADMIN                                          ,                    
0047-0003600600018       ,VERTICAL STEEL FILING CABINET (STD.) 5 D                    ,      9900.00,04/16/2019,CABINET                                           ,ALTA CITTA                              ,AC-ADMIN                                          ,                    
0047-0003600600019       ,VERTICAL STEEL FILING CABINET (STD.) 5 D                    ,      9900.00,04/16/2019,CABINET                                           ,ALTA CITTA                              ,AC-ADMIN                                          ,                    
0047-0003600600020       ,VERTICAL STEEL FILING CABINET (STD.) 5 D                    ,      9900.00,04/16/2019,CABINET                                           ,ALTA CITTA                              ,AC-ADMIN                                          ,                    
0047-0005097400001       ,16 TURBO HD/AHD/ANALOG INTERFACE INPUT                      ,      7588.28,04/29/2019,MONITOR                                           ,ALTA CITTA                              ,AC-ADMIN                                          ,                    
0047-0005097400002       ,16 TURBO HD/AHD/ANALOG INTERFACE INPUT                      ,      7588.28,04/29/2019,MONITOR                                           ,ALTA CITTA                              ,AC-ADMIN                                          ,                    
0047-0005097400003       ,16 TURBO HD/AHD/ANALOG INTERFACE INPUT                      ,      7588.28,04/29/2019,MONITOR                                           ,ALTA CITTA                              ,AC-ADMIN                                          ,                    
0047-0005097400004       ,16 TURBO HD/AHD/ANALOG INTERFACE INPUT                      ,      7588.28,04/29/2019,MONITOR                                           ,ALTA CITTA                              ,AC-ADMIN                                          ,                    
0047-0005097400005       ,16 TURBO HD/AHD/ANALOG INTERFACE INPUT                      ,      7588.28,04/29/2019,MONITOR                                           ,ALTA CITTA                              ,AC-ADMIN                                          ,                    
0047-0005097400006       ,16 TURBO HD/AHD/ANALOG INTERFACE INPUT                      ,      7588.28,04/29/2019,MONITOR                                           ,ALTA CITTA                              ,AC-ADMIN                                          ,                    
0047-0005097400007       ,16 TURBO HD/AHD/ANALOG INTERFACE INPUT                      ,      7588.28,04/29/2019,MONITOR                                           ,ALTA CITTA                              ,AC-ADMIN                                          ,                    
0047-0005097400008       ,16 TURBO HD/AHD/ANALOG INTERFACE INPUT                      ,      7588.28,04/29/2019,MONITOR                                           ,ALTA CITTA                              ,AC-ADMIN                                          ,                    
0047-0005097500001       ,4TB WESTERN DIGITAL PURPLE HARD DISK                        ,      7650.48,04/29/2019,HARD DISK                                         ,ALTA CITTA                              ,AC-ADMIN                                          ,                    
0047-0005097500002       ,4TB WESTERN DIGITAL PURPLE HARD DISK                        ,      7650.48,04/29/2019,HARD DISK                                         ,ALTA CITTA                              ,AC-ADMIN                                          ,                    
0047-0005097500003       ,4TB WESTERN DIGITAL PURPLE HARD DISK                        ,      7650.48,04/29/2019,HARD DISK                                         ,ALTA CITTA                              ,AC-ADMIN                                          ,                    
0047-0005097500004       ,4TB WESTERN DIGITAL PURPLE HARD DISK                        ,      7650.48,04/29/2019,HARD DISK                                         ,ALTA CITTA                              ,AC-ADMIN                                          ,                    
0047-0005097500005       ,4TB WESTERN DIGITAL PURPLE HARD DISK                        ,      7650.48,04/29/2019,HARD DISK                                         ,ALTA CITTA                              ,AC-ADMIN                                          ,                    
0047-0005097500006       ,4TB WESTERN DIGITAL PURPLE HARD DISK                        ,      7650.48,04/29/2019,HARD DISK                                         ,ALTA CITTA                              ,AC-ADMIN                                          ,                    
0047-0005097500007       ,4TB WESTERN DIGITAL PURPLE HARD DISK                        ,      7650.48,04/29/2019,HARD DISK                                         ,ALTA CITTA                              ,AC-ADMIN                                          ,                    
0047-0005097500008       ,4TB WESTERN DIGITAL PURPLE HARD DISK                        ,      7650.48,04/29/2019,HARD DISK                                         ,ALTA CITTA                              ,AC-ADMIN                                          ,                    
0047-0005097600001       ,16 CHANNEL CENTRALIZED POWER SUPPLY                         ,      2776.74,04/29/2019,POWER SUPPLY                                      ,ALTA CITTA                              ,AC-ADMIN                                          ,                    
0047-0005097600002       ,16 CHANNEL CENTRALIZED POWER SUPPLY                         ,      2776.74,04/29/2019,POWER SUPPLY                                      ,ALTA CITTA                              ,AC-ADMIN                                          ,                    
0047-0005097600003       ,16 CHANNEL CENTRALIZED POWER SUPPLY                         ,      2776.74,04/29/2019,POWER SUPPLY                                      ,ALTA CITTA                              ,AC-ADMIN                                          ,                    
0047-0005097600004       ,16 CHANNEL CENTRALIZED POWER SUPPLY                         ,      2776.74,04/29/2019,POWER SUPPLY                                      ,ALTA CITTA                              ,AC-ADMIN                                          ,                    
0047-0005097600005       ,16 CHANNEL CENTRALIZED POWER SUPPLY                         ,      2776.74,04/29/2019,POWER SUPPLY                                      ,ALTA CITTA                              ,AC-ADMIN                                          ,                    
0047-0005097600006       ,16 CHANNEL CENTRALIZED POWER SUPPLY                         ,      2776.74,04/29/2019,POWER SUPPLY                                      ,ALTA CITTA                              ,AC-ADMIN                                          ,                    
0047-0005097600007       ,16 CHANNEL CENTRALIZED POWER SUPPLY                         ,      2776.74,04/29/2019,POWER SUPPLY                                      ,ALTA CITTA                              ,AC-ADMIN                                          ,                    
0047-0005097600008       ,16 CHANNEL CENTRALIZED POWER SUPPLY                         ,      2776.74,04/29/2019,POWER SUPPLY                                      ,ALTA CITTA                              ,AC-ADMIN                                          ,                    
0047-0005097600009       ,16 CHANNEL CENTRALIZED POWER SUPPLY                         ,      2776.74,04/29/2019,POWER SUPPLY                                      ,ALTA CITTA                              ,AC-ADMIN                                          ,                    
0047-0005097600010       ,16 CHANNEL CENTRALIZED POWER SUPPLY                         ,      2776.74,04/29/2019,POWER SUPPLY                                      ,ALTA CITTA                              ,AC-ADMIN                                          ,                    
0047-0005301500001       ,WINSVRSTDCORE 2019 SNGL OLP 2 LIC NL COR                    ,      6636.46,05/10/2019,SERVER                                            ,ALTA CITTA                              ,AC-ADMIN                                          ,                    
0047-0005301500002       ,WINSVRSTDCORE 2019 SNGL OLP 2 LIC NL COR                    ,      6636.46,05/10/2019,SERVER                                            ,ALTA CITTA                              ,AC-ADMIN                                          ,                    
0047-0005301500003       ,WINSVRSTDCORE 2019 SNGL OLP 2 LIC NL COR                    ,      6636.46,05/10/2019,SERVER                                            ,ALTA CITTA                              ,AC-ADMIN                                          ,                    
0047-0005301500004       ,WINSVRSTDCORE 2019 SNGL OLP 2 LIC NL COR                    ,      6636.46,05/10/2019,SERVER                                            ,ALTA CITTA                              ,AC-ADMIN                                          ,                    
0047-0005301500005       ,WINSVRSTDCORE 2019 SNGL OLP 2 LIC NL COR                    ,      6636.46,05/10/2019,SERVER                                            ,ALTA CITTA                              ,AC-ADMIN                                          ,                    
0047-0005301500006       ,WINSVRSTDCORE 2019 SNGL OLP 2 LIC NL COR                    ,      6636.46,05/10/2019,SERVER                                            ,ALTA CITTA                              ,AC-ADMIN                                          ,                    
0047-0005301500007       ,WINSVRSTDCORE 2019 SNGL OLP 2 LIC NL COR                    ,      6636.46,05/10/2019,SERVER                                            ,ALTA CITTA                              ,AC-ADMIN                                          ,                    
0047-0005301500008       ,WINSVRSTDCORE 2019 SNGL OLP 2 LIC NL COR                    ,      6636.46,05/10/2019,SERVER                                            ,ALTA CITTA                              ,AC-ADMIN                                          ,                    
0047-0005301700001       ,SQLSVRSTD 2017 SNGL OLP NL                                  ,     48358.32,05/10/2019,SERVER                                            ,ALTA CITTA                              ,AC-ADMIN                                          ,                    
0047-0005115400001       ,BEETLE /M-III K2                                            ,    106000.00,05/10/2019,POS                                               ,ALTA CITTA                              ,AC-ADMIN                                          ,                    
0047-0005115400002       ,BEETLE /M-III K2                                            ,    106000.00,05/10/2019,POS                                               ,ALTA CITTA                              ,AC-ADMIN                                          ,                    
0047-0005196800001       ,BEETLE/M-III K2                                             ,    100000.00,05/10/2019,POS                                               ,ALTA CITTA                              ,AC-ADMIN                                          ,                    
0047-0005196800002       ,BEETLE/M-III K2                                             ,    100000.00,05/10/2019,POS                                               ,ALTA CITTA                              ,AC-ADMIN                                          ,                    
0047-0005196800003       ,BEETLE/M-III K2                                             ,    100000.00,05/10/2019,POS                                               ,ALTA CITTA                              ,AC-ADMIN                                          ,                    
0047-0005196800004       ,BEETLE/M-III K2                                             ,    100000.00,05/10/2019,POS                                               ,ALTA CITTA                              ,AC-ADMIN                                          ,                    
0047-0005196800005       ,BEETLE/M-III K2                                             ,    100000.00,05/10/2019,POS                                               ,ALTA CITTA                              ,AC-ADMIN                                          ,                    
0047-0005196800006       ,BEETLE/M-III K2                                             ,    100000.00,05/10/2019,POS                                               ,ALTA CITTA                              ,AC-ADMIN                                          ,                    
0047-0005196800007       ,BEETLE/M-III K2                                             ,    100000.00,05/10/2019,POS                                               ,ALTA CITTA                              ,AC-ADMIN                                          ,                    
0047-0005196800008       ,BEETLE/M-III K2                                             ,    100000.00,05/10/2019,POS                                               ,ALTA CITTA                              ,AC-ADMIN                                          ,                    
0047-0005196800009       ,BEETLE/M-III K2                                             ,    100000.00,05/10/2019,POS                                               ,ALTA CITTA                              ,AC-ADMIN                                          ,                    
0047-0005196800010       ,BEETLE/M-III K2                                             ,    100000.00,05/10/2019,POS                                               ,ALTA CITTA                              ,AC-ADMIN                                          ,                    
0047-0000127400001       ,HANDHELD SCANNER - SYMBOL MOTOROLA BARCO                    ,      5500.00,05/11/2019,SCANNER                                           ,ALTA CITTA                              ,AC-GROCERY CHECK OUT COUNTER                      ,FA_TRAN             
0047-0000127400002       ,HANDHELD SCANNER - SYMBOL MOTOROLA BARCO                    ,      5500.00,05/11/2019,SCANNER                                           ,ALTA CITTA                              ,AC-GROCERY CHECK OUT COUNTER                      ,FA_TRAN             
0047-0000127400003       ,HANDHELD SCANNER - SYMBOL MOTOROLA BARCO                    ,      5500.00,05/11/2019,SCANNER                                           ,ALTA CITTA                              ,AC-GROCERY CHECK OUT COUNTER                      ,FA_TRAN             
0047-0000127400004       ,HANDHELD SCANNER - SYMBOL MOTOROLA BARCO                    ,      5500.00,05/11/2019,SCANNER                                           ,ALTA CITTA                              ,AC-GROCERY CHECK OUT COUNTER                      ,FA_TRAN             
0047-0000127400005       ,HANDHELD SCANNER - SYMBOL MOTOROLA BARCO                    ,      5500.00,05/11/2019,SCANNER                                           ,ALTA CITTA                              ,AC-GROCERY CHECK OUT COUNTER                      ,FA_TRAN             
0047-0000127400006       ,HANDHELD SCANNER - SYMBOL MOTOROLA BARCO                    ,      5500.00,05/11/2019,SCANNER                                           ,ALTA CITTA                              ,AC-GROCERY CHECK OUT COUNTER                      ,FA_TRAN             
0047-0000127400007       ,HANDHELD SCANNER - SYMBOL MOTOROLA BARCO                    ,      5500.00,05/11/2019,SCANNER                                           ,ALTA CITTA                              ,AC-GROCERY CHECK OUT COUNTER                      ,FA_TRAN             
0047-0000127400008       ,HANDHELD SCANNER - SYMBOL MOTOROLA BARCO                    ,      5500.00,05/11/2019,SCANNER                                           ,ALTA CITTA                              ,AC-GROCERY CHECK OUT COUNTER                      ,FA_TRAN             
0047-0000127400009       ,HANDHELD SCANNER - SYMBOL MOTOROLA BARCO                    ,      5500.00,05/11/2019,SCANNER                                           ,ALTA CITTA                              ,AC-GROCERY CHECK OUT COUNTER                      ,FA_TRAN             
0047-0000127400010       ,HANDHELD SCANNER - SYMBOL MOTOROLA BARCO                    ,      5500.00,05/11/2019,SCANNER                                           ,ALTA CITTA                              ,AC-GROCERY CHECK OUT COUNTER                      ,FA_TRAN             
0047-0000127400011       ,HANDHELD SCANNER - SYMBOL MOTOROLA BARCO                    ,      5500.00,05/11/2019,SCANNER                                           ,ALTA CITTA                              ,AC-GROCERY CHECK OUT COUNTER                      ,FA_TRAN             
0047-0000127400012       ,HANDHELD SCANNER - SYMBOL MOTOROLA BARCO                    ,      5500.00,05/11/2019,SCANNER                                           ,ALTA CITTA                              ,AC-GROCERY CHECK OUT COUNTER                      ,FA_TRAN             
0047-0001543600001       ,MOP SQUEEZER SET                                            ,      5013.10,05/15/2019,MOP SQUEEZER                                      ,ALTA CITTA                              ,AC-ADMIN                                          ,                    
0047-0001552600001       ,DI 701 STAFF CHAIR W/O ARMREST                              ,      3600.00,05/15/2019,CHAIR                                             ,ALTA CITTA                              ,AC-ADMIN                                          ,                    
0047-0001552600002       ,DI 701 STAFF CHAIR W/O ARMREST                              ,      3600.00,05/15/2019,CHAIR                                             ,ALTA CITTA                              ,AC-ADMIN                                          ,                    
0047-0001552600003       ,DI 701 STAFF CHAIR W/O ARMREST                              ,      3600.00,05/15/2019,CHAIR                                             ,ALTA CITTA                              ,AC-ADMIN                                          ,                    
0047-0001552600004       ,DI 701 STAFF CHAIR W/O ARMREST                              ,      3600.00,05/15/2019,CHAIR                                             ,ALTA CITTA                              ,AC-ADMIN                                          ,                    
0047-0001552600005       ,DI 701 STAFF CHAIR W/O ARMREST                              ,      3600.00,05/15/2019,CHAIR                                             ,ALTA CITTA                              ,AC-ADMIN                                          ,                    
0047-0001552600008       ,DI 701 STAFF CHAIR W/O ARMREST                              ,      3600.00,05/15/2019,CHAIR                                             ,ALTA CITTA                              ,AC-ADMIN                                          ,                    
0047-0001552600009       ,DI 701 STAFF CHAIR W/O ARMREST                              ,      3600.00,05/15/2019,CHAIR                                             ,ALTA CITTA                              ,AC-ADMIN                                          ,                    
0047-0001552600011       ,DI 701 STAFF CHAIR W/O ARMREST                              ,      3600.00,05/15/2019,CHAIR                                             ,ALTA CITTA                              ,AC-ADMIN                                          ,                    
0047-0001552600013       ,DI 701 STAFF CHAIR W/O ARMREST                              ,      3600.00,05/15/2019,CHAIR                                             ,ALTA CITTA                              ,AC-ADMIN                                          ,                    
0047-0001552600014       ,DI 701 STAFF CHAIR W/O ARMREST                              ,      3600.00,05/15/2019,CHAIR                                             ,ALTA CITTA                              ,AC-ADMIN                                          ,                    
0047-0001552600015       ,DI 701 STAFF CHAIR W/O ARMREST                              ,      3600.00,05/15/2019,CHAIR                                             ,ALTA CITTA                              ,AC-ADMIN                                          ,                    
0047-0001552600016       ,DI 701 STAFF CHAIR W/O ARMREST                              ,      3600.00,05/15/2019,CHAIR                                             ,ALTA CITTA                              ,AC-ADMIN                                          ,                    
0047-0001552600017       ,DI 701 STAFF CHAIR W/O ARMREST                              ,      3600.00,05/15/2019,CHAIR                                             ,ALTA CITTA                              ,AC-ADMIN                                          ,                    
0047-0001552600018       ,DI 701 STAFF CHAIR W/O ARMREST                              ,      3600.00,05/15/2019,CHAIR                                             ,ALTA CITTA                              ,AC-ADMIN                                          ,                    
0047-0001552600019       ,DI 701 STAFF CHAIR W/O ARMREST                              ,      3600.00,05/15/2019,CHAIR                                             ,ALTA CITTA                              ,AC-ADMIN                                          ,                    
0047-0001552600020       ,DI 701 STAFF CHAIR W/O ARMREST                              ,      3600.00,05/15/2019,CHAIR                                             ,ALTA CITTA                              ,AC-ADMIN                                          ,                    
0047-0001552600021       ,DI 701 STAFF CHAIR W/O ARMREST                              ,      3600.00,05/15/2019,CHAIR                                             ,ALTA CITTA                              ,AC-ADMIN                                          ,                    
0047-0001552600025       ,DI 701 STAFF CHAIR W/O ARMREST                              ,      3600.00,05/15/2019,CHAIR                                             ,ALTA CITTA                              ,AC-ADMIN                                          ,                    
0047-0001552600027       ,DI 701 STAFF CHAIR W/O ARMREST                              ,      3600.00,05/15/2019,CHAIR                                             ,ALTA CITTA                              ,AC-ADMIN                                          ,                    
0047-0001552600028       ,DI 701 STAFF CHAIR W/O ARMREST                              ,      3600.00,05/15/2019,CHAIR                                             ,ALTA CITTA                              ,AC-ADMIN                                          ,                    
0047-0001552600029       ,DI 701 STAFF CHAIR W/O ARMREST                              ,      3600.00,05/15/2019,CHAIR                                             ,ALTA CITTA                              ,AC-ADMIN                                          ,                    
0047-0004411900001       ,MTO FREE STANDING TABLE 1100W X 600D X 7                    ,      3800.00,05/15/2019,TABLE                                             ,ALTA CITTA                              ,AC-ADMIN                                          ,                    
0047-0004411900002       ,MTO FREE STANDING TABLE 1100W X 600D X 7                    ,      3800.00,05/15/2019,TABLE                                             ,ALTA CITTA                              ,AC-ADMIN                                          ,                    
0047-0004411900003       ,MTO FREE STANDING TABLE 1100W X 600D X 7                    ,      3800.00,05/15/2019,TABLE                                             ,ALTA CITTA                              ,AC-ADMIN                                          ,                    
0047-0004411900004       ,MTO FREE STANDING TABLE 1100W X 600D X 7                    ,      3800.00,05/15/2019,TABLE                                             ,ALTA CITTA                              ,AC-ADMIN                                          ,                    
0047-0004411900005       ,MTO FREE STANDING TABLE 1100W X 600D X 7                    ,      3800.00,05/15/2019,TABLE                                             ,ALTA CITTA                              ,AC-ADMIN                                          ,                    
0047-0004411900006       ,MTO FREE STANDING TABLE 1100W X 600D X 7                    ,      3800.00,05/15/2019,TABLE                                             ,ALTA CITTA                              ,AC-ADMIN                                          ,                    
0047-0004411900007       ,MTO FREE STANDING TABLE 1100W X 600D X 7                    ,      3800.00,05/15/2019,TABLE                                             ,ALTA CITTA                              ,AC-ADMIN                                          ,                    
0047-0004411900008       ,MTO FREE STANDING TABLE 1100W X 600D X 7                    ,      3800.00,05/15/2019,TABLE                                             ,ALTA CITTA                              ,AC-ADMIN                                          ,                    
0047-0004411900009       ,MTO FREE STANDING TABLE 1100W X 600D X 7                    ,      3800.00,05/15/2019,TABLE                                             ,ALTA CITTA                              ,AC-ADMIN                                          ,                    
0047-0004411900010       ,MTO FREE STANDING TABLE 1100W X 600D X 7                    ,      3800.00,05/15/2019,TABLE                                             ,ALTA CITTA                              ,AC-ADMIN                                          ,                    
0047-0004411900011       ,MTO FREE STANDING TABLE 1100W X 600D X 7                    ,      3800.00,05/15/2019,TABLE                                             ,ALTA CITTA                              ,AC-ADMIN                                          ,                    
0047-0004411900012       ,MTO FREE STANDING TABLE 1100W X 600D X 7                    ,      3800.00,05/15/2019,TABLE                                             ,ALTA CITTA                              ,AC-ADMIN                                          ,                    
0047-0004411900013       ,MTO FREE STANDING TABLE 1100W X 600D X 7                    ,      3800.00,05/15/2019,TABLE                                             ,ALTA CITTA                              ,AC-ADMIN                                          ,                    
0047-0004411900014       ,MTO FREE STANDING TABLE 1100W X 600D X 7                    ,      3800.00,05/15/2019,TABLE                                             ,ALTA CITTA                              ,AC-ADMIN                                          ,                    
0047-0004411900015       ,MTO FREE STANDING TABLE 1100W X 600D X 7                    ,      3800.00,05/15/2019,TABLE                                             ,ALTA CITTA                              ,AC-ADMIN                                          ,                    
0047-0004411900016       ,MTO FREE STANDING TABLE 1100W X 600D X 7                    ,      3800.00,05/15/2019,TABLE                                             ,ALTA CITTA                              ,AC-ADMIN                                          ,                    
0047-0004411900017       ,MTO FREE STANDING TABLE 1100W X 600D X 7                    ,      3800.00,05/15/2019,TABLE                                             ,ALTA CITTA                              ,AC-ADMIN                                          ,                    
0047-0004411900018       ,MTO FREE STANDING TABLE 1100W X 600D X 7                    ,      3800.00,05/15/2019,TABLE                                             ,ALTA CITTA                              ,AC-ADMIN                                          ,                    
0047-0004411900019       ,MTO FREE STANDING TABLE 1100W X 600D X 7                    ,      3800.00,05/15/2019,TABLE                                             ,ALTA CITTA                              ,AC-ADMIN                                          ,                    
0047-0004411900020       ,MTO FREE STANDING TABLE 1100W X 600D X 7                    ,      3800.00,05/15/2019,TABLE                                             ,ALTA CITTA                              ,AC-ADMIN                                          ,                    
0047-0004411900021       ,MTO FREE STANDING TABLE 1100W X 600D X 7                    ,      3800.00,05/15/2019,TABLE                                             ,ALTA CITTA                              ,AC-ADMIN                                          ,                    
0047-0004412000001       ,MTO MOBILE 2 DRAWERS 425W X 490D X 40H                      ,      2500.00,05/15/2019,DRAWERS                                           ,ALTA CITTA                              ,AC-ADMIN                                          ,                    
0047-0004412000002       ,MTO MOBILE 2 DRAWERS 425W X 490D X 40H                      ,      2500.00,05/15/2019,DRAWERS                                           ,ALTA CITTA                              ,AC-ADMIN                                          ,                    
0047-0004412000003       ,MTO MOBILE 2 DRAWERS 425W X 490D X 40H                      ,      2500.00,05/15/2019,DRAWERS                                           ,ALTA CITTA                              ,AC-ADMIN                                          ,                    
0047-0004412000004       ,MTO MOBILE 2 DRAWERS 425W X 490D X 40H                      ,      2500.00,05/15/2019,DRAWERS                                           ,ALTA CITTA                              ,AC-ADMIN                                          ,                    
0047-0004412000005       ,MTO MOBILE 2 DRAWERS 425W X 490D X 40H                      ,      2500.00,05/15/2019,DRAWERS                                           ,ALTA CITTA                              ,AC-ADMIN                                          ,                    
0047-0004412000006       ,MTO MOBILE 2 DRAWERS 425W X 490D X 40H                      ,      2500.00,05/15/2019,DRAWERS                                           ,ALTA CITTA                              ,AC-ADMIN                                          ,                    
0047-0004412000007       ,MTO MOBILE 2 DRAWERS 425W X 490D X 40H                      ,      2500.00,05/15/2019,DRAWERS                                           ,ALTA CITTA                              ,AC-ADMIN                                          ,                    
0047-0004412000008       ,MTO MOBILE 2 DRAWERS 425W X 490D X 40H                      ,      2500.00,05/15/2019,DRAWERS                                           ,ALTA CITTA                              ,AC-ADMIN                                          ,                    
0047-0004412000009       ,MTO MOBILE 2 DRAWERS 425W X 490D X 40H                      ,      2500.00,05/15/2019,DRAWERS                                           ,ALTA CITTA                              ,AC-ADMIN                                          ,                    
0047-0004412000010       ,MTO MOBILE 2 DRAWERS 425W X 490D X 40H                      ,      2500.00,05/15/2019,DRAWERS                                           ,ALTA CITTA                              ,AC-ADMIN                                          ,                    
0047-0004412000011       ,MTO MOBILE 2 DRAWERS 425W X 490D X 40H                      ,      2500.00,05/15/2019,DRAWERS                                           ,ALTA CITTA                              ,AC-ADMIN                                          ,                    
0047-0004412000012       ,MTO MOBILE 2 DRAWERS 425W X 490D X 40H                      ,      2500.00,05/15/2019,DRAWERS                                           ,ALTA CITTA                              ,AC-ADMIN                                          ,                    
0047-0004412000013       ,MTO MOBILE 2 DRAWERS 425W X 490D X 40H                      ,      2500.00,05/15/2019,DRAWERS                                           ,ALTA CITTA                              ,AC-ADMIN                                          ,                    
0047-0004412000014       ,MTO MOBILE 2 DRAWERS 425W X 490D X 40H                      ,      2500.00,05/15/2019,DRAWERS                                           ,ALTA CITTA                              ,AC-ADMIN                                          ,                    
0047-0004412000015       ,MTO MOBILE 2 DRAWERS 425W X 490D X 40H                      ,      2500.00,05/15/2019,DRAWERS                                           ,ALTA CITTA                              ,AC-ADMIN                                          ,                    
0047-0004412000016       ,MTO MOBILE 2 DRAWERS 425W X 490D X 40H                      ,      2500.00,05/15/2019,DRAWERS                                           ,ALTA CITTA                              ,AC-ADMIN                                          ,                    
0047-0004412000017       ,MTO MOBILE 2 DRAWERS 425W X 490D X 40H                      ,      2500.00,05/15/2019,DRAWERS                                           ,ALTA CITTA                              ,AC-ADMIN                                          ,                    
0047-0004412000018       ,MTO MOBILE 2 DRAWERS 425W X 490D X 40H                      ,      2500.00,05/15/2019,DRAWERS                                           ,ALTA CITTA                              ,AC-ADMIN                                          ,                    
0047-0004412000019       ,MTO MOBILE 2 DRAWERS 425W X 490D X 40H                      ,      2500.00,05/15/2019,DRAWERS                                           ,ALTA CITTA                              ,AC-ADMIN                                          ,                    
0047-0004412000020       ,MTO MOBILE 2 DRAWERS 425W X 490D X 40H                      ,      2500.00,05/15/2019,DRAWERS                                           ,ALTA CITTA                              ,AC-ADMIN                                          ,                    
0047-0004412000021       ,MTO MOBILE 2 DRAWERS 425W X 490D X 40H                      ,      2500.00,05/15/2019,DRAWERS                                           ,ALTA CITTA                              ,AC-ADMIN                                          ,                    
0047-0000047400001       ,DELL POWEREDGE T330                                         ,     88000.00,05/18/2019,SERVER                                            ,ALTA CITTA                              ,AC-ADMIN                                          ,                    
0047-0005363800001       ,MEGAPHONE W/ SIREN                                          ,      2800.00,05/21/2019,MEGAPHONE                                         ,ALTA CITTA                              ,AC-SECURITY & SAFETY DEPARTMENT                   ,FA_TRAN             
0047-0005268700001       ,PDU: 16A C20 20 WAY C13+4 WAY C19 BLACK                     ,     13000.00,05/21/2019,RACK                                              ,ALTA CITTA                              ,AC-INFORMATION TECHNOLOGY                         ,FA_TRAN             
0047-0005268800001       ,VERTIV SERIES II RACK 42U 800X 1090 C/W                     ,     83750.00,05/21/2019,RACK                                              ,ALTA CITTA                              ,AC-INFORMATION TECHNOLOGY                         ,FA_TRAN             
0047-0000542200001       ,KENWOOD UHF RADIO TK-3107                                   ,      8500.00,05/28/2019,RADIO                                             ,ALTA CITTA                              ,AC-SECURITY & SAFETY DEPARTMENT                   ,FA_TRAN             
0047-0000542200002       ,KENWOOD UHF RADIO TK-3107                                   ,      8500.00,05/28/2019,RADIO                                             ,ALTA CITTA                              ,AC-SECURITY & SAFETY DEPARTMENT                   ,FA_TRAN             
0047-0000542200003       ,KENWOOD UHF RADIO TK-3107                                   ,      8500.00,05/28/2019,RADIO                                             ,ALTA CITTA                              ,AC-SECURITY & SAFETY DEPARTMENT                   ,FA_TRAN             
0047-0000542200004       ,KENWOOD UHF RADIO TK-3107                                   ,      8500.00,05/28/2019,RADIO                                             ,ALTA CITTA                              ,AC-SECURITY & SAFETY DEPARTMENT                   ,FA_TRAN             
0047-0000542200005       ,KENWOOD UHF RADIO TK-3107                                   ,      8500.00,05/28/2019,RADIO                                             ,ALTA CITTA                              ,AC-SECURITY & SAFETY DEPARTMENT                   ,FA_TRAN             
0047-0000542200006       ,KENWOOD UHF RADIO TK-3107                                   ,      8500.00,05/28/2019,RADIO                                             ,ALTA CITTA                              ,AC-SECURITY & SAFETY DEPARTMENT                   ,FA_TRAN             
0047-0000542200007       ,KENWOOD UHF RADIO TK-3107                                   ,      8500.00,05/28/2019,RADIO                                             ,ALTA CITTA                              ,AC-SECURITY & SAFETY DEPARTMENT                   ,FA_TRAN             
0047-0000542200008       ,KENWOOD UHF RADIO TK-3107                                   ,      8500.00,05/28/2019,RADIO                                             ,ALTA CITTA                              ,AC-SECURITY & SAFETY DEPARTMENT                   ,FA_TRAN             
0047-0000542200009       ,KENWOOD UHF RADIO TK-3107                                   ,      8500.00,05/28/2019,RADIO                                             ,ALTA CITTA                              ,AC-SECURITY & SAFETY DEPARTMENT                   ,FA_TRAN             
0047-0000542200010       ,KENWOOD UHF RADIO TK-3107                                   ,      8500.00,05/28/2019,RADIO                                             ,ALTA CITTA                              ,AC-SECURITY & SAFETY DEPARTMENT                   ,FA_TRAN             
0047-0002273400001       ,METTLER TOLEDO LABEL PRINTING SCALE                         ,     60000.00,06/03/2019,WEIGHING SCALE                                    ,ISLAND CITY MALL                        ,ICM-SUPERMARKET                                   ,FA_TRAN             
0047-0002273400002       ,METTLER TOLEDO LABEL PRINTING SCALE                         ,     60000.00,06/03/2019,WEIGHING SCALE                                    ,ALTA CITTA                              ,AC-GROCERY RECEIVING                              ,FA_TRAN             
0047-0005190200001       ,CATALYST 2960L (24-PORT) NON-POE SWITCH                     ,     53809.52,06/03/2019,NETWORK SWITCH                                    ,ALTA CITTA                              ,AC-INFORMATION TECHNOLOGY                         ,FA_TRAN             
0047-0005190200002       ,CATALYST 2960L (24-PORT) NON-POE SWITCH                     ,     53809.52,06/03/2019,NETWORK SWITCH                                    ,ALTA CITTA                              ,AC-INFORMATION TECHNOLOGY                         ,FA_TRAN             
0047-0005190200003       ,CATALYST 2960L (24-PORT) NON-POE SWITCH                     ,     53809.52,06/03/2019,NETWORK SWITCH                                    ,ALTA CITTA                              ,AC-INFORMATION TECHNOLOGY                         ,FA_TRAN             
0047-0005190200004       ,CATALYST 2960L (24-PORT) NON-POE SWITCH                     ,     53809.52,06/03/2019,NETWORK SWITCH                                    ,ALTA CITTA                              ,AC-INFORMATION TECHNOLOGY                         ,FA_TRAN             
0047-0005227700001       ,CATALYST 2960L (24PS) POE SWITCH                            ,     84761.90,06/03/2019,HUB                                               ,ALTA CITTA                              ,AC-INFORMATION TECHNOLOGY                         ,FA_TRAN             
0047-0005408700001       ,P COMPUTING TABLE SCALE 30KG (FUJI)                         ,      6188.00,06/03/2019,WEIGHING SCALE                                    ,ALTA CITTA                              ,AC-GROCERY RECEIVING                              ,                    
0047-0001921700001       ,DATALOGIC MAGELLAN VS 2200                                  ,     16700.00,06/08/2019,SCANNER                                           ,ALTA CITTA                              ,AC-GROCERY CHECK OUT COUNTER                      ,FA_TRAN             
0047-0001921700002       ,DATALOGIC MAGELLAN VS 2200                                  ,     16700.00,06/08/2019,SCANNER                                           ,ALTA CITTA                              ,AC-GROCERY CHECK OUT COUNTER                      ,FA_TRAN             
0047-0001921700003       ,DATALOGIC MAGELLAN VS 2200                                  ,     16700.00,06/08/2019,SCANNER                                           ,ALTA CITTA                              ,AC-GROCERY CHECK OUT COUNTER                      ,FA_TRAN             
0047-0001921700004       ,DATALOGIC MAGELLAN VS 2200                                  ,     16700.00,06/08/2019,SCANNER                                           ,ALTA CITTA                              ,AC-GROCERY CHECK OUT COUNTER                      ,FA_TRAN             
0047-0001921700005       ,DATALOGIC MAGELLAN VS 2200                                  ,     16700.00,06/08/2019,SCANNER                                           ,ALTA CITTA                              ,AC-GROCERY CHECK OUT COUNTER                      ,FA_TRAN             
0047-0001921700006       ,DATALOGIC MAGELLAN VS 2200                                  ,     16700.00,06/08/2019,SCANNER                                           ,ALTA CITTA                              ,AC-GROCERY CHECK OUT COUNTER                      ,FA_TRAN             
0047-0001921700007       ,DATALOGIC MAGELLAN VS 2200                                  ,     16700.00,06/08/2019,SCANNER                                           ,ALTA CITTA                              ,AC-GROCERY CHECK OUT COUNTER                      ,FA_TRAN             
0047-0001921700008       ,DATALOGIC MAGELLAN VS 2200                                  ,     16700.00,06/08/2019,SCANNER                                           ,ALTA CITTA                              ,AC-GROCERY CHECK OUT COUNTER                      ,FA_TRAN             
0047-0001921700009       ,DATALOGIC MAGELLAN VS 2200                                  ,     16700.00,06/08/2019,SCANNER                                           ,ALTA CITTA                              ,AC-GROCERY CHECK OUT COUNTER                      ,FA_TRAN             
0047-0001921700010       ,DATALOGIC MAGELLAN VS 2200                                  ,     16700.00,06/08/2019,SCANNER                                           ,ALTA CITTA                              ,AC-GROCERY CHECK OUT COUNTER                      ,FA_TRAN             
0047-0001921700011       ,DATALOGIC MAGELLAN VS 2200                                  ,     16700.00,06/08/2019,SCANNER                                           ,ALTA CITTA                              ,AC-GROCERY CHECK OUT COUNTER                      ,FA_TRAN             
0047-0001921700012       ,DATALOGIC MAGELLAN VS 2200                                  ,     16700.00,06/08/2019,SCANNER                                           ,ALTA CITTA                              ,AC-GROCERY CHECK OUT COUNTER                      ,FA_TRAN             
0047-0004523200001       ,OHAUS DEFENDER 3000 BENCH SCALE SCALES                      ,     71000.00,06/11/2019,WEIGHING SCALE                                    ,ALTA CITTA                              ,AC-GROCERY RECEIVING                              ,FA_TRAN             
0047-0005162800001       ,REMAX RP-1 VOICE RECORDER                                   ,      2000.00,06/17/2019,RECORDER                                          ,ALTA CITTA                              ,AC-SECURITY & SAFETY DEPARTMENT                   ,FA_TRAN             
0000682200001            ,MOSLER INSULATED FILING                                     ,     23571.00,05/21/2004,PACKTAINER                                        ,ALTA CITTA                              ,AC-ADMIN                                          ,FA_TRAN             
0001-0000618000006       ,STAINLESS BASKET TROLLEY                                    ,         1.00,06/01/2004,TROLLEY BASKET                                    ,ALTA CITTA                              ,AC-ADMIN                                          ,FA_TRAN             
0001-0000618000007       ,STAINLESS BASKET TROLLEY                                    ,         1.00,06/01/2004,TROLLEY BASKET                                    ,ALTA CITTA                              ,AC-ADMIN                                          ,FA_TRAN             
0001-0000618000008       ,STAINLESS BASKET TROLLEY                                    ,         1.00,06/01/2004,TROLLEY BASKET                                    ,ALTA CITTA                              ,AC-ADMIN                                          ,FA_TRAN             
0001-0000618000009       ,STAINLESS BASKET TROLLEY                                    ,         1.00,06/01/2004,TROLLEY BASKET                                    ,ALTA CITTA                              ,AC-ADMIN                                          ,FA_TRAN             
0001-0000618000010       ,STAINLESS BASKET TROLLEY                                    ,         1.00,06/01/2004,TROLLEY BASKET                                    ,ALTA CITTA                              ,AC-ADMIN                                          ,FA_TRAN             
0080-0005377900001       ,CURRENT TRANSFORMER SPLIT TYPE 400V 60HZ                    ,      4305.60,06/14/2019,TRANSFORMER                                       ,ALTA CITTA                              ,AC-ADMIN                                          ,FA_TRAN             
0080-0005377900002       ,CURRENT TRANSFORMER SPLIT TYPE 400V 60HZ                    ,      4305.60,06/14/2019,TRANSFORMER                                       ,ALTA CITTA                              ,AC-ADMIN                                          ,FA_TRAN             
0080-0005377900003       ,CURRENT TRANSFORMER SPLIT TYPE 400V 60HZ                    ,      4305.60,06/14/2019,TRANSFORMER                                       ,ALTA CITTA                              ,AC-ADMIN                                          ,FA_TRAN             
0080-0005377900004       ,CURRENT TRANSFORMER SPLIT TYPE 400V 60HZ                    ,      4305.60,06/14/2019,TRANSFORMER                                       ,ALTA CITTA                              ,AC-ADMIN                                          ,FA_TRAN             
0080-0005377900005       ,CURRENT TRANSFORMER SPLIT TYPE 400V 60HZ                    ,      4305.60,06/14/2019,TRANSFORMER                                       ,ALTA CITTA                              ,AC-ADMIN                                          ,FA_TRAN             
0080-0005377900006       ,CURRENT TRANSFORMER SPLIT TYPE 400V 60HZ                    ,      4305.60,06/14/2019,TRANSFORMER                                       ,ALTA CITTA                              ,AC-ADMIN                                          ,FA_TRAN             
0080-0005377900007       ,CURRENT TRANSFORMER SPLIT TYPE 400V 60HZ                    ,      4305.60,06/14/2019,TRANSFORMER                                       ,ALTA CITTA                              ,AC-ADMIN                                          ,FA_TRAN             
0080-0005378000001       ,CURRENT TRANSFORMER SPLIT TYPE 400V 60HZ                    ,      2152.80,06/14/2019,TRANSFORMER                                       ,ALTA CITTA                              ,AC-ADMIN                                          ,FA_TRAN             
0080-0005378000002       ,CURRENT TRANSFORMER SPLIT TYPE 400V 60HZ                    ,      2152.80,06/14/2019,TRANSFORMER                                       ,ALTA CITTA                              ,AC-ADMIN                                          ,FA_TRAN             
0080-0005378000003       ,CURRENT TRANSFORMER SPLIT TYPE 400V 60HZ                    ,      2152.80,06/14/2019,TRANSFORMER                                       ,ALTA CITTA                              ,AC-ADMIN                                          ,FA_TRAN             
0080-0005378000004       ,CURRENT TRANSFORMER SPLIT TYPE 400V 60HZ                    ,      2152.80,06/14/2019,TRANSFORMER                                       ,ALTA CITTA                              ,AC-ADMIN                                          ,FA_TRAN             
0080-0005378100001       ,CURRENT TRANSFORMER SPLIT TYPE 400V 60HZ                    ,      1794.00,06/14/2019,TRANSFORMER                                       ,ALTA CITTA                              ,AC-ADMIN                                          ,FA_TRAN             
0080-0005378100002       ,CURRENT TRANSFORMER SPLIT TYPE 400V 60HZ                    ,      1794.00,06/14/2019,TRANSFORMER                                       ,ALTA CITTA                              ,AC-ADMIN                                          ,FA_TRAN             
0080-0005378100003       ,CURRENT TRANSFORMER SPLIT TYPE 400V 60HZ                    ,      1794.00,06/14/2019,TRANSFORMER                                       ,ALTA CITTA                              ,AC-ADMIN                                          ,FA_TRAN             
0080-0005378100004       ,CURRENT TRANSFORMER SPLIT TYPE 400V 60HZ                    ,      1794.00,06/14/2019,TRANSFORMER                                       ,ALTA CITTA                              ,AC-ADMIN                                          ,FA_TRAN             
0003869900017            ,CISCO UC PHONE 7821                                         ,      9800.00,05/29/2018,TELEPHONE                                         ,HEAD OFFICE                             ,HO-INFORMATION TECHNOLOGY                         ,FA_TRAN             
0047-0000657900001       ,LADDER                                                      ,      1666.00,06/25/2019,LADDER                                            ,ALTA CITTA                              ,AC-GROCERY SELLING AREA                           ,FA_TRAN             
0047-0001242400001       ,LADDER 2 STEPS                                              ,      1850.00,06/25/2019,LADDER                                            ,ALTA CITTA                              ,AC-GROCERY SELLING AREA                           ,FA_TRAN             
0047-0001242400002       ,LADDER 2 STEPS                                              ,      1850.00,06/25/2019,LADDER                                            ,ALTA CITTA                              ,AC-GROCERY SELLING AREA                           ,FA_TRAN             
0047-0001242400003       ,LADDER 2 STEPS                                              ,      1850.00,06/25/2019,LADDER                                            ,ALTA CITTA                              ,AC-GROCERY SELLING AREA                           ,FA_TRAN             
0047-0001242400004       ,LADDER 2 STEPS                                              ,      1850.00,06/25/2019,LADDER                                            ,ALTA CITTA                              ,AC-GROCERY SELLING AREA                           ,FA_TRAN             
0047-0001242400005       ,LADDER 2 STEPS                                              ,      1850.00,06/25/2019,LADDER                                            ,ALTA CITTA                              ,AC-GROCERY SELLING AREA                           ,FA_TRAN             
0047-0005352600001       ,IMPORTED ALUMINUM SHOWCASE-50CM D X 1.0M                    ,     10331.20,06/25/2019,SHOWCASE                                          ,ALTA CITTA                              ,AC-ADMIN                                          ,                    
0047-0005352600002       ,IMPORTED ALUMINUM SHOWCASE-50CM D X 1.0M                    ,     10331.20,06/25/2019,SHOWCASE                                          ,ALTA CITTA                              ,AC-ADMIN                                          ,                    
0047-0005352600003       ,IMPORTED ALUMINUM SHOWCASE-50CM D X 1.0M                    ,     10331.20,06/25/2019,SHOWCASE                                          ,ALTA CITTA                              ,AC-ADMIN                                          ,                    
0047-0005352600004       ,IMPORTED ALUMINUM SHOWCASE-50CM D X 1.0M                    ,     10331.20,06/25/2019,SHOWCASE                                          ,ALTA CITTA                              ,AC-ADMIN                                          ,                    
0047-0005352600005       ,IMPORTED ALUMINUM SHOWCASE-50CM D X 1.0M                    ,     10331.20,06/25/2019,SHOWCASE                                          ,ALTA CITTA                              ,AC-ADMIN                                          ,                    
0047-0005352600006       ,IMPORTED ALUMINUM SHOWCASE-50CM D X 1.0M                    ,     10331.20,06/25/2019,SHOWCASE                                          ,ALTA CITTA                              ,AC-ADMIN                                          ,                    
0047-0005352600007       ,IMPORTED ALUMINUM SHOWCASE-50CM D X 1.0M                    ,     10331.20,06/25/2019,SHOWCASE                                          ,ALTA CITTA                              ,AC-ADMIN                                          ,                    
0047-0005352600008       ,IMPORTED ALUMINUM SHOWCASE-50CM D X 1.0M                    ,     10331.20,06/25/2019,SHOWCASE                                          ,ALTA CITTA                              ,AC-ADMIN                                          ,                    
0047-0005352600009       ,IMPORTED ALUMINUM SHOWCASE-50CM D X 1.0M                    ,     10331.20,06/25/2019,SHOWCASE                                          ,ALTA CITTA                              ,AC-ADMIN                                          ,                    
0047-0005352600010       ,IMPORTED ALUMINUM SHOWCASE-50CM D X 1.0M                    ,     10331.20,06/25/2019,SHOWCASE                                          ,ALTA CITTA                              ,AC-ADMIN                                          ,                    
0047-0005352600011       ,IMPORTED ALUMINUM SHOWCASE-50CM D X 1.0M                    ,     10331.20,06/25/2019,SHOWCASE                                          ,ALTA CITTA                              ,AC-ADMIN                                          ,                    
0047-0005352700001       ,IMPORTED ALUMINUM SHOWCASE-50CM D X 1.50                    ,     10800.80,06/25/2019,SHOWCASE                                          ,ALTA CITTA                              ,AC-ADMIN                                          ,                    
0047-0005352700002       ,IMPORTED ALUMINUM SHOWCASE-50CM D X 1.50                    ,     10800.80,06/25/2019,SHOWCASE                                          ,ALTA CITTA                              ,AC-ADMIN                                          ,                    
0047-0005352700003       ,IMPORTED ALUMINUM SHOWCASE-50CM D X 1.50                    ,     10800.80,06/25/2019,SHOWCASE                                          ,ALTA CITTA                              ,AC-ADMIN                                          ,                    
0003869900029            ,CISCO UC PHONE 7821                                         ,      9800.00,05/29/2018,TELEPHONE                                         ,ALTA CITTA                              ,AC-PRAWN FARM                                     ,FA_TRAN             
0047-0000568100001       ,ASAHI ELECTRIC FAN                                          ,      1710.00,06/26/2019,FAN                                               ,ALTA CITTA                              ,AC-ADMIN                                          ,                    
0047-0005193700001       ,CONDURA REFRIGERATOR CSD700SA17.3CF                         ,     14995.00,06/02/2019,REFRIGERATOR                                      ,ALTA CITTA                              ,AC-MEDICINE PLUS                                  ,FA_TRAN             
0003869900028            ,CISCO UC PHONE 7821                                         ,      9800.00,05/29/2018,TELEPHONE                                         ,ALTA CITTA                              ,AC-SUPERMARKET                                    ,FA_TRAN             
0080-0005377800001       ,GE ELECTRIC METER DIGITAL CT TYPE 400V 3                    ,     14720.00,06/20/2019,ELECTRICAL PARTS                                  ,ALTA CITTA                              ,AC-ADMIN                                          ,FA_TRAN             
0080-0005377800002       ,GE ELECTRIC METER DIGITAL CT TYPE 400V 3                    ,     14720.00,06/20/2019,ELECTRICAL PARTS                                  ,ALTA CITTA                              ,AC-ADMIN                                          ,FA_TRAN             
0080-0005377800003       ,GE ELECTRIC METER DIGITAL CT TYPE 400V 3                    ,     14720.00,06/20/2019,ELECTRICAL PARTS                                  ,ALTA CITTA                              ,AC-ADMIN                                          ,FA_TRAN             
0047-0002589000001       ,BABY CHANGING STATION                                       ,     20601.70,07/02/2019,OTHERS                                            ,ALTA CITTA                              ,AC-ADMIN                                          ,                    
0047-0003958700001       ,HUAWEI BG2-U01 MEDIAPAD T3 7.0                              ,      5169.64,07/03/2019,TABLET                                            ,ALTA CITTA                              ,AC-GROCERY SELLING AREA                           ,                    
0047-0004852700001       ,SHARP BASIC LC 32LE185M                                     ,      9000.00,07/04/2019,TV                                                ,ALTA CITTA                              ,AC-SECURITY & SAFETY DEPARTMENT                   ,FA_TRAN             
0047-0001141300001       ,EPSON LQ-310 PRINTER                                        ,     11500.00,07/06/2019,PRINTER                                           ,ALTA CITTA                              ,AC-ADMIN                                          ,                    
0047-0001141300002       ,EPSON LQ-310 PRINTER                                        ,     11500.00,07/06/2019,PRINTER                                           ,ALTA CITTA                              ,AC-ADMIN                                          ,                    
0047-0001141300003       ,EPSON LQ-310 PRINTER                                        ,     11500.00,07/06/2019,PRINTER                                           ,ALTA CITTA                              ,AC-ADMIN                                          ,                    
0047-0001141300004       ,EPSON LQ-310 PRINTER                                        ,     11500.00,07/06/2019,PRINTER                                           ,ALTA CITTA                              ,AC-ADMIN                                          ,                    
0047-0001141300005       ,EPSON LQ-310 PRINTER                                        ,     11500.00,07/06/2019,PRINTER                                           ,ALTA CITTA                              ,AC-ADMIN                                          ,                    
0047-0001141300006       ,EPSON LQ-310 PRINTER                                        ,     11500.00,07/06/2019,PRINTER                                           ,ALTA CITTA                              ,AC-ADMIN                                          ,                    
0047-0001141300007       ,EPSON LQ-310 PRINTER                                        ,     11500.00,07/06/2019,PRINTER                                           ,ALTA CITTA                              ,AC-ADMIN                                          ,                    
0047-0001141300008       ,EPSON LQ-310 PRINTER                                        ,     11500.00,07/06/2019,PRINTER                                           ,ALTA CITTA                              ,AC-ADMIN                                          ,                    
0047-0001141300009       ,EPSON LQ-310 PRINTER                                        ,     11500.00,07/06/2019,PRINTER                                           ,ALTA CITTA                              ,AC-ADMIN                                          ,                    
0047-0001141300010       ,EPSON LQ-310 PRINTER                                        ,     11500.00,07/06/2019,PRINTER                                           ,ALTA CITTA                              ,AC-ADMIN                                          ,                    
0047-0005052800001       ,FAX MACHINE BROTHER 878                                     ,      5600.00,07/06/2019,FAX MACHINE                                       ,ALTA CITTA                              ,AC-ADMIN                                          ,                    
0047-0005331100001       ,MOSLER 4820-B STD                                           ,     55000.00,07/05/2019,VAULT                                             ,ALTA CITTA                              ,AC-ADMIN                                          ,                    
0047-0001446400001       ,HAND DRYER                                                  ,     15699.00,07/08/2019,DRYER                                             ,ALTA CITTA                              ,AC-ADMIN                                          ,                    
0047-0000583800001       ,LURALITE PLUS                                               ,     16544.73,07/09/2019,LIGHTING FIXTURES                                 ,ALTA CITTA                              ,AC-ADMIN                                          ,                    
0047-0000583800002       ,LURALITE PLUS                                               ,     16544.73,07/09/2019,LIGHTING FIXTURES                                 ,ALTA CITTA                              ,AC-ADMIN                                          ,                    
0047-0000583800003       ,LURALITE PLUS                                               ,     16544.73,07/09/2019,LIGHTING FIXTURES                                 ,ALTA CITTA                              ,AC-ADMIN                                          ,                    
0047-0000583800004       ,LURALITE PLUS                                               ,     16544.73,07/09/2019,LIGHTING FIXTURES                                 ,ALTA CITTA                              ,AC-ADMIN                                          ,                    
0047-0000583800005       ,LURALITE PLUS                                               ,     16544.73,07/09/2019,LIGHTING FIXTURES                                 ,ALTA CITTA                              ,AC-ADMIN                                          ,                    
0047-0000583800006       ,LURALITE PLUS                                               ,     16544.73,07/09/2019,LIGHTING FIXTURES                                 ,ALTA CITTA                              ,AC-ADMIN                                          ,                    
0047-0000467900001       ,PATCHPANEL 24 PORTS PANDUIT LOADED                          ,      6500.00,07/09/2019,HUB                                               ,ALTA CITTA                              ,AC-INFORMATION TECHNOLOGY                         ,FA_TRAN             
0047-0000467900002       ,PATCHPANEL 24 PORTS PANDUIT LOADED                          ,      6500.00,07/09/2019,HUB                                               ,ALTA CITTA                              ,AC-INFORMATION TECHNOLOGY                         ,FA_TRAN             
0047-0000467900003       ,PATCHPANEL 24 PORTS PANDUIT LOADED                          ,      6500.00,07/09/2019,HUB                                               ,ALTA CITTA                              ,AC-INFORMATION TECHNOLOGY                         ,FA_TRAN             
0047-0000467900004       ,PATCHPANEL 24 PORTS PANDUIT LOADED                          ,      6500.00,07/09/2019,HUB                                               ,ALTA CITTA                              ,AC-INFORMATION TECHNOLOGY                         ,FA_TRAN             
0047-0005454000001       ,ROCK ELEMENT 1 (80X42X32CM)                                 ,     11270.00,07/09/2019,CHAIR                                             ,ALTA CITTA                              ,AC-ADMIN                                          ,                    
0047-0005454200001       ,ROCK ELEMENT 2 (98X44X35CM)                                 ,     14140.00,07/09/2019,CHAIR                                             ,ALTA CITTA                              ,AC-ADMIN                                          ,                    
0047-0005454200002       ,ROCK ELEMENT 2 (98X44X35CM)                                 ,     14140.00,07/09/2019,CHAIR                                             ,ALTA CITTA                              ,AC-ADMIN                                          ,                    
0047-0005454800001       ,ROCK ELEMENT 3 (119X51X38CM)                                ,     19250.00,07/09/2019,CHAIR                                             ,ALTA CITTA                              ,AC-ADMIN                                          ,                    
0047-0005454900001       ,ROBLOCK 2 (72X72X47CM)                                      ,     25270.00,07/09/2019,CHAIR                                             ,ALTA CITTA                              ,AC-ADMIN                                          ,                    
0047-0005454900002       ,ROBLOCK 2 (72X72X47CM)                                      ,     25270.00,07/09/2019,CHAIR                                             ,ALTA CITTA                              ,AC-ADMIN                                          ,                    
0047-0005455000001       ,THE BENCH 2 (72X72X47)                                      ,     25270.00,07/09/2019,BENCH                                             ,ALTA CITTA                              ,AC-ADMIN                                          ,                    
0047-0005454000002       ,ROCK ELEMENT 1 (80X42X32CM)                                 ,     11270.00,07/09/2019,CHAIR                                             ,ALTA CITTA                              ,AC-ADMIN                                          ,                    
0047-0005361800002       ,SM-T116 SAMSUNG GALAXY TAB 3V 3G                            ,      6490.00,07/09/2019,TABLET                                            ,ALTA CITTA                              ,AC-ADMIN                                          ,                    
0047-0004852700002       ,SHARP BASIC LC 32LE185M                                     ,      9000.00,07/09/2019,TV                                                ,ALTA CITTA                              ,AC-SECURITY & SAFETY DEPARTMENT                   ,FA_TRAN             
0047-0004852700003       ,SHARP BASIC LC 32LE185M                                     ,      9000.00,07/09/2019,TV                                                ,ALTA CITTA                              ,AC-SECURITY & SAFETY DEPARTMENT                   ,FA_TRAN             
0003869900027            ,CISCO UC PHONE 7821                                         ,      9800.00,05/29/2018,TELEPHONE                                         ,ALTA CITTA                              ,AC-ADMIN                                          ,FA_TRAN             
0003869900025            ,CISCO UC PHONE 7821                                         ,      9800.00,05/29/2018,TELEPHONE                                         ,ALTA CITTA                              ,AC-ADMIN                                          ,FA_TRAN             
0047-0000542200011       ,KENWOOD UHF RADIO TK-3107                                   ,      8500.00,07/13/2019,RADIO                                             ,ALTA CITTA                              ,AC-ENGINEERING DEPARTMENT                         ,FA_TRAN             
0047-0000542200012       ,KENWOOD UHF RADIO TK-3107                                   ,      8500.00,07/13/2019,RADIO                                             ,ALTA CITTA                              ,AC-ENGINEERING DEPARTMENT                         ,FA_TRAN             
0047-0000542200013       ,KENWOOD UHF RADIO TK-3107                                   ,      8500.00,07/13/2019,RADIO                                             ,ALTA CITTA                              ,AC-ENGINEERING DEPARTMENT                         ,FA_TRAN             
0047-0000542200014       ,KENWOOD UHF RADIO TK-3107                                   ,      8500.00,07/13/2019,RADIO                                             ,ALTA CITTA                              ,AC-ENGINEERING DEPARTMENT                         ,FA_TRAN             
0047-0000542200015       ,KENWOOD UHF RADIO TK-3107                                   ,      8500.00,07/13/2019,RADIO                                             ,ALTA CITTA                              ,AC-ENGINEERING DEPARTMENT                         ,FA_TRAN             
0047-0000542200016       ,KENWOOD UHF RADIO TK-3107                                   ,      8500.00,07/13/2019,RADIO                                             ,ALTA CITTA                              ,AC-ENGINEERING DEPARTMENT                         ,FA_TRAN             
0047-0005396500001       ,ALUMINUM LADDER 10 STEPS                                    ,      6210.00,07/15/2019,LADDER-ALUMINUM                                   ,ALTA CITTA                              ,AC-ENGINEERING DEPARTMENT                         ,FA_TRAN             
0047-0000940500001       ,BLOWER MAKITA                                               ,      3499.00,07/15/2019,TOOLS                                             ,ALTA CITTA                              ,AC-ENGINEERING DEPARTMENT                         ,FA_TRAN             
0047-0001065700001       ,PRESSURE WASHER                                             ,      8599.50,07/15/2019,PRESSURE WASHER                                   ,ALTA CITTA                              ,AC-ENGINEERING DEPARTMENT                         ,FA_TRAN             
0047-0002422800001       ,GRINDER                                                     ,      2999.00,07/15/2019,GRINDER                                           ,ALTA CITTA                              ,AC-ENGINEERING DEPARTMENT                         ,FA_TRAN             
0047-0003743800001       ,MAKITA HAND DRILL                                           ,      3499.00,07/15/2019,DRILL                                             ,ALTA CITTA                              ,AC-ENGINEERING DEPARTMENT                         ,FA_TRAN             
0047-0005496600001       ,WELDING SET                                                 ,     10900.00,07/15/2019,WELDING                                           ,ALTA CITTA                              ,AC-ENGINEERING DEPARTMENT                         ,FA_TRAN             
0047-0000427500001       ,WALL FAN ASAHI                                              ,      1699.00,07/19/2019,FAN                                               ,ALTA CITTA                              ,AC-ADMIN                                          ,FAACQ               
0047-0005469100001       ,600GB 10K RPM SAS 12BBPS 512N 2.5IN HOT-                    ,     14500.00,07/23/2019,HARD DISK                                         ,ALTA CITTA                              ,AC-INFORMATION TECHNOLOGY                         ,FA_TRAN             
0047-0005469100002       ,600GB 10K RPM SAS 12BBPS 512N 2.5IN HOT-                    ,     14500.00,07/23/2019,HARD DISK                                         ,ALTA CITTA                              ,AC-INFORMATION TECHNOLOGY                         ,FA_TRAN             
0047-0005469100003       ,600GB 10K RPM SAS 12BBPS 512N 2.5IN HOT-                    ,     14500.00,07/23/2019,HARD DISK                                         ,ALTA CITTA                              ,AC-INFORMATION TECHNOLOGY                         ,FA_TRAN             
0047-0005469100004       ,600GB 10K RPM SAS 12BBPS 512N 2.5IN HOT-                    ,     14500.00,07/23/2019,HARD DISK                                         ,ALTA CITTA                              ,AC-INFORMATION TECHNOLOGY                         ,FA_TRAN             
0047-0005469100005       ,600GB 10K RPM SAS 12BBPS 512N 2.5IN HOT-                    ,     14500.00,07/23/2019,HARD DISK                                         ,ALTA CITTA                              ,AC-INFORMATION TECHNOLOGY                         ,FA_TRAN             
0047-0005469100006       ,600GB 10K RPM SAS 12BBPS 512N 2.5IN HOT-                    ,     14500.00,07/23/2019,HARD DISK                                         ,ALTA CITTA                              ,AC-INFORMATION TECHNOLOGY                         ,FA_TRAN             
0047-0005469100007       ,600GB 10K RPM SAS 12BBPS 512N 2.5IN HOT-                    ,     14500.00,07/23/2019,HARD DISK                                         ,ALTA CITTA                              ,AC-INFORMATION TECHNOLOGY                         ,FA_TRAN             
0047-0005469100008       ,600GB 10K RPM SAS 12BBPS 512N 2.5IN HOT-                    ,     14500.00,07/23/2019,HARD DISK                                         ,ALTA CITTA                              ,AC-INFORMATION TECHNOLOGY                         ,FA_TRAN             
0047-0005469100009       ,600GB 10K RPM SAS 12BBPS 512N 2.5IN HOT-                    ,     14500.00,07/23/2019,HARD DISK                                         ,ALTA CITTA                              ,AC-INFORMATION TECHNOLOGY                         ,FA_TRAN             
0047-0005469100010       ,600GB 10K RPM SAS 12BBPS 512N 2.5IN HOT-                    ,     14500.00,07/23/2019,HARD DISK                                         ,ALTA CITTA                              ,AC-INFORMATION TECHNOLOGY                         ,FA_TRAN             
0047-0005469100011       ,600GB 10K RPM SAS 12BBPS 512N 2.5IN HOT-                    ,     14500.00,07/23/2019,HARD DISK                                         ,ALTA CITTA                              ,AC-INFORMATION TECHNOLOGY                         ,FA_TRAN             
0047-0005469100012       ,600GB 10K RPM SAS 12BBPS 512N 2.5IN HOT-                    ,     14500.00,07/23/2019,HARD DISK                                         ,ALTA CITTA                              ,AC-INFORMATION TECHNOLOGY                         ,FA_TRAN             
0047-0005442000001       ,ASC P4 32 TO 47 WALL BRACKET                                ,      3498.00,07/25/2019,BRACKET                                           ,ALTA CITTA                              ,AC-SECURITY & SAFETY DEPARTMENT                   ,FA_TRAN             
0047-0005442000002       ,ASC P4 32 TO 47 WALL BRACKET                                ,      3498.00,07/25/2019,BRACKET                                           ,ALTA CITTA                              ,AC-SECURITY & SAFETY DEPARTMENT                   ,FA_TRAN             
0047-0005442000003       ,ASC P4 32 TO 47 WALL BRACKET                                ,      3498.00,07/25/2019,BRACKET                                           ,ALTA CITTA                              ,AC-SECURITY & SAFETY DEPARTMENT                   ,FA_TRAN             
0047-0005442000004       ,ASC P4 32 TO 47 WALL BRACKET                                ,      3498.00,07/25/2019,BRACKET                                           ,ALTA CITTA                              ,AC-SECURITY & SAFETY DEPARTMENT                   ,FA_TRAN             
0047-0005442000005       ,ASC P4 32 TO 47 WALL BRACKET                                ,      3498.00,07/25/2019,BRACKET                                           ,ALTA CITTA                              ,AC-SECURITY & SAFETY DEPARTMENT                   ,FA_TRAN             
0047-0005442000006       ,ASC P4 32 TO 47 WALL BRACKET                                ,      3498.00,07/25/2019,BRACKET                                           ,ALTA CITTA                              ,AC-SECURITY & SAFETY DEPARTMENT                   ,FA_TRAN             
0047-0005442000007       ,ASC P4 32 TO 47 WALL BRACKET                                ,      3498.00,07/25/2019,BRACKET                                           ,ALTA CITTA                              ,AC-SECURITY & SAFETY DEPARTMENT                   ,FA_TRAN             
0047-0005442000008       ,ASC P4 32 TO 47 WALL BRACKET                                ,      3498.00,07/25/2019,BRACKET                                           ,ALTA CITTA                              ,AC-SECURITY & SAFETY DEPARTMENT                   ,FA_TRAN             
0047-0005442000009       ,ASC P4 32 TO 47 WALL BRACKET                                ,      3498.00,07/25/2019,BRACKET                                           ,ALTA CITTA                              ,AC-SECURITY & SAFETY DEPARTMENT                   ,FA_TRAN             
0047-0005442000010       ,ASC P4 32 TO 47 WALL BRACKET                                ,      3498.00,07/25/2019,BRACKET                                           ,ALTA CITTA                              ,AC-SECURITY & SAFETY DEPARTMENT                   ,FA_TRAN             
0047-0005460400001       ,REVOLUTIONARY FINGERPRINT                                   ,      8758.93,07/27/2019,OTHERS                                            ,ALTA CITTA                              ,AC-ADMIN                                          ,FA_TRAN             
0047-0005460400002       ,REVOLUTIONARY FINGERPRINT                                   ,      8758.93,07/27/2019,OTHERS                                            ,ALTA CITTA                              ,AC-ADMIN                                          ,FA_TRAN             
0047-0005597800001       ,ISLAND GONDOLA 1                                            ,         1.00,11/28/2018,GONDOLA                                           ,ALTA CITTA                              ,AC-GROCERY SELLING AREA                           ,FABB                
0047-0005597900001       ,ISLAND GONDOLA 2                                            ,         1.00,11/28/2018,GONDOLA                                           ,ALTA CITTA                              ,AC-GROCERY SELLING AREA                           ,FABB                
0047-0005598000001       ,ISLAND GONDOLA 3                                            ,         1.00,11/28/2018,GONDOLA                                           ,ALTA CITTA                              ,AC-GROCERY SELLING AREA                           ,FABB                
0047-0005598100001       ,ISLAND GONDOLA 4                                            ,         1.00,11/28/2018,GONDOLA                                           ,ALTA CITTA                              ,AC-GROCERY SELLING AREA                           ,FABB                
0047-0005598200001       ,ISLAND GONDOLA 5                                            ,         1.00,11/28/2018,GONDOLA                                           ,ALTA CITTA                              ,AC-GROCERY SELLING AREA                           ,FABB                
0047-0005598300001       ,ISLAND GONDOLA 6                                            ,         1.00,11/28/2018,GONDOLA                                           ,ALTA CITTA                              ,AC-GROCERY SELLING AREA                           ,FABB                
0047-0005598400001       ,ISLAND GONDOLA 7                                            ,         1.00,11/28/2018,GONDOLA                                           ,ALTA CITTA                              ,AC-GROCERY SELLING AREA                           ,FABB                
0047-0005598500001       ,ISLAND GONDOLA 8                                            ,         1.00,11/28/2018,GONDOLA                                           ,ALTA CITTA                              ,AC-GROCERY SELLING AREA                           ,FABB                
0047-0005598600001       ,ISLAND GONDOLA 9                                            ,         1.00,11/28/2018,GONDOLA                                           ,ALTA CITTA                              ,AC-GROCERY SELLING AREA                           ,FABB                
0047-0005598700001       ,ISLAND GONDOLA 10                                           ,         1.00,11/28/2018,GONDOLA                                           ,ALTA CITTA                              ,AC-GROCERY SELLING AREA                           ,FABB                
0047-0005598800001       ,ISLAND GONDOLA 11                                           ,         1.00,11/28/2018,GONDOLA                                           ,ALTA CITTA                              ,AC-GROCERY SELLING AREA                           ,FABB                
0047-0005598900001       ,ISLAND GONDOLA 12                                           ,         1.00,11/28/2018,GONDOLA                                           ,ALTA CITTA                              ,AC-GROCERY SELLING AREA                           ,FABB                
0047-0005599000001       ,ISLAND GONDOLA 13                                           ,         1.00,11/28/2018,GONDOLA                                           ,ALTA CITTA                              ,AC-GROCERY SELLING AREA                           ,FABB                
0047-0005599100001       ,RACK 1                                                      ,         1.00,11/28/2018,RACK                                              ,ALTA CITTA                              ,AC-GROCERY SELLING AREA                           ,FABB                
0047-0005599200001       ,RACK 2                                                      ,         1.00,11/28/2018,RACK                                              ,ALTA CITTA                              ,AC-GROCERY SELLING AREA                           ,FABB                
0047-0005599300001       ,RACK 3                                                      ,         1.00,11/28/2018,RACK                                              ,ALTA CITTA                              ,AC-GROCERY SELLING AREA                           ,FABB                
0047-0005599400001       ,RACK 4                                                      ,         1.00,11/28/2018,RACK                                              ,ALTA CITTA                              ,AC-GROCERY SELLING AREA                           ,FABB                
0047-0005599500001       ,RACK 5                                                      ,         1.00,11/28/2018,RACK                                              ,ALTA CITTA                              ,AC-GROCERY SELLING AREA                           ,FABB                
0047-0005599600001       ,RACK 6                                                      ,         1.00,11/28/2018,RACK                                              ,ALTA CITTA                              ,AC-GROCERY SELLING AREA                           ,FABB                
0047-0005599700001       ,RACK 7                                                      ,         1.00,11/28/2018,RACK                                              ,ALTA CITTA                              ,AC-GROCERY SELLING AREA                           ,FABB                
0047-0005599800001       ,RACK 8                                                      ,         1.00,11/28/2018,RACK                                              ,ALTA CITTA                              ,AC-GROCERY SELLING AREA                           ,FABB                
0047-0005599900001       ,RACK 9                                                      ,         1.00,11/28/2018,RACK                                              ,ALTA CITTA                              ,AC-GROCERY SELLING AREA                           ,FABB                
0047-0005600000001       ,RACK 10                                                     ,         1.00,11/28/2018,RACK                                              ,ALTA CITTA                              ,AC-GROCERY SELLING AREA                           ,FABB                
0047-0005600100001       ,RACK 11                                                     ,         1.00,11/28/2018,RACK                                              ,ALTA CITTA                              ,AC-GROCERY SELLING AREA                           ,FABB                
0047-0005600300001       ,RACK 12                                                     ,         1.00,11/28/2018,RACK                                              ,ALTA CITTA                              ,AC-GROCERY SELLING AREA                           ,FABB                
0047-0005600400001       ,RACK 13                                                     ,         1.00,11/28/2018,RACK                                              ,ALTA CITTA                              ,AC-GROCERY SELLING AREA                           ,FABB                
0047-0005600500001       ,MILK SECTION RACK                                           ,         1.00,11/28/2018,RACK                                              ,ALTA CITTA                              ,AC-GROCERY SELLING AREA                           ,FABB                
0047-0005600600001       ,WINE SECTION RACK                                           ,         1.00,11/28/2018,RACK                                              ,ALTA CITTA                              ,AC-GROCERY SELLING AREA                           ,FABB                
0047-0004718800001       ,SANWA CLAMP METER DCM60R DIGITAL                            ,      5035.71,07/31/2019,TOOLS                                             ,ALTA CITTA                              ,AC-ENGINEERING DEPARTMENT                         ,FAACQ               
0047-0004852700004       ,SHARP BASIC LC 32LE185M                                     ,      9998.00,08/06/2018,TV                                                ,ALTA CITTA                              ,AC-SECURITY & SAFETY DEPARTMENT                   ,FA_TRAN             
0047-0004852700005       ,SHARP BASIC LC 32LE185M                                     ,      9998.00,08/06/2018,TV                                                ,ALTA CITTA                              ,AC-SECURITY & SAFETY DEPARTMENT                   ,FA_TRAN             
0047-0004852700006       ,SHARP BASIC LC 32LE185M                                     ,      9998.00,08/06/2018,TV                                                ,ALTA CITTA                              ,AC-SECURITY & SAFETY DEPARTMENT                   ,FA_TRAN             
0047-0004852700007       ,SHARP BASIC LC 32LE185M                                     ,      9998.00,08/06/2018,TV                                                ,ALTA CITTA                              ,AC-SECURITY & SAFETY DEPARTMENT                   ,FA_TRAN             
0047-0004852700008       ,SHARP BASIC LC 32LE185M                                     ,      9998.00,08/06/2018,TV                                                ,ALTA CITTA                              ,AC-SECURITY & SAFETY DEPARTMENT                   ,FA_TRAN             
0047-0004852700009       ,SHARP BASIC LC 32LE185M                                     ,      9998.00,08/06/2018,TV                                                ,ALTA CITTA                              ,AC-SECURITY & SAFETY DEPARTMENT                   ,FA_TRAN             
0047-0004852700010       ,SHARP BASIC LC 32LE185M                                     ,      9998.00,08/06/2018,TV                                                ,ALTA CITTA                              ,AC-SECURITY & SAFETY DEPARTMENT                   ,FA_TRAN             
0047-0004852700011       ,SHARP BASIC LC 32LE185M                                     ,      9998.00,08/06/2018,TV                                                ,ALTA CITTA                              ,AC-ADMIN                                          ,FABB                
0047-0004149400001       ,DELL OPTIPLEX 3060 SMALL FORM FACTOR                        ,     31433.41,09/06/2018,COMPUTER                                          ,ALTA CITTA                              ,AC-ADMIN                                          ,FABB                
0047-0004149400002       ,DELL OPTIPLEX 3060 SMALL FORM FACTOR                        ,     31433.41,09/06/2018,COMPUTER                                          ,ALTA CITTA                              ,AC-ADMIN                                          ,FABB                
0047-0004149400003       ,DELL OPTIPLEX 3060 SMALL FORM FACTOR                        ,     31433.41,09/06/2018,COMPUTER                                          ,ALTA CITTA                              ,AC-ADMIN                                          ,FABB                
0047-0004149400004       ,DELL OPTIPLEX 3060 SMALL FORM FACTOR                        ,     31433.41,09/06/2018,COMPUTER                                          ,ALTA CITTA                              ,AC-GENERAL SERVICES DEPARTMENT                    ,FA_TRAN             
0047-0004149400005       ,DELL OPTIPLEX 3060 SMALL FORM FACTOR                        ,     31433.41,09/06/2018,COMPUTER                                          ,ALTA CITTA                              ,AC-ADMIN                                          ,FABB                
0047-0004149400007       ,DELL OPTIPLEX 3060 SMALL FORM FACTOR                        ,     31433.41,09/06/2018,COMPUTER                                          ,ALTA CITTA                              ,AC-ADMIN                                          ,FABB                
0047-0004149400008       ,DELL OPTIPLEX 3060 SMALL FORM FACTOR                        ,     31433.41,09/06/2018,COMPUTER                                          ,ALTA CITTA                              ,AC-ADMIN                                          ,FABB                
0047-0004149400009       ,DELL OPTIPLEX 3060 SMALL FORM FACTOR                        ,     31433.41,09/06/2018,COMPUTER                                          ,ALTA CITTA                              ,AC-ADMIN                                          ,FABB                
0047-0004149400010       ,DELL OPTIPLEX 3060 SMALL FORM FACTOR                        ,     31433.41,09/06/2018,COMPUTER                                          ,ALTA CITTA                              ,AC-ADMIN                                          ,FABB                
0047-0004149400011       ,DELL OPTIPLEX 3060 SMALL FORM FACTOR                        ,     31433.41,09/06/2018,COMPUTER                                          ,ALTA CITTA                              ,AC-ADMIN                                          ,FABB                
0047-0004149400012       ,DELL OPTIPLEX 3060 SMALL FORM FACTOR                        ,     31433.41,09/06/2018,COMPUTER                                          ,ALTA CITTA                              ,AC-ADMIN                                          ,FABB                
0047-0004149400013       ,DELL OPTIPLEX 3060 SMALL FORM FACTOR                        ,     31433.41,09/06/2018,COMPUTER                                          ,ALTA CITTA                              ,AC-ADMIN                                          ,FABB                
0047-0004149400014       ,DELL OPTIPLEX 3060 SMALL FORM FACTOR                        ,     31433.41,09/06/2018,COMPUTER                                          ,ALTA CITTA                              ,AC-ADMIN                                          ,FABB                
0047-0004149400015       ,DELL OPTIPLEX 3060 SMALL FORM FACTOR                        ,     31433.41,09/06/2018,COMPUTER                                          ,ALTA CITTA                              ,AC-ADMIN                                          ,FABB                
0047-0004149400016       ,DELL OPTIPLEX 3060 SMALL FORM FACTOR                        ,     31433.41,09/06/2018,COMPUTER                                          ,ALTA CITTA                              ,AC-ADMIN                                          ,FABB                
0047-0004149400017       ,DELL OPTIPLEX 3060 SMALL FORM FACTOR                        ,     31433.41,09/06/2018,COMPUTER                                          ,ALTA CITTA                              ,AC-ADMIN                                          ,FABB                
0047-0004149400018       ,DELL OPTIPLEX 3060 SMALL FORM FACTOR                        ,     31433.41,09/06/2018,COMPUTER                                          ,ALTA CITTA                              ,AC-ADMIN                                          ,FABB                
0047-0004149400019       ,DELL OPTIPLEX 3060 SMALL FORM FACTOR                        ,     31433.41,09/06/2018,COMPUTER                                          ,ALTA CITTA                              ,AC-ADMIN                                          ,FABB                
0047-0004149400020       ,DELL OPTIPLEX 3060 SMALL FORM FACTOR                        ,     31433.41,09/06/2018,COMPUTER                                          ,ALTA CITTA                              ,AC-ADMIN                                          ,FABB                
0047-0004149400021       ,DELL OPTIPLEX 3060 SMALL FORM FACTOR                        ,     31433.41,09/06/2018,COMPUTER                                          ,ALTA CITTA                              ,AC-ADMIN                                          ,FABB                
0047-0004149400022       ,DELL OPTIPLEX 3060 SMALL FORM FACTOR                        ,     31433.41,09/06/2018,COMPUTER                                          ,ALTA CITTA                              ,AC-ADMIN                                          ,FABB                
0047-0004149400023       ,DELL OPTIPLEX 3060 SMALL FORM FACTOR                        ,     31433.41,09/06/2018,COMPUTER                                          ,ALTA CITTA                              ,AC-ADMIN                                          ,FABB                
0047-0004149400024       ,DELL OPTIPLEX 3060 SMALL FORM FACTOR                        ,     31433.41,09/06/2018,COMPUTER                                          ,ALTA CITTA                              ,AC-ADMIN                                          ,FABB                
0047-0004149400025       ,DELL OPTIPLEX 3060 SMALL FORM FACTOR                        ,     31433.41,09/06/2018,COMPUTER                                          ,ALTA CITTA                              ,AC-ADMIN                                          ,FABB                
0047-0004149400026       ,DELL OPTIPLEX 3060 SMALL FORM FACTOR                        ,     31433.41,09/06/2018,COMPUTER                                          ,ALTA CITTA                              ,AC-ADMIN                                          ,FABB                
0047-0004702200001       ,DELL E1916H 18.5"" WIDESCREEN FLAT PANEL MONITOR             ,      5066.59,09/06/2018,MONITOR                                           ,ALTA CITTA                              ,AC-ADMIN                                          ,FABB                
0047-0004702200002       ,DELL E1916H 18.5"" WIDESCREEN FLAT PANEL MONITOR             ,      5066.59,09/06/2018,MONITOR                                           ,ALTA CITTA                              ,AC-ADMIN                                          ,FABB                
0047-0004702200003       ,DELL E1916H 18.5"" WIDESCREEN FLAT PANEL MONITOR             ,      5066.59,09/06/2018,MONITOR                                           ,ALTA CITTA                              ,AC-ADMIN                                          ,FABB                
0047-0004702200004       ,DELL E1916H 18.5"" WIDESCREEN FLAT PANEL MONITOR             ,      5066.59,09/06/2018,MONITOR                                           ,ALTA CITTA                              ,AC-GENERAL SERVICES DEPARTMENT                    ,FA_TRAN             
0047-0004702200005       ,DELL E1916H 18.5"" WIDESCREEN FLAT PANEL MONITOR             ,      5066.59,09/06/2018,MONITOR                                           ,ALTA CITTA                              ,AC-ADMIN                                          ,FABB                
0047-0004702200006       ,DELL E1916H 18.5"" WIDESCREEN FLAT PANEL MONITOR             ,      5066.59,09/06/2018,MONITOR                                           ,ALTA CITTA                              ,AC-ADMIN                                          ,FABB                
0047-0004702200007       ,DELL E1916H 18.5"" WIDESCREEN FLAT PANEL MONITOR             ,      5066.59,09/06/2018,MONITOR                                           ,ALTA CITTA                              ,AC-ADMIN                                          ,FABB                
0047-0004702200008       ,DELL E1916H 18.5"" WIDESCREEN FLAT PANEL MONITOR             ,      5066.59,09/06/2018,MONITOR                                           ,ALTA CITTA                              ,AC-ADMIN                                          ,FABB                
0047-0004702200009       ,DELL E1916H 18.5"" WIDESCREEN FLAT PANEL MONITOR             ,      5066.59,09/06/2018,MONITOR                                           ,ALTA CITTA                              ,AC-ADMIN                                          ,FABB                
0047-0004702200010       ,DELL E1916H 18.5"" WIDESCREEN FLAT PANEL MONITOR             ,      5066.59,09/06/2018,MONITOR                                           ,ALTA CITTA                              ,AC-ADMIN                                          ,FABB                
0047-0004702200011       ,DELL E1916H 18.5"" WIDESCREEN FLAT PANEL MONITOR             ,      5066.59,09/06/2018,MONITOR                                           ,ALTA CITTA                              ,AC-ADMIN                                          ,FABB                
0047-0004702200012       ,DELL E1916H 18.5"" WIDESCREEN FLAT PANEL MONITOR             ,      5066.59,09/06/2018,MONITOR                                           ,ALTA CITTA                              ,AC-ADMIN                                          ,FABB                
0047-0004702200013       ,DELL E1916H 18.5"" WIDESCREEN FLAT PANEL MONITOR             ,      5066.59,09/06/2018,MONITOR                                           ,ALTA CITTA                              ,AC-ADMIN                                          ,FABB                
0047-0004702200014       ,DELL E1916H 18.5"" WIDESCREEN FLAT PANEL MONITOR             ,      5066.59,09/06/2018,MONITOR                                           ,ALTA CITTA                              ,AC-ADMIN                                          ,FABB                
0047-0004702200015       ,DELL E1916H 18.5"" WIDESCREEN FLAT PANEL MONITOR             ,      5066.59,09/06/2018,MONITOR                                           ,ALTA CITTA                              ,AC-ADMIN                                          ,FABB                
0047-0004702200016       ,DELL E1916H 18.5"" WIDESCREEN FLAT PANEL MONITOR             ,      5066.59,09/06/2018,MONITOR                                           ,ALTA CITTA                              ,AC-ADMIN                                          ,FABB                
0047-0004702200017       ,DELL E1916H 18.5"" WIDESCREEN FLAT PANEL MONITOR             ,      5066.59,09/06/2018,MONITOR                                           ,ALTA CITTA                              ,AC-ADMIN                                          ,FABB                
0047-0004702200018       ,DELL E1916H 18.5"" WIDESCREEN FLAT PANEL MONITOR             ,      5066.59,09/06/2018,MONITOR                                           ,ALTA CITTA                              ,AC-ADMIN                                          ,FABB                
0047-0004702200019       ,DELL E1916H 18.5"" WIDESCREEN FLAT PANEL MONITOR             ,      5066.59,09/06/2018,MONITOR                                           ,ALTA CITTA                              ,AC-ADMIN                                          ,FABB                
0047-0004702200020       ,DELL E1916H 18.5"" WIDESCREEN FLAT PANEL MONITOR             ,      5066.59,09/06/2018,MONITOR                                           ,ALTA CITTA                              ,AC-ADMIN                                          ,FABB                
0047-0004702200021       ,DELL E1916H 18.5"" WIDESCREEN FLAT PANEL MONITOR             ,      5066.59,09/06/2018,MONITOR                                           ,ALTA CITTA                              ,AC-ADMIN                                          ,FABB                
0047-0004702200022       ,DELL E1916H 18.5"" WIDESCREEN FLAT PANEL MONITOR             ,      5066.59,09/06/2018,MONITOR                                           ,ALTA CITTA                              ,AC-ADMIN                                          ,FABB                
0047-0004702200023       ,DELL E1916H 18.5"" WIDESCREEN FLAT PANEL MONITOR             ,      5066.59,09/06/2018,MONITOR                                           ,ALTA CITTA                              ,AC-ADMIN                                          ,FABB                
0047-0004702200024       ,DELL E1916H 18.5"" WIDESCREEN FLAT PANEL MONITOR             ,      5066.59,09/06/2018,MONITOR                                           ,ALTA CITTA                              ,AC-ADMIN                                          ,FABB                
0047-0004702200025       ,DELL E1916H 18.5"" WIDESCREEN FLAT PANEL MONITOR             ,      5066.59,09/06/2018,MONITOR                                           ,ALTA CITTA                              ,AC-ADMIN                                          ,FABB                
0047-0004702200026       ,DELL E1916H 18.5"" WIDESCREEN FLAT PANEL MONITOR             ,      5066.59,09/06/2018,MONITOR                                           ,ALTA CITTA                              ,AC-ADMIN                                          ,FABB                
0047-0005496800001       ,PPR PIPE HEATER                                             ,      1950.00,07/15/2019,TOOLS                                             ,ALTA CITTA                              ,AC-ENGINEERING DEPARTMENT                         ,FA_TRAN             
0047-0005489500001       ,CUSTOMIZE PLANTER 550 DIA X 900CM H                         ,     11750.41,07/18/2019,OTHERS                                            ,ALTA CITTA                              ,AC-ADMIN                                          ,FAACQ               
0047-0005489500002       ,CUSTOMIZE PLANTER 550 DIA X 900CM H                         ,     11750.41,07/18/2019,OTHERS                                            ,ALTA CITTA                              ,AC-ADMIN                                          ,FAACQ               
0047-0005489500003       ,CUSTOMIZE PLANTER 550 DIA X 900CM H                         ,     11750.41,07/18/2019,OTHERS                                            ,ALTA CITTA                              ,AC-ADMIN                                          ,FAACQ               
0047-0005489500004       ,CUSTOMIZE PLANTER 550 DIA X 900CM H                         ,     11750.41,07/18/2019,OTHERS                                            ,ALTA CITTA                              ,AC-ADMIN                                          ,FAACQ               
0047-0005489500005       ,CUSTOMIZE PLANTER 550 DIA X 900CM H                         ,     11750.41,07/18/2019,OTHERS                                            ,ALTA CITTA                              ,AC-ADMIN                                          ,FAACQ               
0047-0005489500006       ,CUSTOMIZE PLANTER 550 DIA X 900CM H                         ,     11750.41,07/18/2019,OTHERS                                            ,ALTA CITTA                              ,AC-ADMIN                                          ,FAACQ               
0047-0005489500007       ,CUSTOMIZE PLANTER 550 DIA X 900CM H                         ,     11750.41,07/18/2019,OTHERS                                            ,ALTA CITTA                              ,AC-ADMIN                                          ,FAACQ               
0047-0005489500008       ,CUSTOMIZE PLANTER 550 DIA X 900CM H                         ,     11750.41,07/18/2019,OTHERS                                            ,ALTA CITTA                              ,AC-ADMIN                                          ,FAACQ               
0047-0005489500009       ,CUSTOMIZE PLANTER 550 DIA X 900CM H                         ,     11750.41,07/18/2019,OTHERS                                            ,ALTA CITTA                              ,AC-ADMIN                                          ,FAACQ               
0047-0005489500010       ,CUSTOMIZE PLANTER 550 DIA X 900CM H                         ,     11750.41,07/18/2019,OTHERS                                            ,ALTA CITTA                              ,AC-ADMIN                                          ,FAACQ               
0047-0005489500011       ,CUSTOMIZE PLANTER 550 DIA X 900CM H                         ,     11750.41,07/18/2019,OTHERS                                            ,ALTA CITTA                              ,AC-ADMIN                                          ,FAACQ               
0047-0005489500012       ,CUSTOMIZE PLANTER 550 DIA X 900CM H                         ,     11750.41,07/18/2019,OTHERS                                            ,ALTA CITTA                              ,AC-ADMIN                                          ,FAACQ               
0047-0005489500013       ,CUSTOMIZE PLANTER 550 DIA X 900CM H                         ,     11750.41,07/18/2019,OTHERS                                            ,ALTA CITTA                              ,AC-ADMIN                                          ,FAACQ               
0047-0005489500014       ,CUSTOMIZE PLANTER 550 DIA X 900CM H                         ,     11750.41,07/18/2019,OTHERS                                            ,ALTA CITTA                              ,AC-ADMIN                                          ,FAACQ               
0047-0005489600001       ,90CM SEASIDE PLANTER 355 DIA X 900MM H                      ,      7134.18,07/18/2019,OTHERS                                            ,ALTA CITTA                              ,AC-ADMIN                                          ,FAACQ               
0047-0005489700001       ,SQUARE TAPPERED PLANTER 370 DIA X 900MM H                   ,      7553.83,07/18/2019,OTHERS                                            ,ALTA CITTA                              ,AC-ADMIN                                          ,FAACQ               
0047-0005489700002       ,SQUARE TAPPERED PLANTER 370 DIA X 900MM H                   ,      7553.83,07/18/2019,OTHERS                                            ,ALTA CITTA                              ,AC-ADMIN                                          ,FAACQ               
0047-0005489700003       ,SQUARE TAPPERED PLANTER 370 DIA X 900MM H                   ,      7553.83,07/18/2019,OTHERS                                            ,ALTA CITTA                              ,AC-ADMIN                                          ,FAACQ               
0047-0005489700004       ,SQUARE TAPPERED PLANTER 370 DIA X 900MM H                   ,      7553.83,07/18/2019,OTHERS                                            ,ALTA CITTA                              ,AC-ADMIN                                          ,FAACQ               
0047-0005489700005       ,SQUARE TAPPERED PLANTER 370 DIA X 900MM H                   ,      7553.83,07/18/2019,OTHERS                                            ,ALTA CITTA                              ,AC-ADMIN                                          ,FAACQ               
0047-0005489700006       ,SQUARE TAPPERED PLANTER 370 DIA X 900MM H                   ,      7553.83,07/18/2019,OTHERS                                            ,ALTA CITTA                              ,AC-ADMIN                                          ,FAACQ               
0047-0005489700007       ,SQUARE TAPPERED PLANTER 370 DIA X 900MM H                   ,      7553.83,07/18/2019,OTHERS                                            ,ALTA CITTA                              ,AC-ADMIN                                          ,FAACQ               
0047-0005489700008       ,SQUARE TAPPERED PLANTER 370 DIA X 900MM H                   ,      7553.83,07/18/2019,OTHERS                                            ,ALTA CITTA                              ,AC-ADMIN                                          ,FAACQ               
0047-0005489700009       ,SQUARE TAPPERED PLANTER 370 DIA X 900MM H                   ,      7553.83,07/18/2019,OTHERS                                            ,ALTA CITTA                              ,AC-ADMIN                                          ,FAACQ               
0047-0005489700010       ,SQUARE TAPPERED PLANTER 370 DIA X 900MM H                   ,      7553.83,07/18/2019,OTHERS                                            ,ALTA CITTA                              ,AC-ADMIN                                          ,FAACQ               
0047-0005489800001       ,SPIRAL SHORT BOWL                                           ,      5875.21,07/18/2019,OTHERS                                            ,ALTA CITTA                              ,AC-ADMIN                                          ,FAACQ               
0047-0005489800002       ,SPIRAL SHORT BOWL                                           ,      5875.21,07/18/2019,OTHERS                                            ,ALTA CITTA                              ,AC-ADMIN                                          ,FAACQ               
0047-0003944900001       ,OMNI WIRE EXTENSION 25M                                     ,      4299.75,08/06/2019,WIRE                                              ,ALTA CITTA                              ,AC-ENGINEERING DEPARTMENT                         ,FAACQ               
0047-0004542600002       ,PRINTER EPSON L3110                                         ,      7500.00,08/09/2019,PRINTER                                           ,ALTA CITTA                              ,AC-INFORMATION TECHNOLOGY                         ,FAACQ               
0047-0004542600003       ,PRINTER EPSON L3110                                         ,      7500.00,08/08/2019,PRINTER                                           ,ALTA CITTA                              ,AC-ADMIN                                          ,FA_TRAN             
0047-0001446400002       ,HAND DRYER                                                  ,     13302.68,08/10/2019,DRYER                                             ,ALTA CITTA                              ,AC-ADMIN                                          ,FAACQ               
0047-0003929200001       ,EPSON PROJECTOR EB S 41                                     ,     25800.00,08/10/2019,PROJECTOR                                         ,ALTA CITTA                              ,AC-FIXED ASSET DEPARTMENT                         ,FAACQ               
0047-0000341700001       ,PANEL BOARD                                                 ,    200000.00,11/12/2018,PANEL BOARD                                       ,ALTA CITTA                              ,AC-ADMIN                                          ,FABB                
0047-0001124900001       ,CATALYST 2960 PLUS 24 10/100 + 2 T/SFP LAN LITE             ,     62260.66,09/18/2018,HUB                                               ,ALTA CITTA                              ,AC-ADMIN                                          ,FABB                
0047-0002316000001       ,PANASONIC TELEPHONE SYSTEM                                  ,    155350.00,12/15/2018,TELEPHONE                                         ,ALTA CITTA                              ,AC-ADMIN                                          ,FABB                
0047-0003277300001       ,WIRELESS IP RADIO SYSTEM                                    ,     58000.00,08/10/2018,RADIO                                             ,ALTA CITTA                              ,AC-ADMIN                                          ,FABB                
0047-0004440900001       ,CISCO CATALYST 2960L 24 PORT GIGE                           ,     51399.12,09/18/2018,HUB                                               ,ALTA CITTA                              ,AC-ADMIN                                          ,FABB                
0047-0004440900002       ,CISCO CATALYST 2960L 24 PORT GIGE                           ,     51399.12,09/18/2018,HUB                                               ,ALTA CITTA                              ,AC-ADMIN                                          ,FABB                
0047-0004440900003       ,CISCO CATALYST 2960L 24 PORT GIGE                           ,     51399.12,09/18/2018,HUB                                               ,ALTA CITTA                              ,AC-ADMIN                                          ,FABB                
0047-0004440900004       ,CISCO CATALYST 2960L 24 PORT GIGE                           ,     51399.12,09/18/2018,HUB                                               ,ALTA CITTA                              ,AC-ADMIN                                          ,FABB                
0047-0005638500001       ,DELL POWEREDGE R740 SERVER SILVER 4110                      ,    234375.00,09/10/2018,SERVER                                            ,ALTA CITTA                              ,AC-ADMIN                                          ,FABB                
0047-0005638500002       ,DELL POWEREDGE R740 SERVER SILVER 4110                      ,    234375.00,09/10/2018,SERVER                                            ,ALTA CITTA                              ,AC-ADMIN                                          ,FABB                
0047-0005638600001       ,CARRIER AHU-1LGF                                            ,    906658.77,01/28/2019,AIRCON                                            ,ALTA CITTA                              ,AC-ADMIN                                          ,FABB                
0047-0005638600002       ,CARRIER AHU-1LGF                                            ,    906658.77,01/28/2019,AIRCON                                            ,ALTA CITTA                              ,AC-ADMIN                                          ,FABB                
0047-0005638700001       ,CARRIER AHU-2LGF                                            ,    581462.93,01/28/2019,AIRCON                                            ,ALTA CITTA                              ,AC-ADMIN                                          ,FABB                
0047-0005638700002       ,CARRIER AHU-2LGF                                            ,    581462.93,01/28/2019,AIRCON                                            ,ALTA CITTA                              ,AC-ADMIN                                          ,FABB                
0047-0005638800001       ,CARRIER AHU-3UGF                                            ,    352231.73,01/28/2019,AIRCON                                            ,ALTA CITTA                              ,AC-ADMIN                                          ,FABB                
0047-0005638900001       ,CARRIER FCU-1UGF                                            ,     23136.67,01/28/2019,AIRCON                                            ,ALTA CITTA                              ,AC-ADMIN                                          ,FABB                
0047-0005639000001       ,CARRIER FCU-2UGF                                            ,     23136.67,01/28/2019,AIRCON                                            ,ALTA CITTA                              ,AC-ADMIN                                          ,FABB                
0047-0005639100001       ,CARRIER FCU-HNU                                             ,    125251.53,01/28/2019,AIRCON                                            ,ALTA CITTA                              ,AC-ADMIN                                          ,FABB                
0047-0000619600001       ,POS KEYBOARD TA61-2                                         ,      6785.71,05/10/2019,                                                  ,ALTA CITTA                              ,AC-MEDICINE PLUS                                  ,FAACQ               
0047-0000619600002       ,POS KEYBOARD TA61-2                                         ,      6785.71,05/10/2019,                                                  ,ALTA CITTA                              ,AC-MEDICINE PLUS                                  ,FAACQ               
0047-0004671900001       ,TH420 THERMAL PRINTER                                       ,     31250.00,05/10/2019,                                                  ,ALTA CITTA                              ,AC-GROCERY CHECK OUT COUNTER                      ,FA_TRAN             
0047-0004671900002       ,TH420 THERMAL PRINTER                                       ,     31250.00,05/10/2019,                                                  ,ALTA CITTA                              ,AC-GROCERY CHECK OUT COUNTER                      ,FA_TRAN             
0047-0005636400001       ,CASH DRAWER KA11 W/ CONNECTION TO PRINTER                   ,      2678.57,05/10/2019,                                                  ,ALTA CITTA                              ,AC-GROCERY CHECK OUT COUNTER                      ,FA_TRAN             
0047-0005636400002       ,CASH DRAWER KA11 W/ CONNECTION TO PRINTER                   ,      2678.57,05/10/2019,                                                  ,ALTA CITTA                              ,AC-GROCERY CHECK OUT COUNTER                      ,FA_TRAN             
0047-0005636500001       ,POS SYSTEM & HARDWARE (TOUCH LCD)                           ,     53928.57,05/10/2019,                                                  ,ALTA CITTA                              ,AC-MEDICINE PLUS                                  ,FAACQ               
0047-0005636500002       ,POS SYSTEM & HARDWARE (TOUCH LCD)                           ,     53928.57,05/10/2019,                                                  ,ALTA CITTA                              ,AC-MEDICINE PLUS                                  ,FAACQ               
0047-0004671900006       ,TH420 THERMAL PRINTER                                       ,     31250.00,05/10/2019,                                                  ,ALTA CITTA                              ,AC-GROCERY CHECK OUT COUNTER                      ,FA_TRAN             
0047-0004671900009       ,TH420 THERMAL PRINTER                                       ,     31250.00,05/10/2019,                                                  ,ALTA CITTA                              ,AC-GROCERY CHECK OUT COUNTER                      ,FA_TRAN             
0047-0004671900010       ,TH420 THERMAL PRINTER                                       ,     31250.00,05/10/2019,                                                  ,ALTA CITTA                              ,AC-GROCERY CHECK OUT COUNTER                      ,FA_TRAN             
0047-0004831000001       ,TA61P KEYBOARD W/ MSR                                       ,      6785.71,05/10/2019,                                                  ,ALTA CITTA                              ,AC-GROCERY CHECK OUT COUNTER                      ,FA_TRAN             
0047-0004831000002       ,TA61P KEYBOARD W/ MSR                                       ,      6785.71,05/10/2019,                                                  ,ALTA CITTA                              ,AC-GROCERY CHECK OUT COUNTER                      ,FA_TRAN             
0047-0004831000003       ,TA61P KEYBOARD W/ MSR                                       ,      6785.71,05/10/2019,                                                  ,ALTA CITTA                              ,AC-GROCERY CHECK OUT COUNTER                      ,FA_TRAN             
0047-0004831000004       ,TA61P KEYBOARD W/ MSR                                       ,      6785.71,05/10/2019,                                                  ,ALTA CITTA                              ,AC-GROCERY CHECK OUT COUNTER                      ,FA_TRAN             
0047-0004831000005       ,TA61P KEYBOARD W/ MSR                                       ,      6785.71,05/10/2019,                                                  ,ALTA CITTA                              ,AC-GROCERY CHECK OUT COUNTER                      ,FA_TRAN             
0047-0004831000006       ,TA61P KEYBOARD W/ MSR                                       ,      6785.71,05/10/2019,                                                  ,ALTA CITTA                              ,AC-GROCERY CHECK OUT COUNTER                      ,FA_TRAN             
0047-0004831000008       ,TA61P KEYBOARD W/ MSR                                       ,      6785.71,05/10/2019,                                                  ,ALTA CITTA                              ,AC-GROCERY CHECK OUT COUNTER                      ,FA_TRAN             
0047-0004831000009       ,TA61P KEYBOARD W/ MSR                                       ,      6785.71,05/10/2019,                                                  ,ALTA CITTA                              ,AC-GROCERY CHECK OUT COUNTER                      ,FA_TRAN             
0047-0005636400003       ,CASH DRAWER KA11 W/ CONNECTION TO PRINTER                   ,      2678.57,05/10/2019,                                                  ,ALTA CITTA                              ,AC-GROCERY CHECK OUT COUNTER                      ,FA_TRAN             
0047-0005636400004       ,CASH DRAWER KA11 W/ CONNECTION TO PRINTER                   ,      2678.57,05/10/2019,                                                  ,ALTA CITTA                              ,AC-GROCERY CHECK OUT COUNTER                      ,FA_TRAN             
0047-0005636400005       ,CASH DRAWER KA11 W/ CONNECTION TO PRINTER                   ,      2678.57,05/10/2019,                                                  ,ALTA CITTA                              ,AC-GROCERY CHECK OUT COUNTER                      ,FA_TRAN             
0047-0005636400006       ,CASH DRAWER KA11 W/ CONNECTION TO PRINTER                   ,      2678.57,05/10/2019,                                                  ,ALTA CITTA                              ,AC-GROCERY CHECK OUT COUNTER                      ,FA_TRAN             
0047-0005636400007       ,CASH DRAWER KA11 W/ CONNECTION TO PRINTER                   ,      2678.57,05/10/2019,                                                  ,ALTA CITTA                              ,AC-GROCERY CHECK OUT COUNTER                      ,FA_TRAN             
0047-0005636400008       ,CASH DRAWER KA11 W/ CONNECTION TO PRINTER                   ,      2678.57,05/10/2019,                                                  ,ALTA CITTA                              ,AC-GROCERY CHECK OUT COUNTER                      ,FA_TRAN             
0047-0005636400009       ,CASH DRAWER KA11 W/ CONNECTION TO PRINTER                   ,      2678.57,05/10/2019,                                                  ,ALTA CITTA                              ,AC-GROCERY CHECK OUT COUNTER                      ,FA_TRAN             
0047-0005636400010       ,CASH DRAWER KA11 W/ CONNECTION TO PRINTER                   ,      2678.57,05/10/2019,                                                  ,ALTA CITTA                              ,AC-GROCERY CHECK OUT COUNTER                      ,FA_TRAN             
0047-0005636600001       ,POS SYSTEM & HARDWARE (NON-TOUCH LCD)                       ,     48571.43,05/10/2019,                                                  ,ALTA CITTA                              ,AC-GROCERY CHECK OUT COUNTER                      ,FA_TRAN             
0047-0005636600002       ,POS SYSTEM & HARDWARE (NON-TOUCH LCD)                       ,     48571.43,05/10/2019,                                                  ,ALTA CITTA                              ,AC-GROCERY CHECK OUT COUNTER                      ,FA_TRAN             
0047-0005636600003       ,POS SYSTEM & HARDWARE (NON-TOUCH LCD)                       ,     48571.43,05/10/2019,                                                  ,ALTA CITTA                              ,AC-GROCERY CHECK OUT COUNTER                      ,FA_TRAN             
0047-0005636600004       ,POS SYSTEM & HARDWARE (NON-TOUCH LCD)                       ,     48571.43,05/10/2019,                                                  ,ALTA CITTA                              ,AC-GROCERY CHECK OUT COUNTER                      ,FA_TRAN             
0047-0005636600005       ,POS SYSTEM & HARDWARE (NON-TOUCH LCD)                       ,     48571.43,05/10/2019,                                                  ,ALTA CITTA                              ,AC-GROCERY CHECK OUT COUNTER                      ,FA_TRAN             
0047-0005636600006       ,POS SYSTEM & HARDWARE (NON-TOUCH LCD)                       ,     48571.43,05/10/2019,                                                  ,ALTA CITTA                              ,AC-GROCERY CHECK OUT COUNTER                      ,FA_TRAN             
0047-0005636600007       ,POS SYSTEM & HARDWARE (NON-TOUCH LCD)                       ,     48571.43,05/10/2019,                                                  ,ALTA CITTA                              ,AC-GROCERY CHECK OUT COUNTER                      ,FA_TRAN             
0047-0005636600008       ,POS SYSTEM & HARDWARE (NON-TOUCH LCD)                       ,     48571.43,05/10/2019,                                                  ,ALTA CITTA                              ,AC-GROCERY CHECK OUT COUNTER                      ,FA_TRAN             
0047-0005636600009       ,POS SYSTEM & HARDWARE (NON-TOUCH LCD)                       ,     48571.43,05/10/2019,                                                  ,ALTA CITTA                              ,AC-GROCERY CHECK OUT COUNTER                      ,FA_TRAN             
0047-0005636600010       ,POS SYSTEM & HARDWARE (NON-TOUCH LCD)                       ,     48571.43,05/10/2019,                                                  ,ALTA CITTA                              ,AC-GROCERY CHECK OUT COUNTER                      ,FA_TRAN             
0047-0005632000001       ,CCTV ANALOG CAMERA 16 CHANNEL AHD DS-7216HQHI-K1            ,     27901.79,04/29/2019,CAMERA                                            ,ALTA CITTA                              ,AC-SECURITY & SAFETY DEPARTMENT                   ,FA_TRAN             
0047-0005632000002       ,CCTV ANALOG CAMERA 16 CHANNEL AHD DS-7216HQHI-K1            ,     27901.79,04/29/2019,CAMERA                                            ,ALTA CITTA                              ,AC-SECURITY & SAFETY DEPARTMENT                   ,FA_TRAN             
0047-0005632000003       ,CCTV ANALOG CAMERA 16 CHANNEL AHD DS-7216HQHI-K1            ,     27901.79,04/29/2019,CAMERA                                            ,ALTA CITTA                              ,AC-SECURITY & SAFETY DEPARTMENT                   ,FA_TRAN             
0047-0005632000004       ,CCTV ANALOG CAMERA 16 CHANNEL AHD DS-7216HQHI-K1            ,     27901.79,04/29/2019,CAMERA                                            ,ALTA CITTA                              ,AC-SECURITY & SAFETY DEPARTMENT                   ,FA_TRAN             
0047-0005632000005       ,CCTV ANALOG CAMERA 16 CHANNEL AHD DS-7216HQHI-K1            ,     27901.79,04/29/2019,CAMERA                                            ,ALTA CITTA                              ,AC-SECURITY & SAFETY DEPARTMENT                   ,FA_TRAN             
0047-0005632000006       ,CCTV ANALOG CAMERA 16 CHANNEL AHD DS-7216HQHI-K1            ,     27901.79,04/29/2019,CAMERA                                            ,ALTA CITTA                              ,AC-SECURITY & SAFETY DEPARTMENT                   ,FA_TRAN             
0047-0005632000007       ,CCTV ANALOG CAMERA 16 CHANNEL AHD DS-7216HQHI-K1            ,     27901.79,04/29/2019,CAMERA                                            ,ALTA CITTA                              ,AC-SECURITY & SAFETY DEPARTMENT                   ,FA_TRAN             
0047-0005632000008       ,CCTV ANALOG CAMERA 16 CHANNEL AHD DS-7216HQHI-K1            ,     27901.79,04/29/2019,CAMERA                                            ,ALTA CITTA                              ,AC-SECURITY & SAFETY DEPARTMENT                   ,FA_TRAN             
0080-0005366800001       ,AIRCON CARRIER A/C FP 53CVES016 2HP                         ,     53298.00,08/08/2019,AIRCON                                            ,ALTA CITTA                              ,AC-ADMIN                                          ,FA_TRAN             
0047-0005136900002       ,HIK VISION DVR 16 CHANNEL AHD                               ,     28236.61,07/27/2019,                                                  ,ALTA CITTA                              ,AC-INFORMATION TECHNOLOGY                         ,FA_TRAN             
0047-0005632000009       ,CCTV ANALOG CAMERA 16 CHANNEL AHD DS-7216HQHI-K1            ,     34965.77,04/29/2019,CAMERA                                            ,ALTA CITTA                              ,AC-SECURITY & SAFETY DEPARTMENT                   ,FA_TRAN             
0047-0005632000010       ,CCTV ANALOG CAMERA 16 CHANNEL AHD DS-7216HQHI-K1            ,     34965.77,04/29/2019,CAMERA                                            ,ALTA CITTA                              ,AC-SECURITY & SAFETY DEPARTMENT                   ,FA_TRAN             
0047-0005632000011       ,CCTV ANALOG CAMERA 16 CHANNEL AHD DS-7216HQHI-K1            ,     34965.77,04/29/2019,CAMERA                                            ,ALTA CITTA                              ,AC-SECURITY & SAFETY DEPARTMENT                   ,FA_TRAN             
0047-0000661700001       ,VIKING PLATFORM TRUCKS                                      ,      3250.00,08/19/2019,HANDTRUCK                                         ,ALTA CITTA                              ,AC-GENERAL SERVICES DEPARTMENT                    ,FAACQ               
0010298900001            ,YAMAHA STX  2578 UH ( TRIDHARMA )                           ,         0.00,  /  /    ,VEHICLE                                           ,DISTRIBUTION SALES GROUP                ,LDI-DISTRIBUTION SALES GROUP                      ,FA_TRAN             
0010300600001            ,L300 #3 GHW 354                                             ,     50000.00,04/25/1997,VEHICLE                                           ,DISTRIBUTION SALES GROUP                ,LDI-DISTRIBUTION SALES GROUP                      ,FA_TRAN             
0047-0000917500001       ,EPSON TM-T8211 POS PRINTER                                  ,      9500.00,08/23/2019,PRINTER                                           ,ALTA CITTA                              ,AC-MEDICINE PLUS                                  ,FAACQ               
0047-0003042900001       ,CPU SET                                                     ,     15100.00,08/23/2019,CPU                                               ,ALTA CITTA                              ,AC-MEDICINE PLUS                                  ,FAACQ               
0047-0005556600001       ,PALIT GT730 2GB                                             ,      3400.00,08/23/2019,HARD DISK                                         ,ALTA CITTA                              ,AC-MEDICINE PLUS                                  ,FAACQ               
0047-0005556700001       ,CCDEVANT SMART 39LTV900                                     ,     14800.00,08/27/2019,TV                                                ,ALTA CITTA                              ,AC-MEDICINE PLUS                                  ,FAACQ               
0006-0005350100001       ,ISLAND GONDOLAS 1800MM H X 1000MML X 400                    ,    160607.92,06/08/2019,GONDOLA                                           ,ALTA CITTA                              ,AC-MEDICINE PLUS                                  ,FA_TRAN             
0006-0005350500001       ,WALL GONDOLAS 2100MM H X 1000MML X 400MM                    ,     86149.03,06/08/2019,GONDOLA                                           ,ALTA CITTA                              ,AC-MEDICINE PLUS                                  ,FA_TRAN             
0006-0005350600001       ,GONDOLA ENDS 1800MM HX 800MML X 400MM SH                    ,     24477.58,06/08/2019,GONDOLA                                           ,ALTA CITTA                              ,AC-MEDICINE PLUS                                  ,FA_TRAN             
0085-0005377800005       ,GE ELECTRIC METER DIGITAL CT TYPE 400V 3                    ,     14720.00,08/16/2019,ELECTRICAL PARTS                                  ,ALTA CITTA                              ,AC-ADMIN                                          ,FA_TRAN             
0085-0005377900008       ,CURRENT TRANSFORMER SPLIT TYPE 400V 60HZ                    ,      4305.60,08/16/2019,TRANSFORMER                                       ,ALTA CITTA                              ,AC-ADMIN                                          ,FA_TRAN             
0085-0005377900009       ,CURRENT TRANSFORMER SPLIT TYPE 400V 60HZ                    ,      4305.60,08/16/2019,TRANSFORMER                                       ,ALTA CITTA                              ,AC-ADMIN                                          ,FA_TRAN             
0085-0005377900010       ,CURRENT TRANSFORMER SPLIT TYPE 400V 60HZ                    ,      4305.60,08/16/2019,TRANSFORMER                                       ,ALTA CITTA                              ,AC-ADMIN                                          ,FA_TRAN             
0085-0005377900011       ,CURRENT TRANSFORMER SPLIT TYPE 400V 60HZ                    ,      4305.60,08/16/2019,TRANSFORMER                                       ,ALTA CITTA                              ,AC-ADMIN                                          ,FA_TRAN             
0080-0005377800004       ,GE ELECTRIC METER DIGITAL CT TYPE 400V 3                    ,     14720.00,08/15/2019,ELECTRICAL PARTS                                  ,ALTA CITTA                              ,AC-ADMIN                                          ,FA_TRAN             
0085-0005377900012       ,CURRENT TRANSFORMER SPLIT TYPE 400V 60HZ                    ,      4680.00,08/16/2019,TRANSFORMER                                       ,ALTA CITTA                              ,AC-ADMIN                                          ,FA_TRAN             
0085-0005377900013       ,CURRENT TRANSFORMER SPLIT TYPE 400V 60HZ                    ,      4680.00,08/16/2019,TRANSFORMER                                       ,ALTA CITTA                              ,AC-ADMIN                                          ,FA_TRAN             
0085-0005377900014       ,CURRENT TRANSFORMER SPLIT TYPE 400V 60HZ                    ,      4680.00,08/16/2019,TRANSFORMER                                       ,ALTA CITTA                              ,AC-ADMIN                                          ,FA_TRAN             
0085-0005377900015       ,CURRENT TRANSFORMER SPLIT TYPE 400V 60HZ                    ,      4680.00,08/16/2019,TRANSFORMER                                       ,ALTA CITTA                              ,AC-ADMIN                                          ,FA_TRAN             
0047-0003687500002       ,ENCOMPASS ROUTER IP BASE                                    ,     14000.00,08/14/2019,ROUTER                                            ,ALTA CITTA                              ,AC-ADMIN                                          ,FA_TRAN             
0047-0005531500001       ,FUJIDENZO CFRZR FD 11ADF                                    ,     24000.00,07/20/2019,FREEZER                                           ,ALTA CITTA                              ,AC-GROCERY SELLING AREA                           ,FAACQ               
0047-0005531500002       ,FUJIDENZO CFRZR FD 11ADF                                    ,     24000.00,07/20/2019,FREEZER                                           ,ALTA CITTA                              ,AC-GROCERY SELLING AREA                           ,FAACQ               
0047-0005531600001       ,FUJIDENZO CFRZR FD 18ADF                                    ,     31200.00,07/20/2019,FREEZER                                           ,ALTA CITTA                              ,AC-GROCERY SELLING AREA                           ,FAACQ               
0047-0005525300001       ,FCU-5TR                                                     ,     43625.00,08/30/2019,AIRCON                                            ,ALTA CITTA                              ,AC-ADMIN                                          ,FAACQ               
0047-0005525400001       ,FCU-1.0 HP                                                  ,     16750.00,08/30/2019,AIRCON                                            ,ALTA CITTA                              ,AC-ADMIN                                          ,FAACQ               
0047-0005525400002       ,FCU-1.0 HP                                                  ,     16750.00,08/30/2019,AIRCON                                            ,ALTA CITTA                              ,AC-ADMIN                                          ,FAACQ               
0047-0005697900001       ,CROWN SPEAKER                                               ,      8481.25,09/06/2019,SPEAKER                                           ,ALTA CITTA                              ,AC-ENGINEERING DEPARTMENT                         ,FAACQ               
0047-0005697800001       ,AMPLIFIER AV-735UV                                          ,      9699.00,09/06/2019,AMPLIFIER                                         ,ALTA CITTA                              ,AC-ENGINEERING DEPARTMENT                         ,FAACQ               
0047-0005556300001       ,TUTHILL INTERNAL GEAR PUMP                                  ,     70000.00,09/10/2019,PUMP                                              ,ALTA CITTA                              ,AC-ADMIN                                          ,FAACQ               
0047-0000568100002       ,ASAHI ELECTRIC FAN                                          ,      2278.00,09/12/2019,FAN                                               ,ALTA CITTA                              ,AC-ENGINEERING DEPARTMENT                         ,FAACQ               
0047-0005712100001       ,SCHNEIDER CIRCUIT BREAKER 60A EZC100N60A                    ,      2019.40,09/13/2019,CIRCUIT BREAKER                                   ,ALTA CITTA                              ,AC-ENGINEERING DEPARTMENT                         ,FAACQ               
0047-0000318500001       ,WIRELESS MICROPHONE                                         ,      3695.00,09/16/2019,MICROPHONE                                        ,ALTA CITTA                              ,AC-ENGINEERING DEPARTMENT                         ,FAACQ               
0047-0005331100002       ,MOSLER 4820-B STD                                           ,     49107.14,09/17/2019,VAULT                                             ,ALTA CITTA                              ,AC-ADMIN                                          ,FAACQ               
0047-0005523900001       ,CARRIER A/C FP53CGF0123081                                  ,     31900.00,09/25/2019,AIRCON                                            ,ALTA CITTA                              ,AC-ENGINEERING DEPARTMENT                         ,FAACQ               
0000247900016            ,3-ANGLED WAGON L BOTTOM DRAWER WITH WHEELS                  ,      3447.92,12/24/2015,DRAWER                                            ,ALTA CITTA                              ,AC-GROCERY SELLING AREA                           ,FA_TRAN             
0000247900017            ,3-ANGLED WAGON L BOTTOM DRAWER WITH WHEELS                  ,      3447.92,12/24/2015,DRAWER                                            ,ALTA CITTA                              ,AC-GROCERY SELLING AREA                           ,FA_TRAN             
0000764600057            ,F & V ANGLED WAGON 120 120                                  ,     16867.36,12/24/2015,OTHERS                                            ,ALTA CITTA                              ,AC-GROCERY SELLING AREA                           ,FA_TRAN             
0000764600058            ,F & V ANGLED WAGON 120 120                                  ,     16867.36,12/24/2015,OTHERS                                            ,ALTA CITTA                              ,AC-GROCERY SELLING AREA                           ,FA_TRAN             
0085-0005550200001       ,EBARA END SUCTION                                           ,    466513.46,09/19/2019,PUMP                                              ,ALTA CITTA                              ,AC-ADMIN                                          ,FA_TRAN             
0047-0005779500001       ,CONDURA A/C WCONZO10EC 1HP                                  ,     16700.00,09/27/2019,AIRCON                                            ,ALTA CITTA                              ,AC-ENGINEERING DEPARTMENT                         ,FAACQ               
0047-0000940500002       ,BLOWER MAKITA                                               ,      3499.00,10/04/2019,TOOLS                                             ,ALTA CITTA                              ,AC-INFORMATION TECHNOLOGY                         ,FAACQ               
0047-0005209500001       ,8-BAY RACKSTATION (UP TO 12-BAY)                            ,     58858.74,10/10/2019,SERVER                                            ,ALTA CITTA                              ,AC-SECURITY & SAFETY DEPARTMENT                   ,FA_TRAN             
0047-0005209600001       ,SEAGATE IRONWOLF 6TB HDD                                    ,     12170.79,10/10/2019,HARD DISK                                         ,ALTA CITTA                              ,AC-SECURITY & SAFETY DEPARTMENT                   ,FA_TRAN             
0047-0005209600002       ,SEAGATE IRONWOLF 6TB HDD                                    ,     12170.79,10/10/2019,HARD DISK                                         ,ALTA CITTA                              ,AC-SECURITY & SAFETY DEPARTMENT                   ,FA_TRAN             
0047-0005209600003       ,SEAGATE IRONWOLF 6TB HDD                                    ,     12170.79,10/10/2019,HARD DISK                                         ,ALTA CITTA                              ,AC-SECURITY & SAFETY DEPARTMENT                   ,FA_TRAN             
0047-0005209600004       ,SEAGATE IRONWOLF 6TB HDD                                    ,     12170.79,10/10/2019,HARD DISK                                         ,ALTA CITTA                              ,AC-SECURITY & SAFETY DEPARTMENT                   ,FA_TRAN             
0047-0005209600005       ,SEAGATE IRONWOLF 6TB HDD                                    ,     12170.79,10/10/2019,HARD DISK                                         ,ALTA CITTA                              ,AC-SECURITY & SAFETY DEPARTMENT                   ,FA_TRAN             
0047-0005209600006       ,SEAGATE IRONWOLF 6TB HDD                                    ,     12170.79,10/10/2019,HARD DISK                                         ,ALTA CITTA                              ,AC-SECURITY & SAFETY DEPARTMENT                   ,FA_TRAN             
0047-0005209600007       ,SEAGATE IRONWOLF 6TB HDD                                    ,     12170.79,10/10/2019,HARD DISK                                         ,ALTA CITTA                              ,AC-SECURITY & SAFETY DEPARTMENT                   ,FA_TRAN             
0047-0005209600008       ,SEAGATE IRONWOLF 6TB HDD                                    ,     12170.79,10/10/2019,HARD DISK                                         ,ALTA CITTA                              ,AC-SECURITY & SAFETY DEPARTMENT                   ,FA_TRAN             
0047-0005209700001       ,SYNOLOGY SLIDING RAIL KIT                                   ,      4489.23,10/10/2019,OTHERS                                            ,ALTA CITTA                              ,AC-SECURITY & SAFETY DEPARTMENT                   ,FA_TRAN             
0047-0002703000001       ,SCANNER EPSON DS-1630                                       ,     23995.00,10/10/2019,SCANNER                                           ,ALTA CITTA                              ,AC-HUMAN RESOURCE DEPARTMENT                      ,FAACQ               
0047-0005686400001       ,CARRIER STANDARD 40LX DIRECT EXPANSION F                    ,     81125.00,10/19/2019,AIRCON                                            ,ALTA CITTA                              ,AC-ENGINEERING DEPARTMENT                         ,FAACQ               
0047-0004871300001       ,KYK VACUUM CLEANER                                          ,      2999.00,10/24/2019,VACUUM                                            ,ALTA CITTA                              ,AC-ENGINEERING DEPARTMENT                         ,FAACQ               
0047-0000638000001       ,SUBMERSIBLE PUMP                                            ,     11999.75,11/19/2019,PUMP                                              ,ALTA CITTA                              ,AC-ENGINEERING DEPARTMENT                         ,FAACQ               
0047-0005506100001       ,AIRCONDITIONING 2.0 HP                                      ,     17000.00,12/06/2019,AIRCON                                            ,ALTA CITTA                              ,AC-ADMIN                                          ,FAACQ               
0047-0005821100001       ,WATER METER 25MM DIA                                        ,      5669.64,12/10/2019,METER                                             ,ALTA CITTA                              ,AC-ENGINEERING DEPARTMENT                         ,FA_TRAN             
0047-0005957400001       ,WINRMTDSKTPSRVCSCAL 2019 SNGL OLP NL DVC                    ,      7730.00,12/10/2019,SOFTWARE                                          ,ALTA CITTA                              ,AC-ADMIN                                          ,FA_TRAN             
0047-0005957400002       ,WINRMTDSKTPSRVCSCAL 2019 SNGL OLP NL DVC                    ,      7730.00,12/10/2019,SOFTWARE                                          ,ALTA CITTA                              ,AC-ADMIN                                          ,FA_TRAN             
0047-0005957400003       ,WINRMTDSKTPSRVCSCAL 2019 SNGL OLP NL DVC                    ,      7730.00,12/10/2019,SOFTWARE                                          ,ALTA CITTA                              ,AC-ADMIN                                          ,FA_TRAN             
0047-0005957400004       ,WINRMTDSKTPSRVCSCAL 2019 SNGL OLP NL DVC                    ,      7730.00,12/10/2019,SOFTWARE                                          ,ALTA CITTA                              ,AC-ADMIN                                          ,FA_TRAN             
0047-0005957400005       ,WINRMTDSKTPSRVCSCAL 2019 SNGL OLP NL DVC                    ,      7730.00,12/10/2019,SOFTWARE                                          ,ALTA CITTA                              ,AC-ADMIN                                          ,FA_TRAN             
0047-0000427500002       ,WALL FAN ASAHI                                              ,      1758.00,12/11/2019,FAN                                               ,ALTA CITTA                              ,AC-ADMIN                                          ,FAACQ               
0047-0002204200001       ,BOSE SPEAKER BOX                                            ,      2500.00,12/18/2019,SPEAKER                                           ,ALTA CITTA                              ,AC-MEDICINE PLUS                                  ,FAACQ               
0047-0002803300001       ,SAKURA AMPLIFIER AV-993                                     ,      2500.00,12/18/2019,AMPLIFIER                                         ,ALTA CITTA                              ,AC-MEDICINE PLUS                                  ,FAACQ               
0047-0000703900001       ,MEDICINE PLUS BUILD UP SIGN                                 ,     34776.32,12/18/2019,SIGNAGE                                           ,ALTA CITTA                              ,AC-ADMIN                                          ,FA_TRAN             
0047-0000703900002       ,MEDICINE PLUS BUILD UP SIGN                                 ,     34776.32,12/18/2019,SIGNAGE                                           ,ALTA CITTA                              ,AC-ADMIN                                          ,FA_TRAN             
0047-0000861200001       ,CRATE/PACKAGING COST                                        ,     18864.51,12/18/2019,OTHERS                                            ,ALTA CITTA                              ,AC-ADMIN                                          ,FA_TRAN             
0047-0001290900001       ,INSTALLATION COST                                           ,     28706.87,12/18/2019,EXPENSE                                           ,ALTA CITTA                              ,AC-ADMIN                                          ,FA_TRAN             
0047-0001640900001       ,ATM CENTER SIGN                                             ,     29527.06,12/18/2019,SIGNAGE                                           ,ALTA CITTA                              ,AC-ADMIN                                          ,FA_TRAN             
0047-0004412900001       ,GONDOLA AISLE SIGNAGE                                       ,      5987.43,12/18/2019,SIGNAGE                                           ,ALTA CITTA                              ,AC-ADMIN                                          ,FA_TRAN             
0047-0004412900002       ,GONDOLA AISLE SIGNAGE                                       ,      5987.43,12/18/2019,SIGNAGE                                           ,ALTA CITTA                              ,AC-ADMIN                                          ,FA_TRAN             
0047-0004412900003       ,GONDOLA AISLE SIGNAGE                                       ,      5987.43,12/18/2019,SIGNAGE                                           ,ALTA CITTA                              ,AC-ADMIN                                          ,FA_TRAN             
0047-0004412900004       ,GONDOLA AISLE SIGNAGE                                       ,      5987.43,12/18/2019,SIGNAGE                                           ,ALTA CITTA                              ,AC-ADMIN                                          ,FA_TRAN             
0047-0004412900005       ,GONDOLA AISLE SIGNAGE                                       ,      5987.43,12/18/2019,SIGNAGE                                           ,ALTA CITTA                              ,AC-ADMIN                                          ,FA_TRAN             
0047-0004412900006       ,GONDOLA AISLE SIGNAGE                                       ,      5987.43,12/18/2019,SIGNAGE                                           ,ALTA CITTA                              ,AC-ADMIN                                          ,FA_TRAN             
0047-0004412900007       ,GONDOLA AISLE SIGNAGE                                       ,      5987.43,12/18/2019,SIGNAGE                                           ,ALTA CITTA                              ,AC-ADMIN                                          ,FA_TRAN             
0047-0004412900008       ,GONDOLA AISLE SIGNAGE                                       ,      5987.43,12/18/2019,SIGNAGE                                           ,ALTA CITTA                              ,AC-ADMIN                                          ,FA_TRAN             
0047-0004412900009       ,GONDOLA AISLE SIGNAGE                                       ,      5987.43,12/18/2019,SIGNAGE                                           ,ALTA CITTA                              ,AC-ADMIN                                          ,FA_TRAN             
0047-0004412900010       ,GONDOLA AISLE SIGNAGE                                       ,      5987.43,12/18/2019,SIGNAGE                                           ,ALTA CITTA                              ,AC-ADMIN                                          ,FA_TRAN             
0047-0004412900011       ,GONDOLA AISLE SIGNAGE                                       ,      5987.43,12/18/2019,SIGNAGE                                           ,ALTA CITTA                              ,AC-ADMIN                                          ,FA_TRAN             
0047-0004413000001       ,SUPERMARKET CHECK OUT COUNTER SIGNAGES                      ,      6971.67,12/18/2019,SIGNAGE                                           ,ALTA CITTA                              ,AC-GROCERY CHECK OUT COUNTER                      ,FA_TRAN             
0047-0004413000002       ,SUPERMARKET CHECK OUT COUNTER SIGNAGES                      ,      6971.67,12/18/2019,SIGNAGE                                           ,ALTA CITTA                              ,AC-GROCERY CHECK OUT COUNTER                      ,FA_TRAN             
0047-0004413000003       ,SUPERMARKET CHECK OUT COUNTER SIGNAGES                      ,      6971.67,12/18/2019,SIGNAGE                                           ,ALTA CITTA                              ,AC-GROCERY CHECK OUT COUNTER                      ,FA_TRAN             
0047-0004413000004       ,SUPERMARKET CHECK OUT COUNTER SIGNAGES                      ,      6971.67,12/18/2019,SIGNAGE                                           ,ALTA CITTA                              ,AC-GROCERY CHECK OUT COUNTER                      ,FA_TRAN             
0047-0004413000005       ,SUPERMARKET CHECK OUT COUNTER SIGNAGES                      ,      6971.67,12/18/2019,SIGNAGE                                           ,ALTA CITTA                              ,AC-GROCERY CHECK OUT COUNTER                      ,FA_TRAN             
0047-0004413000006       ,SUPERMARKET CHECK OUT COUNTER SIGNAGES                      ,      6971.67,12/18/2019,SIGNAGE                                           ,ALTA CITTA                              ,AC-GROCERY CHECK OUT COUNTER                      ,FA_TRAN             
0047-0004413000007       ,SUPERMARKET CHECK OUT COUNTER SIGNAGES                      ,      6971.67,12/18/2019,SIGNAGE                                           ,ALTA CITTA                              ,AC-GROCERY CHECK OUT COUNTER                      ,FA_TRAN             
0047-0004413000008       ,SUPERMARKET CHECK OUT COUNTER SIGNAGES                      ,      6971.67,12/18/2019,SIGNAGE                                           ,ALTA CITTA                              ,AC-GROCERY CHECK OUT COUNTER                      ,FA_TRAN             
0047-0005670900001       ,TEXT & LOGO BUILD UP SIGNAGE ""PRAWN FARM                    ,    141032.73,12/18/2019,SIGNAGE                                           ,ALTA CITTA                              ,AC-ADMIN                                          ,FA_TRAN             
0047-0005670900002       ,TEXT & LOGO BUILD UP SIGNAGE ""PRAWN FARM                    ,    141032.73,12/18/2019,SIGNAGE                                           ,ALTA CITTA                              ,AC-ADMIN                                          ,FA_TRAN             
0047-0005671000001       ,""SUPERMARKET""BUILD UP (ENTRANCE SIGN)                       ,     63155.11,12/18/2019,SIGNAGE                                           ,ALTA CITTA                              ,AC-ADMIN                                          ,FA_TRAN             
0047-0005671000002       ,""SUPERMARKET""BUILD UP (ENTRANCE SIGN)                       ,     63155.11,12/18/2019,SIGNAGE                                           ,ALTA CITTA                              ,AC-ADMIN                                          ,FA_TRAN             
0047-0005671100001       ,DIRECTIONAL: ELEVETOR & TOILETS SIGN CAN                    ,      6807.63,12/18/2019,SIGNAGE                                           ,ALTA CITTA                              ,AC-ADMIN                                          ,FA_TRAN             
0047-0005671100002       ,DIRECTIONAL: ELEVETOR & TOILETS SIGN CAN                    ,      6807.63,12/18/2019,SIGNAGE                                           ,ALTA CITTA                              ,AC-ADMIN                                          ,FA_TRAN             
0047-0005671200001       ,RECEIVING SIGN                                              ,      6151.47,12/18/2019,SIGNAGE                                           ,ALTA CITTA                              ,AC-GROCERY RECEIVING                              ,FA_TRAN             
0047-0000989000001       ,KAWASAKI PRESSURE WASHER                                    ,     12499.75,12/18/2019,PRESSURE WASHER                                   ,ALTA CITTA                              ,AC-ENGINEERING DEPARTMENT                         ,FA_TRAN             
0047-0004149400027       ,DELL OPTIPLEX 3060 SMALL FORM FACTOR                        ,     28805.83,12/27/2019,COMPUTER                                          ,ALTA CITTA                              ,AC-TREASURY                                       ,FA_TRAN             
0047-0004149400029       ,DELL OPTIPLEX 3060 SMALL FORM FACTOR                        ,     28805.83,12/27/2019,COMPUTER                                          ,ALTA CITTA                              ,AC-FIXED ASSET DEPARTMENT                         ,FAACQ               
0047-0004149400030       ,DELL OPTIPLEX 3060 SMALL FORM FACTOR                        ,     28805.83,12/27/2019,COMPUTER                                          ,ALTA CITTA                              ,AC-FIXED ASSET DEPARTMENT                         ,FAACQ               
0047-0004149400031       ,DELL OPTIPLEX 3060 SMALL FORM FACTOR                        ,     28805.83,12/27/2019,COMPUTER                                          ,ALTA CITTA                              ,AC-FIXED ASSET DEPARTMENT                         ,FAACQ               
0047-0004149400032       ,DELL OPTIPLEX 3060 SMALL FORM FACTOR                        ,     28805.83,12/27/2019,COMPUTER                                          ,ALTA CITTA                              ,AC-GROCERY SELLING AREA                           ,FA_TRAN             
0047-0004702200027       ,DELL E1916H 18.5"" WIDESCREEN FLAT PANEL                     ,      3783.45,12/27/2019,MONITOR                                           ,ALTA CITTA                              ,AC-TREASURY                                       ,FA_TRAN             
0047-0004702200028       ,DELL E1916H 18.5"" WIDESCREEN FLAT PANEL                     ,      3783.45,12/27/2019,MONITOR                                           ,ALTA CITTA                              ,AC-FIXED ASSET DEPARTMENT                         ,FAACQ               
0047-0004702200029       ,DELL E1916H 18.5"" WIDESCREEN FLAT PANEL                     ,      3783.45,12/27/2019,MONITOR                                           ,ALTA CITTA                              ,AC-FIXED ASSET DEPARTMENT                         ,FAACQ               
0047-0004702200030       ,DELL E1916H 18.5"" WIDESCREEN FLAT PANEL                     ,      3783.45,12/27/2019,MONITOR                                           ,ALTA CITTA                              ,AC-FIXED ASSET DEPARTMENT                         ,FAACQ               
0047-0004702200031       ,DELL E1916H 18.5"" WIDESCREEN FLAT PANEL                     ,      3783.45,12/27/2019,MONITOR                                           ,ALTA CITTA                              ,AC-HUMAN RESOURCE DEPARTMENT                      ,FA_TRAN             
0047-0004702200032       ,DELL E1916H 18.5"" WIDESCREEN FLAT PANEL                     ,      3783.45,12/27/2019,MONITOR                                           ,ALTA CITTA                              ,AC-GROCERY PURCHASING DEPARTMENT                  ,FA_TRAN             
0047-0005564800001       ,MITS. FUSO CANTER FE71 CS#:B4R272 PL#:GAM-2071              ,   1321429.00,01/31/2020,VEHICLE                                           ,ALTA CITTA                              ,AC-GROCERY RECEIVING                              ,FA_TRAN             
0047-0006096100001       ,CHAIN BLOCK 3 TONS GENIUNE VITAL JAPAN                      ,     18600.00,01/30/2020,OTHERS                                            ,ALTA CITTA                              ,AC-ENGINEERING DEPARTMENT                         ,FAACQ               
0047-0006096200001       ,LADDER STEP [RL-FGS8]FGLS 8FT ORG                           ,      7964.29,01/31/2020,LADDER-ALUMINUM                                   ,ALTA CITTA                              ,AC-ENGINEERING DEPARTMENT                         ,FAACQ               
0047-0006096300001       ,LADDER STEP [RL-FGS12]FGLS 12FT ORG                         ,     16857.14,01/31/2020,LADDER-ALUMINUM                                   ,ALTA CITTA                              ,AC-ENGINEERING DEPARTMENT                         ,FAACQ               
0047-0006096400001       ,SECTIONAL MACHINE [K-60SP-SE] 1/4 240V                      ,    110892.86,01/31/2020,MACHINE                                           ,ALTA CITTA                              ,AC-ENGINEERING DEPARTMENT                         ,FAACQ               
0047-0005434500001       ,ALTA CITTA SIGN MAIN SIGN FRONT LIGHTED                     ,    384685.00,01/01/2020,SIGNAGE                                           ,ALTA CITTA                              ,AC-ADMIN                                          ,FAACQ               
0047-0005434500002       ,ALTA CITTA SIGN MAIN SIGN FRONT LIGHTED                     ,    384685.00,01/01/2020,SIGNAGE                                           ,ALTA CITTA                              ,AC-ADMIN                                          ,FAACQ               
0047-0005434600001       ,ALTA CITTA SIGN PYLON SIGN FRONT LIGHTED                    ,    291494.00,01/01/2020,SIGNAGE                                           ,ALTA CITTA                              ,AC-ADMIN                                          ,FAACQ               
0047-0000029800001       ,BARCODE SCANNER                                             ,      5300.00,02/22/2020,SCANNER                                           ,ALTA CITTA                              ,AC-GROCERY CHECK OUT COUNTER                      ,FA_TRAN             
0047-0006213300001       ,BENCH VICE 6"" STEEL KYK                                     ,      3490.00,02/26/2020,TOOLS                                             ,ALTA CITTA                              ,AC-ENGINEERING DEPARTMENT                         ,FAACQ               
0047-0002348700001       ,LABOR AND CONSUMABLES                                       ,     34347.05,02/27/2020,OTHERS                                            ,ALTA CITTA                              ,AC-ADMIN                                          ,FAACQ               
0047-0006126400001       ,STANDY TABLE TOP                                            ,      3804.41,02/27/2020,TABLE                                             ,ALTA CITTA                              ,AC-ADMIN                                          ,FAACQ               
0047-0006126400002       ,STANDY TABLE TOP                                            ,      3804.41,02/27/2020,TABLE                                             ,ALTA CITTA                              ,AC-ADMIN                                          ,FAACQ               
0047-0006126400003       ,STANDY TABLE TOP                                            ,      3804.41,02/27/2020,TABLE                                             ,ALTA CITTA                              ,AC-ADMIN                                          ,FAACQ               
0047-0006126400004       ,STANDY TABLE TOP                                            ,      3804.41,02/27/2020,TABLE                                             ,ALTA CITTA                              ,AC-ADMIN                                          ,FAACQ               
0047-0006126400005       ,STANDY TABLE TOP                                            ,      3804.41,02/27/2020,TABLE                                             ,ALTA CITTA                              ,AC-ADMIN                                          ,FAACQ               
0047-0006126400006       ,STANDY TABLE TOP                                            ,      3804.41,02/27/2020,TABLE                                             ,ALTA CITTA                              ,AC-ADMIN                                          ,FAACQ               
0047-0006126400007       ,STANDY TABLE TOP                                            ,      3804.41,02/27/2020,TABLE                                             ,ALTA CITTA                              ,AC-ADMIN                                          ,FAACQ               
0047-0006126400008       ,STANDY TABLE TOP                                            ,      3804.41,02/27/2020,TABLE                                             ,ALTA CITTA                              ,AC-ADMIN                                          ,FAACQ               
0047-0006126400009       ,STANDY TABLE TOP                                            ,      3804.41,02/27/2020,TABLE                                             ,ALTA CITTA                              ,AC-ADMIN                                          ,FAACQ               
0047-0006126400010       ,STANDY TABLE TOP                                            ,      3804.41,02/27/2020,TABLE                                             ,ALTA CITTA                              ,AC-ADMIN                                          ,FAACQ               
0047-0006126400011       ,STANDY TABLE TOP                                            ,      3804.41,02/27/2020,TABLE                                             ,ALTA CITTA                              ,AC-ADMIN                                          ,FAACQ               
0047-0006126400012       ,STANDY TABLE TOP                                            ,      3804.41,02/27/2020,TABLE                                             ,ALTA CITTA                              ,AC-ADMIN                                          ,FAACQ               
0047-0006010300001       ,HRMS COUNTER TABLE .30X1.80X.85                             ,      4003.06,03/07/2020,TABLE                                             ,ALTA CITTA                              ,AC-GROCERY CHECK OUT COUNTER                      ,FAACQ               
0047-0005293800001       ,MOVABLE LADDER-G1 66 X 88 X 1.97                            ,     11072.82,03/27/2019,LADDER-ALUMINUM                                   ,ALTA CITTA                              ,AC-GROCERY SELLING AREA                           ,FAACQ               
0047-0005293800002       ,MOVABLE LADDER-G1 66 X 88 X 1.97                            ,     11072.82,03/27/2019,LADDER-ALUMINUM                                   ,ALTA CITTA                              ,AC-GROCERY SELLING AREA                           ,FAACQ               
0047-0005293800003       ,MOVABLE LADDER-G1 66 X 88 X 1.97                            ,     11072.82,03/27/2019,LADDER-ALUMINUM                                   ,ALTA CITTA                              ,AC-GROCERY SELLING AREA                           ,FAACQ               
0047-0005293800004       ,MOVABLE LADDER-G1 66 X 88 X 1.97                            ,     11072.82,03/27/2019,LADDER-ALUMINUM                                   ,ALTA CITTA                              ,AC-GROCERY SELLING AREA                           ,FAACQ               
0047-0005293900001       ,STAINLESS CRATES TROLLEY 39 X 55 X 13                       ,      4402.75,03/27/2019,TROLLEY-STAINLESS                                 ,ALTA CITTA                              ,AC-GROCERY CHECK OUT COUNTER                      ,FA_TRAN             
0047-0005293900002       ,STAINLESS CRATES TROLLEY 39 X 55 X 13                       ,      4402.75,03/27/2019,TROLLEY-STAINLESS                                 ,ALTA CITTA                              ,AC-GROCERY CHECK OUT COUNTER                      ,FA_TRAN             
0047-0005293900003       ,STAINLESS CRATES TROLLEY 39 X 55 X 13                       ,      4402.75,03/27/2019,TROLLEY-STAINLESS                                 ,ALTA CITTA                              ,AC-GROCERY CHECK OUT COUNTER                      ,FA_TRAN             
0047-0005293900004       ,STAINLESS CRATES TROLLEY 39 X 55 X 13                       ,      4402.75,03/27/2019,TROLLEY-STAINLESS                                 ,ALTA CITTA                              ,AC-GROCERY CHECK OUT COUNTER                      ,FA_TRAN             
0047-0005294000001       ,STAINLESS TROLLEY 50 X 90 X 68                              ,     13570.77,03/27/2019,TROLLEY-STAINLESS                                 ,ALTA CITTA                              ,AC-GROCERY SELLING AREA                           ,FAACQ               
0047-0005294000002       ,STAINLESS TROLLEY 50 X 90 X 68                              ,     13570.77,03/27/2019,TROLLEY-STAINLESS                                 ,ALTA CITTA                              ,AC-GROCERY SELLING AREA                           ,FAACQ               
0047-0005294000003       ,STAINLESS TROLLEY 50 X 90 X 68                              ,     13570.77,03/27/2019,TROLLEY-STAINLESS                                 ,ALTA CITTA                              ,AC-GROCERY SELLING AREA                           ,FAACQ               
0047-0005294000004       ,STAINLESS TROLLEY 50 X 90 X 68                              ,     13570.77,03/27/2019,TROLLEY-STAINLESS                                 ,ALTA CITTA                              ,AC-GROCERY SELLING AREA                           ,FAACQ               
0047-0005294000005       ,STAINLESS TROLLEY 50 X 90 X 68                              ,     13570.77,03/27/2019,TROLLEY-STAINLESS                                 ,ALTA CITTA                              ,AC-GROCERY SELLING AREA                           ,FAACQ               
0047-0005294000006       ,STAINLESS TROLLEY 50 X 90 X 68                              ,     13570.77,03/27/2019,TROLLEY-STAINLESS                                 ,ALTA CITTA                              ,AC-GROCERY SELLING AREA                           ,FAACQ               
0047-0005294200001       ,STAINLESS CARRY-OUT CART 60 X 79 X 1.11                     ,     24831.48,03/12/2020,OTHERS                                            ,ALTA CITTA                              ,AC-GROCERY CHECK OUT COUNTER                      ,FA_TRAN             
0047-0005294200002       ,STAINLESS CARRY-OUT CART 60 X 79 X 1.11                     ,     24831.48,03/12/2020,OTHERS                                            ,ALTA CITTA                              ,AC-GROCERY CHECK OUT COUNTER                      ,FA_TRAN             
0047-0005294200003       ,STAINLESS CARRY-OUT CART 60 X 79 X 1.11                     ,     24831.48,03/12/2020,OTHERS                                            ,ALTA CITTA                              ,AC-GROCERY CHECK OUT COUNTER                      ,FA_TRAN             
0047-0005294200004       ,STAINLESS CARRY-OUT CART 60 X 79 X 1.11                     ,     24831.48,03/12/2020,OTHERS                                            ,ALTA CITTA                              ,AC-GROCERY CHECK OUT COUNTER                      ,FA_TRAN             
0047-0005294300001       ,STAINLESS TRAY DISPENSER 60 X 50 X 15                       ,      4987.28,03/12/2020,DISPENSER                                         ,ALTA CITTA                              ,AC-GROCERY SELLING AREA                           ,FA_TRAN             
0047-0005294300002       ,STAINLESS TRAY DISPENSER 60 X 50 X 15                       ,      4987.28,03/12/2020,DISPENSER                                         ,ALTA CITTA                              ,AC-GROCERY SELLING AREA                           ,FA_TRAN             
0047-0005294300003       ,STAINLESS TRAY DISPENSER 60 X 50 X 15                       ,      4987.28,03/12/2020,DISPENSER                                         ,ALTA CITTA                              ,AC-GROCERY SELLING AREA                           ,FA_TRAN             
0047-0005294300004       ,STAINLESS TRAY DISPENSER 60 X 50 X 15                       ,      4987.28,03/12/2020,DISPENSER                                         ,ALTA CITTA                              ,AC-GROCERY SELLING AREA                           ,FA_TRAN             
0047-0005294300005       ,STAINLESS TRAY DISPENSER 60 X 50 X 15                       ,      4987.28,03/12/2020,DISPENSER                                         ,ALTA CITTA                              ,AC-GROCERY SELLING AREA                           ,FA_TRAN             
0047-0005294300006       ,STAINLESS TRAY DISPENSER 60 X 50 X 15                       ,      4987.28,03/12/2020,DISPENSER                                         ,ALTA CITTA                              ,AC-GROCERY SELLING AREA                           ,FA_TRAN             
0047-0005294300007       ,STAINLESS TRAY DISPENSER 60 X 50 X 15                       ,      4987.28,03/12/2020,DISPENSER                                         ,ALTA CITTA                              ,AC-GROCERY SELLING AREA                           ,FA_TRAN             
0047-0005294300008       ,STAINLESS TRAY DISPENSER 60 X 50 X 15                       ,      4987.28,03/12/2020,DISPENSER                                         ,ALTA CITTA                              ,AC-GROCERY SELLING AREA                           ,FA_TRAN             
0047-0005294300009       ,STAINLESS TRAY DISPENSER 60 X 50 X 15                       ,      4987.28,03/12/2020,DISPENSER                                         ,ALTA CITTA                              ,AC-GROCERY SELLING AREA                           ,FA_TRAN             
0047-0005294300010       ,STAINLESS TRAY DISPENSER 60 X 50 X 15                       ,      4987.28,03/12/2020,DISPENSER                                         ,ALTA CITTA                              ,AC-GROCERY SELLING AREA                           ,FA_TRAN             
0047-0005294400001       ,STEEL RACK 40 X 1.80 X 1.80                                 ,     19095.98,03/12/2020,RACK                                              ,ALTA CITTA                              ,AC-GROCERY RECEIVING                              ,FAACQ               
0047-0006009600001       ,REPACKING TABLE .70X1.10X.75                                ,     20507.57,03/12/2020,TABLE                                             ,ALTA CITTA                              ,AC-GROCERY RECEIVING                              ,FAACQ               
0047-0006161100001       ,STAINLESS UMBRELLA RACK .85X.35X.75                         ,      6918.40,03/12/2020,RACK                                              ,ALTA CITTA                              ,AC-GENERAL SERVICES DEPARTMENT                    ,FAACQ               
0047-0006161100002       ,STAINLESS UMBRELLA RACK .85X.35X.75                         ,      6918.40,03/12/2020,RACK                                              ,ALTA CITTA                              ,AC-GENERAL SERVICES DEPARTMENT                    ,FAACQ               
0047-0006161100003       ,STAINLESS UMBRELLA RACK .85X.35X.75                         ,      6918.40,03/12/2020,RACK                                              ,ALTA CITTA                              ,AC-GENERAL SERVICES DEPARTMENT                    ,FAACQ               
0047-0006010200001       ,COC GONDOLA .77X.75X1.20                                    ,     10342.14,03/12/2020,GONDOLA                                           ,ALTA CITTA                              ,AC-GROCERY CHECK OUT COUNTER                      ,FAACQ               
0047-0006010200002       ,COC GONDOLA .77X.75X1.20                                    ,     10342.14,03/12/2020,GONDOLA                                           ,ALTA CITTA                              ,AC-GROCERY CHECK OUT COUNTER                      ,FAACQ               
0047-0006010200003       ,COC GONDOLA .77X.75X1.20                                    ,     10342.14,03/12/2020,GONDOLA                                           ,ALTA CITTA                              ,AC-GROCERY CHECK OUT COUNTER                      ,FAACQ               
0047-0006010200004       ,COC GONDOLA .77X.75X1.20                                    ,     10342.14,03/12/2020,GONDOLA                                           ,ALTA CITTA                              ,AC-GROCERY CHECK OUT COUNTER                      ,FAACQ               
0047-0005890200001       ,COSTUDIAN RACK .40 X 1.00M                                  ,      6659.03,03/12/2020,RACK                                              ,ALTA CITTA                              ,AC-GROCERY CHECK OUT COUNTER                      ,FAACQ               
0047-0005890200002       ,COSTUDIAN RACK .40 X 1.00M                                  ,      6659.03,03/12/2020,RACK                                              ,ALTA CITTA                              ,AC-GROCERY CHECK OUT COUNTER                      ,FAACQ               
0047-0005890200003       ,COSTUDIAN RACK .40 X 1.00M                                  ,      6659.03,03/12/2020,RACK                                              ,ALTA CITTA                              ,AC-GROCERY CHECK OUT COUNTER                      ,FAACQ               
0047-0006189300001       ,1439996 CARRIER A/C WCARHOO8EC.75HP                         ,     19400.00,03/14/2020,AIRCON                                            ,ALTA CITTA                              ,AC-SECURITY & SAFETY DEPARTMENT                   ,FAACQ               
0047-0000542200017       ,KENWOOD UHF RADIO TK-3107                                   ,      8500.00,03/17/2020,RADIO                                             ,ALTA CITTA                              ,AC-SECURITY & SAFETY DEPARTMENT                   ,FAACQ               
0047-0000542200018       ,KENWOOD UHF RADIO TK-3107                                   ,      8500.00,03/17/2020,RADIO                                             ,ALTA CITTA                              ,AC-SECURITY & SAFETY DEPARTMENT                   ,FAACQ               
0047-0000542200019       ,KENWOOD UHF RADIO TK-3107                                   ,      8500.00,03/17/2020,RADIO                                             ,ALTA CITTA                              ,AC-SECURITY & SAFETY DEPARTMENT                   ,FAACQ               
0047-0000542200020       ,KENWOOD UHF RADIO TK-3107                                   ,      8500.00,03/17/2020,RADIO                                             ,ALTA CITTA                              ,AC-SECURITY & SAFETY DEPARTMENT                   ,FAACQ               
0047-0000542200021       ,KENWOOD UHF RADIO TK-3107                                   ,      8500.00,03/17/2020,RADIO                                             ,ALTA CITTA                              ,AC-SECURITY & SAFETY DEPARTMENT                   ,FAACQ               
0047-0000542200022       ,KENWOOD UHF RADIO TK-3107                                   ,      8500.00,03/17/2020,RADIO                                             ,ALTA CITTA                              ,AC-SECURITY & SAFETY DEPARTMENT                   ,FAACQ               
0026-0006311700018       ,INFRARED NON-CONTACT THERMOMETER                            ,      2115.39,04/01/2020,THERMOMETER                                       ,ALTA CITTA                              ,AC-ADMIN                                          ,FA_TRAN             
0026-0006311700019       ,INFRARED NON-CONTACT THERMOMETER                            ,      2115.39,04/01/2020,THERMOMETER                                       ,ALTA CITTA                              ,AC-ADMIN                                          ,FA_TRAN             
0026-0006311700020       ,INFRARED NON-CONTACT THERMOMETER                            ,      2115.39,04/01/2020,THERMOMETER                                       ,ALTA CITTA                              ,AC-ADMIN                                          ,FA_TRAN             
0026-0006311700021       ,INFRARED NON-CONTACT THERMOMETER                            ,      2115.39,04/01/2020,THERMOMETER                                       ,ALTA CITTA                              ,AC-ADMIN                                          ,FA_TRAN             
0026-0006311700022       ,INFRARED NON-CONTACT THERMOMETER                            ,      2115.39,04/01/2020,THERMOMETER                                       ,ALTA CITTA                              ,AC-ADMIN                                          ,FA_TRAN             
0047-0000411400001       ,LAMINATING MACHINE                                          ,      6696.43,06/10/2020,LAMINATING MACHINE                                ,ALTA CITTA                              ,AC-GROCERY SELLING AREA                           ,FAACQ               
0047-0006394100001       ,THERMAL SCANNER                                             ,      3220.00,06/16/2020,SCANNER                                           ,ALTA CITTA                              ,AC-SECURITY & SAFETY DEPARTMENT                   ,FAACQ               
0047-0002537700001       ,AIRCON CARRIER 3TR                                          ,     64200.00,07/01/2020,AIRCON                                            ,ALTA CITTA                              ,AC-ENGINEERING DEPARTMENT                         ,FAACQ               
0047-0000542200023       ,KENWOOD UHF RADIO TK-3107                                   ,      8500.00,07/20/2020,RADIO                                             ,ALTA CITTA                              ,AC-ENGINEERING DEPARTMENT                         ,FAACQ               
0047-0006042400001       ,CELLPHONE SAMSUNG GALAXY A10S                               ,      5990.00,07/28/2020,CELLPHONE                                         ,ALTA CITTA                              ,AC-GROCERY CHECK OUT COUNTER                      ,FAACQ               
0047-0006042400002       ,CELLPHONE SAMSUNG GALAXY A10S                               ,      5990.00,07/28/2020,CELLPHONE                                         ,ALTA CITTA                              ,AC-GROCERY CHECK OUT COUNTER                      ,FAACQ               
0026-0000009500004       ,MONITOR LED AOC 18.5""                                       ,      3850.00,09/29/2015,MONITOR                                           ,ALTA CITTA                              ,AC-ADMIN                                          ,FA_TRAN             
0047-0001519800001       ,NFS-LADDER WERNER FIBERGLASS 6210AS 10'                     ,      9743.30,09/28/2020,LADDER                                            ,ALTA CITTA                              ,AC-GROCERY RECEIVING                              ,FAACQ               
0047-0006354100001       ,ELECTRIC MOTOR SOFT STARTER 20HP 30 60HZ                    ,     27324.00,10/06/2020,ELECTRIC MOTOR                                    ,ALTA CITTA                              ,AC-ENGINEERING DEPARTMENT                         ,FAACQ               
0047-0006354100002       ,ELECTRIC MOTOR SOFT STARTER 20HP 30 60HZ                    ,     27324.00,10/06/2020,ELECTRIC MOTOR                                    ,ALTA CITTA                              ,AC-ENGINEERING DEPARTMENT                         ,FAACQ               
0047-0005115600001       ,SCAN SYMBOL MOTOROLA LS2208                                 ,      5300.00,10/28/2020,SCANNER                                           ,ALTA CITTA                              ,AC-CUSTOMER FINANCIAL SERVICES                    ,FAACQ               
0047-0005115600002       ,SCAN SYMBOL MOTOROLA LS2208                                 ,      5300.00,10/28/2020,SCANNER                                           ,ALTA CITTA                              ,AC-CUSTOMER FINANCIAL SERVICES                    ,FAACQ               
0047-0006487000001       ,COMPRESSOR FOR UPRIGHT FREEZER                              ,     23000.00,10/28/2020,COMPRESSOR                                        ,ALTA CITTA                              ,AC-GROCERY SELLING AREA                           ,FAACQ               
0047-0006487000002       ,COMPRESSOR FOR UPRIGHT FREEZER                              ,     23000.00,10/28/2020,COMPRESSOR                                        ,ALTA CITTA                              ,AC-GROCERY SELLING AREA                           ,FAACQ               
0047-0005571600001       ,TOYOTA HILUX CS#:P7X189 PL#:GAO-8592                        ,    909250.00,09/18/2020,VEHICLE                                           ,LOGISTICS                               ,DELIVERY & TRUCKING                               ,FA_TRAN             
0047-0006519000001       ,SAMSUNG GALAXY A11                                          ,      6490.00,11/09/2020,CELLPHONE                                         ,ALTA CITTA                              ,AC-LEASING DEPARTMENT                             ,FAACQ               
0047-0006519000002       ,SAMSUNG GALAXY A11                                          ,      6490.00,11/09/2020,CELLPHONE                                         ,ALTA CITTA                              ,AC-LEASING DEPARTMENT                             ,FAACQ               
0047-0006519000003       ,SAMSUNG GALAXY A11                                          ,      6490.00,11/09/2020,CELLPHONE                                         ,ALTA CITTA                              ,AC-LEASING DEPARTMENT                             ,FAACQ               
0047-0006534400001       ,INSTALLATION OF 3X167 KVA DISTRIBUTION A                    ,    830274.84,03/16/2018,ELECTRICAL SUPPLIES                               ,ALTA CITTA                              ,AC-ENGINEERING DEPARTMENT                         ,FAACQ               
0047-0006542300001       ,APPLICATION FOR REGISTRATION OF TRADE MA                    ,      4504.40,10/22/2020,SOFTWARE                                          ,ALTA CITTA                              ,AC-LEASING DEPARTMENT                             ,FAACQ               
0026-0002616600010       ,CPU INTEL CORE I3 3240                                      ,     12950.00,08/27/2014,CPU                                               ,ALTA CITTA                              ,AC-ADMIN                                          ,FA_TRAN             
0026-0004230500015       ,MONITOR AOC 18.5""                                           ,      3950.00,07/18/2014,MONITOR                                           ,ALTA CITTA                              ,AC-ADMIN                                          ,FA_TRAN             
0026-0004230500016       ,MONITOR AOC 18.5""                                           ,      3950.00,09/27/2014,MONITOR                                           ,ALTA CITTA                              ,AC-ADMIN                                          ,FA_TRAN             
0047-0006431100001       ,"THERMISTOR SENSOR; T1, EWT                                  ",      5616.00,10/19/2020,ELECTRICAL SUPPLIES                               ,ALTA CITTA                              ,AC-ENGINEERING DEPARTMENT                         ,FAACQ               
0047-0006431100002       ,"THERMISTOR SENSOR; T1, EWT                                  ",      5616.00,10/19/2020,ELECTRICAL SUPPLIES                               ,ALTA CITTA                              ,AC-ENGINEERING DEPARTMENT                         ,FAACQ               
0047-0006431200001       ,"THERMISTOR SENSOR; T2, LWT                                  ",      5616.00,10/19/2020,ELECTRICAL SUPPLIES                               ,ALTA CITTA                              ,AC-ENGINEERING DEPARTMENT                         ,FAACQ               
0047-0006431200002       ,"THERMISTOR SENSOR; T2, LWT                                  ",      5616.00,10/19/2020,ELECTRICAL SUPPLIES                               ,ALTA CITTA                              ,AC-ENGINEERING DEPARTMENT                         ,FAACQ               
0047-0006431300001       ,"THERMISTOR SENSOR; T3, OAT                                  ",      5616.00,10/19/2020,ELECTRICAL SUPPLIES                               ,ALTA CITTA                              ,AC-ENGINEERING DEPARTMENT                         ,FAACQ               
0047-0006431300002       ,"THERMISTOR SENSOR; T3, OAT                                  ",      5616.00,10/19/2020,ELECTRICAL SUPPLIES                               ,ALTA CITTA                              ,AC-ENGINEERING DEPARTMENT                         ,FAACQ               
0047-0006431400001       ,"THERMISTOR SENSOR; T4, SGTA                                 ",      5616.00,10/19/2020,ELECTRICAL SUPPLIES                               ,ALTA CITTA                              ,AC-ENGINEERING DEPARTMENT                         ,FAACQ               
0047-0006431400002       ,"THERMISTOR SENSOR; T4, SGTA                                 ",      5616.00,10/19/2020,ELECTRICAL SUPPLIES                               ,ALTA CITTA                              ,AC-ENGINEERING DEPARTMENT                         ,FAACQ               
0047-0006431500001       ,"THERMISTOR SENSOR; T5, SGTB                                 ",      5616.00,10/19/2020,ELECTRICAL SUPPLIES                               ,ALTA CITTA                              ,AC-ENGINEERING DEPARTMENT                         ,FAACQ               
0047-0006431500002       ,"THERMISTOR SENSOR; T5, SGTB                                 ",      5616.00,10/19/2020,ELECTRICAL SUPPLIES                               ,ALTA CITTA                              ,AC-ENGINEERING DEPARTMENT                         ,FAACQ               
0047-0006431600001       ,"THERMISTOR SENSOR; T7, SGTC                                 ",      5616.00,10/19/2020,ELECTRICAL SUPPLIES                               ,ALTA CITTA                              ,AC-ENGINEERING DEPARTMENT                         ,FAACQ               
0047-0006431600002       ,"THERMISTOR SENSOR; T7, SGTC                                 ",      5616.00,10/19/2020,ELECTRICAL SUPPLIES                               ,ALTA CITTA                              ,AC-ENGINEERING DEPARTMENT                         ,FAACQ               
0047-0006431700001       ,"THERMISTOR SENSOR; T6, DUAL                                 ",      5616.00,10/19/2020,ELECTRICAL SUPPLIES                               ,ALTA CITTA                              ,AC-ENGINEERING DEPARTMENT                         ,FAACQ               
0047-0006431700002       ,"THERMISTOR SENSOR; T6, DUAL                                 ",      5616.00,10/19/2020,ELECTRICAL SUPPLIES                               ,ALTA CITTA                              ,AC-ENGINEERING DEPARTMENT                         ,FAACQ               
0047-0006431800001       ,"THERMISTOR SENSOR; T8, SPACE TEMP.                          ",      5040.00,10/19/2020,ELECTRICAL SUPPLIES                               ,ALTA CITTA                              ,AC-ENGINEERING DEPARTMENT                         ,FAACQ               
0047-0006431800002       ,"THERMISTOR SENSOR; T8, SPACE TEMP.                          ",      5040.00,10/19/2020,ELECTRICAL SUPPLIES                               ,ALTA CITTA                              ,AC-ENGINEERING DEPARTMENT                         ,FAACQ               
0047-0006431900001       ,COND.FAN MOTOR: 380V. 3PH. 00PPG000007204A                  ,     64142.86,09/28/2020,ELECTRICAL SUPPLIES                               ,ALTA CITTA                              ,AC-ENGINEERING DEPARTMENT                         ,FAACQ               
0047-0006431900002       ,COND.FAN MOTOR: 380V. 3PH. 00PPG000007204A                  ,     64142.86,09/28/2020,ELECTRICAL SUPPLIES                               ,ALTA CITTA                              ,AC-ENGINEERING DEPARTMENT                         ,FAACQ               
0047-0006431900003       ,COND.FAN MOTOR: 380V. 3PH. 00PPG000007204A                  ,     64142.86,09/28/2020,ELECTRICAL SUPPLIES                               ,ALTA CITTA                              ,AC-ENGINEERING DEPARTMENT                         ,FAACQ               
0026-0006098900009       ,VERTICAL SCANNER ZEBRA DS7708                               ,     10500.00,12/07/2020,SCANNER                                           ,ALTA CITTA                              ,AC-ADMIN                                          ,FA_TRAN             
0026-0006098900010       ,VERTICAL SCANNER ZEBRA DS7708                               ,     10500.00,12/07/2020,SCANNER                                           ,ALTA CITTA                              ,AC-ADMIN                                          ,FA_TRAN             
0026-0005115600003       ,SCAN SYMBOL MOTOROLA LS2208                                 ,      5300.00,12/04/2020,SCANNER                                           ,ALTA CITTA                              ,AC-ADMIN                                          ,FA_TRAN             
0026-0006549100006       ,MONITOR LED  AOC LCD 18.5"" E970SWN                          ,      3100.00,12/04/2020,MONITOR                                           ,ALTA CITTA                              ,AC-ADMIN                                          ,FA_TRAN             
0026-0001762100005       ,DESKTOP ZEBRA PRINTER 203 DPI USB INTERFACE ZD230T          ,     13500.00,12/10/2020,PRINTER                                           ,ALTA CITTA                              ,AC-ADMIN                                          ,FA_TRAN             
0026-0006571100002       ,CPU SET INTEL CORE I3-9100 3.6GHZ 6MB                       ,     15000.00,12/08/2020,CPU                                               ,ALTA CITTA                              ,AC-ADMIN                                          ,FA_TRAN             
0026-0006478400014       ,TABLET SAMSUNG GALAXY A T295                                ,      7990.00,12/04/2020,TABLET                                            ,ALTA CITTA                              ,AC-ADMIN                                          ,FA_TRAN             
0047-0006542000001       ,FLUKE LAN TRACER PRO3000                                    ,      9375.00,01/04/2021,TOOLS                                             ,ALTA CITTA                              ,AC-INFORMATION TECHNOLOGY                         ,FAACQ               
0026-0001762100006       ,DESKTOP ZEBRA PRINTER 203 DPI USB INTERFACE ZD230T          ,     13500.00,12/18/2020,PRINTER                                           ,ALTA CITTA                              ,AC-ADMIN                                          ,FA_TRAN             
0026-0006098900037       ,VERTICAL SCANNER ZEBRA DS7708                               ,     10500.00,12/07/2020,SCANNER                                           ,ALTA CITTA                              ,AC-ADMIN                                          ,FA_TRAN             
0026-0006098900038       ,VERTICAL SCANNER ZEBRA DS7708                               ,     10500.00,12/07/2020,SCANNER                                           ,ALTA CITTA                              ,AC-ADMIN                                          ,FA_TRAN             
0026-0006098900049       ,VERTICAL SCANNER ZEBRA DS7708                               ,     10500.00,12/07/2020,SCANNER                                           ,ALTA CITTA                              ,AC-ADMIN                                          ,FA_TRAN             
0026-0006098900050       ,VERTICAL SCANNER ZEBRA DS7708                               ,     10500.00,12/07/2020,SCANNER                                           ,ALTA CITTA                              ,AC-ADMIN                                          ,FA_TRAN             
0026-0006098900051       ,VERTICAL SCANNER ZEBRA DS7708                               ,     10500.00,12/07/2020,SCANNER                                           ,ALTA CITTA                              ,AC-ADMIN                                          ,FA_TRAN             
0026-0006098900052       ,VERTICAL SCANNER ZEBRA DS7708                               ,     10500.00,12/07/2020,SCANNER                                           ,ALTA CITTA                              ,AC-ADMIN                                          ,FA_TRAN             
0026-0006571200009       ,MONITOR 18.5"" AOPEN 19CX1Q                                  ,      3100.00,12/21/2020,MONITOR                                           ,ALTA CITTA                              ,AC-ADMIN                                          ,FA_TRAN             
0026-0006571200027       ,MONITOR 18.5"" AOPEN 19CX1Q                                  ,      3100.00,12/21/2020,MONITOR                                           ,ALTA CITTA                              ,AC-ADMIN                                          ,FA_TRAN             
0026-0006571200030       ,MONITOR 18.5"" AOPEN 19CX1Q                                  ,      3100.00,12/21/2020,MONITOR                                           ,ALTA CITTA                              ,AC-ADMIN                                          ,FA_TRAN             
0047-0006613800001       ,CELLPHONE REDMI 9A                                          ,      4690.00,01/20/2021,CELLPHONE                                         ,ALTA CITTA                              ,AC-CUSTOMER FINANCIAL SERVICES                    ,FAACQ               
0047-0000408400001       ,WHEEL CHAIR                                                 ,      6028.00,01/20/2021,CHAIR                                             ,ALTA CITTA                              ,AC-CLINIC                                         ,FAACQ               
0047-0005570300001       ,RG-AP710-INDOOR 802.11AC ACCESS POINT                       ,      5357.14,05/06/2020,HUB                                               ,ALTA CITTA                              ,AC-INFORMATION TECHNOLOGY                         ,FAACQ               
0047-0005570300002       ,RG-AP710-INDOOR 802.11AC ACCESS POINT                       ,      5357.14,05/06/2020,HUB                                               ,ALTA CITTA                              ,AC-INFORMATION TECHNOLOGY                         ,FAACQ               
0047-0005570300003       ,RG-AP710-INDOOR 802.11AC ACCESS POINT                       ,      5357.14,05/06/2020,HUB                                               ,ALTA CITTA                              ,AC-INFORMATION TECHNOLOGY                         ,FAACQ               
0047-0005570300004       ,RG-AP710-INDOOR 802.11AC ACCESS POINT                       ,      5357.14,05/06/2020,HUB                                               ,ALTA CITTA                              ,AC-INFORMATION TECHNOLOGY                         ,FAACQ               
0047-0005570300005       ,RG-AP710-INDOOR 802.11AC ACCESS POINT                       ,      5357.14,05/06/2020,HUB                                               ,ALTA CITTA                              ,AC-INFORMATION TECHNOLOGY                         ,FAACQ               
0026-0006594400002       ,PRINTER EPSON L5190                                         ,     10888.39,12/21/2020,PRINTER                                           ,ALTA CITTA                              ,AC-ADMIN                                          ,FA_TRAN             
0047-0006571600001       ,AUTOMATIC VOLTAGE REGULATOR (AVR) KVA                       ,     21376.25,01/09/2021,AVR                                               ,ALTA CITTA                              ,AC-ADMIN                                          ,FAACQ               
0026-0006576900003       ,ALTURUSH PICK-UP COUNTER                                    ,     33053.93,02/04/2021,COUNTER                                           ,ALTA CITTA                              ,AC-ADMIN                                          ,FA_TRAN             
0026-0006635500001       ,QR CODE KIOSK                                               ,      2979.18,02/04/2021,OTHERS                                            ,ALTA CITTA                              ,AC-ADMIN                                          ,FA_TRAN             
0026-0006635500002       ,QR CODE KIOSK                                               ,      2979.18,02/04/2021,OTHERS                                            ,ALTA CITTA                              ,AC-ADMIN                                          ,FA_TRAN             
0026-0006635500003       ,QR CODE KIOSK                                               ,      2979.18,02/04/2021,OTHERS                                            ,ALTA CITTA                              ,AC-ADMIN                                          ,FA_TRAN             
0026-0006635500004       ,QR CODE KIOSK                                               ,      2979.18,02/04/2021,OTHERS                                            ,ALTA CITTA                              ,AC-ADMIN                                          ,FA_TRAN             
0026-0006635500005       ,QR CODE KIOSK                                               ,      2979.18,02/04/2021,OTHERS                                            ,ALTA CITTA                              ,AC-ADMIN                                          ,FA_TRAN             
0026-0006635500006       ,QR CODE KIOSK                                               ,      2979.18,02/04/2021,OTHERS                                            ,ALTA CITTA                              ,AC-ADMIN                                          ,FA_TRAN             
0085-0006555100001       ,"WATT-HOUR METER GE,KV2C FORM 9S,400V 3PHASE,4WIRE           ",     24840.00,12/15/2020,METER                                             ,ALTA CITTA                              ,AC-ADMIN                                          ,FA_TRAN             
0047-0000937200001       ,GLORY BILL COUNTER GFB - 800D                               ,     44642.86,02/09/2021,COUNTER                                           ,ALTA CITTA                              ,AC-TREASURY                                       ,FAACQ               
0047-0006473900001       ,MOBILE PRINTER ZEBRA                                        ,     14000.00,02/20/2021,PRINTER                                           ,ALTA CITTA                              ,AC-LEASING DEPARTMENT                             ,FAACQ               
0047-0006473900002       ,MOBILE PRINTER ZEBRA                                        ,     14000.00,02/20/2021,PRINTER                                           ,ALTA CITTA                              ,AC-LEASING DEPARTMENT                             ,FAACQ               
0047-0006473900003       ,MOBILE PRINTER ZEBRA                                        ,     14000.00,02/20/2021,PRINTER                                           ,ALTA CITTA                              ,AC-LEASING DEPARTMENT                             ,FAACQ               
0047-0006473900004       ,MOBILE PRINTER ZEBRA                                        ,     14000.00,02/20/2021,PRINTER                                           ,ALTA CITTA                              ,AC-LEASING DEPARTMENT                             ,FAACQ               
0047-0006473900005       ,MOBILE PRINTER ZEBRA                                        ,     14000.00,02/20/2021,PRINTER                                           ,ALTA CITTA                              ,AC-LEASING DEPARTMENT                             ,FAACQ               
0047-0003928300001       ,CAMERA SONY DSC-W800                                        ,      4999.00,03/15/2021,CAMERA                                            ,ALTA CITTA                              ,AC-GENERAL SERVICES DEPARTMENT                    ,FAACQ               
0047-0006001600001       ,HANGING CABINET ALFARO .35X1.44X.70                         ,      8144.29,01/24/2020,CABINET                                           ,ALTA CITTA                              ,AC-CLINIC                                         ,FAACQ               
0047-0006431800003       ,"THERMISTOR SENSOR; T8, SPACE TEMP.                          ",      5040.00,10/19/2020,ELECTRICAL SUPPLIES                               ,ALTA CITTA                              ,AC-ENGINEERING DEPARTMENT                         ,FAACQ               
0047-0002986500001       ,MDA HIGH ELECTRIC MOTOR IEC STD.                            ,      8392.86,03/09/2020,MACHINE MOTOR                                     ,ALTA CITTA                              ,AC-ENGINEERING DEPARTMENT                         ,FAACQ               
0026-0006571100017       ,CPU SET INTEL CORE I3-9100 3.6GHZ 6MB                       ,     15000.00,12/21/2020,CPU                                               ,ALTA CITTA                              ,AC-ADMIN                                          ,FA_TRAN             
0026-0006571100018       ,CPU SET INTEL CORE I3-9100 3.6GHZ 6MB                       ,     15000.00,12/21/2020,CPU                                               ,ALTA CITTA                              ,AC-ADMIN                                          ,FA_TRAN             
0026-0006571100019       ,CPU SET INTEL CORE I3-9100 3.6GHZ 6MB                       ,     15000.00,12/21/2020,CPU                                               ,ALTA CITTA                              ,AC-ADMIN                                          ,FA_TRAN             
0026-0006571100015       ,CPU SET INTEL CORE I3-9100 3.6GHZ 6MB                       ,     15000.00,12/17/2020,CPU                                               ,ALTA CITTA                              ,AC-ADMIN                                          ,FA_TRAN             
0026-0006571100042       ,CPU SET INTEL CORE I3-9100 3.6GHZ 6MB                       ,     15000.00,01/04/2021,CPU                                               ,ALTA CITTA                              ,AC-ADMIN                                          ,FA_TRAN             
0047-0006613600001       ,D-LINK AC750                                                ,      1600.00,04/21/2021,ROUTER                                            ,ALTA CITTA                              ,AC-ADMIN                                          ,FAACQ               
0047-0006613600002       ,D-LINK AC750                                                ,      1600.00,04/21/2021,ROUTER                                            ,ALTA CITTA                              ,AC-ADMIN                                          ,FAACQ               
0047-0006613600003       ,D-LINK AC750                                                ,      1600.00,04/21/2021,ROUTER                                            ,ALTA CITTA                              ,AC-ADMIN                                          ,FAACQ               
0047-0006613600005       ,D-LINK AC750                                                ,      1600.00,04/21/2021,ROUTER                                            ,ALTA CITTA                              ,AC-ADMIN                                          ,FAACQ               
0047-0006613600006       ,D-LINK AC750                                                ,      1600.00,04/21/2021,ROUTER                                            ,ALTA CITTA                              ,AC-ADMIN                                          ,FAACQ               
0047-0000003700001       ,MITS. L300 FB CS#:B7A892 PL#:GAU-3664                       ,    891071.00,06/30/2020,VEHICLE                                           ,ALTA CITTA                              ,AC-GROCERY SELLING AREA                           ,FAACQ               
0047-0002869300001       ,USB STREAMING WEBCAM REDRAGON APEX 1080P                    ,      2544.64,04/27/2021,CAMERA                                            ,ALTA CITTA                              ,AC-ADMIN                                          ,FA_TRAN             
0026-0006098900021       ,VERTICAL SCANNER ZEBRA DS7708                               ,     10500.00,12/07/2020,SCANNER                                           ,ALTA CITTA                              ,AC-ADMIN                                          ,FA_TRAN             
0026-0006571200037       ,MONITOR 18.5"" AOPEN 19CX1Q                                  ,      3100.00,12/21/2020,MONITOR                                           ,ALTA CITTA                              ,AC-ADMIN                                          ,FA_TRAN             
0026-0006635500027       ,QR CODE KIOSK                                               ,      2979.18,02/04/2021,OTHERS                                            ,ALTA CITTA                              ,AC-ADMIN                                          ,FA_TRAN             
0047-0006774400001       ,CAMBIUM EPMP 2000                                           ,     22767.86,06/10/2021,NETWORK SWITCH                                    ,ALTA CITTA                              ,AC-INFORMATION TECHNOLOGY                         ,FAACQ               
0047-0006774400002       ,CAMBIUM EPMP 2000                                           ,     22767.86,06/10/2021,NETWORK SWITCH                                    ,ALTA CITTA                              ,AC-INFORMATION TECHNOLOGY                         ,FAACQ               
0047-0001090800001       ,EXTERNAL DVD WRITER                                         ,      1530.00,06/29/2021,AUDIO/VIDEO DEVICE                                ,ALTA CITTA                              ,AC-INFORMATION TECHNOLOGY                         ,FAACQ               
0047-0006487000003       ,COMPRESSOR FOR UPRIGHT FREEZER                              ,     22500.00,07/10/2021,COMPRESSOR                                        ,ALTA CITTA                              ,AC-GROCERY SELLING AREA                           ,FAACQ               
0047-0006487000004       ,COMPRESSOR FOR UPRIGHT FREEZER                              ,     22500.00,07/10/2021,COMPRESSOR                                        ,ALTA CITTA                              ,AC-GROCERY SELLING AREA                           ,FAACQ               
0047-0006431900004       ,COND.FAN MOTOR: 380V. 3PH. 00PPG000007204A                  ,     64142.86,09/28/2020,ELECTRICAL SUPPLIES                               ,ALTA CITTA                              ,AC-ENGINEERING DEPARTMENT                         ,FAACQ               
0047-0006431900005       ,COND.FAN MOTOR: 380V. 3PH. 00PPG000007204A                  ,     64142.86,09/28/2020,ELECTRICAL SUPPLIES                               ,ALTA CITTA                              ,AC-ENGINEERING DEPARTMENT                         ,FAACQ               
0047-0006431900006       ,COND.FAN MOTOR: 380V. 3PH. 00PPG000007204A                  ,     64142.86,09/28/2020,ELECTRICAL SUPPLIES                               ,ALTA CITTA                              ,AC-ENGINEERING DEPARTMENT                         ,FAACQ               
0000484900001            ,PROMOTIONAL RACK SMALL                                      ,      5600.00,04/03/2009,RACK                                              ,PLAZA MARCELA                           ,PM-GROCERY SELLING AREA                           ,FA_TRAN             
0000484900002            ,PROMOTIONAL RACK SMALL                                      ,      5600.00,04/03/2009,RACK                                              ,PLAZA MARCELA                           ,PM-GROCERY SELLING AREA                           ,FA_TRAN             
0047-0000551000001       ,VACUUM PUMP                                                 ,     12946.43,07/28/2021,PUMP                                              ,ALTA CITTA                              ,AC-ENGINEERING DEPARTMENT                         ,FAACQ               
0047-0002112000001       ,MANIFOLD GAUGE SET                                          ,      1875.00,07/28/2021,INVENTORIABLES                                    ,ALTA CITTA                              ,AC-ENGINEERING DEPARTMENT                         ,FAACQ               
0047-0006742900001       ,MOP GAS W/ TORCH                                            ,      2125.00,07/28/2021,OTHERS                                            ,ALTA CITTA                              ,AC-ENGINEERING DEPARTMENT                         ,FAACQ               
0026-0002624000003       ,TOYOTA INNOVA PLATE #YJB-709                                ,         1.00,12/19/2009,VEHICLE                                           ,DISTRIBUTION SALES GROUP                ,LDI-DISTRIBUTION SALES GROUP                      ,FA_TRAN             
0026-0004542300020       ,CISCO IP PHONE 7821                                         ,      6000.00,07/16/2020,TELEPHONE                                         ,HEAD OFFICE                             ,HO-HUMAN RESOURCE DEPARTMENT                      ,FA_TRAN             
0110-0006827200006       ,PANEL BOARD 4BRS PLUG IN TYPE                               ,      1568.48,07/14/2021,PANEL BOARD                                       ,HEAD OFFICE                             ,HO-MARCELA HOMES                                  ,FA_TRAN             
0110-0006827200007       ,PANEL BOARD 4BRS PLUG IN TYPE                               ,      1568.48,07/14/2021,PANEL BOARD                                       ,HEAD OFFICE                             ,HO-MARCELA HOMES                                  ,FA_TRAN             
0110-0006827200008       ,PANEL BOARD 4BRS PLUG IN TYPE                               ,      1568.48,07/14/2021,PANEL BOARD                                       ,HEAD OFFICE                             ,HO-MARCELA HOMES                                  ,FA_TRAN             
0110-0006827200009       ,PANEL BOARD 4BRS PLUG IN TYPE                               ,      1568.48,07/14/2021,PANEL BOARD                                       ,HEAD OFFICE                             ,HO-MARCELA HOMES                                  ,FA_TRAN             
0110-0006827200010       ,PANEL BOARD 4BRS PLUG IN TYPE                               ,      1568.48,07/14/2021,PANEL BOARD                                       ,HEAD OFFICE                             ,HO-MARCELA HOMES                                  ,FA_TRAN             
0110-0006827200011       ,PANEL BOARD 4BRS PLUG IN TYPE                               ,      1568.48,07/14/2021,PANEL BOARD                                       ,HEAD OFFICE                             ,HO-MARCELA HOMES                                  ,FA_TRAN             
0110-0006827200012       ,PANEL BOARD 4BRS PLUG IN TYPE                               ,      1568.48,07/14/2021,PANEL BOARD                                       ,HEAD OFFICE                             ,HO-MARCELA HOMES                                  ,FA_TRAN             
0110-0006827200013       ,PANEL BOARD 4BRS PLUG IN TYPE                               ,      1568.48,07/14/2021,PANEL BOARD                                       ,HEAD OFFICE                             ,HO-MARCELA HOMES                                  ,FA_TRAN             
0110-0006827200014       ,PANEL BOARD 4BRS PLUG IN TYPE                               ,      1568.48,07/14/2021,PANEL BOARD                                       ,HEAD OFFICE                             ,HO-MARCELA HOMES                                  ,FA_TRAN             
0110-0006827200015       ,PANEL BOARD 4BRS PLUG IN TYPE                               ,      1568.48,07/14/2021,PANEL BOARD                                       ,HEAD OFFICE                             ,HO-MARCELA HOMES                                  ,FA_TRAN             
0110-0005936500002       ,GE ELECTRIC ROUND METER DIGITAL 230V SINGLE PHASE           ,      3457.14,08/13/2021,METER                                             ,MFI-PIGGERY UNTAGA                      ,PIGGERY UNTAGA-ENGINEERING                        ,FA_TRAN             
0110-0005936500003       ,GE ELECTRIC ROUND METER DIGITAL 230V SINGLE PHASE           ,      3457.14,08/13/2021,METER                                             ,MFI-PIGGERY UNTAGA                      ,PIGGERY UNTAGA-ENGINEERING                        ,FA_TRAN             
0110-0005936500004       ,GE ELECTRIC ROUND METER DIGITAL 230V SINGLE PHASE           ,      3457.14,08/13/2021,METER                                             ,MFI-PIGGERY UNTAGA                      ,PIGGERY UNTAGA-ENGINEERING                        ,FA_TRAN             
0110-0005936500005       ,GE ELECTRIC ROUND METER DIGITAL 230V SINGLE PHASE           ,      3457.14,08/13/2021,METER                                             ,MFI-PIGGERY UNTAGA                      ,PIGGERY UNTAGA-ENGINEERING                        ,FA_TRAN             
0110-0006879100001       ,EXHAUST FAN 16X16 INDUSTRIAL FAN 16""X16"" OMNI               ,      2499.75,08/05/2021,EXHAUST FAN                                       ,ALTA CITTA                              ,AC-ENGINEERING DEPARTMENT                         ,FA_TRAN             
0110-0006879100002       ,EXHAUST FAN 16X16 INDUSTRIAL FAN 16""X16"" OMNI               ,      2499.75,08/05/2021,EXHAUST FAN                                       ,ALTA CITTA                              ,AC-ENGINEERING DEPARTMENT                         ,FA_TRAN             
0047-0006463400001       ,HIKVISION TURBO HD DVR 16CH                                 ,      5000.00,09/22/2021,CCTV                                              ,ALTA CITTA                              ,AC-SECURITY & SAFETY DEPARTMENT                   ,FAACQ               
0047-0006463400002       ,HIKVISION TURBO HD DVR 16CH                                 ,      5000.00,09/22/2021,CCTV                                              ,ALTA CITTA                              ,AC-SECURITY & SAFETY DEPARTMENT                   ,FAACQ               
0047-0005137100001       ,CCTV CENTRALIZED POWER SUPPLY 20A                           ,      1785.71,10/14/2021,POWER SUPPLY                                      ,ALTA CITTA                              ,AC-SECURITY & SAFETY DEPARTMENT                   ,FAACQ               
0047-0007048800001       ,CHECKPOINT FIGHTER RF EAS DEVISE                            ,     56898.25,10/25/2021,OTHERS                                            ,ALTA CITTA                              ,AC-MINISO                                         ,FAACQ               
0047-0007048800002       ,CHECKPOINT FIGHTER RF EAS DEVISE                            ,     56898.25,10/25/2021,OTHERS                                            ,ALTA CITTA                              ,AC-MINISO                                         ,FAACQ               
0047-0007048800003       ,CHECKPOINT FIGHTER RF EAS DEVISE                            ,     56898.25,10/25/2021,OTHERS                                            ,ALTA CITTA                              ,AC-MINISO                                         ,FAACQ               
0047-0007049000001       ,DEACTIVATOR                                                 ,     10621.01,10/25/2021,OTHERS                                            ,ALTA CITTA                              ,AC-MINISO                                         ,FAACQ               
0047-0007049200001       ,RT PCR TEST FOR 2 TECHNICIANS (BACK AND FORTH)              ,      5917.42,10/25/2021,MEDICAL SUPPLIES                                  ,ALTA CITTA                              ,AC-MINISO                                         ,FAACQ               
0047-0007049200002       ,RT PCR TEST FOR 2 TECHNICIANS (BACK AND FORTH)              ,      5917.42,10/25/2021,MEDICAL SUPPLIES                                  ,ALTA CITTA                              ,AC-MINISO                                         ,FAACQ               
0047-0007052000001       ,DELIVERY AND INSTALLATION                                   ,      7586.43,10/25/2021,EXPENSE                                           ,ALTA CITTA                              ,AC-MINISO                                         ,FAACQ               
0047-0006413900001       ,POE SWITCH 24 PORTS HIKVISION                               ,     12861.16,11/04/2021,NETWORK SWITCH                                    ,ALTA CITTA                              ,AC-MINISO                                         ,FAACQ               
0047-0007081500001       ,IP CAM: TURRET TYPE CAMERA 2PM (HIKVISION)                  ,      1515.62,11/04/2021,CCTV                                              ,ALTA CITTA                              ,AC-MINISO                                         ,FAACQ               
0047-0007081500002       ,IP CAM: TURRET TYPE CAMERA 2PM (HIKVISION)                  ,      1515.62,11/04/2021,CCTV                                              ,ALTA CITTA                              ,AC-MINISO                                         ,FAACQ               
0047-0007081500003       ,IP CAM: TURRET TYPE CAMERA 2PM (HIKVISION)                  ,      1515.62,11/04/2021,CCTV                                              ,ALTA CITTA                              ,AC-MINISO                                         ,FAACQ               
0047-0007081500004       ,IP CAM: TURRET TYPE CAMERA 2PM (HIKVISION)                  ,      1515.62,11/04/2021,CCTV                                              ,ALTA CITTA                              ,AC-MINISO                                         ,FAACQ               
0047-0007081500005       ,IP CAM: TURRET TYPE CAMERA 2PM (HIKVISION)                  ,      1515.62,11/04/2021,CCTV                                              ,ALTA CITTA                              ,AC-MINISO                                         ,FAACQ               
0047-0007081500006       ,IP CAM: TURRET TYPE CAMERA 2PM (HIKVISION)                  ,      1515.62,11/04/2021,CCTV                                              ,ALTA CITTA                              ,AC-MINISO                                         ,FAACQ               
0047-0007081500007       ,IP CAM: TURRET TYPE CAMERA 2PM (HIKVISION)                  ,      1515.62,11/04/2021,CCTV                                              ,ALTA CITTA                              ,AC-MINISO                                         ,FAACQ               
0047-0007081500008       ,IP CAM: TURRET TYPE CAMERA 2PM (HIKVISION)                  ,      1515.62,11/04/2021,CCTV                                              ,ALTA CITTA                              ,AC-MINISO                                         ,FAACQ               
0047-0007081500009       ,IP CAM: TURRET TYPE CAMERA 2PM (HIKVISION)                  ,      1515.62,11/04/2021,CCTV                                              ,ALTA CITTA                              ,AC-MINISO                                         ,FAACQ               
0047-0007081500010       ,IP CAM: TURRET TYPE CAMERA 2PM (HIKVISION)                  ,      1515.62,11/04/2021,CCTV                                              ,ALTA CITTA                              ,AC-MINISO                                         ,FAACQ               
0047-0007081500011       ,IP CAM: TURRET TYPE CAMERA 2PM (HIKVISION)                  ,      1515.62,11/04/2021,CCTV                                              ,ALTA CITTA                              ,AC-MINISO                                         ,FAACQ               
0047-0007081500012       ,IP CAM: TURRET TYPE CAMERA 2PM (HIKVISION)                  ,      1515.62,11/04/2021,CCTV                                              ,ALTA CITTA                              ,AC-MINISO                                         ,FAACQ               
0047-0006413800001       ,NVR 16 CHANNEL HIK VISION                                   ,      4893.30,10/23/2021,OFFICE EQUIPMENT                                  ,ALTA CITTA                              ,AC-MINISO                                         ,FAACQ               
0047-0007022300001       ,4 TB HDD (WESTERN DIGITAL)                                  ,      6062.50,10/23/2021,OTHERS                                            ,ALTA CITTA                              ,AC-MINISO                                         ,FAACQ               
0047-0007022300002       ,4 TB HDD (WESTERN DIGITAL)                                  ,      6062.50,10/23/2021,OTHERS                                            ,ALTA CITTA                              ,AC-MINISO                                         ,FAACQ               
0047-0007081800001       ,2FT WALL MOUNTED DATA CABINET 15U X 600 X 600               ,      8660.72,10/23/2021,CABINET-STEEL                                     ,ALTA CITTA                              ,AC-MINISO                                         ,FAACQ               
0047-0006675000001       ,CELLPHONE REALME C11                                        ,      4990.00,11/24/2021,CELLPHONE                                         ,ALTA CITTA                              ,AC-MEDICINE PLUS                                  ,FAACQ               
0047-0007199100001       ,MONITOR AOC 23.6"" LED W/ HDMI                               ,      7650.00,11/26/2021,MONITOR                                           ,ALTA CITTA                              ,AC-MINISO                                         ,FAACQ               
0047-0002225400001       ,ALUMINUM LADDER  8 STEPS                                    ,      6183.00,11/27/2021,LADDER                                            ,ALTA CITTA                              ,AC-MINISO                                         ,FAACQ               
0047-0007190100001       ,PUSH CART KYK 300KG                                         ,      4000.00,11/27/2021,CART                                              ,ALTA CITTA                              ,AC-MINISO                                         ,FAACQ               
0110-0007051800001       ,PANELBOARD NEMA-1 LPP                                       ,     25000.00,11/12/2021,PANEL BOARD                                       ,ALTA CITTA                              ,AC-ENGINEERING DEPARTMENT                         ,FA_TRAN             
0110-0007070600001       ,PANELBOARD LP MAIN:40AT 40AF 1P 12KAIC 230V MCB BR          ,      2459.16,11/22/2021,PANEL BOARD                                       ,MFI-PIGGERY UNTAGA                      ,PIGGERY UNTAGA-ENGINEERING                        ,FA_TRAN             
0047-0007133800001       ,RG-AP720-L-INDOOR 802.11AC WAVE 2 ACCESS POINT              ,      7767.86,11/26/2021,NETWORK SWITCH                                    ,ALTA CITTA                              ,AC-LEASING DEPARTMENT                             ,FAACQ               
0047-0007133800002       ,RG-AP720-L-INDOOR 802.11AC WAVE 2 ACCESS POINT              ,      7767.86,11/26/2021,NETWORK SWITCH                                    ,ALTA CITTA                              ,AC-LEASING DEPARTMENT                             ,FAACQ               
0047-0001595700011       ,OUTDOOR COMMERCIAL WASTE BIN STAINLESS STEEL (50L)          ,      5357.14,12/06/2021,OTHERS                                            ,ALTA CITTA                              ,AC-GENERAL SERVICES DEPARTMENT                    ,FAACQ               
0047-0001595700012       ,OUTDOOR COMMERCIAL WASTE BIN STAINLESS STEEL (50L)          ,      5357.14,12/06/2021,OTHERS                                            ,ALTA CITTA                              ,AC-GENERAL SERVICES DEPARTMENT                    ,FAACQ               
0047-0001595700013       ,OUTDOOR COMMERCIAL WASTE BIN STAINLESS STEEL (50L)          ,      5357.14,12/06/2021,OTHERS                                            ,ALTA CITTA                              ,AC-GENERAL SERVICES DEPARTMENT                    ,FAACQ               
0047-0001595700014       ,OUTDOOR COMMERCIAL WASTE BIN STAINLESS STEEL (50L)          ,      5357.14,12/06/2021,OTHERS                                            ,ALTA CITTA                              ,AC-GENERAL SERVICES DEPARTMENT                    ,FAACQ               
0047-0001595700015       ,OUTDOOR COMMERCIAL WASTE BIN STAINLESS STEEL (50L)          ,      5357.14,12/06/2021,OTHERS                                            ,ALTA CITTA                              ,AC-GENERAL SERVICES DEPARTMENT                    ,FAACQ               
0047-0007099700001       ,KEBOS POWERGARDE 10KVA                                      ,     95000.00,01/06/2022,UPS                                               ,ALTA CITTA                              ,AC-INFORMATION TECHNOLOGY                         ,FAACQ               
0110-0002082400001       ,SEAWAGE TREATMENT PLANT                                     ,   4900000.00,05/30/2019,MACHINE MOTOR                                     ,ALTA CITTA                              ,AC-ADMIN                                          ,FA_TRAN             
0047-0007100000001       ,RUIJIE SWITCH XS-S1960-24GT4SFP-UP-H                        ,     29910.72,01/14/2022,SWITCH                                            ,ALTA CITTA                              ,AC-INFORMATION TECHNOLOGY                         ,FAACQ               
0047-0007100000002       ,RUIJIE SWITCH XS-S1960-24GT4SFP-UP-H                        ,     29910.72,01/14/2022,SWITCH                                            ,ALTA CITTA                              ,AC-INFORMATION TECHNOLOGY                         ,FAACQ               
0047-0007100000003       ,RUIJIE SWITCH XS-S1960-24GT4SFP-UP-H                        ,     29910.71,01/11/2022,SWITCH                                            ,ALTA CITTA                              ,AC-INFORMATION TECHNOLOGY                         ,FAACQ               
0047-0006277700001       ,STARK FLOOR HINGE                                           ,      5571.00,02/28/2022,REPAIR & MAINTENANCE                              ,ALTA CITTA                              ,AC-LEASING DEPARTMENT                             ,FAACQ               
0047-0006277700002       ,STARK FLOOR HINGE                                           ,      5571.00,02/28/2022,REPAIR & MAINTENANCE                              ,ALTA CITTA                              ,AC-LEASING DEPARTMENT                             ,FAACQ               
0047-0006277700003       ,STARK FLOOR HINGE                                           ,      5571.00,02/28/2022,REPAIR & MAINTENANCE                              ,ALTA CITTA                              ,AC-LEASING DEPARTMENT                             ,FAACQ               
0047-0000587200001       ,TESTING & COMMISSIONING                                     ,     22400.00,10/30/2020,OTHERS                                            ,ALTA CITTA                              ,AC-LEASING DEPARTMENT                             ,FAACQ               
0047-0001059000001       ,MCCB RATED AT 80A 3P 25KA @ 240V ABB                        ,    168000.00,10/30/2020,ELECTRICAL PARTS                                  ,ALTA CITTA                              ,AC-LEASING DEPARTMENT                             ,FAACQ               
0047-0005891800001       ,P10 LED DISPLAY 3.84M (W)X3.84M(H)                          ,     81396.00,10/30/2020,ELECTRICAL PARTS                                  ,ALTA CITTA                              ,AC-LEASING DEPARTMENT                             ,FAACQ               
0047-0005891800002       ,P10 LED DISPLAY 3.84M (W)X3.84M(H)                          ,     81396.00,10/30/2020,ELECTRICAL PARTS                                  ,ALTA CITTA                              ,AC-LEASING DEPARTMENT                             ,FAACQ               
0047-0005891800003       ,P10 LED DISPLAY 3.84M (W)X3.84M(H)                          ,     81396.00,10/30/2020,ELECTRICAL PARTS                                  ,ALTA CITTA                              ,AC-LEASING DEPARTMENT                             ,FAACQ               
0047-0005891800004       ,P10 LED DISPLAY 3.84M (W)X3.84M(H)                          ,     81396.00,10/30/2020,ELECTRICAL PARTS                                  ,ALTA CITTA                              ,AC-LEASING DEPARTMENT                             ,FAACQ               
0047-0005891800005       ,P10 LED DISPLAY 3.84M (W)X3.84M(H)                          ,     81396.00,10/30/2020,ELECTRICAL PARTS                                  ,ALTA CITTA                              ,AC-LEASING DEPARTMENT                             ,FAACQ               
0047-0005891800006       ,P10 LED DISPLAY 3.84M (W)X3.84M(H)                          ,     81396.00,10/30/2020,ELECTRICAL PARTS                                  ,ALTA CITTA                              ,AC-LEASING DEPARTMENT                             ,FAACQ               
0047-0005891800007       ,P10 LED DISPLAY 3.84M (W)X3.84M(H)                          ,     81396.00,10/30/2020,ELECTRICAL PARTS                                  ,ALTA CITTA                              ,AC-LEASING DEPARTMENT                             ,FAACQ               
0047-0005891800008       ,P10 LED DISPLAY 3.84M (W)X3.84M(H)                          ,     81396.00,10/30/2020,ELECTRICAL PARTS                                  ,ALTA CITTA                              ,AC-LEASING DEPARTMENT                             ,FAACQ               
0047-0005891800009       ,P10 LED DISPLAY 3.84M (W)X3.84M(H)                          ,     81396.00,10/30/2020,ELECTRICAL PARTS                                  ,ALTA CITTA                              ,AC-LEASING DEPARTMENT                             ,FAACQ               
0047-0005891800010       ,P10 LED DISPLAY 3.84M (W)X3.84M(H)                          ,     81396.00,10/30/2020,ELECTRICAL PARTS                                  ,ALTA CITTA                              ,AC-LEASING DEPARTMENT                             ,FAACQ               
0047-0005891800011       ,P10 LED DISPLAY 3.84M (W)X3.84M(H)                          ,     81396.00,10/30/2020,ELECTRICAL PARTS                                  ,ALTA CITTA                              ,AC-LEASING DEPARTMENT                             ,FAACQ               
0047-0005891800012       ,P10 LED DISPLAY 3.84M (W)X3.84M(H)                          ,     81396.00,10/30/2020,ELECTRICAL PARTS                                  ,ALTA CITTA                              ,AC-LEASING DEPARTMENT                             ,FAACQ               
0047-0005891800013       ,P10 LED DISPLAY 3.84M (W)X3.84M(H)                          ,     81396.00,10/30/2020,ELECTRICAL PARTS                                  ,ALTA CITTA                              ,AC-LEASING DEPARTMENT                             ,FAACQ               
0047-0005891800014       ,P10 LED DISPLAY 3.84M (W)X3.84M(H)                          ,     81396.00,10/30/2020,ELECTRICAL PARTS                                  ,ALTA CITTA                              ,AC-LEASING DEPARTMENT                             ,FAACQ               
0047-0005891900001       ,CONTROL SYSTEM                                              ,    120466.08,10/30/2020,ELECTRICAL PARTS                                  ,ALTA CITTA                              ,AC-LEASING DEPARTMENT                             ,FAACQ               
0047-0005892000001       ,LABOR ROUGHING-INS ELECTRICAL & MOUNTING COSTS              ,    414400.00,10/30/2020,ELECTRICAL PARTS                                  ,ALTA CITTA                              ,AC-LEASING DEPARTMENT                             ,FAACQ               
0047-0005892100001       ,PROGRAMMING & SOFTWARE                                      ,     44800.00,10/30/2020,ELECTRICAL PARTS                                  ,ALTA CITTA                              ,AC-LEASING DEPARTMENT                             ,FAACQ               
0047-0006394100002       ,THERMAL SCANNER                                             ,      5089.29,10/05/2020,SCANNER                                           ,ALTA CITTA                              ,AC-SECURITY & SAFETY DEPARTMENT                   ,FAACQ               
0047-0006394100003       ,THERMAL SCANNER                                             ,      5089.29,10/05/2020,SCANNER                                           ,ALTA CITTA                              ,AC-SECURITY & SAFETY DEPARTMENT                   ,FAACQ               
0047-0006394100004       ,THERMAL SCANNER                                             ,      5089.29,10/05/2020,SCANNER                                           ,ALTA CITTA                              ,AC-SECURITY & SAFETY DEPARTMENT                   ,FAACQ               
0026-0003869900041       ,CISCO UC PHONE 7821                                         ,      7249.02,01/27/2022,TELEPHONE                                         ,ALTA CITTA                              ,AC-MIS                                            ,FA_TRAN             
0026-0003869900042       ,CISCO UC PHONE 7821                                         ,      7249.02,01/27/2022,TELEPHONE                                         ,ALTA CITTA                              ,AC-MIS                                            ,FA_TRAN             
0026-0003869900044       ,CISCO UC PHONE 7821                                         ,      7249.02,01/27/2022,TELEPHONE                                         ,ALTA CITTA                              ,AC-MIS                                            ,FA_TRAN             
0026-0003869900053       ,CISCO UC PHONE 7821                                         ,      7249.02,01/27/2022,TELEPHONE                                         ,ALTA CITTA                              ,AC-MIS                                            ,FA_TRAN             
0026-0003869900043       ,CISCO UC PHONE 7821                                         ,      7249.02,01/27/2022,TELEPHONE                                         ,ALTA CITTA                              ,AC-MIS                                            ,FA_TRAN             
0047-0007521300001       ,LENOVO M710D1 SFF DESKTOP (8GB-1TB)/INTELCORE15-16          ,     44973.22,01/31/2022,DESKTOP                                           ,ALTA CITTA                              ,AC-MINISO                                         ,FAACQ               
0047-0007521400001       ,PRINTER BROTHER DCP-T420W                                   ,      7700.89,01/31/2022,PRINTER                                           ,ALTA CITTA                              ,AC-MINISO                                         ,FAACQ               
0047-0007521500001       ,UPS PROLINK PRO 700SFC 650VA INTERACTIVE UPS                ,      2455.36,01/31/2022,UPS                                               ,ALTA CITTA                              ,AC-MINISO                                         ,FAACQ               
0047-0002200000001       ,AMPLIFIER SAKURA 5023                                       ,      5991.07,01/31/2022,AMPLIFIER                                         ,ALTA CITTA                              ,AC-MINISO                                         ,FAACQ               
0047-0006861200001       ,CABINET LOCKER 15 OPENING (GRAY)                            ,     10852.68,01/31/2022,CABINET                                           ,ALTA CITTA                              ,AC-MINISO                                         ,FAACQ               
0047-0007520500001       ,STAND RETRACTABLE QUEUE STAND W/RED BELT & BLACK            ,      1571.43,01/31/2022,STAND                                             ,ALTA CITTA                              ,AC-MINISO                                         ,FAACQ               
0047-0007520500002       ,STAND RETRACTABLE QUEUE STAND W/RED BELT & BLACK            ,      1571.43,01/31/2022,STAND                                             ,ALTA CITTA                              ,AC-MINISO                                         ,FAACQ               
0047-0007520500003       ,STAND RETRACTABLE QUEUE STAND W/RED BELT & BLACK            ,      1571.43,01/31/2022,STAND                                             ,ALTA CITTA                              ,AC-MINISO                                         ,FAACQ               
0047-0007520500004       ,STAND RETRACTABLE QUEUE STAND W/RED BELT & BLACK            ,      1571.43,01/31/2022,STAND                                             ,ALTA CITTA                              ,AC-MINISO                                         ,FAACQ               
0047-0007520500005       ,STAND RETRACTABLE QUEUE STAND W/RED BELT & BLACK            ,      1571.43,01/31/2022,STAND                                             ,ALTA CITTA                              ,AC-MINISO                                         ,FAACQ               
0047-0007520500006       ,STAND RETRACTABLE QUEUE STAND W/RED BELT & BLACK            ,      1571.43,01/31/2022,STAND                                             ,ALTA CITTA                              ,AC-MINISO                                         ,FAACQ               
0047-0007521700001       ,DATALOGIC QD2430 BARCODE SCANNER W/STAND AND USB            ,      6629.46,01/31/2022,SCANNER                                           ,ALTA CITTA                              ,AC-MINISO                                         ,FAACQ               
0047-0007521700002       ,DATALOGIC QD2430 BARCODE SCANNER W/STAND AND USB            ,      6629.46,01/31/2022,SCANNER                                           ,ALTA CITTA                              ,AC-MINISO                                         ,FAACQ               
0047-0007521800001       ,POS TOSHIBA TCX300-E60 POS TERMINAL                         ,    103125.00,01/31/2022,POS                                               ,ALTA CITTA                              ,AC-MINISO                                         ,FAACQ               
0047-0007521800002       ,POS TOSHIBA TCX300-E60 POS TERMINAL                         ,    103125.00,01/31/2022,POS                                               ,ALTA CITTA                              ,AC-MINISO                                         ,FAACQ               
0047-0007521900001       ,ZEBRA LS2208 BARCODE SCANNER WITH USB CABLE DESK            ,      4616.07,01/31/2022,SCANNER                                           ,ALTA CITTA                              ,AC-MINISO                                         ,FAACQ               
0047-0007522000001       ,UPS APC 650AS BACK UPS 650VA/400W                           ,      7366.07,01/31/2022,UPS                                               ,ALTA CITTA                              ,AC-MINISO                                         ,FAACQ               
0047-0007522000002       ,UPS APC 650AS BACK UPS 650VA/400W                           ,      7366.07,01/31/2022,UPS                                               ,ALTA CITTA                              ,AC-MINISO                                         ,FAACQ               
0047-0007522000003       ,UPS APC 650AS BACK UPS 650VA/400W                           ,      7366.07,01/31/2022,UPS                                               ,ALTA CITTA                              ,AC-MINISO                                         ,FAACQ               
0047-0007522100001       ,PC LENOVO THINKCENTRE 710SFF(8GB-500GB) INTER CORE          ,     42232.14,01/31/2022,COMPUTER                                          ,ALTA CITTA                              ,AC-MINISO                                         ,FAACQ               
0047-0007547300001       ,SOFTWAREMS WIN SERVER STD2019 CORE 2 SL.STC                 ,      4771.25,01/31/2022,SERVER                                            ,ALTA CITTA                              ,AC-MINISO                                         ,FAACQ               
0047-0007547300002       ,SOFTWAREMS WIN SERVER STD2019 CORE 2 SL.STC                 ,      4771.25,01/31/2022,SERVER                                            ,ALTA CITTA                              ,AC-MINISO                                         ,FAACQ               
0047-0007547300003       ,SOFTWAREMS WIN SERVER STD2019 CORE 2 SL.STC                 ,      4771.25,01/31/2022,SERVER                                            ,ALTA CITTA                              ,AC-MINISO                                         ,FAACQ               
0047-0007547300004       ,SOFTWAREMS WIN SERVER STD2019 CORE 2 SL.STC                 ,      4771.25,01/31/2022,SERVER                                            ,ALTA CITTA                              ,AC-MINISO                                         ,FAACQ               
0047-0007547300005       ,SOFTWAREMS WIN SERVER STD2019 CORE 2 SL.STC                 ,      4771.25,01/31/2022,SERVER                                            ,ALTA CITTA                              ,AC-MINISO                                         ,FAACQ               
0047-0007547300006       ,SOFTWAREMS WIN SERVER STD2019 CORE 2 SL.STC                 ,      4771.25,01/31/2022,SERVER                                            ,ALTA CITTA                              ,AC-MINISO                                         ,FAACQ               
0047-0007547300007       ,SOFTWAREMS WIN SERVER STD2019 CORE 2 SL.STC                 ,      4771.25,01/31/2022,SERVER                                            ,ALTA CITTA                              ,AC-MINISO                                         ,FAACQ               
0047-0007547300008       ,SOFTWAREMS WIN SERVER STD2019 CORE 2 SL.STC                 ,      4771.25,01/31/2022,SERVER                                            ,ALTA CITTA                              ,AC-MINISO                                         ,FAACQ               
0047-0007547800001       ,SOFTWARE LOCATION SERVER-DB2 LICENCE                        ,     15651.90,01/31/2022,SOFTWARE                                          ,ALTA CITTA                              ,AC-MINISO                                         ,FAACQ               
0047-0007548000001       ,LICENCE IBM VISUAL STORE TERMINAL LICENCE                   ,      9330.36,01/31/2022,SOFTWARE                                          ,ALTA CITTA                              ,AC-MINISO                                         ,FAACQ               
0047-0007548000002       ,LICENCE IBM VISUAL STORE TERMINAL LICENCE                   ,      9330.36,01/31/2022,SOFTWARE                                          ,ALTA CITTA                              ,AC-MINISO                                         ,FAACQ               
0047-0004833800001       ,ADDITIONAL STRUCTURED CABLING & AUXILIARY WORKS             ,     14763.12,01/31/2022,OTHERS                                            ,ALTA CITTA                              ,AC-MINISO                                         ,FAACQ               
0047-0007520900001       ,SWITCH HUAWEI S5735-L24T4S-A1 PN:98011306                   ,     12763.93,01/31/2022,SWITCH                                            ,ALTA CITTA                              ,AC-MINISO                                         ,FAACQ               
0047-0007521100001       ,HUAWEI N1-S57L-M-LIC PN: 88035YSM                           ,      4257.59,01/31/2022,SWITCH                                            ,ALTA CITTA                              ,AC-MINISO                                         ,FAACQ               
0047-0007521200001       ,UPS BATTERY (FP600) FSP 600VA/360                           ,      1866.07,01/31/2022,UPS                                               ,ALTA CITTA                              ,AC-MINISO                                         ,FAACQ               
0047-0007519500001       ,THE THIRD SERIES PEN RACK 970*483MM                         ,      5318.46,01/31/2022,RACK                                              ,ALTA CITTA                              ,AC-MINISO                                         ,FAACQ               
0047-0007519500002       ,THE THIRD SERIES PEN RACK 970*483MM                         ,      5318.46,01/31/2022,RACK                                              ,ALTA CITTA                              ,AC-MINISO                                         ,FAACQ               
0047-0007549700001       ,COLORED MARKER ACRYLIC (640*145*350MM)                      ,      3462.49,01/31/2022,OTHERS                                            ,ALTA CITTA                              ,AC-MINISO                                         ,FAACQ               
0047-0007522400001       ,TOP-BOARD OF SQUARE MIDDLE WOODEN GONDOLA                   ,      2433.85,01/31/2022,SHELVES                                           ,ALTA CITTA                              ,AC-MINISO                                         ,FAACQ               
0047-0007522500001       ,BOTTOM-BOARD OF SQUARE MIDDLE WOODEN GONDOLA                ,      2566.52,01/31/2022,SHELVES                                           ,ALTA CITTA                              ,AC-MINISO                                         ,FAACQ               
0047-0007522600001       ,CIRCLE DISPLAY BARREL 450*550H( SATEN WHITE)                ,      2214.80,01/31/2022,OTHERS                                            ,ALTA CITTA                              ,AC-MINISO                                         ,FAACQ               
0047-0007522600002       ,CIRCLE DISPLAY BARREL 450*550H( SATEN WHITE)                ,      2214.80,01/31/2022,OTHERS                                            ,ALTA CITTA                              ,AC-MINISO                                         ,FAACQ               
0047-0007522700001       ,SINGLE RACK L700*380*1300H (SATEN WHITE)                    ,     17199.21,01/31/2022,RACK                                              ,ALTA CITTA                              ,AC-MINISO                                         ,FAACQ               
0047-0007522700002       ,SINGLE RACK L700*380*1300H (SATEN WHITE)                    ,     17199.21,01/31/2022,RACK                                              ,ALTA CITTA                              ,AC-MINISO                                         ,FAACQ               
0047-0007522700003       ,SINGLE RACK L700*380*1300H (SATEN WHITE)                    ,     17199.21,01/31/2022,RACK                                              ,ALTA CITTA                              ,AC-MINISO                                         ,FAACQ               
0047-0007522700004       ,SINGLE RACK L700*380*1300H (SATEN WHITE)                    ,     17199.21,01/31/2022,RACK                                              ,ALTA CITTA                              ,AC-MINISO                                         ,FAACQ               
0047-0007522700005       ,SINGLE RACK L700*380*1300H (SATEN WHITE)                    ,     17199.21,01/31/2022,RACK                                              ,ALTA CITTA                              ,AC-MINISO                                         ,FAACQ               
0047-0007522700006       ,SINGLE RACK L700*380*1300H (SATEN WHITE)                    ,     17199.21,01/31/2022,RACK                                              ,ALTA CITTA                              ,AC-MINISO                                         ,FAACQ               
0047-0007522700007       ,SINGLE RACK L700*380*1300H (SATEN WHITE)                    ,     17199.21,01/31/2022,RACK                                              ,ALTA CITTA                              ,AC-MINISO                                         ,FAACQ               
0047-0007522700008       ,SINGLE RACK L700*380*1300H (SATEN WHITE)                    ,     17199.21,01/31/2022,RACK                                              ,ALTA CITTA                              ,AC-MINISO                                         ,FAACQ               
0047-0007522700009       ,SINGLE RACK L700*380*1300H (SATEN WHITE)                    ,     17199.21,01/31/2022,RACK                                              ,ALTA CITTA                              ,AC-MINISO                                         ,FAACQ               
0047-0007522700010       ,SINGLE RACK L700*380*1300H (SATEN WHITE)                    ,     17199.21,01/31/2022,RACK                                              ,ALTA CITTA                              ,AC-MINISO                                         ,FAACQ               
0047-0007522700011       ,SINGLE RACK L700*380*1300H (SATEN WHITE)                    ,     17199.21,01/31/2022,RACK                                              ,ALTA CITTA                              ,AC-MINISO                                         ,FAACQ               
0047-0007522800001       ,PERFUME SHELF-2016                                          ,      4127.81,01/31/2022,SHELVES                                           ,ALTA CITTA                              ,AC-MINISO                                         ,FAACQ               
0047-0007522900001       ,2020 TABLEWARE DISPLAY RACK [INTERNATIONAL]                 ,      5029.96,01/31/2022,RACK                                              ,ALTA CITTA                              ,AC-MINISO                                         ,FAACQ               
0047-0007523000001       ,U-SHAPED PILLOW ROUND DISPLAY RACK                          ,      4770.35,01/31/2022,RACK                                              ,ALTA CITTA                              ,AC-MINISO                                         ,FAACQ               
0047-0007523000002       ,U-SHAPED PILLOW ROUND DISPLAY RACK                          ,      4770.35,01/31/2022,RACK                                              ,ALTA CITTA                              ,AC-MINISO                                         ,FAACQ               
0047-0007523100001       ,WOODEN FOLDABLE GLASSES SHELF 970*295*295MM                 ,      2231.03,01/31/2022,SHELVES                                           ,ALTA CITTA                              ,AC-MINISO                                         ,FAACQ               
0047-0007523100002       ,WOODEN FOLDABLE GLASSES SHELF 970*295*295MM                 ,      2231.03,01/31/2022,SHELVES                                           ,ALTA CITTA                              ,AC-MINISO                                         ,FAACQ               
0047-0007523100003       ,WOODEN FOLDABLE GLASSES SHELF 970*295*295MM                 ,      2231.03,01/31/2022,SHELVES                                           ,ALTA CITTA                              ,AC-MINISO                                         ,FAACQ               
0047-0007523100004       ,WOODEN FOLDABLE GLASSES SHELF 970*295*295MM                 ,      2231.03,01/31/2022,SHELVES                                           ,ALTA CITTA                              ,AC-MINISO                                         ,FAACQ               
0047-0007533900001       ,CABINET L600*W600*290H(ASH MELAMINE)                        ,      1573.89,01/31/2022,CABINET-WOODEN                                    ,ALTA CITTA                              ,AC-MINISO                                         ,FAACQ               
0047-0007533900002       ,CABINET L600*W600*290H(ASH MELAMINE)                        ,      1573.89,01/31/2022,CABINET-WOODEN                                    ,ALTA CITTA                              ,AC-MINISO                                         ,FAACQ               
0047-0007533900003       ,CABINET L600*W600*290H(ASH MELAMINE)                        ,      1573.89,01/31/2022,CABINET-WOODEN                                    ,ALTA CITTA                              ,AC-MINISO                                         ,FAACQ               
0047-0007533900004       ,CABINET L600*W600*290H(ASH MELAMINE)                        ,      1573.89,01/31/2022,CABINET-WOODEN                                    ,ALTA CITTA                              ,AC-MINISO                                         ,FAACQ               
0047-0007533900005       ,CABINET L600*W600*290H(ASH MELAMINE)                        ,      1573.89,01/31/2022,CABINET-WOODEN                                    ,ALTA CITTA                              ,AC-MINISO                                         ,FAACQ               
0047-0007533900006       ,CABINET L600*W600*290H(ASH MELAMINE)                        ,      1573.89,01/31/2022,CABINET-WOODEN                                    ,ALTA CITTA                              ,AC-MINISO                                         ,FAACQ               
0047-0007533900007       ,CABINET L600*W600*290H(ASH MELAMINE)                        ,      1573.89,01/31/2022,CABINET-WOODEN                                    ,ALTA CITTA                              ,AC-MINISO                                         ,FAACQ               
0047-0007533900008       ,CABINET L600*W600*290H(ASH MELAMINE)                        ,      1573.89,01/31/2022,CABINET-WOODEN                                    ,ALTA CITTA                              ,AC-MINISO                                         ,FAACQ               
0047-0007520400001       ,THREE-TIER THREE-COMPARTMENT POLYMETHCRYLATE SHELF          ,      2125.39,01/31/2022,SHELVES                                           ,ALTA CITTA                              ,AC-MINISO                                         ,FAACQ               
0047-0007520400002       ,THREE-TIER THREE-COMPARTMENT POLYMETHCRYLATE SHELF          ,      2125.39,01/31/2022,SHELVES                                           ,ALTA CITTA                              ,AC-MINISO                                         ,FAACQ               
0047-0007588200001       ,WESTERN DIGITAL WD BLUE 3D NAND 1TB SSD                     ,      6919.64,05/25/2022,HARD DISK                                         ,ALTA CITTA                              ,AC-MANAGER'S OFFICE                               ,FA_TRAN             
0047-0007588200002       ,WESTERN DIGITAL WD BLUE 3D NAND 1TB SSD                     ,      6919.64,05/25/2022,HARD DISK                                         ,ALTA CITTA                              ,AC-MANAGER'S OFFICE                               ,FA_TRAN             
0047-0007588200003       ,WESTERN DIGITAL WD BLUE 3D NAND 1TB SSD                     ,      6919.64,05/25/2022,HARD DISK                                         ,ALTA CITTA                              ,AC-INFORMATION TECHNOLOGY                         ,FAACQ               
0047-0007588200004       ,WESTERN DIGITAL WD BLUE 3D NAND 1TB SSD                     ,      6919.64,05/25/2022,HARD DISK                                         ,ALTA CITTA                              ,AC-INFORMATION TECHNOLOGY                         ,FAACQ               
0047-0007588200005       ,WESTERN DIGITAL WD BLUE 3D NAND 1TB SSD                     ,      6919.64,05/25/2022,HARD DISK                                         ,ALTA CITTA                              ,AC-INFORMATION TECHNOLOGY                         ,FAACQ               
0047-0007588200006       ,WESTERN DIGITAL WD BLUE 3D NAND 1TB SSD                     ,      6919.64,05/25/2022,HARD DISK                                         ,ALTA CITTA                              ,AC-INFORMATION TECHNOLOGY                         ,FAACQ               
0047-0006769800001       ,169126 CARRIER A/C FP53GCVBS016  2HP                        ,     58700.00,07/11/2022,AIRCON                                            ,ALTA CITTA                              ,AC-INFORMATION TECHNOLOGY                         ,FAACQ               
0047-0006769800002       ,169126 CARRIER A/C FP53GCVBS016  2HP                        ,     58700.00,07/11/2022,AIRCON                                            ,ALTA CITTA                              ,AC-INFORMATION TECHNOLOGY                         ,FAACQ               
0047-0007766600001       ,ACER ASPIRE 5 A514-54-34UP                                  ,     30999.00,07/13/2022,LAPTOP                                            ,ALTA CITTA                              ,AC-ADMIN                                          ,FAACQ               
0047-0007209700001       ,CISCO GLC-LH-SM COMPATIBLE 1000BASE-LX/LH SFP               ,      2217.91,07/23/2022,NETWORK SWITCH                                    ,ALTA CITTA                              ,AC-ADMIN                                          ,FAACQ               
0047-0007209700002       ,CISCO GLC-LH-SM COMPATIBLE 1000BASE-LX/LH SFP               ,      2217.91,07/23/2022,NETWORK SWITCH                                    ,ALTA CITTA                              ,AC-ADMIN                                          ,FAACQ               
0047-0007209700003       ,CISCO GLC-LH-SM COMPATIBLE 1000BASE-LX/LH SFP               ,      2217.91,07/23/2022,NETWORK SWITCH                                    ,ALTA CITTA                              ,AC-ADMIN                                          ,FAACQ               
0047-0007209700004       ,CISCO GLC-LH-SM COMPATIBLE 1000BASE-LX/LH SFP               ,      2217.91,07/23/2022,NETWORK SWITCH                                    ,ALTA CITTA                              ,AC-ADMIN                                          ,FAACQ               
0047-0007840900001       ,ODF                                                         ,      6970.59,07/23/2022,OTHERS                                            ,ALTA CITTA                              ,AC-ADMIN                                          ,FAACQ               
0047-0007922000001       ,KAWASAKI POWER SPRAYER WITH 1 HP COPPER                     ,      7937.50,08/11/2022,SPRAYER                                           ,ALTA CITTA                              ,AC-ENGINEERING DEPARTMENT                         ,FAACQ               
0047-0007519600001       ,CABINET FOR WALL BAY 1280*420*1340-L                        ,     10708.95,01/31/2022,CABINET-WOODEN                                    ,ALTA CITTA                              ,AC-MINISO                                         ,FAACQ               
0047-0007519700001       ,CABINET FOR WALL BAY 1280*420*1340-R                        ,     10708.95,01/31/2022,CABINET-WOODEN                                    ,ALTA CITTA                              ,AC-MINISO                                         ,FAACQ               
0047-0007519800001       ,CASH COUNTER L 1212*650*901 (POWER FREE FITTING)            ,     34284.85,01/31/2022,COUNTER                                           ,ALTA CITTA                              ,AC-MINISO                                         ,FAACQ               
0047-0007519900001       ,CASH COUNTER R 1212*650*901 (POWER FREE FITTING)            ,     34284.85,01/31/2022,COUNTER                                           ,ALTA CITTA                              ,AC-MINISO                                         ,FAACQ               
0047-0008086100001       ,SHOWCASE DISPLAY CABINET-HIGH400*400*700                    ,      1922.74,01/31/2022,CABINET-STEEL                                     ,ALTA CITTA                              ,AC-MINISO                                         ,FAACQ               
0047-0008086200001       ,SHOWCASE DISPLAY CABINET-LOW300*300*312                     ,      2312.16,01/31/2022,CABINET-STEEL                                     ,ALTA CITTA                              ,AC-MINISO                                         ,FAACQ               
0047-0008086400001       ,WINDOW DISPLAY RACK-BODY FRAME (1020*300*2000               ,      3121.05,01/31/2022,RACK                                              ,ALTA CITTA                              ,AC-MINISO                                         ,FAACQ               
0047-0008086600001       ,WINDOW DISPLAY RACK-PLATFORM (1020*254*155)                 ,      4068.63,01/31/2022,PLATFORM                                          ,ALTA CITTA                              ,AC-MINISO                                         ,FAACQ               
0047-0008086700001       ,LAMINATED FRAME-100*40*85CM                                 ,      3780.58,01/31/2022,FRAME                                             ,ALTA CITTA                              ,AC-MINISO                                         ,FAACQ               
0047-0008086700002       ,LAMINATED FRAME-100*40*85CM                                 ,      3780.58,01/31/2022,FRAME                                             ,ALTA CITTA                              ,AC-MINISO                                         ,FAACQ               
0047-0007519100001       ,UMBELLAR RACK(650*315*1460MN)                               ,      5695.21,01/31/2022,RACK                                              ,ALTA CITTA                              ,AC-MINISO                                         ,FAACQ               
0047-0008083300001       ,UPRIGHT 3000(SATIN WHITE)                                   ,      1930.86,01/31/2022,RACK                                              ,ALTA CITTA                              ,AC-MINISO                                         ,FAACQ               
0047-0008083300002       ,UPRIGHT 3000(SATIN WHITE)                                   ,      1930.86,01/31/2022,RACK                                              ,ALTA CITTA                              ,AC-MINISO                                         ,FAACQ               
0047-0008083300003       ,UPRIGHT 3000(SATIN WHITE)                                   ,      1930.86,01/31/2022,RACK                                              ,ALTA CITTA                              ,AC-MINISO                                         ,FAACQ               
0047-0008083300004       ,UPRIGHT 3000(SATIN WHITE)                                   ,      1930.86,01/31/2022,RACK                                              ,ALTA CITTA                              ,AC-MINISO                                         ,FAACQ               
0047-0008083300005       ,UPRIGHT 3000(SATIN WHITE)                                   ,      1930.86,01/31/2022,RACK                                              ,ALTA CITTA                              ,AC-MINISO                                         ,FAACQ               
0047-0008083300006       ,UPRIGHT 3000(SATIN WHITE)                                   ,      1930.86,01/31/2022,RACK                                              ,ALTA CITTA                              ,AC-MINISO                                         ,FAACQ               
0047-0008083300007       ,UPRIGHT 3000(SATIN WHITE)                                   ,      1930.86,01/31/2022,RACK                                              ,ALTA CITTA                              ,AC-MINISO                                         ,FAACQ               
0047-0008083300008       ,UPRIGHT 3000(SATIN WHITE)                                   ,      1930.86,01/31/2022,RACK                                              ,ALTA CITTA                              ,AC-MINISO                                         ,FAACQ               
0047-0008083300009       ,UPRIGHT 3000(SATIN WHITE)                                   ,      1930.86,01/31/2022,RACK                                              ,ALTA CITTA                              ,AC-MINISO                                         ,FAACQ               
0047-0008083300010       ,UPRIGHT 3000(SATIN WHITE)                                   ,      1930.86,01/31/2022,RACK                                              ,ALTA CITTA                              ,AC-MINISO                                         ,FAACQ               
0047-0008083300011       ,UPRIGHT 3000(SATIN WHITE)                                   ,      1930.86,01/31/2022,RACK                                              ,ALTA CITTA                              ,AC-MINISO                                         ,FAACQ               
0047-0008083300012       ,UPRIGHT 3000(SATIN WHITE)                                   ,      1930.86,01/31/2022,RACK                                              ,ALTA CITTA                              ,AC-MINISO                                         ,FAACQ               
0047-0008083300013       ,UPRIGHT 3000(SATIN WHITE)                                   ,      1930.86,01/31/2022,RACK                                              ,ALTA CITTA                              ,AC-MINISO                                         ,FAACQ               
0047-0008083300014       ,UPRIGHT 3000(SATIN WHITE)                                   ,      1930.86,01/31/2022,RACK                                              ,ALTA CITTA                              ,AC-MINISO                                         ,FAACQ               
0047-0008083300015       ,UPRIGHT 3000(SATIN WHITE)                                   ,      1930.86,01/31/2022,RACK                                              ,ALTA CITTA                              ,AC-MINISO                                         ,FAACQ               
0047-0008083300016       ,UPRIGHT 3000(SATIN WHITE)                                   ,      1930.86,01/31/2022,RACK                                              ,ALTA CITTA                              ,AC-MINISO                                         ,FAACQ               
0047-0008083300017       ,UPRIGHT 3000(SATIN WHITE)                                   ,      1930.86,01/31/2022,RACK                                              ,ALTA CITTA                              ,AC-MINISO                                         ,FAACQ               
0047-0008083300018       ,UPRIGHT 3000(SATIN WHITE)                                   ,      1930.86,01/31/2022,RACK                                              ,ALTA CITTA                              ,AC-MINISO                                         ,FAACQ               
0047-0008083300019       ,UPRIGHT 3000(SATIN WHITE)                                   ,      1930.86,01/31/2022,RACK                                              ,ALTA CITTA                              ,AC-MINISO                                         ,FAACQ               
0047-0008083300020       ,UPRIGHT 3000(SATIN WHITE)                                   ,      1930.86,01/31/2022,RACK                                              ,ALTA CITTA                              ,AC-MINISO                                         ,FAACQ               
0047-0008083300021       ,UPRIGHT 3000(SATIN WHITE)                                   ,      1930.86,01/31/2022,RACK                                              ,ALTA CITTA                              ,AC-MINISO                                         ,FAACQ               
0047-0008083300022       ,UPRIGHT 3000(SATIN WHITE)                                   ,      1930.86,01/31/2022,RACK                                              ,ALTA CITTA                              ,AC-MINISO                                         ,FAACQ               
0047-0008083300023       ,UPRIGHT 3000(SATIN WHITE)                                   ,      1930.86,01/31/2022,RACK                                              ,ALTA CITTA                              ,AC-MINISO                                         ,FAACQ               
0047-0008083300024       ,UPRIGHT 3000(SATIN WHITE)                                   ,      1930.86,01/31/2022,RACK                                              ,ALTA CITTA                              ,AC-MINISO                                         ,FAACQ               
0047-0008083300025       ,UPRIGHT 3000(SATIN WHITE)                                   ,      1930.86,01/31/2022,RACK                                              ,ALTA CITTA                              ,AC-MINISO                                         ,FAACQ               
0047-0008083300026       ,UPRIGHT 3000(SATIN WHITE)                                   ,      1930.86,01/31/2022,RACK                                              ,ALTA CITTA                              ,AC-MINISO                                         ,FAACQ               
0047-0008083300027       ,UPRIGHT 3000(SATIN WHITE)                                   ,      1930.86,01/31/2022,RACK                                              ,ALTA CITTA                              ,AC-MINISO                                         ,FAACQ               
0047-0008083300028       ,UPRIGHT 3000(SATIN WHITE)                                   ,      1930.86,01/31/2022,RACK                                              ,ALTA CITTA                              ,AC-MINISO                                         ,FAACQ               
0047-0008083300029       ,UPRIGHT 3000(SATIN WHITE)                                   ,      1930.86,01/31/2022,RACK                                              ,ALTA CITTA                              ,AC-MINISO                                         ,FAACQ               
0047-0008084100001       ,BOX 1 IN ON CASH COUNTER L590*W480*H300                     ,      4332.26,01/31/2022,COUNTER                                           ,ALTA CITTA                              ,AC-MINISO                                         ,FAACQ               
0047-0008084200001       ,BOX 2 IN ON CASH COUNTER L590*W480*H300                     ,      4332.26,01/31/2022,COUNTER                                           ,ALTA CITTA                              ,AC-MINISO                                         ,FAACQ               
0047-0008084500001       ,COMPOUND TABLE L1400*W800*330H(ASH MELAMINE)                ,      5175.99,01/31/2022,TABLE                                             ,ALTA CITTA                              ,AC-MINISO                                         ,FAACQ               
0047-0008084600001       ,MULTIFUNCTIONAL DISPLAY PLATFORM 1200*W1200*700H            ,      7711.30,01/31/2022,PLATFORM                                          ,ALTA CITTA                              ,AC-MINISO                                         ,FAACQ               
0047-0008084600002       ,MULTIFUNCTIONAL DISPLAY PLATFORM 1200*W1200*700H            ,      7711.30,01/31/2022,PLATFORM                                          ,ALTA CITTA                              ,AC-MINISO                                         ,FAACQ               
0047-0008087000001       ,WOOD GRAIN COMBINATION CABINET 330*50*2950                  ,      3066.65,01/31/2022,CABINET-WOODEN                                    ,ALTA CITTA                              ,AC-MINISO                                         ,FAACQ               
0047-0008087100001       ,WOOD GRAIN COMBINATION CABINET 320*30*2950                  ,      2661.01,01/31/2022,CABINET-WOODEN                                    ,ALTA CITTA                              ,AC-MINISO                                         ,FAACQ               
0047-0008087100002       ,WOOD GRAIN COMBINATION CABINET 320*30*2950                  ,      2661.01,01/31/2022,CABINET-WOODEN                                    ,ALTA CITTA                              ,AC-MINISO                                         ,FAACQ               
0047-0008087800001       ,WOOD GRAIN COMBINATION 1010*9*2950 LARGE BACK PLAT          ,      1614.46,01/31/2022,PLATFORM                                          ,ALTA CITTA                              ,AC-MINISO                                         ,FAACQ               
0047-0008088100001       ,WOOD GRAIN COMBINATION CABINET 670*50*2950                  ,      3886.04,01/31/2022,PLATFORM                                          ,ALTA CITTA                              ,AC-MINISO                                         ,FAACQ               
0047-0008088200001       ,WOOD GRAIN COMBINATION CABINET 670*30*2950                  ,      3066.65,01/31/2022,PLATFORM                                          ,ALTA CITTA                              ,AC-MINISO                                         ,FAACQ               
0047-0008088300001       ,WOOD GRAIN COMBINATION CABINET 1080*660*50                  ,      1444.09,01/31/2022,PLATFORM                                          ,ALTA CITTA                              ,AC-MINISO                                         ,FAACQ               
0047-0008088500001       ,WOOD GRAIN COMBINATION CABINET 1125*9*2950                  ,      2555.54,01/31/2022,CABINET-WOODEN                                    ,ALTA CITTA                              ,AC-MINISO                                         ,FAACQ               
0047-0007520000001       ,SIDE RACK                                                   ,      3882.04,01/31/2022,RACK                                              ,ALTA CITTA                              ,AC-MINISO                                         ,FAACQ               
0047-0007520000002       ,SIDE RACK                                                   ,      3882.04,01/31/2022,RACK                                              ,ALTA CITTA                              ,AC-MINISO                                         ,FAACQ               
0047-0007520000003       ,SIDE RACK                                                   ,      3882.04,01/31/2022,RACK                                              ,ALTA CITTA                              ,AC-MINISO                                         ,FAACQ               
0047-0007520100001       ,NORDIC MULTIFUNCTIONAL SHELF (600*350*1050MM)               ,      6713.99,01/31/2022,SHELVES                                           ,ALTA CITTA                              ,AC-MINISO                                         ,FAACQ               
0047-0007520100002       ,NORDIC MULTIFUNCTIONAL SHELF (600*350*1050MM)               ,      6713.99,01/31/2022,SHELVES                                           ,ALTA CITTA                              ,AC-MINISO                                         ,FAACQ               
0047-0007520100003       ,NORDIC MULTIFUNCTIONAL SHELF (600*350*1050MM)               ,      6713.99,01/31/2022,SHELVES                                           ,ALTA CITTA                              ,AC-MINISO                                         ,FAACQ               
0047-0007520100004       ,NORDIC MULTIFUNCTIONAL SHELF (600*350*1050MM)               ,      6713.99,01/31/2022,SHELVES                                           ,ALTA CITTA                              ,AC-MINISO                                         ,FAACQ               
0047-0007520100005       ,NORDIC MULTIFUNCTIONAL SHELF (600*350*1050MM)               ,      6713.99,01/31/2022,SHELVES                                           ,ALTA CITTA                              ,AC-MINISO                                         ,FAACQ               
0047-0007520100006       ,NORDIC MULTIFUNCTIONAL SHELF (600*350*1050MM)               ,      6713.99,01/31/2022,SHELVES                                           ,ALTA CITTA                              ,AC-MINISO                                         ,FAACQ               
0047-0007520300001       ,WALL BAY LED LIGHT BOX CLOTH2580*1360MM                     ,      2433.85,01/31/2022,LIGHTING FIXTURES                                 ,ALTA CITTA                              ,AC-MINISO                                         ,FAACQ               
0047-0008089800001       ,FRAME FOR WALL BAY LED LIGHT BOX 2580*1360*80MM             ,     17925.36,01/31/2022,FRAME                                             ,ALTA CITTA                              ,AC-MINISO                                         ,FAACQ               
0047-0008079900001       ,450 WIDE ENGLISH LOGO-RESIN (NEW COLOR  2019)               ,      9716.31,01/31/2022,SIGNAGE                                           ,ALTA CITTA                              ,AC-MINISO                                         ,FAACQ               
0047-0008080100001       ,4INCH LED ROTARY CEILING LIGHT                              ,      2089.29,01/31/2022,LIGHTING FIXTURES                                 ,ALTA CITTA                              ,AC-MINISO                                         ,FAACQ               
0047-0008080100002       ,4INCH LED ROTARY CEILING LIGHT                              ,      2089.29,01/31/2022,LIGHTING FIXTURES                                 ,ALTA CITTA                              ,AC-MINISO                                         ,FAACQ               
0047-0008080100003       ,4INCH LED ROTARY CEILING LIGHT                              ,      2089.29,01/31/2022,LIGHTING FIXTURES                                 ,ALTA CITTA                              ,AC-MINISO                                         ,FAACQ               
0047-0008080100004       ,4INCH LED ROTARY CEILING LIGHT                              ,      2089.29,01/31/2022,LIGHTING FIXTURES                                 ,ALTA CITTA                              ,AC-MINISO                                         ,FAACQ               
0047-0008080100005       ,4INCH LED ROTARY CEILING LIGHT                              ,      2089.29,01/31/2022,LIGHTING FIXTURES                                 ,ALTA CITTA                              ,AC-MINISO                                         ,FAACQ               
0047-0008080200001       ,5INCH LED DOWNLIGHTS                                        ,      2089.29,01/31/2022,LIGHTING FIXTURES                                 ,ALTA CITTA                              ,AC-MINISO                                         ,FAACQ               
0047-0008080200002       ,5INCH LED DOWNLIGHTS                                        ,      2089.29,01/31/2022,LIGHTING FIXTURES                                 ,ALTA CITTA                              ,AC-MINISO                                         ,FAACQ               
0047-0008080200003       ,5INCH LED DOWNLIGHTS                                        ,      2089.29,01/31/2022,LIGHTING FIXTURES                                 ,ALTA CITTA                              ,AC-MINISO                                         ,FAACQ               
0047-0008080200004       ,5INCH LED DOWNLIGHTS                                        ,      2089.29,01/31/2022,LIGHTING FIXTURES                                 ,ALTA CITTA                              ,AC-MINISO                                         ,FAACQ               
0047-0008080200005       ,5INCH LED DOWNLIGHTS                                        ,      2089.29,01/31/2022,LIGHTING FIXTURES                                 ,ALTA CITTA                              ,AC-MINISO                                         ,FAACQ               
0047-0008080200006       ,5INCH LED DOWNLIGHTS                                        ,      2089.29,01/31/2022,LIGHTING FIXTURES                                 ,ALTA CITTA                              ,AC-MINISO                                         ,FAACQ               
0047-0008080200007       ,5INCH LED DOWNLIGHTS                                        ,      2089.29,01/31/2022,LIGHTING FIXTURES                                 ,ALTA CITTA                              ,AC-MINISO                                         ,FAACQ               
0047-0008080200008       ,5INCH LED DOWNLIGHTS                                        ,      2089.29,01/31/2022,LIGHTING FIXTURES                                 ,ALTA CITTA                              ,AC-MINISO                                         ,FAACQ               
0047-0008080200009       ,5INCH LED DOWNLIGHTS                                        ,      2089.29,01/31/2022,LIGHTING FIXTURES                                 ,ALTA CITTA                              ,AC-MINISO                                         ,FAACQ               
0047-0008080200010       ,5INCH LED DOWNLIGHTS                                        ,      2089.29,01/31/2022,LIGHTING FIXTURES                                 ,ALTA CITTA                              ,AC-MINISO                                         ,FAACQ               
0047-0008080200011       ,5INCH LED DOWNLIGHTS                                        ,      2089.29,01/31/2022,LIGHTING FIXTURES                                 ,ALTA CITTA                              ,AC-MINISO                                         ,FAACQ               
0047-0008080200012       ,5INCH LED DOWNLIGHTS                                        ,      2089.29,01/31/2022,LIGHTING FIXTURES                                 ,ALTA CITTA                              ,AC-MINISO                                         ,FAACQ               
0047-0008080200013       ,5INCH LED DOWNLIGHTS                                        ,      2089.29,01/31/2022,LIGHTING FIXTURES                                 ,ALTA CITTA                              ,AC-MINISO                                         ,FAACQ               
0047-0008080200014       ,5INCH LED DOWNLIGHTS                                        ,      2089.29,01/31/2022,LIGHTING FIXTURES                                 ,ALTA CITTA                              ,AC-MINISO                                         ,FAACQ               
0047-0008080300001       ,6INCH MOVING LED DOWN LIGHT                                 ,      2089.29,01/31/2022,LIGHTING FIXTURES                                 ,ALTA CITTA                              ,AC-MINISO                                         ,FAACQ               
0047-0008080300002       ,6INCH MOVING LED DOWN LIGHT                                 ,      2089.29,01/31/2022,LIGHTING FIXTURES                                 ,ALTA CITTA                              ,AC-MINISO                                         ,FAACQ               
0047-0008080300003       ,6INCH MOVING LED DOWN LIGHT                                 ,      2089.29,01/31/2022,LIGHTING FIXTURES                                 ,ALTA CITTA                              ,AC-MINISO                                         ,FAACQ               
0047-0008080300004       ,6INCH MOVING LED DOWN LIGHT                                 ,      2089.29,01/31/2022,LIGHTING FIXTURES                                 ,ALTA CITTA                              ,AC-MINISO                                         ,FAACQ               
0047-0008080300005       ,6INCH MOVING LED DOWN LIGHT                                 ,      2089.29,01/31/2022,LIGHTING FIXTURES                                 ,ALTA CITTA                              ,AC-MINISO                                         ,FAACQ               
0047-0008080300006       ,6INCH MOVING LED DOWN LIGHT                                 ,      2089.29,01/31/2022,LIGHTING FIXTURES                                 ,ALTA CITTA                              ,AC-MINISO                                         ,FAACQ               
0047-0008080300007       ,6INCH MOVING LED DOWN LIGHT                                 ,      2089.29,01/31/2022,LIGHTING FIXTURES                                 ,ALTA CITTA                              ,AC-MINISO                                         ,FAACQ               
0047-0008080300008       ,6INCH MOVING LED DOWN LIGHT                                 ,      2089.29,01/31/2022,LIGHTING FIXTURES                                 ,ALTA CITTA                              ,AC-MINISO                                         ,FAACQ               
0047-0008080300009       ,6INCH MOVING LED DOWN LIGHT                                 ,      2089.29,01/31/2022,LIGHTING FIXTURES                                 ,ALTA CITTA                              ,AC-MINISO                                         ,FAACQ               
0047-0008080300010       ,6INCH MOVING LED DOWN LIGHT                                 ,      2089.29,01/31/2022,LIGHTING FIXTURES                                 ,ALTA CITTA                              ,AC-MINISO                                         ,FAACQ               
0047-0008080300011       ,6INCH MOVING LED DOWN LIGHT                                 ,      2089.29,01/31/2022,LIGHTING FIXTURES                                 ,ALTA CITTA                              ,AC-MINISO                                         ,FAACQ               
0047-0008080300012       ,6INCH MOVING LED DOWN LIGHT                                 ,      2089.29,01/31/2022,LIGHTING FIXTURES                                 ,ALTA CITTA                              ,AC-MINISO                                         ,FAACQ               
0047-0008080300013       ,6INCH MOVING LED DOWN LIGHT                                 ,      2089.29,01/31/2022,LIGHTING FIXTURES                                 ,ALTA CITTA                              ,AC-MINISO                                         ,FAACQ               
0047-0008080300014       ,6INCH MOVING LED DOWN LIGHT                                 ,      2089.29,01/31/2022,LIGHTING FIXTURES                                 ,ALTA CITTA                              ,AC-MINISO                                         ,FAACQ               
0047-0008080300015       ,6INCH MOVING LED DOWN LIGHT                                 ,      2089.29,01/31/2022,LIGHTING FIXTURES                                 ,ALTA CITTA                              ,AC-MINISO                                         ,FAACQ               
0047-0008080300016       ,6INCH MOVING LED DOWN LIGHT                                 ,      2089.29,01/31/2022,LIGHTING FIXTURES                                 ,ALTA CITTA                              ,AC-MINISO                                         ,FAACQ               
0047-0008080300017       ,6INCH MOVING LED DOWN LIGHT                                 ,      2089.29,01/31/2022,LIGHTING FIXTURES                                 ,ALTA CITTA                              ,AC-MINISO                                         ,FAACQ               
0047-0008080300018       ,6INCH MOVING LED DOWN LIGHT                                 ,      2089.29,01/31/2022,LIGHTING FIXTURES                                 ,ALTA CITTA                              ,AC-MINISO                                         ,FAACQ               
0047-0008080300019       ,6INCH MOVING LED DOWN LIGHT                                 ,      2089.29,01/31/2022,LIGHTING FIXTURES                                 ,ALTA CITTA                              ,AC-MINISO                                         ,FAACQ               
0047-0008080300020       ,6INCH MOVING LED DOWN LIGHT                                 ,      2089.29,01/31/2022,LIGHTING FIXTURES                                 ,ALTA CITTA                              ,AC-MINISO                                         ,FAACQ               
0047-0008080300021       ,6INCH MOVING LED DOWN LIGHT                                 ,      2089.29,01/31/2022,LIGHTING FIXTURES                                 ,ALTA CITTA                              ,AC-MINISO                                         ,FAACQ               
0047-0008080300022       ,6INCH MOVING LED DOWN LIGHT                                 ,      2089.29,01/31/2022,LIGHTING FIXTURES                                 ,ALTA CITTA                              ,AC-MINISO                                         ,FAACQ               
0047-0008080300023       ,6INCH MOVING LED DOWN LIGHT                                 ,      2089.29,01/31/2022,LIGHTING FIXTURES                                 ,ALTA CITTA                              ,AC-MINISO                                         ,FAACQ               
0047-0008080300024       ,6INCH MOVING LED DOWN LIGHT                                 ,      2089.29,01/31/2022,LIGHTING FIXTURES                                 ,ALTA CITTA                              ,AC-MINISO                                         ,FAACQ               
0047-0008080300025       ,6INCH MOVING LED DOWN LIGHT                                 ,      2089.29,01/31/2022,LIGHTING FIXTURES                                 ,ALTA CITTA                              ,AC-MINISO                                         ,FAACQ               
0047-0008080300026       ,6INCH MOVING LED DOWN LIGHT                                 ,      2089.29,01/31/2022,LIGHTING FIXTURES                                 ,ALTA CITTA                              ,AC-MINISO                                         ,FAACQ               
0047-0008080300027       ,6INCH MOVING LED DOWN LIGHT                                 ,      2089.29,01/31/2022,LIGHTING FIXTURES                                 ,ALTA CITTA                              ,AC-MINISO                                         ,FAACQ               
0047-0008080300028       ,6INCH MOVING LED DOWN LIGHT                                 ,      2089.29,01/31/2022,LIGHTING FIXTURES                                 ,ALTA CITTA                              ,AC-MINISO                                         ,FAACQ               
0047-0008080300029       ,6INCH MOVING LED DOWN LIGHT                                 ,      2089.29,01/31/2022,LIGHTING FIXTURES                                 ,ALTA CITTA                              ,AC-MINISO                                         ,FAACQ               
0047-0008080300030       ,6INCH MOVING LED DOWN LIGHT                                 ,      2089.29,01/31/2022,LIGHTING FIXTURES                                 ,ALTA CITTA                              ,AC-MINISO                                         ,FAACQ               
0047-0008080300031       ,6INCH MOVING LED DOWN LIGHT                                 ,      2089.29,01/31/2022,LIGHTING FIXTURES                                 ,ALTA CITTA                              ,AC-MINISO                                         ,FAACQ               
0047-0008080300032       ,6INCH MOVING LED DOWN LIGHT                                 ,      2089.29,01/31/2022,LIGHTING FIXTURES                                 ,ALTA CITTA                              ,AC-MINISO                                         ,FAACQ               
0047-0008080300033       ,6INCH MOVING LED DOWN LIGHT                                 ,      2089.29,01/31/2022,LIGHTING FIXTURES                                 ,ALTA CITTA                              ,AC-MINISO                                         ,FAACQ               
0047-0008080300034       ,6INCH MOVING LED DOWN LIGHT                                 ,      2089.29,01/31/2022,LIGHTING FIXTURES                                 ,ALTA CITTA                              ,AC-MINISO                                         ,FAACQ               
0047-0008080300035       ,6INCH MOVING LED DOWN LIGHT                                 ,      2089.29,01/31/2022,LIGHTING FIXTURES                                 ,ALTA CITTA                              ,AC-MINISO                                         ,FAACQ               
0047-0008080300036       ,6INCH MOVING LED DOWN LIGHT                                 ,      2089.29,01/31/2022,LIGHTING FIXTURES                                 ,ALTA CITTA                              ,AC-MINISO                                         ,FAACQ               
0047-0008080300037       ,6INCH MOVING LED DOWN LIGHT                                 ,      2089.29,01/31/2022,LIGHTING FIXTURES                                 ,ALTA CITTA                              ,AC-MINISO                                         ,FAACQ               
0047-0008080300038       ,6INCH MOVING LED DOWN LIGHT                                 ,      2089.29,01/31/2022,LIGHTING FIXTURES                                 ,ALTA CITTA                              ,AC-MINISO                                         ,FAACQ               
0047-0008080400001       ,6INCH 30W SPEAKER                                           ,      1847.82,01/31/2022,SPEAKER                                           ,ALTA CITTA                              ,AC-MINISO                                         ,FAACQ               
0047-0008080400002       ,6INCH 30W SPEAKER                                           ,      1847.82,01/31/2022,SPEAKER                                           ,ALTA CITTA                              ,AC-MINISO                                         ,FAACQ               
0047-0008080400003       ,6INCH 30W SPEAKER                                           ,      1847.82,01/31/2022,SPEAKER                                           ,ALTA CITTA                              ,AC-MINISO                                         ,FAACQ               
0047-0008080400004       ,6INCH 30W SPEAKER                                           ,      1847.82,01/31/2022,SPEAKER                                           ,ALTA CITTA                              ,AC-MINISO                                         ,FAACQ               
0047-0008080400005       ,6INCH 30W SPEAKER                                           ,      1847.82,01/31/2022,SPEAKER                                           ,ALTA CITTA                              ,AC-MINISO                                         ,FAACQ               
0047-0008080400006       ,6INCH 30W SPEAKER                                           ,      1847.82,01/31/2022,SPEAKER                                           ,ALTA CITTA                              ,AC-MINISO                                         ,FAACQ               
0047-0007453800001       ,EXTERNAL HARD DRIVE 1TB                                     ,      2650.00,10/05/2022,HARD DISK                                         ,ALTA CITTA                              ,AC-SECURITY & SAFETY DEPARTMENT                   ,FAACQ               
0047-0008270300001       ,NOKIA C20                                                   ,      3290.00,11/04/2022,CELLPHONE                                         ,ALTA CITTA                              ,AC-MINISO                                         ,FAACQ               
0047-0003523100001       ,PRESSURE TANK                                               ,     50000.00,07/05/2023,TANK                                              ,ALTA CITTA                              ,AC-LEASING DEPARTMENT                             ,FAACQ               
0026-0008445600001       ,LSNAV 2017 RETAIL SOLUTION FOR WDG PROJECT                  ,   4215593.80,02/07/2022,SOFTWARE                                          ,WHOLESALE DISTRIBUTION GROUP            ,CDC WDG-FLOWRACK                                  ,FA_TRAN             
0026-0008445900001       ,LSNAV 2017 RETAIL SOLUTION FOR LDI-DSG PROJECT              ,   1124158.35,02/07/2022,SOFTWARE                                          ,DISTRIBUTION SALES GROUP                ,LDI-DISTRIBUTION SALES GROUP                      ,FA_TRAN             
0026-0008446500001       ,LSNAV 2017 RETAIL SOLUTION FOR NETMAN PROJECT               ,    702598.96,02/07/2022,SOFTWARE                                          ,NETMAN                                  ,NETMAN-ACCOUNTING                                 ,FA_TRAN             
0026-0008447200001       ,LSNAV 2017 RETAIL SOLUTION FOR ALTA CITTA PROJECT           ,   2974010.34,02/07/2022,SOFTWARE                                          ,ALTA CITTA                              ,AC-GROCERY SELLING AREA                           ,FA_TRAN             
0026-0008447500001       ,LSNAV 2017 RETAIL SOLUTION FOR MPDI PROJECT                 ,    281039.59,02/07/2022,SOFTWARE                                          ,MARCELA PHARMA DISTRIBUTORS INC.        ,MPDI-ACCOUNTING                                   ,FA_TRAN             
0026-0008451100001       ,LSNAV 2017 RETAIL SOLUTION FOR WDG-UBAY PROJECT             ,    702598.96,02/07/2022,SOFTWARE                                          ,WHOLESALE DISTRIBUTION GROUP            ,WDG-UBAY                                          ,FA_TRAN             
0047-0004223700001       ,STANDARD STAND FAN                                          ,      1915.00,03/08/2023,FAN                                               ,ALTA CITTA                              ,AC-GROCERY RECEIVING                              ,FAACQ               
0047-0004223700002       ,STANDARD STAND FAN                                          ,      1915.00,03/08/2023,FAN                                               ,ALTA CITTA                              ,AC-GROCERY RECEIVING                              ,FAACQ               
0010302400001            ,HONDA TMX155 PL#:4592-YC                                    ,     67500.00,12/07/2010,VEHICLE                                           ,ALTA CITTA                              ,AC-GROCERY SELLING AREA                           ,FA_TRAN             
0026-0003869900062       ,CISCO UC PHONE 7821                                         ,      8482.14,11/22/2022,TELEPHONE                                         ,MIC-UBAY                                ,MIC UBAY-CONSTRUCTION                             ,FA_TRAN             
0001-0006626500026       ,PRINTER EPSON TM-H6000V USB THERMAL POS PRINTER             ,     21500.00,09/26/2022,PRINTER                                           ,ALTA CITTA                              ,AC-GROCERY CHECK OUT COUNTER                      ,FA_TRAN             
0047-0007957700001       ,FLK-62MAX/SNG THERMOMETER                                   ,      7896.60,11/29/2022,THERMOMETER                                       ,ALTA CITTA                              ,AC-ENGINEERING DEPARTMENT                         ,FAACQ               
0047-0001573900001       ,EXHAUST FAN OMNI                                            ,      4499.75,03/30/2023,EXHAUST FAN                                       ,ALTA CITTA                              ,AC-GROCERY RECEIVING                              ,FAACQ               
0047-0001573900002       ,EXHAUST FAN OMNI                                            ,      4499.75,03/30/2023,EXHAUST FAN                                       ,ALTA CITTA                              ,AC-GROCERY RECEIVING                              ,FAACQ               
0047-0001573900003       ,EXHAUST FAN OMNI                                            ,      4499.75,03/30/2023,EXHAUST FAN                                       ,ALTA CITTA                              ,AC-GROCERY RECEIVING                              ,FAACQ               
0047-0001573900004       ,EXHAUST FAN OMNI                                            ,      4499.75,03/30/2023,EXHAUST FAN                                       ,ALTA CITTA                              ,AC-GROCERY RECEIVING                              ,FAACQ               
0047-0001573900005       ,EXHAUST FAN OMNI                                            ,      4499.75,03/30/2023,EXHAUST FAN                                       ,ALTA CITTA                              ,AC-GROCERY RECEIVING                              ,FAACQ               
0047-0001573900006       ,EXHAUST FAN OMNI                                            ,      4499.75,03/30/2023,EXHAUST FAN                                       ,ALTA CITTA                              ,AC-GROCERY RECEIVING                              ,FAACQ               
0047-0008583600001       ,SUPMEA SUP-P300 PRESSURE TRANSMITTER                        ,      6840.00,03/20/2023,OTHERS                                            ,ALTA CITTA                              ,AC-LEASING DEPARTMENT                             ,FAACQ               
0047-0008797800001       ,OPPO A17 (CPH2477) 4/64                                     ,      7999.00,04/26/2023,CELLPHONE                                         ,ALTA CITTA                              ,AC-ADMIN                                          ,FAACQ               
0047-0001573900007       ,EXHAUST FAN OMNI                                            ,      4499.75,05/05/2023,EXHAUST FAN                                       ,ALTA CITTA                              ,AC-ADMIN                                          ,FA_TRAN             
0047-0001573900008       ,EXHAUST FAN OMNI                                            ,      4499.75,05/05/2023,EXHAUST FAN                                       ,ALTA CITTA                              ,AC-ADMIN                                          ,FA_TRAN             
0047-0001743200003       ,HAND SEALER 12""                                             ,      2999.00,05/10/2023,                                                  ,ALTA CITTA                              ,AC-GROCERY RECEIVING                              ,FAACQ               
0047-0001743200004       ,HAND SEALER 12""                                             ,      2999.00,05/10/2023,                                                  ,ALTA CITTA                              ,AC-GROCERY RECEIVING                              ,FAACQ               
0047-0008653400001       ,KING CAB VAN 150CC MVFILE#:0701-1503912                     ,    139071.00,05/16/2023,VEHICLE                                           ,ALTA CITTA                              ,AC-GROCERY RECEIVING                              ,FAACQ               
0047-0008817300001       ,PUMP SUBMERSIBLE SEWAGE 1HP WQD7-8 D                        ,     14400.00,05/24/2023,PUMP                                              ,ALTA CITTA                              ,AC-LEASING DEPARTMENT                             ,FAACQ               
0047-0008810600001       ,GLORY BANKNOTE COUNTER                                      ,    165178.57,05/24/2023,COUNTER                                           ,ALTA CITTA                              ,AC-TREASURY                                       ,FAACQ               
0047-0007609300001       ,ZEBRA HANDHELD SCANNER DS2208 2D USB  W/ STAND              ,      4464.29,05/17/2023,SCANNER                                           ,ALTA CITTA                              ,AC-MEDICINE PLUS                                  ,FA_TRAN             
0047-0007609300002       ,ZEBRA HANDHELD SCANNER DS2208 2D USB  W/ STAND              ,      4464.29,05/17/2023,SCANNER                                           ,ALTA CITTA                              ,AC-GROCERY CHECK OUT COUNTER                      ,FAACQ               
0047-0007609300003       ,ZEBRA HANDHELD SCANNER DS2208 2D USB  W/ STAND              ,      4464.29,05/17/2023,SCANNER                                           ,ALTA CITTA                              ,AC-GROCERY CHECK OUT COUNTER                      ,FAACQ               
0047-0007609300004       ,ZEBRA HANDHELD SCANNER DS2208 2D USB  W/ STAND              ,      4464.29,05/17/2023,SCANNER                                           ,ALTA CITTA                              ,AC-GROCERY CHECK OUT COUNTER                      ,FAACQ               
0047-0007609300005       ,ZEBRA HANDHELD SCANNER DS2208 2D USB  W/ STAND              ,      4464.29,05/17/2023,SCANNER                                           ,ALTA CITTA                              ,AC-GROCERY CHECK OUT COUNTER                      ,FAACQ               
0047-0007990300001       ,EPSON H6000V THERMAL POS PRINTER                            ,     19196.43,05/17/2023,PRINTER                                           ,ALTA CITTA                              ,AC-MEDICINE PLUS                                  ,FA_TRAN             
0047-0007990300002       ,EPSON H6000V THERMAL POS PRINTER                            ,     19196.43,05/17/2023,PRINTER                                           ,ISLAND CITY MALL                        ,ICM-GROCERY CHECK OUT COUNTER                     ,FA_TRAN             
0047-0007990300003       ,EPSON H6000V THERMAL POS PRINTER                            ,     19196.43,05/17/2023,PRINTER                                           ,ALTA CITTA                              ,AC-GROCERY CHECK OUT COUNTER                      ,FAACQ               
0047-0007048000001       ,PRINTER EPSON L3210 AIO                                     ,      9395.00,07/14/2023,PRINTER                                           ,ALTA CITTA                              ,AC-ADMIN                                          ,FAACQ               
0047-0007048000002       ,PRINTER EPSON L3210 AIO                                     ,      9395.00,07/14/2023,PRINTER                                           ,ALTA CITTA                              ,AC-ENGINEERING DEPARTMENT                         ,FA_TRAN             
0047-0002122800001       ,SANWA DIGITAL MULTI METER (MODEL: CD 800A)                  ,      6500.00,06/08/2023,MULTI-TESTER                                      ,ALTA CITTA                              ,AC-ENGINEERING DEPARTMENT                         ,FAACQ               
0047-0007990300004       ,EPSON H6000V THERMAL POS PRINTER                            ,     19196.43,07/04/2023,PRINTER                                           ,ISLAND CITY MALL                        ,ICM-GROCERY CHECK OUT COUNTER                     ,FA_TRAN             
0047-0007990300005       ,EPSON H6000V THERMAL POS PRINTER                            ,     19196.43,07/04/2023,PRINTER                                           ,ALTA CITTA                              ,AC-GROCERY CHECK OUT COUNTER                      ,FAACQ               
0047-0007859900001       ,ROLL UP DOOR SL PANEL 1.345X2.52                            ,     12417.80,09/08/2022,DOOR                                              ,ALTA CITTA                              ,AC-BUILDING ADMIN                                 ,FAACQ               
0000622000003            ,IMPORTED SHOWCASE 0.50 X 0.90                               ,     24400.00,12/29/2015,SHOWCASE                                          ,ALTA CITTA                              ,AC-GROCERY SELLING AREA                           ,FA_TRAN             
0047-0009040200001       ,EBARA SUBMERSIBLE SEWAGE PUMPS MODEL DWM100650MM            ,     26607.14,07/17/2023,PUMP                                              ,ALTA CITTA                              ,AC-LEASING DEPARTMENT                             ,FAACQ               
0047-0009038100001       ,ALUMINUM LOUVERS 150 3/8X112 USING RT 13/4X4               ,     29174.13,08/01/2023,IMPROVEMENTS                                      ,ALTA CITTA                              ,AC-LEASING DEPARTMENT                             ,FAACQ               
0047-0007028600001       ,TEMPERED FRAMELESS SWING DOOR DOUBLE PANEL                  ,    207870.26,10/27/2021,DOOR                                              ,ALTA CITTA                              ,AC-MINISO                                         ,FAACQ               
0047-0009075500001       ,173760 KONZERT AMPLI AV 502H                                ,      7999.00,08/18/2023,AMPLIFIER                                         ,ALTA CITTA                              ,AC-LEASING DEPARTMENT                             ,FAACQ               
0047-0009075600001       ,168208 KONZERT SPKR KS 655MK2                               ,      9999.00,08/18/2023,SPEAKER                                           ,ALTA CITTA                              ,AC-LEASING DEPARTMENT                             ,FAACQ               
0033-0007886500101       ,PLASTIC PALLET BLACK D4S-1012.16                            ,      3150.00,09/07/2022,PALLET                                            ,ALTA CITTA                              ,AC-GROCERY RECEIVING                              ,FA_TRAN             
0033-0007886500102       ,PLASTIC PALLET BLACK D4S-1012.16                            ,      3150.00,09/07/2022,PALLET                                            ,ALTA CITTA                              ,AC-GROCERY RECEIVING                              ,FA_TRAN             
0033-0007886500103       ,PLASTIC PALLET BLACK D4S-1012.16                            ,      3150.00,09/07/2022,PALLET                                            ,ALTA CITTA                              ,AC-GROCERY RECEIVING                              ,FA_TRAN             
0033-0007886500104       ,PLASTIC PALLET BLACK D4S-1012.16                            ,      3150.00,09/07/2022,PALLET                                            ,ALTA CITTA                              ,AC-GROCERY RECEIVING                              ,FA_TRAN             
0047-0009198300001       ,ACRYLIC DIFFUSER 3MM LED MODULES POWER SUPPLY               ,     15178.57,09/19/2023,POWER SUPPLY                                      ,ALTA CITTA                              ,AC-MINISO                                         ,FAACQ               
0047-0009176400001       ,SAMSUNG GALAXY A14 5G                                       ,     12990.00,09/25/2023,CELLPHONE                                         ,ALTA CITTA                              ,AC-LEASING DEPARTMENT                             ,FAACQ               
0047-0009176400002       ,SAMSUNG GALAXY A14 5G                                       ,     12990.00,09/25/2023,CELLPHONE                                         ,ALTA CITTA                              ,AC-LEASING DEPARTMENT                             ,FAACQ               
0026-0003869900089       ,CISCO UC PHONE 7821                                         ,      8035.71,09/11/2023,TELEPHONE                                         ,HEAD OFFICE                             ,HO-INTERIOR DESIGN & VISUAL ARTS                  ,FA_TRAN             
0026-0003869900092       ,CISCO UC PHONE 7821                                         ,      8035.71,09/11/2023,TELEPHONE                                         ,ALTA CITTA                              ,AC-TREASURY                                       ,FA_TRAN             
0047-0009146900001       ,FCU/ACCU-1 42CAC024/38CAC024 2.5 HP                         ,     32108.75,09/28/2023,AIRCON                                            ,ALTA CITTA                              ,AC-LEASING DEPARTMENT                             ,FAACQ               
0047-0009147000001       ,FCU/ACCU-2 42CAC018/38CAC018 2.0 HP                         ,     27703.75,09/28/2023,AIRCON                                            ,ALTA CITTA                              ,AC-LEASING DEPARTMENT                             ,FAACQ               
0047-0007439500001       ,KYK WET & DRY VACUUM                                        ,      4699.00,10/18/2023,VACUUM                                            ,ALTA CITTA                              ,AC-GENERAL SERVICES DEPARTMENT                    ,FAACQ               
0047-0008544900001       ,HAND TRUCK 10X1                                             ,      2856.00,10/21/2023,HANDTRUCK                                         ,ALTA CITTA                              ,AC-GROCERY RECEIVING                              ,FAACQ               
0047-0008544900002       ,HAND TRUCK 10X1                                             ,      2856.00,10/21/2023,HANDTRUCK                                         ,ALTA CITTA                              ,AC-GROCERY RECEIVING                              ,FAACQ               
0047-0009221000001       ,CELLPHONE REALME C51 (3+64) RMX3830                         ,      4999.00,10/27/2023,CELLPHONE                                         ,ALTA CITTA                              ,AC-ENGINEERING DEPARTMENT                         ,FAACQ               
0047-0008679300001       ,SYNOLOGY RS2423RP+                                          ,    168883.93,11/09/2023,OTHERS                                            ,ALTA CITTA                              ,AC-INFORMATION TECHNOLOGY                         ,FAACQ               
0047-0008679900001       ,SYNOLOGY 8TB 3.5"" SATA HDD (HAT5310-8T)                     ,     20699.11,11/09/2023,OTHERS                                            ,ALTA CITTA                              ,AC-INFORMATION TECHNOLOGY                         ,FAACQ               
0047-0008679900002       ,SYNOLOGY 8TB 3.5"" SATA HDD (HAT5310-8T)                     ,     20699.11,11/09/2023,OTHERS                                            ,ALTA CITTA                              ,AC-INFORMATION TECHNOLOGY                         ,FAACQ               
0047-0008679900003       ,SYNOLOGY 8TB 3.5"" SATA HDD (HAT5310-8T)                     ,     20699.11,11/09/2023,OTHERS                                            ,ALTA CITTA                              ,AC-INFORMATION TECHNOLOGY                         ,FAACQ               
0047-0008679900004       ,SYNOLOGY 8TB 3.5"" SATA HDD (HAT5310-8T)                     ,     20699.11,11/09/2023,OTHERS                                            ,ALTA CITTA                              ,AC-INFORMATION TECHNOLOGY                         ,FAACQ               
0047-0008679900005       ,SYNOLOGY 8TB 3.5"" SATA HDD (HAT5310-8T)                     ,     20699.11,11/09/2023,OTHERS                                            ,ALTA CITTA                              ,AC-INFORMATION TECHNOLOGY                         ,FAACQ               
0047-0008679900006       ,SYNOLOGY 8TB 3.5"" SATA HDD (HAT5310-8T)                     ,     20699.11,11/09/2023,OTHERS                                            ,ALTA CITTA                              ,AC-INFORMATION TECHNOLOGY                         ,FAACQ               
0047-0006431100003       ,THERMISTOR SENSOR; T1 EWT                                   ,     22875.00,10/16/2023,ELECTRICAL PARTS                                  ,ALTA CITTA                              ,AC-LEASING DEPARTMENT                             ,FAACQ               
0047-0006431100004       ,THERMISTOR SENSOR; T1 EWT                                   ,     22875.00,10/16/2023,ELECTRICAL PARTS                                  ,ALTA CITTA                              ,AC-LEASING DEPARTMENT                             ,FAACQ               
0047-0006431100005       ,THERMISTOR SENSOR; T1 EWT                                   ,     22875.00,10/16/2023,ELECTRICAL PARTS                                  ,ALTA CITTA                              ,AC-LEASING DEPARTMENT                             ,FAACQ               
0047-0006431200003       ,THERMISTOR SENSOR; T2 LWT                                   ,     22875.00,10/16/2023,ELECTRICAL SUPPLIES                               ,ALTA CITTA                              ,AC-LEASING DEPARTMENT                             ,FAACQ               
0047-0006431200004       ,THERMISTOR SENSOR; T2 LWT                                   ,     22875.00,10/16/2023,ELECTRICAL SUPPLIES                               ,ALTA CITTA                              ,AC-LEASING DEPARTMENT                             ,FAACQ               
0047-0006431200005       ,THERMISTOR SENSOR; T2 LWT                                   ,     22875.00,10/16/2023,ELECTRICAL SUPPLIES                               ,ALTA CITTA                              ,AC-LEASING DEPARTMENT                             ,FAACQ               
0047-0006431300003       ,THERMISTOR SENSOR; T3 OAT                                   ,     22875.00,10/16/2023,ELECTRICAL SUPPLIES                               ,ALTA CITTA                              ,AC-LEASING DEPARTMENT                             ,FAACQ               
0047-0006431300004       ,THERMISTOR SENSOR; T3 OAT                                   ,     22875.00,10/16/2023,ELECTRICAL SUPPLIES                               ,ALTA CITTA                              ,AC-LEASING DEPARTMENT                             ,FAACQ               
0047-0006431300005       ,THERMISTOR SENSOR; T3 OAT                                   ,     22875.00,10/16/2023,ELECTRICAL SUPPLIES                               ,ALTA CITTA                              ,AC-LEASING DEPARTMENT                             ,FAACQ               
0047-0006431400003       ,THERMISTOR SENSOR; T4 SGTA                                  ,     22875.00,10/16/2023,ELECTRICAL SUPPLIES                               ,ALTA CITTA                              ,AC-LEASING DEPARTMENT                             ,FAACQ               
0047-0006431400004       ,THERMISTOR SENSOR; T4 SGTA                                  ,     22875.00,10/16/2023,ELECTRICAL SUPPLIES                               ,ALTA CITTA                              ,AC-LEASING DEPARTMENT                             ,FAACQ               
0047-0006431400005       ,THERMISTOR SENSOR; T4 SGTA                                  ,     22875.00,10/16/2023,ELECTRICAL SUPPLIES                               ,ALTA CITTA                              ,AC-LEASING DEPARTMENT                             ,FAACQ               
0047-0006431500003       ,THERMISTOR SENSOR; T5 SGTB                                  ,     22875.00,10/16/2023,ELECTRICAL SUPPLIES                               ,ALTA CITTA                              ,AC-LEASING DEPARTMENT                             ,FAACQ               
0047-0006431500004       ,THERMISTOR SENSOR; T5 SGTB                                  ,     22875.00,10/16/2023,ELECTRICAL SUPPLIES                               ,ALTA CITTA                              ,AC-LEASING DEPARTMENT                             ,FAACQ               
0047-0006431500005       ,THERMISTOR SENSOR; T5 SGTB                                  ,     22875.00,10/16/2023,ELECTRICAL SUPPLIES                               ,ALTA CITTA                              ,AC-LEASING DEPARTMENT                             ,FAACQ               
0047-0006431600003       ,THERMISTOR SENSOR; T7 SGTC                                  ,     22875.00,10/16/2023,ELECTRICAL SUPPLIES                               ,ALTA CITTA                              ,AC-LEASING DEPARTMENT                             ,FAACQ               
0047-0006431600004       ,THERMISTOR SENSOR; T7 SGTC                                  ,     22875.00,10/16/2023,ELECTRICAL SUPPLIES                               ,ALTA CITTA                              ,AC-LEASING DEPARTMENT                             ,FAACQ               
0047-0006431600005       ,THERMISTOR SENSOR; T7 SGTC                                  ,     22875.00,10/16/2023,ELECTRICAL SUPPLIES                               ,ALTA CITTA                              ,AC-LEASING DEPARTMENT                             ,FAACQ               
0047-0006431700003       ,THERMISTOR SENSOR; T6 DUAL                                  ,     22875.00,10/16/2023,ELECTRICAL SUPPLIES                               ,ALTA CITTA                              ,AC-LEASING DEPARTMENT                             ,FAACQ               
0047-0006431700004       ,THERMISTOR SENSOR; T6 DUAL                                  ,     22875.00,10/16/2023,ELECTRICAL SUPPLIES                               ,ALTA CITTA                              ,AC-LEASING DEPARTMENT                             ,FAACQ               
0047-0006431700005       ,THERMISTOR SENSOR; T6 DUAL                                  ,     22875.00,10/16/2023,ELECTRICAL SUPPLIES                               ,ALTA CITTA                              ,AC-LEASING DEPARTMENT                             ,FAACQ               
0047-0006431800004       ,THERMISTOR SENSOR; T8 SPACE TEMP.                           ,      5356.25,10/16/2023,ELECTRICAL SUPPLIES                               ,ALTA CITTA                              ,AC-LEASING DEPARTMENT                             ,FAACQ               
0047-0006431800005       ,THERMISTOR SENSOR; T8 SPACE TEMP.                           ,      5356.25,10/16/2023,ELECTRICAL SUPPLIES                               ,ALTA CITTA                              ,AC-LEASING DEPARTMENT                             ,FAACQ               
0047-0006431800006       ,THERMISTOR SENSOR; T8 SPACE TEMP.                           ,      5356.25,10/16/2023,ELECTRICAL SUPPLIES                               ,ALTA CITTA                              ,AC-LEASING DEPARTMENT                             ,FAACQ               
0047-0008166400001       ,EPSON LQ310 DOT MATRIX PRINTER                              ,     14995.00,11/20/2023,PRINTER                                           ,ALTA CITTA                              ,AC-ADMIN                                          ,FAACQ               
0047-0008166400002       ,EPSON LQ310 DOT MATRIX PRINTER                              ,     14995.00,11/20/2023,PRINTER                                           ,ALTA CITTA                              ,AC-ADMIN                                          ,FAACQ               
0047-0007498200001       ,MOTOPLUS DUALBAND HANDHELD RADIO TRANSCEIVER                ,      2400.00,12/12/2023,RADIO HANDSET                                     ,ALTA CITTA                              ,AC-SECURITY & SAFETY DEPARTMENT                   ,FA_TRAN             
0047-0007498200002       ,MOTOPLUS DUALBAND HANDHELD RADIO TRANSCEIVER                ,      2400.00,12/12/2023,RADIO HANDSET                                     ,ALTA CITTA                              ,AC-SECURITY & SAFETY DEPARTMENT                   ,FA_TRAN             
0047-0007498200003       ,MOTOPLUS DUALBAND HANDHELD RADIO TRANSCEIVER                ,      2400.00,12/12/2023,RADIO HANDSET                                     ,ALTA CITTA                              ,AC-SECURITY & SAFETY DEPARTMENT                   ,FA_TRAN             
0047-0007498200004       ,MOTOPLUS DUALBAND HANDHELD RADIO TRANSCEIVER                ,      2400.00,12/12/2023,RADIO HANDSET                                     ,ALTA CITTA                              ,AC-SECURITY & SAFETY DEPARTMENT                   ,FA_TRAN             
0047-0007498200005       ,MOTOPLUS DUALBAND HANDHELD RADIO TRANSCEIVER                ,      2400.00,12/12/2023,RADIO HANDSET                                     ,ALTA CITTA                              ,AC-SECURITY & SAFETY DEPARTMENT                   ,FA_TRAN             
0047-0007498200006       ,MOTOPLUS DUALBAND HANDHELD RADIO TRANSCEIVER                ,      2400.00,12/12/2023,RADIO HANDSET                                     ,ALTA CITTA                              ,AC-ENGINEERING DEPARTMENT                         ,FA_TRAN             
0047-0007498200007       ,MOTOPLUS DUALBAND HANDHELD RADIO TRANSCEIVER                ,      2400.00,12/12/2023,RADIO HANDSET                                     ,ALTA CITTA                              ,AC-ENGINEERING DEPARTMENT                         ,FA_TRAN             
0047-0007498200008       ,MOTOPLUS DUALBAND HANDHELD RADIO TRANSCEIVER                ,      2400.00,12/12/2023,RADIO HANDSET                                     ,ALTA CITTA                              ,AC-ENGINEERING DEPARTMENT                         ,FA_TRAN             
0047-0009470700001       ,JET140M JET PUMP 2.0HP                                      ,     11534.75,12/28/2023,PUMP                                              ,ALTA CITTA                              ,AC-LEASING DEPARTMENT                             ,FAACQ               
0047-0009392000001       ,SUBMERSIBLE SEWAGE PUMP MODEL 80DVS62.265MM                 ,     45021.65,12/01/2023,PUMP                                              ,ALTA CITTA                              ,AC-ENGINEERING DEPARTMENT                         ,FAACQ               
0047-0009396200001       ,SET QUICK DISCHARGE CONNECTOR LM65                          ,     12121.21,12/01/2023,PUMP                                              ,ALTA CITTA                              ,AC-ENGINEERING DEPARTMENT                         ,FAACQ               
0047-0007990300006       ,EPSON H6000V THERMAL POS PRINTER                            ,     19196.43,11/29/2023,PRINTER                                           ,ALTA CITTA                              ,AC-GROCERY CHECK OUT COUNTER                      ,FAACQ               
0047-0007990300007       ,EPSON H6000V THERMAL POS PRINTER                            ,     19196.43,11/29/2023,PRINTER                                           ,ALTA CITTA                              ,AC-GROCERY CHECK OUT COUNTER                      ,FAACQ               
0047-0007990300008       ,EPSON H6000V THERMAL POS PRINTER                            ,     19196.43,11/29/2023,PRINTER                                           ,ALTA CITTA                              ,AC-GROCERY CHECK OUT COUNTER                      ,FAACQ               
0047-0007990300009       ,EPSON H6000V THERMAL POS PRINTER                            ,     19196.43,11/29/2023,PRINTER                                           ,ALTA CITTA                              ,AC-GROCERY CHECK OUT COUNTER                      ,FAACQ               
0047-0007990300010       ,EPSON H6000V THERMAL POS PRINTER                            ,     19196.43,11/29/2023,PRINTER                                           ,ALTA CITTA                              ,AC-GROCERY CHECK OUT COUNTER                      ,FAACQ               
00009405                 ,BLOWER MAKITA                                               ,      3499.00,01/18/2018,                                                  ,CORPORATE-GROUP 2                       ,CORPORATE2-HARDWARE DC                            ,                    
0047-0009263900001       ,CYBER 90 WITH STANDARD CASTER                               ,      5686.31,10/17/2023,CART                                              ,ALTA CITTA                              ,AC-GROCERY CHECK OUT COUNTER                      ,FAACQ               
0047-0009263900002       ,CYBER 90 WITH STANDARD CASTER                               ,      5686.31,10/17/2023,CART                                              ,ALTA CITTA                              ,AC-GROCERY CHECK OUT COUNTER                      ,FAACQ               
0047-0009263900003       ,CYBER 90 WITH STANDARD CASTER                               ,      5686.31,10/17/2023,CART                                              ,ALTA CITTA                              ,AC-GROCERY CHECK OUT COUNTER                      ,FAACQ               
0047-0009263900004       ,CYBER 90 WITH STANDARD CASTER                               ,      5686.31,10/17/2023,CART                                              ,ALTA CITTA                              ,AC-GROCERY CHECK OUT COUNTER                      ,FAACQ               
0047-0009263900005       ,CYBER 90 WITH STANDARD CASTER                               ,      5686.31,10/17/2023,CART                                              ,ALTA CITTA                              ,AC-GROCERY CHECK OUT COUNTER                      ,FAACQ               
0047-0009263900006       ,CYBER 90 WITH STANDARD CASTER                               ,      5686.31,10/17/2023,CART                                              ,ALTA CITTA                              ,AC-GROCERY CHECK OUT COUNTER                      ,FAACQ               
0047-0009263900007       ,CYBER 90 WITH STANDARD CASTER                               ,      5686.31,10/17/2023,CART                                              ,ALTA CITTA                              ,AC-GROCERY CHECK OUT COUNTER                      ,FAACQ               
0047-0009263900008       ,CYBER 90 WITH STANDARD CASTER                               ,      5686.31,10/17/2023,CART                                              ,ALTA CITTA                              ,AC-GROCERY CHECK OUT COUNTER                      ,FAACQ               
0047-0009263900009       ,CYBER 90 WITH STANDARD CASTER                               ,      5686.31,10/17/2023,CART                                              ,ALTA CITTA                              ,AC-GROCERY CHECK OUT COUNTER                      ,FAACQ               
0047-0009263900010       ,CYBER 90 WITH STANDARD CASTER                               ,      5686.31,10/17/2023,CART                                              ,ALTA CITTA                              ,AC-GROCERY CHECK OUT COUNTER                      ,FAACQ               
0047-0009264000001       ,LOVE CART 022 WITH STANDARD CASTER                          ,      5276.48,10/17/2023,CART                                              ,ALTA CITTA                              ,AC-GROCERY CHECK OUT COUNTER                      ,FAACQ               
0047-0009264000002       ,LOVE CART 022 WITH STANDARD CASTER                          ,      5276.48,10/17/2023,CART                                              ,ALTA CITTA                              ,AC-GROCERY CHECK OUT COUNTER                      ,FAACQ               
0047-0009264000003       ,LOVE CART 022 WITH STANDARD CASTER                          ,      5276.48,10/17/2023,CART                                              ,ALTA CITTA                              ,AC-GROCERY CHECK OUT COUNTER                      ,FAACQ               
0047-0009264000004       ,LOVE CART 022 WITH STANDARD CASTER                          ,      5276.48,10/17/2023,CART                                              ,ALTA CITTA                              ,AC-GROCERY CHECK OUT COUNTER                      ,FAACQ               
0047-0009264000005       ,LOVE CART 022 WITH STANDARD CASTER                          ,      5276.48,10/17/2023,CART                                              ,ALTA CITTA                              ,AC-GROCERY CHECK OUT COUNTER                      ,FAACQ               
0047-0009264000006       ,LOVE CART 022 WITH STANDARD CASTER                          ,      5276.48,10/17/2023,CART                                              ,ALTA CITTA                              ,AC-GROCERY CHECK OUT COUNTER                      ,FAACQ               
0047-0009264000007       ,LOVE CART 022 WITH STANDARD CASTER                          ,      5276.48,10/17/2023,CART                                              ,ALTA CITTA                              ,AC-GROCERY CHECK OUT COUNTER                      ,FAACQ               
0047-0009264000008       ,LOVE CART 022 WITH STANDARD CASTER                          ,      5276.48,10/17/2023,CART                                              ,ALTA CITTA                              ,AC-GROCERY CHECK OUT COUNTER                      ,FAACQ               
0047-0009264000009       ,LOVE CART 022 WITH STANDARD CASTER                          ,      5276.48,10/17/2023,CART                                              ,ALTA CITTA                              ,AC-GROCERY CHECK OUT COUNTER                      ,FAACQ               
0047-0009264000010       ,LOVE CART 022 WITH STANDARD CASTER                          ,      5276.48,10/17/2023,CART                                              ,ALTA CITTA                              ,AC-GROCERY CHECK OUT COUNTER                      ,FAACQ               
0047-0009264000011       ,LOVE CART 022 WITH STANDARD CASTER                          ,      5276.48,10/17/2023,CART                                              ,ALTA CITTA                              ,AC-GROCERY CHECK OUT COUNTER                      ,FAACQ               
0047-0009264000012       ,LOVE CART 022 WITH STANDARD CASTER                          ,      5276.48,10/17/2023,CART                                              ,ALTA CITTA                              ,AC-GROCERY CHECK OUT COUNTER                      ,FAACQ               
0047-0009264000013       ,LOVE CART 022 WITH STANDARD CASTER                          ,      5276.48,10/17/2023,CART                                              ,ALTA CITTA                              ,AC-GROCERY CHECK OUT COUNTER                      ,FAACQ               
0047-0009264000014       ,LOVE CART 022 WITH STANDARD CASTER                          ,      5276.48,10/17/2023,CART                                              ,ALTA CITTA                              ,AC-GROCERY CHECK OUT COUNTER                      ,FAACQ               
0047-0009264000015       ,LOVE CART 022 WITH STANDARD CASTER                          ,      5276.48,10/17/2023,CART                                              ,ALTA CITTA                              ,AC-GROCERY CHECK OUT COUNTER                      ,FAACQ               
0047-0009264000016       ,LOVE CART 022 WITH STANDARD CASTER                          ,      5276.48,10/17/2023,CART                                              ,ALTA CITTA                              ,AC-GROCERY CHECK OUT COUNTER                      ,FAACQ               
0047-0009264000017       ,LOVE CART 022 WITH STANDARD CASTER                          ,      5276.48,10/17/2023,CART                                              ,ALTA CITTA                              ,AC-GROCERY CHECK OUT COUNTER                      ,FAACQ               
0047-0009264000018       ,LOVE CART 022 WITH STANDARD CASTER                          ,      5276.48,10/17/2023,CART                                              ,ALTA CITTA                              ,AC-GROCERY CHECK OUT COUNTER                      ,FAACQ               
0047-0009264000019       ,LOVE CART 022 WITH STANDARD CASTER                          ,      5276.48,10/17/2023,CART                                              ,ALTA CITTA                              ,AC-GROCERY CHECK OUT COUNTER                      ,FAACQ               
0047-0009264000020       ,LOVE CART 022 WITH STANDARD CASTER                          ,      5276.48,10/17/2023,CART                                              ,ALTA CITTA                              ,AC-GROCERY CHECK OUT COUNTER                      ,FAACQ               
0047-0008208100001       ,STRUCTURED CABLING & AUXILIARY SECTION                      ,    840000.00,02/01/2024,STORE EQUIPMENT                                   ,ALTA CITTA                              ,AC-LEASING DEPARTMENT                             ,FAACQ               
0047-0009695700001       ,SAMSUNG GALAXY A05                                          ,      5177.00,03/26/2024,CELLPHONE                                         ,ALTA CITTA                              ,AC-GROCERY SELLING AREA                           ,FAACQ               
0047-0009847000001       ,NOVKER NK3200D MINI PRO OTDR OPTICAL FIBER TESTER           ,     12799.00,04/17/2024,TEST KIT                                          ,ALTA CITTA                              ,AC-INFORMATION TECHNOLOGY                         ,FAACQ               
0047-0007498200009       ,MOTOPLUS DUALBAND HANDHELD RADIO TRANSCEIVER                ,      2400.00,04/26/2024,RADIO HANDSET                                     ,ALTA CITTA                              ,AC-SECURITY & SAFETY DEPARTMENT                   ,FA_TRAN             
0047-0007498200010       ,MOTOPLUS DUALBAND HANDHELD RADIO TRANSCEIVER                ,      2400.00,04/26/2024,RADIO HANDSET                                     ,ALTA CITTA                              ,AC-SECURITY & SAFETY DEPARTMENT                   ,FA_TRAN             
0047-0007498200011       ,MOTOPLUS DUALBAND HANDHELD RADIO TRANSCEIVER                ,      2400.00,04/26/2024,RADIO HANDSET                                     ,ALTA CITTA                              ,AC-SECURITY & SAFETY DEPARTMENT                   ,FA_TRAN             
0047-0007498200012       ,MOTOPLUS DUALBAND HANDHELD RADIO TRANSCEIVER                ,      2400.00,04/26/2024,RADIO HANDSET                                     ,ALTA CITTA                              ,AC-SECURITY & SAFETY DEPARTMENT                   ,FA_TRAN             
0047-0007498200013       ,MOTOPLUS DUALBAND HANDHELD RADIO TRANSCEIVER                ,      2400.00,04/26/2024,RADIO HANDSET                                     ,ALTA CITTA                              ,AC-SECURITY & SAFETY DEPARTMENT                   ,FA_TRAN             
0047-0009833900001       ,SAMSUNG GALAXY A15 5G                                       ,     12731.00,04/24/2024,CELLPHONE                                         ,ALTA CITTA                              ,AC-LEASING DEPARTMENT                             ,FAACQ               
0047-0009833900002       ,SAMSUNG GALAXY A15 5G                                       ,     12731.00,04/24/2024,CELLPHONE                                         ,ALTA CITTA                              ,AC-LEASING DEPARTMENT                             ,FAACQ               
0047-0009695700002       ,SAMSUNG GALAXY A05                                          ,      4723.00,05/08/2024,CELLPHONE                                         ,ALTA CITTA                              ,AC-GROCERY RECEIVING                              ,FAACQ               
0047-0007015200001       ,MANLY PLASTIC PALLET D4-1012.16 DECK TYPE 01 BLACK          ,      3000.00,04/09/2024,PALLET                                            ,ALTA CITTA                              ,AC-GROCERY RECEIVING                              ,FAACQ               
0047-0007015200002       ,MANLY PLASTIC PALLET D4-1012.16 DECK TYPE 01 BLACK          ,      3000.00,04/09/2024,PALLET                                            ,ALTA CITTA                              ,AC-GROCERY RECEIVING                              ,FAACQ               
0047-0007015200003       ,MANLY PLASTIC PALLET D4-1012.16 DECK TYPE 01 BLACK          ,      3000.00,04/09/2024,PALLET                                            ,ALTA CITTA                              ,AC-GROCERY RECEIVING                              ,FAACQ               
0047-0007015200004       ,MANLY PLASTIC PALLET D4-1012.16 DECK TYPE 01 BLACK          ,      3000.00,04/09/2024,PALLET                                            ,ALTA CITTA                              ,AC-GROCERY RECEIVING                              ,FAACQ               
0047-0007015200005       ,MANLY PLASTIC PALLET D4-1012.16 DECK TYPE 01 BLACK          ,      3000.00,04/09/2024,PALLET                                            ,ALTA CITTA                              ,AC-GROCERY RECEIVING                              ,FAACQ               
0047-0007015200006       ,MANLY PLASTIC PALLET D4-1012.16 DECK TYPE 01 BLACK          ,      3000.00,04/09/2024,PALLET                                            ,ALTA CITTA                              ,AC-GROCERY RECEIVING                              ,FAACQ               
0047-0007015200007       ,MANLY PLASTIC PALLET D4-1012.16 DECK TYPE 01 BLACK          ,      3000.00,04/09/2024,PALLET                                            ,ALTA CITTA                              ,AC-GROCERY RECEIVING                              ,FAACQ               
0047-0007015200008       ,MANLY PLASTIC PALLET D4-1012.16 DECK TYPE 01 BLACK          ,      3000.00,04/09/2024,PALLET                                            ,ALTA CITTA                              ,AC-GROCERY RECEIVING                              ,FAACQ               
0047-0007015200009       ,MANLY PLASTIC PALLET D4-1012.16 DECK TYPE 01 BLACK          ,      3000.00,04/09/2024,PALLET                                            ,ALTA CITTA                              ,AC-GROCERY RECEIVING                              ,FAACQ               
0047-0007015200010       ,MANLY PLASTIC PALLET D4-1012.16 DECK TYPE 01 BLACK          ,      3000.00,04/09/2024,PALLET                                            ,ALTA CITTA                              ,AC-GROCERY RECEIVING                              ,FAACQ               
0047-0007015200011       ,MANLY PLASTIC PALLET D4-1012.16 DECK TYPE 01 BLACK          ,      3000.00,04/09/2024,PALLET                                            ,ALTA CITTA                              ,AC-GROCERY RECEIVING                              ,FAACQ               
0047-0007015200012       ,MANLY PLASTIC PALLET D4-1012.16 DECK TYPE 01 BLACK          ,      3000.00,04/09/2024,PALLET                                            ,ALTA CITTA                              ,AC-GROCERY RECEIVING                              ,FAACQ               
0047-0007015200013       ,MANLY PLASTIC PALLET D4-1012.16 DECK TYPE 01 BLACK          ,      3000.00,04/09/2024,PALLET                                            ,ALTA CITTA                              ,AC-GROCERY RECEIVING                              ,FAACQ               
0047-0007015200014       ,MANLY PLASTIC PALLET D4-1012.16 DECK TYPE 01 BLACK          ,      3000.00,04/09/2024,PALLET                                            ,ALTA CITTA                              ,AC-GROCERY RECEIVING                              ,FAACQ               
0047-0007015200015       ,MANLY PLASTIC PALLET D4-1012.16 DECK TYPE 01 BLACK          ,      3000.00,04/09/2024,PALLET                                            ,ALTA CITTA                              ,AC-GROCERY RECEIVING                              ,FAACQ               
0047-0010027100001       ,ZKTECO BIOMETRIC MODEL: ZK3969+RCP/IP                       ,      3659.00,05/24/2024,BIOMETRICS                                        ,ALTA CITTA                              ,AC-ADMIN                                          ,FA_TRAN             
0047-0008864300001       ,EPSON L 5290 AIO PRINTER                                    ,     12416.00,06/25/2024,PRINTER                                           ,ALTA CITTA                              ,AC-MIS                                            ,FAACQ               
0047-0001573900009       ,EXHAUST FAN OMNI                                            ,      4499.75,06/26/2024,EXHAUST FAN                                       ,ALTA CITTA                              ,AC-GROCERY RECEIVING                              ,FAACQ               
0047-0001573900010       ,EXHAUST FAN OMNI                                            ,      4499.75,06/26/2024,EXHAUST FAN                                       ,ALTA CITTA                              ,AC-GROCERY RECEIVING                              ,FAACQ               
0047-0001242500001       ,HANABISHI WATER DISPENSER                                   ,      7406.00,06/27/2024,DISPENSER                                         ,ALTA CITTA                              ,AC-ADMIN                                          ,FAACQ               
0047-0010438200001       ,LADDER DL3 ALUMIMUN 3STEP                                   ,      2484.00,09/02/2024,LADDER                                            ,ALTA CITTA                              ,AC-GROCERY RECEIVING                              ,FAACQ               
0047-0010438200002       ,LADDER DL3 ALUMIMUN 3STEP                                   ,      2484.00,09/02/2024,LADDER                                            ,ALTA CITTA                              ,AC-GROCERY RECEIVING                              ,FAACQ               
0047-0010438400001       ,LADDER DL5 ALUMINUM 5 STEPS                                 ,      3091.25,09/02/2024,LADDER                                            ,ALTA CITTA                              ,AC-GROCERY RECEIVING                              ,FAACQ               
0047-0010438400002       ,LADDER DL5 ALUMINUM 5 STEPS                                 ,      3091.25,09/02/2024,LADDER                                            ,ALTA CITTA                              ,AC-GROCERY RECEIVING                              ,FAACQ               
0047-0010438400003       ,LADDER DL5 ALUMINUM 5 STEPS                                 ,      3091.25,09/02/2024,LADDER                                            ,ALTA CITTA                              ,AC-GROCERY RECEIVING                              ,FAACQ               
0047-0010438400004       ,LADDER DL5 ALUMINUM 5 STEPS                                 ,      3091.25,09/02/2024,LADDER                                            ,ALTA CITTA                              ,AC-GROCERY RECEIVING                              ,FAACQ               
0047-0009893700001       ,OFFER#3 FOR ALTA CITTA-TARGET OEM WAREHOUSE                 ,   1247198.00,06/13/2024,RACK                                              ,ALTA CITTA                              ,AC-GROCERY RECEIVING                              ,FAACQ               
0047-0007015200016       ,MANLY PLASTIC PALLET D4-1012.16 DECK TYPE 01 BLACK          ,      3000.00,08/09/2024,PALLET                                            ,ALTA CITTA                              ,AC-GROCERY RECEIVING                              ,FAACQ               
0047-0007015200017       ,MANLY PLASTIC PALLET D4-1012.16 DECK TYPE 01 BLACK          ,      3000.00,08/09/2024,PALLET                                            ,ALTA CITTA                              ,AC-GROCERY RECEIVING                              ,FAACQ               
0047-0007015200018       ,MANLY PLASTIC PALLET D4-1012.16 DECK TYPE 01 BLACK          ,      3000.00,08/09/2024,PALLET                                            ,ALTA CITTA                              ,AC-GROCERY RECEIVING                              ,FAACQ               
0047-0007015200019       ,MANLY PLASTIC PALLET D4-1012.16 DECK TYPE 01 BLACK          ,      3000.00,08/09/2024,PALLET                                            ,ALTA CITTA                              ,AC-GROCERY RECEIVING                              ,FAACQ               
0047-0007015200020       ,MANLY PLASTIC PALLET D4-1012.16 DECK TYPE 01 BLACK          ,      3000.00,08/09/2024,PALLET                                            ,ALTA CITTA                              ,AC-GROCERY RECEIVING                              ,FAACQ               
0047-0007015200021       ,MANLY PLASTIC PALLET D4-1012.16 DECK TYPE 01 BLACK          ,      3000.00,08/09/2024,PALLET                                            ,ALTA CITTA                              ,AC-GROCERY RECEIVING                              ,FAACQ               
0047-0007015200022       ,MANLY PLASTIC PALLET D4-1012.16 DECK TYPE 01 BLACK          ,      3000.00,08/09/2024,PALLET                                            ,ALTA CITTA                              ,AC-GROCERY RECEIVING                              ,FAACQ               
0047-0007015200023       ,MANLY PLASTIC PALLET D4-1012.16 DECK TYPE 01 BLACK          ,      3000.00,08/09/2024,PALLET                                            ,ALTA CITTA                              ,AC-GROCERY RECEIVING                              ,FAACQ               
0047-0007015200024       ,MANLY PLASTIC PALLET D4-1012.16 DECK TYPE 01 BLACK          ,      3000.00,08/09/2024,PALLET                                            ,ALTA CITTA                              ,AC-GROCERY RECEIVING                              ,FAACQ               
0047-0007015200025       ,MANLY PLASTIC PALLET D4-1012.16 DECK TYPE 01 BLACK          ,      3000.00,08/09/2024,PALLET                                            ,ALTA CITTA                              ,AC-GROCERY RECEIVING                              ,FAACQ               
0047-0007015200026       ,MANLY PLASTIC PALLET D4-1012.16 DECK TYPE 01 BLACK          ,      3000.00,08/09/2024,PALLET                                            ,ALTA CITTA                              ,AC-GROCERY RECEIVING                              ,FAACQ               
0047-0007015200027       ,MANLY PLASTIC PALLET D4-1012.16 DECK TYPE 01 BLACK          ,      3000.00,08/09/2024,PALLET                                            ,ALTA CITTA                              ,AC-GROCERY RECEIVING                              ,FAACQ               
0047-0007015200028       ,MANLY PLASTIC PALLET D4-1012.16 DECK TYPE 01 BLACK          ,      3000.00,08/09/2024,PALLET                                            ,ALTA CITTA                              ,AC-GROCERY RECEIVING                              ,FAACQ               
0047-0007015200029       ,MANLY PLASTIC PALLET D4-1012.16 DECK TYPE 01 BLACK          ,      3000.00,08/09/2024,PALLET                                            ,ALTA CITTA                              ,AC-GROCERY RECEIVING                              ,FAACQ               
0047-0007015200030       ,MANLY PLASTIC PALLET D4-1012.16 DECK TYPE 01 BLACK          ,      3000.00,08/09/2024,PALLET                                            ,ALTA CITTA                              ,AC-GROCERY RECEIVING                              ,FAACQ               
0047-0007015200031       ,MANLY PLASTIC PALLET D4-1012.16 DECK TYPE 01 BLACK          ,      3000.00,08/09/2024,PALLET                                            ,ALTA CITTA                              ,AC-GROCERY RECEIVING                              ,FAACQ               
0047-0007015200032       ,MANLY PLASTIC PALLET D4-1012.16 DECK TYPE 01 BLACK          ,      3000.00,08/09/2024,PALLET                                            ,ALTA CITTA                              ,AC-GROCERY RECEIVING                              ,FAACQ               
0047-0007015200033       ,MANLY PLASTIC PALLET D4-1012.16 DECK TYPE 01 BLACK          ,      3000.00,08/09/2024,PALLET                                            ,ALTA CITTA                              ,AC-GROCERY RECEIVING                              ,FAACQ               
0047-0007015200034       ,MANLY PLASTIC PALLET D4-1012.16 DECK TYPE 01 BLACK          ,      3000.00,08/09/2024,PALLET                                            ,ALTA CITTA                              ,AC-GROCERY RECEIVING                              ,FAACQ               
0047-0007015200035       ,MANLY PLASTIC PALLET D4-1012.16 DECK TYPE 01 BLACK          ,      3000.00,08/09/2024,PALLET                                            ,ALTA CITTA                              ,AC-GROCERY RECEIVING                              ,FAACQ               
0047-0001573900011       ,EXHAUST FAN OMNI                                            ,      4499.75,09/06/2024,EXHAUST FAN                                       ,ALTA CITTA                              ,AC-MINISO                                         ,FAACQ               
0047-0010736800001       ,REALME NOTE 60 4+128GB                                      ,      5519.00,10/14/2024,CELLPHONE                                         ,ALTA CITTA                              ,AC-ENGINEERING DEPARTMENT                         ,FAACQ               
0047-0009859400001       ,IG4-200                                                     ,    127066.18,06/10/2024,OTHERS                                            ,ALTA CITTA                              ,AC-ADMIN                                          ,FAACQ               
0047-0009859400002       ,IG4-200                                                     ,    127066.18,06/10/2024,OTHERS                                            ,ALTA CITTA                              ,AC-ADMIN                                          ,FAACQ               
0047-0009859400003       ,IG4-200                                                     ,    127066.18,06/10/2024,OTHERS                                            ,ALTA CITTA                              ,AC-ADMIN                                          ,FAACQ               
0047-0010730300001       ,ACER LED20 K202QBI 19""5 MONITOR                             ,      3150.00,10/15/2024,MONITOR                                           ,ALTA CITTA                              ,AC-MANAGER'S OFFICE                               ,FAACQ               
0047-0003207700001       ,PRINTER EPSON LQ-310                                        ,     13995.00,10/22/2024,PRINTER                                           ,ALTA CITTA                              ,AC-LEASING DEPARTMENT                             ,FA_TRAN             
0047-0003207700002       ,PRINTER EPSON LQ-310                                        ,     13995.00,10/22/2024,PRINTER                                           ,ALTA CITTA                              ,AC-MIS                                            ,FA_TRAN             
0047-0007498200014       ,MOTOPLUS DUALBAND HANDHELD RADIO TRANSCEIVER                ,      2400.00,10/30/2024,RADIO HANDSET                                     ,ALTA CITTA                              ,AC-SECURITY & SAFETY DEPARTMENT                   ,FA_TRAN             
0047-0007498200015       ,MOTOPLUS DUALBAND HANDHELD RADIO TRANSCEIVER                ,      2400.00,10/30/2024,RADIO HANDSET                                     ,ALTA CITTA                              ,AC-SECURITY & SAFETY DEPARTMENT                   ,FA_TRAN             
0047-0007498200016       ,MOTOPLUS DUALBAND HANDHELD RADIO TRANSCEIVER                ,      2400.00,10/30/2024,RADIO HANDSET                                     ,ALTA CITTA                              ,AC-SECURITY & SAFETY DEPARTMENT                   ,FA_TRAN             
0047-0007498200017       ,MOTOPLUS DUALBAND HANDHELD RADIO TRANSCEIVER                ,      2400.00,10/30/2024,RADIO HANDSET                                     ,ALTA CITTA                              ,AC-SECURITY & SAFETY DEPARTMENT                   ,FA_TRAN             
0047-0007498200018       ,MOTOPLUS DUALBAND HANDHELD RADIO TRANSCEIVER                ,      2400.00,10/30/2024,RADIO HANDSET                                     ,ALTA CITTA                              ,AC-SECURITY & SAFETY DEPARTMENT                   ,FA_TRAN             
0047-0007498200019       ,MOTOPLUS DUALBAND HANDHELD RADIO TRANSCEIVER                ,      2400.00,10/30/2024,RADIO HANDSET                                     ,ALTA CITTA                              ,AC-ENGINEERING DEPARTMENT                         ,FAACQ               
0047-0007498200020       ,MOTOPLUS DUALBAND HANDHELD RADIO TRANSCEIVER                ,      2400.00,10/30/2024,RADIO HANDSET                                     ,ALTA CITTA                              ,AC-ENGINEERING DEPARTMENT                         ,FAACQ               
0047-0007498200021       ,MOTOPLUS DUALBAND HANDHELD RADIO TRANSCEIVER                ,      2400.00,10/30/2024,RADIO HANDSET                                     ,ALTA CITTA                              ,AC-ENGINEERING DEPARTMENT                         ,FAACQ               
0047-0007498200022       ,MOTOPLUS DUALBAND HANDHELD RADIO TRANSCEIVER                ,      2400.00,10/30/2024,RADIO HANDSET                                     ,ALTA CITTA                              ,AC-ENGINEERING DEPARTMENT                         ,FAACQ               
0047-0010736800002       ,REALME NOTE 60 4+128GB                                      ,      5519.00,11/14/2024,CELLPHONE                                         ,ALTA CITTA                              ,AC-GENERAL SERVICES DEPARTMENT                    ,FAACQ               
0047-0009257500001       ,TECNO CAMON 20 PRO 5G                                       ,     10713.39,11/21/2023,CELLPHONE                                         ,ALTA CITTA                              ,AC-FIXED ASSET DEPARTMENT                         ,FAACQ               
0047-0011095800001       ,SAMSUNG GALAXY A16 5G                                       ,     12731.00,12/19/2024,CELLPHONE                                         ,ALTA CITTA                              ,AC-LEASING DEPARTMENT                             ,FAACQ               
0047-0011095800002       ,SAMSUNG GALAXY A16 5G                                       ,     12731.00,12/19/2024,CELLPHONE                                         ,ALTA CITTA                              ,AC-LEASING DEPARTMENT                             ,FAACQ               
0047-0010736800003       ,REALME NOTE 60 4+128GB                                      ,      5519.00,01/03/2025,CELLPHONE                                         ,ALTA CITTA                              ,AC-GROCERY PURCHASING DEPARTMENT                  ,FA_TRAN             
0047-0010736800004       ,REALME NOTE 60 4+128GB                                      ,      5519.00,01/03/2025,CELLPHONE                                         ,ALTA CITTA                              ,AC-ADMIN                                          ,FAACQ               
0047-0010736800005       ,REALME NOTE 60 4+128GB                                      ,      5059.00,01/17/2025,CELLPHONE                                         ,ALTA CITTA                              ,AC-MINISO                                         ,FAACQ               
0047-0002741700001       ,FIRE DETECTION & ALARM SYSTEM                               ,   1285506.30,01/24/2025,OTHERS                                            ,ALTA CITTA                              ,AC-LEASING DEPARTMENT                             ,FAACQ               
0047-0010736800006       ,REALME NOTE 60 4+128GB                                      ,      5059.00,02/25/2025,CELLPHONE                                         ,ALTA CITTA                              ,AC-GROCERY SELLING AREA                           ,FAACQ               
0047-0011463300001       ,REAL C61+128GB                                              ,      5519.00,05/06/2025,CELLPHONE                                         ,ALTA CITTA                              ,AC-GROCERY SELLING AREA                           ,FAACQ               
0047-0012078200001       ,DRY TYPE TRANSFORMER 3PHASE60PHASE60HZ                      ,     93622.50,04/12/2025,TRANSFORMER                                       ,ALTA CITTA                              ,AC-LEASING DEPARTMENT                             ,FAACQ               
0047-0010027100002       ,ZKTECO BIOMETRIC MODEL: ZK3969+RCP/IP                       ,      3676.25,05/20/2025,BIOMETRICS                                        ,ALTA CITTA                              ,AC-ADMIN                                          ,FA_TRAN             
0047-0007015200036       ,MANLY PLASTIC PALLET D4-1012.16 DECK TYPE 01 BLACK          ,      3000.00,06/07/2025,PALLET                                            ,ALTA CITTA                              ,AC-GROCERY RECEIVING                              ,FAACQ               
0047-0007015200037       ,MANLY PLASTIC PALLET D4-1012.16 DECK TYPE 01 BLACK          ,      3000.00,06/07/2025,PALLET                                            ,ALTA CITTA                              ,AC-GROCERY RECEIVING                              ,FAACQ               
0047-0007015200038       ,MANLY PLASTIC PALLET D4-1012.16 DECK TYPE 01 BLACK          ,      3000.00,06/07/2025,PALLET                                            ,ALTA CITTA                              ,AC-GROCERY RECEIVING                              ,FAACQ               
0047-0007015200039       ,MANLY PLASTIC PALLET D4-1012.16 DECK TYPE 01 BLACK          ,      3000.00,06/07/2025,PALLET                                            ,ALTA CITTA                              ,AC-GROCERY RECEIVING                              ,FAACQ               
0047-0007015200040       ,MANLY PLASTIC PALLET D4-1012.16 DECK TYPE 01 BLACK          ,      3000.00,06/07/2025,PALLET                                            ,ALTA CITTA                              ,AC-GROCERY RECEIVING                              ,FAACQ               
0047-0007015200041       ,MANLY PLASTIC PALLET D4-1012.16 DECK TYPE 01 BLACK          ,      3000.00,06/07/2025,PALLET                                            ,ALTA CITTA                              ,AC-GROCERY RECEIVING                              ,FAACQ               
0047-0007015200042       ,MANLY PLASTIC PALLET D4-1012.16 DECK TYPE 01 BLACK          ,      3000.00,06/07/2025,PALLET                                            ,ALTA CITTA                              ,AC-GROCERY RECEIVING                              ,FAACQ               
0047-0007015200043       ,MANLY PLASTIC PALLET D4-1012.16 DECK TYPE 01 BLACK          ,      3000.00,06/07/2025,PALLET                                            ,ALTA CITTA                              ,AC-GROCERY RECEIVING                              ,FAACQ               
0047-0007015200044       ,MANLY PLASTIC PALLET D4-1012.16 DECK TYPE 01 BLACK          ,      3000.00,06/07/2025,PALLET                                            ,ALTA CITTA                              ,AC-GROCERY RECEIVING                              ,FAACQ               
0047-0007015200045       ,MANLY PLASTIC PALLET D4-1012.16 DECK TYPE 01 BLACK          ,      3000.00,06/07/2025,PALLET                                            ,ALTA CITTA                              ,AC-GROCERY RECEIVING                              ,FAACQ               
0002799500006            ,MONOTOP TABLE 32"" SQUARE                                    ,      1666.00,07/07/2017,TABLE                                             ,ALTA CITTA                              ,AC-ADMIN                                          ,FA_TRAN             
0002799500007            ,MONOTOP TABLE 32"" SQUARE                                    ,      1666.00,07/07/2017,TABLE                                             ,ALTA CITTA                              ,AC-ADMIN                                          ,FA_TRAN             
0002799500008            ,MONOTOP TABLE 32"" SQUARE                                    ,      1666.00,07/07/2017,TABLE                                             ,ALTA CITTA                              ,AC-ADMIN                                          ,FA_TRAN             
0002799500009            ,MONOTOP TABLE 32"" SQUARE                                    ,      1666.00,07/07/2017,TABLE                                             ,ALTA CITTA                              ,AC-ADMIN                                          ,FA_TRAN             
0002799500010            ,MONOTOP TABLE 32"" SQUARE                                    ,      1666.00,07/07/2017,TABLE                                             ,ALTA CITTA                              ,AC-ADMIN                                          ,FA_TRAN             
0002799500011            ,MONOTOP TABLE 32"" SQUARE                                    ,      1666.00,07/07/2017,TABLE                                             ,ALTA CITTA                              ,AC-ADMIN                                          ,FA_TRAN             
0047-0008870900001       ,10KVA AEC RACK MOUNTABLE UPS                                ,    109400.00,06/05/2025,UPS                                               ,ALTA CITTA                              ,AC-INFORMATION TECHNOLOGY                         ,FAACQ               
0047-0006478500001       ,CPU SET I3                                                  ,     13520.00,08/11/2025,CPU                                               ,ALTA CITTA                              ,AC-ADMIN                                          ,FAACQ               
0047-0009878800001       ,ACER LED 20 K202QB1 19.5"" LED                               ,      2950.00,08/11/2025,MONITOR                                           ,ALTA CITTA                              ,AC-ADMIN                                          ,FAACQ               
0047-0008222200001       ,REPAIR OF ALTA CITTA SIGNAGE ALONG LESSAGE STREET           ,     70000.00,02/23/2022,SIGNAGE                                           ,ALTA CITTA                              ,AC-LEASING DEPARTMENT                             ,FAACQ               
0047-0008222800001       ,INSTALLATION OF ALTA CITTA MAIN SIGNAGE ALONG CPG           ,     25000.00,02/23/2022,SIGNAGE                                           ,ALTA CITTA                              ,AC-LEASING DEPARTMENT                             ,FAACQ               
0047-0000589200001       ,WALL FAN                                                    ,      1619.00,12/16/2019,FAN                                               ,ALTA CITTA                              ,AC-ADMIN                                          ,FAACQ               
0047-0008431100001       ,EPSON ECOTANK L121 INK TANK PRINTER                         ,      5057.00,12/17/2025,PRINTER                                           ,ALTA CITTA                              ,AC-ADMIN                                          ,FAACQ               
0047-0012164500001       ,KYK 1/2.113 BRUSHLESS IMPACT WRENCH 20V                     ,      8499.00,01/12/2026,OTHERS                                            ,ALTA CITTA                              ,AC-ENGINEERING DEPARTMENT                         ,FAACQ               
0047-0012428100001       ,REALME TECHLIFE PAD NEO                                     ,      7199.00,01/26/2026,OTHERS                                            ,ALTA CITTA                              ,AC-GROCERY SELLING AREA                           ,FAACQ               
FAD-0026-0004542300026   ,CISCO IP PHONE 7821                                         ,      7738.10,10/03/2024,TELEPHONE                                         ,ALTA CITTA                              ,AC-ADMIN                                          ,FA_TRAN             
0047-0011653900001       ,FIBERGLASS+IRON 1800WX1450DX750H                            ,      5004.98,04/22/2025,OTHERS                                            ,ALTA CITTA                              ,AC-LEASING DEPARTMENT                             ,FAACQ               
0047-0011653900002       ,FIBERGLASS+IRON 1800WX1450DX750H                            ,      5004.98,04/22/2025,OTHERS                                            ,ALTA CITTA                              ,AC-LEASING DEPARTMENT                             ,FAACQ               
0047-0011653900003       ,FIBERGLASS+IRON 1800WX1450DX750H                            ,      5004.98,04/22/2025,OTHERS                                            ,ALTA CITTA                              ,AC-LEASING DEPARTMENT                             ,FAACQ               
0047-0011653900004       ,FIBERGLASS+IRON 1800WX1450DX750H                            ,      5004.98,04/22/2025,OTHERS                                            ,ALTA CITTA                              ,AC-LEASING DEPARTMENT                             ,FAACQ               
0047-0011653900005       ,FIBERGLASS+IRON 1800WX1450DX750H                            ,      5004.98,04/22/2025,OTHERS                                            ,ALTA CITTA                              ,AC-LEASING DEPARTMENT                             ,FAACQ               
0047-0011653900006       ,FIBERGLASS+IRON 1800WX1450DX750H                            ,      5004.98,04/22/2025,OTHERS                                            ,ALTA CITTA                              ,AC-LEASING DEPARTMENT                             ,FAACQ               
0047-0011654100001       ,FIBERGLASS+IRON 1450WX1100DX750H                            ,      3013.75,04/22/2025,OTHERS                                            ,ALTA CITTA                              ,AC-LEASING DEPARTMENT                             ,FAACQ               
0047-0011654100002       ,FIBERGLASS+IRON 1450WX1100DX750H                            ,      3013.75,04/22/2025,OTHERS                                            ,ALTA CITTA                              ,AC-LEASING DEPARTMENT                             ,FAACQ               
0047-0011654100003       ,FIBERGLASS+IRON 1450WX1100DX750H                            ,      3013.75,04/22/2025,OTHERS                                            ,ALTA CITTA                              ,AC-LEASING DEPARTMENT                             ,FAACQ               
0047-0011654100004       ,FIBERGLASS+IRON 1450WX1100DX750H                            ,      3013.75,04/22/2025,OTHERS                                            ,ALTA CITTA                              ,AC-LEASING DEPARTMENT                             ,FAACQ               
0047-0013131300001       ,PATCH FITTING DR SL PAN; FRAMELESS PATCH                    ,    401009.76,01/14/2026,DOOR                                              ,ALTA CITTA                              ,AC-LEASING DEPARTMENT                             ,FAACQ               
0047-0009805300001       ,ACER LED20 K202QBI 19.5"" LED MONITOR (VGA HDMI)             ,      3050.00,04/24/2026,MONITOR                                           ,ALTA CITTA                              ,AC-MIS                                            ,FAACQ               
0047-0013179600001       ,APC BVX650IPH 650VA UPS 360W 230V W/ AVR                    ,      2000.00,04/24/2026,UPS                                               ,ALTA CITTA                              ,AC-MIS                                            ,FAACQ               
0047-0013179600002       ,APC BVX650IPH 650VA UPS 360W 230V W/ AVR                    ,      2000.00,04/24/2026,UPS                                               ,ALTA CITTA                              ,AC-MIS                                            ,FAACQ               
0047-0013270800001       ,CPU SET INTEL CORE I3                                       ,     22685.00,04/24/2026,COMPUTER                                          ,ALTA CITTA                              ,AC-MIS                                            ,FAACQ               
0047-0011272100001       ,TABLET REALME TECHLIFE PAD PLUS                             ,     11699.00,06/01/2026,TABLET                                            ,ALTA CITTA                              ,AC-MINISO                                         ,FAACQ               
0047-0012426000001       ,ZEBRA SYMBOL DS2208-SR USB 2D BARCODE SCANNER               ,      4650.00,06/01/2026,SCANNER                                           ,ALTA CITTA                              ,AC-MINISO                                         ,FAACQ               
