barcode,desc,acost,adate,ast_type,cat_type,est_life,locname,dept,status
0116-0001797400001       ,MITS. FUSO CANTER FE83 CS#:NC6107 PL#:GBQ-1026              ,   1096551.00,05/08/2016,TRNS. EQPT.         ,VEHICLE                                           ,        10,MFI-BREEDER SUBAYON BILAR     ,BSB-SUBAYON ADMIN                                 ,FABB                
0116-0007121900001       ,HONDA TMX                                                   ,     68500.00,05/20/2010,TRNS. EQPT.         ,MOTORCYCLE-BRAND NEW                              ,         4,MFI-BREEDER SUBAYON BILAR     ,BSB-SUBAYON ADMIN                                 ,FABB                
0116-0007122600001       ,ISUZU FORWARD TRUCK PL#:RJE-910                             ,    590850.00,08/12/2010,TRNS. EQPT.         ,VEHICLE                                           ,        10,MFI-BREEDER SUBAYON BILAR     ,BSB-SUBAYON ADMIN                                 ,FABB                
0116-0007123800001       ,BICYCLE NEXT 20X14G E/T WALL ALLOY RIM                      ,      2200.00,11/30/2010,TRNS. EQPT.         ,OTHERS                                            ,         4,MFI-BREEDER SUBAYON BILAR     ,BSB-SUBAYON ADMIN                                 ,FABB                
0116-0007124200001       ,FUSO CANTER EGG VAN PL#:RLD-751                             ,    615500.00,09/14/2011,TRNS. EQPT.         ,VEHICLE                                           ,        10,MFI-BREEDER SUBAYON BILAR     ,BSB-SUBAYON ADMIN                                 ,FABB                
0116-0007126000001       ,ISUZU ELF CARGO PL#:RLN-484                                 ,    685500.00,02/29/2012,TRNS. EQPT.         ,VEHICLE                                           ,        10,MFI-BREEDER SUBAYON BILAR     ,BSB-SUBAYON ADMIN                                 ,FABB                
0116-0007126600001       ,DIFFERENTIAL CARRIER ASSY                                   ,     45000.00,01/30/2015,TRNS. EQPT.         ,VEHICLE                                           ,        10,MFI-BREEDER SUBAYON BILAR     ,BSB-SUBAYON ADMIN                                 ,FABB                
0116-0007128700001       ,MITSUBISHI STRADA GL 4X4                                    ,    265000.00,09/08/2016,TRNS. EQPT.         ,VEHICLE                                           ,        10,MFI-BREEDER SUBAYON BILAR     ,BSB-SUBAYON ADMIN                                 ,FABB                
0116-0001291300001       ,MITSUBISHI FUSO CANTER FE85 CAB & CHASSIS                   ,   1587071.91,09/27/2018,TRNS. EQPT.         ,VEHICLE                                           ,        10,MFI-BREEDER SUBAYON BILAR     ,BSB-SUBAYON ADMIN                                 ,FABB                
0116-0007129000001       ,ISUZU FORWARD ALUM. WING VAN PL#:RMJ-971                    ,    975000.00,01/09/2013,TRNS. EQPT.         ,VEHICLE                                           ,        10,MFI-BREEDER SUBAYON BILAR     ,BSB-SUBAYON ADMIN                                 ,FABB                
0116-0007129900001       ,SPARE PARTS FOR MITSU. FUSO CANTER DROPSIDE FE85            ,    103204.25,09/27/2018,TRNS. EQPT.         ,VEHICLE                                           ,        10,MFI-BREEDER SUBAYON BILAR     ,BSB-SUBAYON ADMIN                                 ,FABB                
0116-0007130000001       ,MITS. FUSO CANTER FEB4 CS#:B3S229 PL#:GAJ-8739              ,   1471000.00,10/25/2018,TRNS. EQPT.         ,VEHICLE                                           ,        10,MFI-PIGGERY UNTAGA            ,PIGGERY UNTAGA-MAIN ADMIN                         ,FA_TRAN             
0116-0007130000002       ,MITS. FUSO CANTER FEB4 CS#:B3S228 PL#:GAJ-8716              ,   1471000.00,10/25/2018,TRNS. EQPT.         ,VEHICLE                                           ,        10,MFI-BREEDER SUBAYON BILAR     ,BSB-SUBAYON ADMIN                                 ,FABB                
0116-0007130100001       ,FREEZER VAN PLATE # B3S228;229                              ,   1072743.43,06/26/2019,TRNS. EQPT.         ,VEHICLE                                           ,        10,MFI-BREEDER SUBAYON BILAR     ,BSB-SUBAYON ADMIN                                 ,FABB                
0116-0001101000001       ,REFRIGERATOR SANYO                                          ,      6695.00,07/19/2016,STR. EQPT.          ,REFRIGERATOR                                      ,         3,MFI-BREEDER SUBAYON BILAR     ,BSB-SUBAYON ADMIN                                 ,FABB                
0116-0001120000001       ,AIRCON CARRIER                                              ,     21310.08,02/04/2014,MACH. & EQPT.       ,AIRCON                                            ,         5,MFI-BREEDER SUBAYON BILAR     ,BSB-SUBAYON ADMIN                                 ,FABB                
0116-0003187700001       ,ROBIN GRASS CUTTER                                          ,     13734.00,05/13/2011,MACH. & EQPT.       ,MACHINE TOOLS                                     ,         5,MFI-BREEDER SUBAYON BILAR     ,BSB-SUBAYON ADMIN                                 ,FABB                
0116-0003232200001       ,AIRCON CARRIER 1.5HP                                        ,     20254.08,05/23/2012,MACH. & EQPT.       ,AIRCON                                            ,         5,MFI-BREEDER SUBAYON BILAR     ,BSB-SUBAYON ADMIN                                 ,FABB                
0116-0003523300001       ,OVERHEAD TANK                                               ,   1010000.00,02/28/2010,STR. EQPT.          ,TANK                                              ,         5,MFI-BREEDER SUBAYON BILAR     ,BSB-SUBAYON ADMIN                                 ,FABB                
0116-0006242600001       ,FREEZER FUJIDENZO 13 CU FT.                                 ,     20592.00,03/26/2013,STR. EQPT.          ,FREEZER/CHILLER                                   ,         5,MFI-BREEDER SUBAYON BILAR     ,BSB-SUBAYON ADMIN                                 ,FABB                
0116-0007130200001       ,GOULDS SUB PUMP 2HP MODEL # 25GS20412                       ,     84492.84,12/09/2009,MACH. & EQPT.       ,PUMP                                              ,         5,MFI-BREEDER SUBAYON BILAR     ,BSB-SUBAYON ADMIN                                 ,FABB                
0116-0007130300001       ,PANEL BOARD CONTROL 2HP                                     ,     16530.00,12/09/2009,MACH. & EQPT.       ,PANEL BOARD                                       ,         5,MFI-BREEDER SUBAYON BILAR     ,BSB-SUBAYON ADMIN                                 ,FABB                
0116-0007130400001       ,STIHL GRASS CUTTER 1.3HP                                    ,     14800.00,04/12/2011,MACH. & EQPT.       ,GRASS CUTTER                                      ,         5,MFI-BREEDER SUBAYON BILAR     ,BSB-SUBAYON ADMIN                                 ,FABB                
0116-0007130600001       ,WHIRLPOOL REFRIGERATOR WRD 63N-SL                           ,     12478.00,05/26/2010,MACH. & EQPT.       ,REFRIGERATOR                                      ,         3,MFI-BREEDER SUBAYON BILAR     ,BSB-SUBAYON ADMIN                                 ,FABB                
0116-0007130800001       ,G.I PIPE 11/4X6S40                                          ,      1694.64,08/27/2015,MACH. & EQPT.       ,PIPE                                              ,         1,MFI-BREEDER SUBAYON BILAR     ,BSB-SUBAYON ADMIN                                 ,FABB                
0116-0007130800002       ,G.I PIPE 11/4X6S40                                          ,      1694.64,08/27/2015,MACH. & EQPT.       ,PIPE                                              ,         1,MFI-BREEDER SUBAYON BILAR     ,BSB-SUBAYON ADMIN                                 ,FABB                
0116-0007130800003       ,G.I PIPE 11/4X6S40                                          ,      1694.64,08/27/2015,MACH. & EQPT.       ,PIPE                                              ,         1,MFI-BREEDER SUBAYON BILAR     ,BSB-SUBAYON ADMIN                                 ,FABB                
0116-0007130800004       ,G.I PIPE 11/4X6S40                                          ,      1694.64,08/27/2015,MACH. & EQPT.       ,PIPE                                              ,         1,MFI-BREEDER SUBAYON BILAR     ,BSB-SUBAYON ADMIN                                 ,FABB                
0116-0007130800005       ,G.I PIPE 11/4X6S40                                          ,      1694.64,08/27/2015,MACH. & EQPT.       ,PIPE                                              ,         1,MFI-BREEDER SUBAYON BILAR     ,BSB-SUBAYON ADMIN                                 ,FABB                
0116-0007130800006       ,G.I PIPE 11/4X6S40                                          ,      1694.64,08/27/2015,MACH. & EQPT.       ,PIPE                                              ,         1,MFI-BREEDER SUBAYON BILAR     ,BSB-SUBAYON ADMIN                                 ,FABB                
0116-0007130800007       ,G.I PIPE 11/4X6S40                                          ,      1694.64,08/27/2015,MACH. & EQPT.       ,PIPE                                              ,         1,MFI-BREEDER SUBAYON BILAR     ,BSB-SUBAYON ADMIN                                 ,FABB                
0116-0007131600001       ,WASHING MACHINE SHARP 9.5KG                                 ,      8998.00,01/26/2016,MACH. & EQPT.       ,WASHING MACHINE                                   ,         3,MFI-BREEDER SUBAYON BILAR     ,BSB-SUBAYON ADMIN                                 ,FABB                
0116-0007131700001       ,SHOWER HEATER 3.5 KW                                        ,      5600.00,01/23/2016,MACH. & EQPT.       ,HEATER                                            ,         5,MFI-BREEDER SUBAYON BILAR     ,BSB-SUBAYON ADMIN                                 ,FABB                
0116-0002496900001       ,WASHING MACHINE LG WM WP 14KG                               ,     14795.00,08/11/2016,MACH. & EQPT.       ,WASHING MACHINE                                   ,         3,MFI-BREEDER SUBAYON BILAR     ,BSB-SUBAYON ADMIN                                 ,FABB                
0116-0002496900002       ,WASHING MACHINE LG WM WP 14KG                               ,     14795.00,08/11/2016,MACH. & EQPT.       ,WASHING MACHINE                                   ,         3,MFI-BREEDER SUBAYON BILAR     ,BSB-SUBAYON ADMIN                                 ,FABB                
0116-0006163400001       ,AIRCON CARRIER 2HP                                          ,     27200.00,05/16/2017,MACH. & EQPT.       ,AIRCON                                            ,         5,MFI-BREEDER SUBAYON BILAR     ,BSB-SUBAYON ADMIN                                 ,FABB                
0116-0007131900001       ,GRASS CUTTER FUJI 4 STROKE ROBIN                            ,     12852.00,11/03/2016,MACH. & EQPT.       ,GRASS CUTTER                                      ,         5,MFI-BREEDER SUBAYON BILAR     ,BSB-SUBAYON ADMIN                                 ,FABB                
0116-0007131900002       ,GRASS CUTTER FUJI 4 STROKE ROBIN                            ,     12852.00,11/03/2016,MACH. & EQPT.       ,GRASS CUTTER                                      ,         5,MFI-BREEDER SUBAYON BILAR     ,BSB-SUBAYON ADMIN                                 ,FABB                
0116-0007132000001       ,SHOWER HEATER                                               ,      6199.75,02/24/2017,MACH. & EQPT.       ,HEATER                                            ,         5,MFI-BREEDER SUBAYON BILAR     ,BSB-SUBAYON ADMIN                                 ,FABB                
0116-0007132000002       ,SHOWER HEATER                                               ,      6199.75,02/24/2017,MACH. & EQPT.       ,HEATER                                            ,         5,MFI-BREEDER SUBAYON BILAR     ,BSB-SUBAYON ADMIN                                 ,FABB                
0116-0007132000003       ,SHOWER HEATER                                               ,      6199.75,02/24/2017,MACH. & EQPT.       ,HEATER                                            ,         5,MFI-BREEDER SUBAYON BILAR     ,BSB-SUBAYON ADMIN                                 ,FABB                
0116-0007132100001       ,WELDING MACHINE 300A                                        ,     18500.00,05/31/2017,MACH. & EQPT.       ,MACHINE                                           ,         5,MFI-BREEDER SUBAYON BILAR     ,BSB-SUBAYON ADMIN                                 ,FABB                
0116-0007132200001       ,MAXSELL ROTARY BARINA MRH2400                               ,      7499.75,07/04/2017,MACH. & EQPT.       ,MACHINE                                           ,         3,MFI-BREEDER SUBAYON BILAR     ,BSB-SUBAYON ADMIN                                 ,FABB                
0116-0000393900001       ,WOODEN DINING TABLE                                         ,      5100.00,05/25/2010,FUR. & FIXT.        ,TABLE                                             ,         5,MFI-BREEDER SUBAYON BILAR     ,BSB-SUBAYON ADMIN                                 ,FABB                
0116-0000915100001       ,SHARP WASHING MACHINE                                       ,      9498.00,12/14/2019,MACH. & EQPT.       ,WASHING MACHINE                                   ,         3,MFI-BREEDER SUBAYON BILAR     ,BSB-SUBAYON ADMIN                                 ,FABB                
0116-0000952300001       ,STEEL DOUBLE DECK                                           ,      3000.00,05/25/2010,FUR. & FIXT.        ,BED                                               ,         5,MFI-BREEDER SUBAYON BILAR     ,BSB-SUBAYON ADMIN                                 ,FABB                
0116-0000952300002       ,STEEL DOUBLE DECK                                           ,      3000.00,05/25/2010,FUR. & FIXT.        ,BED                                               ,         5,MFI-BREEDER SUBAYON BILAR     ,BSB-SUBAYON ADMIN                                 ,FABB                
0116-0000952300003       ,STEEL DOUBLE DECK                                           ,      3000.00,05/25/2010,FUR. & FIXT.        ,BED                                               ,         5,MFI-BREEDER SUBAYON BILAR     ,BSB-SUBAYON ADMIN                                 ,FABB                
0116-0000952300004       ,STEEL DOUBLE DECK                                           ,      3000.00,05/25/2010,FUR. & FIXT.        ,BED                                               ,         5,MFI-BREEDER SUBAYON BILAR     ,BSB-SUBAYON ADMIN                                 ,FABB                
0116-0000952300005       ,STEEL DOUBLE DECK                                           ,      3000.00,05/25/2010,FUR. & FIXT.        ,BED                                               ,         5,MFI-BREEDER SUBAYON BILAR     ,BSB-SUBAYON ADMIN                                 ,FABB                
0116-0000952300006       ,STEEL DOUBLE DECK                                           ,      3000.00,05/25/2010,FUR. & FIXT.        ,BED                                               ,         5,MFI-BREEDER SUBAYON BILAR     ,BSB-SUBAYON ADMIN                                 ,FABB                
0116-0000952300007       ,STEEL DOUBLE DECK                                           ,      3000.00,05/25/2010,FUR. & FIXT.        ,BED                                               ,         5,MFI-BREEDER SUBAYON BILAR     ,BSB-SUBAYON ADMIN                                 ,FABB                
0116-0000952300008       ,STEEL DOUBLE DECK                                           ,      3000.00,05/25/2010,FUR. & FIXT.        ,BED                                               ,         5,MFI-BREEDER SUBAYON BILAR     ,BSB-SUBAYON ADMIN                                 ,FABB                
0116-0001725000001       ,WOODEN COMPUTER TABLE                                       ,      5200.00,05/25/2010,FUR. & FIXT.        ,TABLE                                             ,         5,MFI-BREEDER SUBAYON BILAR     ,BSB-SUBAYON ADMIN                                 ,FABB                
0116-0002588900001       ,OFFICE TABLE WOODEN                                         ,      5200.00,05/25/2010,FUR. & FIXT.        ,TABLE                                             ,         5,MFI-BREEDER SUBAYON BILAR     ,BSB-SUBAYON ADMIN                                 ,FABB                
0116-0002588900002       ,OFFICE TABLE WOODEN                                         ,      5200.00,05/25/2010,FUR. & FIXT.        ,TABLE                                             ,         5,MFI-BREEDER SUBAYON BILAR     ,BSB-SUBAYON ADMIN                                 ,FABB                
0116-0007132000004       ,SHOWER HEATER                                               ,      6199.75,08/16/2017,MACH. & EQPT.       ,HEATER                                            ,         5,MFI-BREEDER SUBAYON BILAR     ,BSB-SUBAYON ADMIN                                 ,FABB                
0116-0007132300001       ,SANYO FUJIDENZO REFRIGERATOR RB30LS/KLS                     ,      6600.00,06/06/2017,MACH. & EQPT.       ,REFRIGERATOR                                      ,         3,MFI-BREEDER SUBAYON BILAR     ,BSB-SUBAYON ADMIN                                 ,FABB                
0116-0007132500001       ,PRESSURIZED HOSE 100MT                                      ,      8000.00,03/12/2018,MACH. & EQPT.       ,OTHERS                                            ,         3,MFI-BREEDER SUBAYON BILAR     ,BSB-SUBAYON ADMIN                                 ,FABB                
0116-0007132500002       ,PRESSURIZED HOSE 100MT                                      ,      8000.00,03/12/2018,MACH. & EQPT.       ,OTHERS                                            ,         3,MFI-BREEDER SUBAYON BILAR     ,BSB-SUBAYON ADMIN                                 ,FABB                
0116-0007132700001       ,PORTABLE WELDING MACHINE INVERTER EAGLE                     ,     18000.00,07/08/2021,MACH. & EQPT.       ,MACHINE                                           ,         5,MFI-BREEDER SUBAYON BILAR     ,BSB-SUBAYON ADMIN                                 ,FABB                
0116-0007133000001       ,FUJIDENZO SHOWCASE CHILLER                                  ,     24100.00,08/23/2021,MACH. & EQPT.       ,CHILLER                                           ,        10,MFI-BREEDER SUBAYON BILAR     ,BSB-SUBAYON ADMIN                                 ,FABB                
0116-0007133400001       ,POWER PRESSURIZED SPRAYER                                   ,     23500.00,09/28/2021,MACH. & EQPT.       ,SPRAYER                                           ,         2,MFI-BREEDER SUBAYON BILAR     ,BSB-SUBAYON ADMIN                                 ,FABB                
0116-0007133400002       ,POWER PRESSURIZED SPRAYER                                   ,     23500.00,09/28/2021,MACH. & EQPT.       ,SPRAYER                                           ,         2,MFI-BREEDER SUBAYON BILAR     ,BSB-SUBAYON ADMIN                                 ,FABB                
0116-0007133700001       ,BACK HOE LOADER CATERPILLAR                                 ,   2164215.05,08/18/2021,MACH. & EQPT.       ,OTHERS                                            ,        10,MFI-BREEDER SUBAYON BILAR     ,BSB-SUBAYON ADMIN                                 ,FABB                
0116-0007133900001       ,STEEL CHAIR BENCH                                           ,      1980.00,05/25/2010,FUR. & FIXT.        ,CHAIR                                             ,         5,MFI-BREEDER SUBAYON BILAR     ,BSB-SUBAYON ADMIN                                 ,FABB                
0116-0007133900002       ,STEEL CHAIR BENCH                                           ,      1980.00,05/25/2010,FUR. & FIXT.        ,CHAIR                                             ,         5,MFI-BREEDER SUBAYON BILAR     ,BSB-SUBAYON ADMIN                                 ,FABB                
0116-0007134100001       ,WOODEN TOOL CABINET                                         ,      5903.80,06/07/2010,FUR. & FIXT.        ,CABINET-WOODEN                                    ,         5,MFI-BREEDER SUBAYON BILAR     ,BSB-SUBAYON ADMIN                                 ,FABB                
0116-0007134200001       ,WOODEN CABINET 1X2X.6                                       ,     12000.00,11/09/2010,FUR. & FIXT.        ,CABINET-WOODEN                                    ,         5,MFI-BREEDER SUBAYON BILAR     ,BSB-SUBAYON ADMIN                                 ,FABB                
0116-0007134200002       ,WOODEN CABINET 1X2X.6                                       ,     12000.00,11/09/2010,FUR. & FIXT.        ,CABINET-WOODEN                                    ,         5,MFI-BREEDER SUBAYON BILAR     ,BSB-SUBAYON ADMIN                                 ,FABB                
0116-0007134400001       ,GLASS MEDICINE CABINET                                      ,         1.00,11/23/2010,FUR. & FIXT.        ,CABINET-STEEL                                     ,        10,MFI-BREEDER SUBAYON BILAR     ,BSB-SUBAYON ADMIN                                 ,FABB                
0116-0007124300001       ,EGG VAN RLG-269                                             ,    615500.00,09/14/2011,TRNS. EQPT.         ,VEHICLE                                           ,        10,MFI-BREEDER SUBAYON BILAR     ,BSB-SUBAYON ADMIN                                 ,FABB                
0116-0000130700001       ,HANGING CABINET                                             ,      3150.00,03/20/2012,FUR. & FIXT.        ,CABINET                                           ,         5,MFI-BREEDER SUBAYON BILAR     ,BSB-SUBAYON ADMIN                                 ,FABB                
0116-0000952300009       ,STEEL DOUBLE DECK                                           ,      5500.00,11/19/2011,FUR. & FIXT.        ,BED                                               ,         5,MFI-BREEDER SUBAYON BILAR     ,BSB-SUBAYON ADMIN                                 ,FABB                
0116-0000952300010       ,STEEL DOUBLE DECK                                           ,      5500.00,11/19/2011,FUR. & FIXT.        ,BED                                               ,         5,MFI-BREEDER SUBAYON BILAR     ,BSB-SUBAYON ADMIN                                 ,FABB                
0116-0000968900001       ,OFFICE TABLE                                                ,      4126.47,03/13/2012,FUR. & FIXT.        ,TABLE                                             ,         5,MFI-BREEDER SUBAYON BILAR     ,BSB-SUBAYON ADMIN                                 ,FABB                
0116-0001191300001       ,CONFERENCE TABLE                                            ,      6456.93,09/21/2011,FUR. & FIXT.        ,TABLE                                             ,         5,MFI-BREEDER SUBAYON BILAR     ,BSB-SUBAYON ADMIN                                 ,FABB                
0116-0001213300001       ,DOUBLE DECK                                                 ,      5500.00,07/12/2012,FUR. & FIXT.        ,BED                                               ,         5,MFI-BREEDER SUBAYON BILAR     ,BSB-SUBAYON ADMIN                                 ,FABB                
0116-0001213300002       ,DOUBLE DECK                                                 ,      5500.00,07/12/2012,FUR. & FIXT.        ,BED                                               ,         5,MFI-BREEDER SUBAYON BILAR     ,BSB-SUBAYON ADMIN                                 ,FABB                
0116-0001552700001       ,DINING TABLE                                                ,      6804.15,09/21/2011,FUR. & FIXT.        ,TABLE                                             ,         5,MFI-BREEDER SUBAYON BILAR     ,BSB-SUBAYON ADMIN                                 ,FABB                
0116-0001552700002       ,DINING TABLE                                                ,      6804.15,09/21/2011,FUR. & FIXT.        ,TABLE                                             ,         5,MFI-BREEDER SUBAYON BILAR     ,BSB-SUBAYON ADMIN                                 ,FABB                
0116-0001607500001       ,WOODEN TABLE SHELVES 70X15X30                               ,      5690.41,02/14/2013,FUR. & FIXT.        ,TABLE                                             ,         5,MFI-BREEDER SUBAYON BILAR     ,BSB-SUBAYON ADMIN                                 ,FABB                
0116-0003268100001       ,WOODEN SHELVES 3.9X40X1.44                                  ,     17057.89,05/07/2013,FUR. & FIXT.        ,SHELVES                                           ,        10,MFI-BREEDER SUBAYON BILAR     ,BSB-SUBAYON ADMIN                                 ,FABB                
0116-0003268100002       ,WOODEN SHELVES 3.9X40X1.44                                  ,     17057.89,05/07/2013,FUR. & FIXT.        ,SHELVES                                           ,        10,MFI-BREEDER SUBAYON BILAR     ,BSB-SUBAYON ADMIN                                 ,FABB                
0116-0003546000001       ,BENCH STEEL                                                 ,      3900.00,03/13/2012,FUR. & FIXT.        ,BENCH                                             ,         5,MFI-BREEDER SUBAYON BILAR     ,BSB-SUBAYON ADMIN                                 ,FABB                
0116-0003546000002       ,BENCH STEEL                                                 ,      3900.00,03/13/2012,FUR. & FIXT.        ,BENCH                                             ,         5,MFI-BREEDER SUBAYON BILAR     ,BSB-SUBAYON ADMIN                                 ,FABB                
0116-0003546000003       ,BENCH STEEL                                                 ,      3900.00,03/13/2012,FUR. & FIXT.        ,BENCH                                             ,         5,MFI-BREEDER SUBAYON BILAR     ,BSB-SUBAYON ADMIN                                 ,FABB                
0116-0003546000004       ,BENCH STEEL                                                 ,      3900.00,03/13/2012,FUR. & FIXT.        ,BENCH                                             ,         5,MFI-BREEDER SUBAYON BILAR     ,BSB-SUBAYON ADMIN                                 ,FABB                
0116-0004237000001       ,STEEL CABINET 4 DRAWERS WRINKLE                             ,      7800.00,02/16/2013,FUR. & FIXT.        ,CABINET                                           ,        10,MFI-BREEDER SUBAYON BILAR     ,BSB-SUBAYON ADMIN                                 ,FABB                
0116-0004404400001       ,ROLLER BLINDS                                               ,     11833.50,01/11/2012,FUR. & FIXT.        ,OTHERS                                            ,         3,MFI-BREEDER SUBAYON BILAR     ,BSB-SUBAYON ADMIN                                 ,FABB                
0116-0007134300001       ,ROLLER BLINDS 57X52                                         ,      2933.65,01/11/2012,FUR. & FIXT.        ,BLINDS                                            ,         3,MFI-BREEDER SUBAYON BILAR     ,BSB-SUBAYON ADMIN                                 ,FABB                
0116-0007134500001       ,ROLLER BLINDS FOR FIXED DOOR                                ,      3010.65,01/11/2012,FUR. & FIXT.        ,BLINDS                                            ,         3,MFI-BREEDER SUBAYON BILAR     ,BSB-SUBAYON ADMIN                                 ,FABB                
0116-0007134500002       ,ROLLER BLINDS FOR FIXED DOOR                                ,      3010.65,01/11/2012,FUR. & FIXT.        ,BLINDS                                            ,         3,MFI-BREEDER SUBAYON BILAR     ,BSB-SUBAYON ADMIN                                 ,FABB                
0116-0007134500003       ,ROLLER BLINDS FOR FIXED DOOR                                ,      3010.65,01/11/2012,FUR. & FIXT.        ,BLINDS                                            ,         3,MFI-BREEDER SUBAYON BILAR     ,BSB-SUBAYON ADMIN                                 ,FABB                
0116-0007134600001       ,COFTA BENCH OFFICE                                          ,      1513.71,06/13/2012,FUR. & FIXT.        ,BENCH                                             ,         5,MFI-BREEDER SUBAYON BILAR     ,BSB-SUBAYON ADMIN                                 ,FABB                
0116-0007134900001       ,WOODEN CABINET 1.35X.20                                     ,     11859.71,04/21/2012,FUR. & FIXT.        ,CABINET-WOODEN                                    ,         5,MFI-BREEDER SUBAYON BILAR     ,BSB-SUBAYON ADMIN                                 ,FABB                
0116-0007135000001       ,WOODEN CABINET 1.80X1.00                                    ,     13500.00,04/21/2012,FUR. & FIXT.        ,CABINET-WOODEN                                    ,         5,MFI-BREEDER SUBAYON BILAR     ,BSB-SUBAYON ADMIN                                 ,FABB                
0116-0007135000002       ,WOODEN CABINET 1.80X1.00                                    ,     13500.00,04/21/2012,FUR. & FIXT.        ,CABINET-WOODEN                                    ,         5,MFI-BREEDER SUBAYON BILAR     ,BSB-SUBAYON ADMIN                                 ,FABB                
0116-0007135000003       ,WOODEN CABINET 1.80X1.00                                    ,     13500.00,04/21/2012,FUR. & FIXT.        ,CABINET-WOODEN                                    ,         5,MFI-BREEDER SUBAYON BILAR     ,BSB-SUBAYON ADMIN                                 ,FABB                
0116-0007135100001       ,WOODEN CABINET 1.80X2.40                                    ,     32400.00,04/21/2012,FUR. & FIXT.        ,CABINET-WOODEN                                    ,         5,MFI-BREEDER SUBAYON BILAR     ,BSB-SUBAYON ADMIN                                 ,FABB                
0116-0007135200001       ,WOODEN CABINET 1.6X2.1                                      ,     25200.00,07/12/2021,FUR. & FIXT.        ,CABINET-WOODEN                                    ,         5,MFI-BREEDER SUBAYON BILAR     ,BSB-SUBAYON ADMIN                                 ,FABB                
0116-0007135300001       ,WOODEN CABINET 1.8X1.4                                      ,     18900.00,07/12/2021,FUR. & FIXT.        ,CABINET-WOODEN                                    ,         5,MFI-BREEDER SUBAYON BILAR     ,BSB-SUBAYON ADMIN                                 ,FABB                
0116-0007135400001       ,BOOTS RACK (8 PAIRS CAP)                                    ,      2840.00,05/07/2013,FUR. & FIXT.        ,RACK                                              ,        10,MFI-BREEDER SUBAYON BILAR     ,BSB-SUBAYON ADMIN                                 ,FABB                
0116-0007135400002       ,BOOTS RACK (8 PAIRS CAP)                                    ,      2840.00,05/07/2013,FUR. & FIXT.        ,RACK                                              ,        10,MFI-BREEDER SUBAYON BILAR     ,BSB-SUBAYON ADMIN                                 ,FABB                
0116-0007135400003       ,BOOTS RACK (8 PAIRS CAP)                                    ,      2840.00,05/07/2013,FUR. & FIXT.        ,RACK                                              ,        10,MFI-BREEDER SUBAYON BILAR     ,BSB-SUBAYON ADMIN                                 ,FABB                
0116-0007135400004       ,BOOTS RACK (8 PAIRS CAP)                                    ,      2840.00,05/07/2013,FUR. & FIXT.        ,RACK                                              ,        10,MFI-BREEDER SUBAYON BILAR     ,BSB-SUBAYON ADMIN                                 ,FABB                
0116-0007135400005       ,BOOTS RACK (8 PAIRS CAP)                                    ,      2840.00,05/07/2013,FUR. & FIXT.        ,RACK                                              ,        10,MFI-BREEDER SUBAYON BILAR     ,BSB-SUBAYON ADMIN                                 ,FABB                
0116-0007135400006       ,BOOTS RACK (8 PAIRS CAP)                                    ,      2840.00,05/07/2013,FUR. & FIXT.        ,RACK                                              ,        10,MFI-BREEDER SUBAYON BILAR     ,BSB-SUBAYON ADMIN                                 ,FABB                
0116-0007135400007       ,BOOTS RACK (8 PAIRS CAP)                                    ,      2840.00,05/07/2013,FUR. & FIXT.        ,RACK                                              ,        10,MFI-BREEDER SUBAYON BILAR     ,BSB-SUBAYON ADMIN                                 ,FABB                
0116-0007135400008       ,BOOTS RACK (8 PAIRS CAP)                                    ,      2840.00,05/07/2013,FUR. & FIXT.        ,RACK                                              ,        10,MFI-BREEDER SUBAYON BILAR     ,BSB-SUBAYON ADMIN                                 ,FABB                
0116-0007135400009       ,BOOTS RACK (8 PAIRS CAP)                                    ,      2840.00,05/07/2013,FUR. & FIXT.        ,RACK                                              ,        10,MFI-BREEDER SUBAYON BILAR     ,BSB-SUBAYON ADMIN                                 ,FABB                
0116-0007135500001       ,WOODEN CABINET .40X.70X1.30M                                ,      6860.82,08/26/2014,FUR. & FIXT.        ,CABINET-WOODEN                                    ,         5,MFI-BREEDER SUBAYON BILAR     ,BSB-SUBAYON ADMIN                                 ,FABB                
0116-0007135500002       ,WOODEN CABINET .40X.70X1.30M                                ,      6860.82,08/26/2014,FUR. & FIXT.        ,CABINET-WOODEN                                    ,         5,MFI-BREEDER SUBAYON BILAR     ,BSB-SUBAYON ADMIN                                 ,FABB                
0116-0000952300011       ,STEEL DOUBLE DECK                                           ,      5500.00,09/30/2010,FUR. & FIXT.        ,BED                                               ,         5,MFI-BREEDER SUBAYON BILAR     ,BSB-SUBAYON ADMIN                                 ,FABB                
0116-0000952300012       ,STEEL DOUBLE DECK                                           ,      5500.00,09/30/2010,FUR. & FIXT.        ,BED                                               ,         5,MFI-BREEDER SUBAYON BILAR     ,BSB-SUBAYON ADMIN                                 ,FABB                
0116-0000952300013       ,STEEL DOUBLE DECK                                           ,      5500.00,10/01/2010,FUR. & FIXT.        ,BED                                               ,         5,MFI-BREEDER SUBAYON BILAR     ,BSB-SUBAYON ADMIN                                 ,FABB                
0116-0000952300014       ,STEEL DOUBLE DECK                                           ,      5500.00,10/01/2010,FUR. & FIXT.        ,BED                                               ,         5,MFI-BREEDER SUBAYON BILAR     ,BSB-SUBAYON ADMIN                                 ,FABB                
0116-0000952300015       ,STEEL DOUBLE DECK                                           ,      5500.00,10/01/2010,FUR. & FIXT.        ,BED                                               ,         5,MFI-BREEDER SUBAYON BILAR     ,BSB-SUBAYON ADMIN                                 ,FABB                
0116-0000952300016       ,STEEL DOUBLE DECK                                           ,      5500.00,10/01/2010,FUR. & FIXT.        ,BED                                               ,         5,MFI-BREEDER SUBAYON BILAR     ,BSB-SUBAYON ADMIN                                 ,FABB                
0116-0000952300017       ,STEEL DOUBLE DECK                                           ,      5500.00,10/01/2010,FUR. & FIXT.        ,BED                                               ,         5,MFI-BREEDER SUBAYON BILAR     ,BSB-SUBAYON ADMIN                                 ,FABB                
0116-0000952300018       ,STEEL DOUBLE DECK                                           ,      5500.00,10/01/2010,FUR. & FIXT.        ,BED                                               ,         5,MFI-BREEDER SUBAYON BILAR     ,BSB-SUBAYON ADMIN                                 ,FABB                
0116-0000952300019       ,STEEL DOUBLE DECK                                           ,      5500.00,10/01/2010,FUR. & FIXT.        ,BED                                               ,         5,MFI-BREEDER SUBAYON BILAR     ,BSB-SUBAYON ADMIN                                 ,FABB                
0116-0000952300020       ,STEEL DOUBLE DECK                                           ,      5500.00,10/01/2010,FUR. & FIXT.        ,BED                                               ,         5,MFI-BREEDER SUBAYON BILAR     ,BSB-SUBAYON ADMIN                                 ,FABB                
0116-0000952300021       ,STEEL DOUBLE DECK                                           ,      5500.00,11/26/2010,FUR. & FIXT.        ,BED                                               ,         5,MFI-BREEDER SUBAYON BILAR     ,BSB-SUBAYON ADMIN                                 ,FABB                
0116-0000952300022       ,STEEL DOUBLE DECK                                           ,      5500.00,11/26/2010,FUR. & FIXT.        ,BED                                               ,         5,MFI-BREEDER SUBAYON BILAR     ,BSB-SUBAYON ADMIN                                 ,FABB                
0116-0000952300023       ,STEEL DOUBLE DECK                                           ,      5500.00,11/26/2010,FUR. & FIXT.        ,BED                                               ,         5,MFI-BREEDER SUBAYON BILAR     ,BSB-SUBAYON ADMIN                                 ,FABB                
0116-0000952300024       ,STEEL DOUBLE DECK                                           ,      5500.00,11/26/2010,FUR. & FIXT.        ,BED                                               ,         5,MFI-BREEDER SUBAYON BILAR     ,BSB-SUBAYON ADMIN                                 ,FABB                
0116-0000952300025       ,STEEL DOUBLE DECK                                           ,      5500.00,03/30/2011,FUR. & FIXT.        ,BED                                               ,         5,MFI-BREEDER SUBAYON BILAR     ,BSB-SUBAYON ADMIN                                 ,FABB                
0116-0000952300026       ,STEEL DOUBLE DECK                                           ,      5500.00,03/30/2011,FUR. & FIXT.        ,BED                                               ,         5,MFI-BREEDER SUBAYON BILAR     ,BSB-SUBAYON ADMIN                                 ,FABB                
0116-0000952300027       ,STEEL DOUBLE DECK                                           ,      5500.00,04/01/2011,FUR. & FIXT.        ,BED                                               ,         5,MFI-BREEDER SUBAYON BILAR     ,BSB-SUBAYON ADMIN                                 ,FABB                
0116-0000952300028       ,STEEL DOUBLE DECK                                           ,      5500.00,04/01/2011,FUR. & FIXT.        ,BED                                               ,         5,MFI-BREEDER SUBAYON BILAR     ,BSB-SUBAYON ADMIN                                 ,FABB                
0116-0000952300029       ,STEEL DOUBLE DECK                                           ,      5500.00,04/01/2011,FUR. & FIXT.        ,BED                                               ,         5,MFI-BREEDER SUBAYON BILAR     ,BSB-SUBAYON ADMIN                                 ,FABB                
0116-0000952300030       ,STEEL DOUBLE DECK                                           ,      5500.00,04/01/2011,FUR. & FIXT.        ,BED                                               ,         5,MFI-BREEDER SUBAYON BILAR     ,BSB-SUBAYON ADMIN                                 ,FABB                
0116-0000952300031       ,STEEL DOUBLE DECK                                           ,      5500.00,01/03/2012,FUR. & FIXT.        ,BED                                               ,         5,MFI-BREEDER SUBAYON BILAR     ,BSB-SUBAYON ADMIN                                 ,FABB                
0116-0000952300032       ,STEEL DOUBLE DECK                                           ,      5500.00,01/03/2012,FUR. & FIXT.        ,BED                                               ,         5,MFI-BREEDER SUBAYON BILAR     ,BSB-SUBAYON ADMIN                                 ,FABB                
0116-0000952300033       ,STEEL DOUBLE DECK                                           ,      5500.00,01/03/2012,FUR. & FIXT.        ,BED                                               ,         5,MFI-BREEDER SUBAYON BILAR     ,BSB-SUBAYON ADMIN                                 ,FABB                
0116-0000952300034       ,STEEL DOUBLE DECK                                           ,      5500.00,01/03/2012,FUR. & FIXT.        ,BED                                               ,         5,MFI-BREEDER SUBAYON BILAR     ,BSB-SUBAYON ADMIN                                 ,FABB                
0116-0001213300003       ,DOUBLE DECK                                                 ,      5500.00,04/28/2012,FUR. & FIXT.        ,BED                                               ,         5,MFI-BREEDER SUBAYON BILAR     ,BSB-SUBAYON ADMIN                                 ,FABB                
0116-0001213300004       ,DOUBLE DECK                                                 ,      5500.00,03/01/2016,FUR. & FIXT.        ,BED                                               ,         5,MFI-BREEDER SUBAYON BILAR     ,BSB-SUBAYON ADMIN                                 ,FABB                
0116-0001213300005       ,DOUBLE DECK                                                 ,      5500.00,03/01/2016,FUR. & FIXT.        ,BED                                               ,         5,MFI-BREEDER SUBAYON BILAR     ,BSB-SUBAYON ADMIN                                 ,FABB                
0116-0000281200001       ,SWIVEL CHAIR                                                ,      3600.00,07/29/2017,FUR. & FIXT.        ,CHAIR                                             ,         3,MFI-BREEDER SUBAYON BILAR     ,BSB-SUBAYON ADMIN                                 ,FABB                
0116-0000281200002       ,SWIVEL CHAIR                                                ,      3600.00,07/29/2017,FUR. & FIXT.        ,CHAIR                                             ,         3,MFI-BREEDER SUBAYON BILAR     ,BSB-SUBAYON ADMIN                                 ,FABB                
0116-0000281200003       ,SWIVEL CHAIR                                                ,      3600.00,07/29/2017,FUR. & FIXT.        ,CHAIR                                             ,         3,MFI-BREEDER SUBAYON BILAR     ,BSB-SUBAYON ADMIN                                 ,FABB                
0116-0000281200004       ,SWIVEL CHAIR                                                ,      3600.00,07/29/2017,FUR. & FIXT.        ,CHAIR                                             ,         3,MFI-BREEDER SUBAYON BILAR     ,BSB-SUBAYON ADMIN                                 ,FABB                
0116-0000281200005       ,SWIVEL CHAIR                                                ,      3600.00,07/29/2017,FUR. & FIXT.        ,CHAIR                                             ,         3,MFI-BREEDER SUBAYON BILAR     ,BSB-SUBAYON ADMIN                                 ,FABB                
0116-0000281200006       ,SWIVEL CHAIR                                                ,      3600.00,07/29/2017,FUR. & FIXT.        ,CHAIR                                             ,         3,MFI-BREEDER SUBAYON BILAR     ,BSB-SUBAYON ADMIN                                 ,FABB                
0116-0000281200007       ,SWIVEL CHAIR                                                ,      3600.00,07/29/2017,FUR. & FIXT.        ,CHAIR                                             ,         3,MFI-BREEDER SUBAYON BILAR     ,BSB-SUBAYON ADMIN                                 ,FABB                
0116-0000281200008       ,SWIVEL CHAIR                                                ,      3600.00,07/29/2017,FUR. & FIXT.        ,CHAIR                                             ,         3,MFI-BREEDER SUBAYON BILAR     ,BSB-SUBAYON ADMIN                                 ,FABB                
0116-0000281200009       ,SWIVEL CHAIR                                                ,      3600.00,07/29/2017,FUR. & FIXT.        ,CHAIR                                             ,         3,MFI-BREEDER SUBAYON BILAR     ,BSB-SUBAYON ADMIN                                 ,FABB                
0116-0000281200010       ,SWIVEL CHAIR                                                ,      3600.00,07/29/2017,FUR. & FIXT.        ,CHAIR                                             ,         3,MFI-BREEDER SUBAYON BILAR     ,BSB-SUBAYON ADMIN                                 ,FABB                
0116-0000281200011       ,SWIVEL CHAIR                                                ,      3600.00,07/29/2017,FUR. & FIXT.        ,CHAIR                                             ,         3,MFI-BREEDER SUBAYON BILAR     ,BSB-SUBAYON ADMIN                                 ,FABB                
0116-0000332300001       ,WOODEN CABINET                                              ,     16794.32,10/31/2017,FUR. & FIXT.        ,CABINET                                           ,         5,MFI-BREEDER SUBAYON BILAR     ,BSB-SUBAYON ADMIN                                 ,FABB                
0116-0000927300001       ,STEEL CABINET 4 DRAWERS                                     ,      7300.00,04/14/2016,FUR. & FIXT.        ,CABINET                                           ,        10,MFI-BREEDER SUBAYON BILAR     ,BSB-SUBAYON ADMIN                                 ,FABB                
0116-0000927300002       ,STEEL CABINET 4 DRAWERS                                     ,      7300.00,04/14/2016,FUR. & FIXT.        ,CABINET                                           ,        10,MFI-BREEDER SUBAYON BILAR     ,BSB-SUBAYON ADMIN                                 ,FABB                
0116-0000968900002       ,OFFICE TABLE                                                ,      6836.49,06/18/2019,FUR. & FIXT.        ,TABLE                                             ,         5,MFI-BREEDER SUBAYON BILAR     ,BSB-SUBAYON ADMIN                                 ,FABB                
0116-0000968900003       ,OFFICE TABLE                                                ,      6836.49,06/18/2019,FUR. & FIXT.        ,TABLE                                             ,         5,MFI-BREEDER SUBAYON BILAR     ,BSB-SUBAYON ADMIN                                 ,FABB                
0116-0000992000001       ,IWATA TIME RECORDER                                         ,     14500.00,06/15/2011,OFF. EQPT.          ,TIMERECORDER                                      ,         3,MFI-BREEDER SUBAYON BILAR     ,BSB-SUBAYON ADMIN                                 ,FABB                
0116-0001059300001       ,CPU INTEL CORE 2 DUO PROCESSOR                              ,     12730.00,01/25/2010,OFF. EQPT.          ,PROCESSOR                                         ,         3,MFI-BREEDER SUBAYON BILAR     ,BSB-SUBAYON ADMIN                                 ,FABB                
0116-0001213300006       ,DOUBLE DECK                                                 ,      5500.00,04/11/2016,FUR. & FIXT.        ,BED                                               ,         5,MFI-BREEDER SUBAYON BILAR     ,BSB-SUBAYON ADMIN                                 ,FABB                
0116-0001213300007       ,DOUBLE DECK                                                 ,      5500.00,04/11/2016,FUR. & FIXT.        ,BED                                               ,         5,MFI-BREEDER SUBAYON BILAR     ,BSB-SUBAYON ADMIN                                 ,FABB                
0116-0001213300008       ,DOUBLE DECK                                                 ,      5500.00,04/11/2016,FUR. & FIXT.        ,BED                                               ,         5,MFI-BREEDER SUBAYON BILAR     ,BSB-SUBAYON ADMIN                                 ,FABB                
0116-0001213300009       ,DOUBLE DECK                                                 ,      5500.00,04/11/2016,FUR. & FIXT.        ,BED                                               ,         5,MFI-BREEDER SUBAYON BILAR     ,BSB-SUBAYON ADMIN                                 ,FABB                
0116-0001213300010       ,DOUBLE DECK                                                 ,      5500.00,04/11/2016,FUR. & FIXT.        ,BED                                               ,         5,MFI-BREEDER SUBAYON BILAR     ,BSB-SUBAYON ADMIN                                 ,FABB                
0116-0001213300011       ,DOUBLE DECK                                                 ,      5500.00,04/11/2016,FUR. & FIXT.        ,BED                                               ,         5,MFI-BREEDER SUBAYON BILAR     ,BSB-SUBAYON ADMIN                                 ,FABB                
0116-0001550200001       ,MONITOR LCD DELL 17""                                        ,     18530.00,01/25/2010,OFF. EQPT.          ,MONITOR                                           ,         3,MFI-BREEDER SUBAYON BILAR     ,BSB-SUBAYON ADMIN                                 ,FABB                
0116-0001563000001       ,PRINTER EPSON LQ-300+II                                     ,      9700.00,05/19/2010,OFF. EQPT.          ,PRINTER                                           ,         3,MFI-BREEDER SUBAYON BILAR     ,BSB-SUBAYON ADMIN                                 ,FABB                
0116-0001601000001       ,REGULATED POWER SUPPLY RG-8 SWAN                            ,      5200.00,02/17/2010,OFF. EQPT.          ,POWER SUPPLY                                      ,         3,MFI-BREEDER SUBAYON BILAR     ,BSB-SUBAYON ADMIN                                 ,FABB                
0116-0001630200001       ,COMPUTER TABLE LAMINATED                                    ,      8811.18,04/01/2017,FUR. & FIXT.        ,TABLE                                             ,         5,MFI-BREEDER SUBAYON BILAR     ,BSB-SUBAYON ADMIN                                 ,FABB                
0116-0002074900001       ,CELLPHONE NOKIA 2330                                        ,      2585.00,05/19/2010,OFF. EQPT.          ,CELLPHONE                                         ,         3,MFI-BREEDER SUBAYON BILAR     ,BSB-SUBAYON ADMIN                                 ,FABB                
0116-0002074900002       ,CELLPHONE NOKIA 2330                                        ,      2585.00,05/19/2010,OFF. EQPT.          ,CELLPHONE                                         ,         3,MFI-BREEDER SUBAYON BILAR     ,BSB-SUBAYON ADMIN                                 ,FABB                
0116-0003723400001       ,IWATA TIME RECORDER MODEL: CW-1A                            ,     14500.00,05/19/2010,OFF. EQPT.          ,TIMERECORDER                                      ,         3,MFI-BREEDER SUBAYON BILAR     ,BSB-SUBAYON ADMIN                                 ,FABB                
0116-0007135600001       ,WOODEN CABINET 1X40X1.8                                     ,     11462.19,04/11/2016,FUR. & FIXT.        ,CABINET-WOODEN                                    ,         5,MFI-BREEDER SUBAYON BILAR     ,BSB-SUBAYON ADMIN                                 ,FABB                
0116-0007135600002       ,WOODEN CABINET 1X40X1.8                                     ,     11462.19,04/11/2016,FUR. & FIXT.        ,CABINET-WOODEN                                    ,         5,MFI-BREEDER SUBAYON BILAR     ,BSB-SUBAYON ADMIN                                 ,FABB                
0116-0007135600003       ,WOODEN CABINET 1X40X1.8                                     ,     11462.19,04/11/2016,FUR. & FIXT.        ,CABINET-WOODEN                                    ,         5,MFI-BREEDER SUBAYON BILAR     ,BSB-SUBAYON ADMIN                                 ,FABB                
0116-0007135600004       ,WOODEN CABINET 1X40X1.8                                     ,     11462.19,04/11/2016,FUR. & FIXT.        ,CABINET-WOODEN                                    ,         5,MFI-BREEDER SUBAYON BILAR     ,BSB-SUBAYON ADMIN                                 ,FABB                
0116-0007135600005       ,WOODEN CABINET 1X40X1.8                                     ,     11462.19,04/11/2016,FUR. & FIXT.        ,CABINET-WOODEN                                    ,         5,MFI-BREEDER SUBAYON BILAR     ,BSB-SUBAYON ADMIN                                 ,FABB                
0116-0007135700001       ,WOODEN CABINET ACASIA 60X80X2M                              ,     12735.77,08/30/2016,FUR. & FIXT.        ,CABINET-WOODEN                                    ,         5,MFI-BREEDER SUBAYON BILAR     ,BSB-SUBAYON ADMIN                                 ,FABB                
0116-0007135700002       ,WOODEN CABINET ACASIA 60X80X2M                              ,     12735.77,08/30/2016,FUR. & FIXT.        ,CABINET-WOODEN                                    ,         5,MFI-BREEDER SUBAYON BILAR     ,BSB-SUBAYON ADMIN                                 ,FABB                
0116-0007135900001       ,WASHING MACHINE STAND .15X.61X.96M                          ,      4927.28,10/22/2016,FUR. & FIXT.        ,STAND                                             ,         3,MFI-BREEDER SUBAYON BILAR     ,BSB-SUBAYON ADMIN                                 ,FABB                
0116-0007135900002       ,WASHING MACHINE STAND .15X.61X.96M                          ,      4927.28,10/22/2016,FUR. & FIXT.        ,STAND                                             ,         3,MFI-BREEDER SUBAYON BILAR     ,BSB-SUBAYON ADMIN                                 ,FABB                
0116-0007136100001       ,WOODEN CABINET 1X.40X1.8                                    ,     11462.19,09/07/2016,FUR. & FIXT.        ,CABINET-WOODEN                                    ,         5,MFI-BREEDER SUBAYON BILAR     ,BSB-SUBAYON ADMIN                                 ,FABB                
0116-0007136100002       ,WOODEN CABINET 1X.40X1.8                                    ,     11462.19,09/07/2016,FUR. & FIXT.        ,CABINET-WOODEN                                    ,         5,MFI-BREEDER SUBAYON BILAR     ,BSB-SUBAYON ADMIN                                 ,FABB                
0116-0007136200001       ,FUMAGATION BOX                                              ,     11047.89,08/31/2017,FUR. & FIXT.        ,BOX                                               ,         5,MFI-BREEDER SUBAYON BILAR     ,BSB-SUBAYON ADMIN                                 ,FABB                
0116-0007136300001       ,WOODEN CABINET 1.80X.40X1M                                  ,     12266.40,11/14/2016,FUR. & FIXT.        ,CABINET-WOODEN                                    ,         5,MFI-BREEDER SUBAYON BILAR     ,BSB-SUBAYON ADMIN                                 ,FABB                
0116-0007136400001       ,OFFICE TABLE MIKARTA                                        ,     20509.47,06/22/2017,FUR. & FIXT.        ,TABLE                                             ,         5,MFI-BREEDER SUBAYON BILAR     ,BSB-SUBAYON ADMIN                                 ,FABB                
0116-0007136400002       ,OFFICE TABLE MIKARTA                                        ,     20509.47,06/22/2017,FUR. & FIXT.        ,TABLE                                             ,         5,MFI-BREEDER SUBAYON BILAR     ,BSB-SUBAYON ADMIN                                 ,FABB                
0116-0007136400003       ,OFFICE TABLE MIKARTA                                        ,     20509.47,06/22/2017,FUR. & FIXT.        ,TABLE                                             ,         5,MFI-BREEDER SUBAYON BILAR     ,BSB-SUBAYON ADMIN                                 ,FABB                
0116-0007136500001       ,RADIO BASE TK8 108H                                         ,     11000.00,01/22/2010,STR. EQPT.          ,RADIO BASE                                        ,         3,MFI-BREEDER SUBAYON BILAR     ,BSB-SUBAYON ADMIN                                 ,FABB                
0116-0001059300002       ,CPU INTEL CORE 2 DUO PROCESSOR                              ,     12935.00,05/19/2010,OFF. EQPT.          ,PROCESSOR                                         ,         3,MFI-BREEDER SUBAYON BILAR     ,BSB-SUBAYON ADMIN                                 ,FABB                
0116-0001213300012       ,DOUBLE DECK                                                 ,      5500.00,07/14/2016,FUR. & FIXT.        ,BED                                               ,         5,MFI-BREEDER SUBAYON BILAR     ,BSB-SUBAYON ADMIN                                 ,FABB                
0116-0001213300013       ,DOUBLE DECK                                                 ,      5500.00,07/14/2016,FUR. & FIXT.        ,BED                                               ,         5,MFI-BREEDER SUBAYON BILAR     ,BSB-SUBAYON ADMIN                                 ,FABB                
0116-0001213300014       ,DOUBLE DECK                                                 ,      5500.00,07/14/2016,FUR. & FIXT.        ,BED                                               ,         5,MFI-BREEDER SUBAYON BILAR     ,BSB-SUBAYON ADMIN                                 ,FABB                
0116-0001213300015       ,DOUBLE DECK                                                 ,      5500.00,07/14/2016,FUR. & FIXT.        ,BED                                               ,         5,MFI-BREEDER SUBAYON BILAR     ,BSB-SUBAYON ADMIN                                 ,FABB                
0116-0001213300016       ,DOUBLE DECK                                                 ,      5500.00,07/14/2016,FUR. & FIXT.        ,BED                                               ,         5,MFI-BREEDER SUBAYON BILAR     ,BSB-SUBAYON ADMIN                                 ,FABB                
0116-0001213300017       ,DOUBLE DECK                                                 ,      5500.00,07/14/2016,FUR. & FIXT.        ,BED                                               ,         5,MFI-BREEDER SUBAYON BILAR     ,BSB-SUBAYON ADMIN                                 ,FABB                
0116-0000701900001       ,REGULATED BATTERY CHARGER 12V-5A                            ,      4800.00,02/23/2013,OFF. EQPT.          ,OFFICE EQUIPMENT                                  ,         3,MFI-BREEDER SUBAYON BILAR     ,BSB-SUBAYON ADMIN                                 ,FABB                
0116-0000867400001       ,IP PHOPOWER TRANSFORMER FOR IPHONE 7900 SERIES              ,      1980.00,02/27/2013,OFF. EQPT.          ,TELEPHONE                                         ,        10,MFI-BREEDER SUBAYON BILAR     ,BSB-SUBAYON ADMIN                                 ,FABB                
0116-0000992000002       ,IWATA TIME RECORDER                                         ,     14500.00,07/19/2012,OFF. EQPT.          ,TIMERECORDER                                      ,         3,MFI-BREEDER SUBAYON BILAR     ,BSB-SUBAYON ADMIN                                 ,FABB                
0116-0001053800001       ,UPS EATON 600VA                                             ,      3000.00,08/25/2010,OFF. EQPT.          ,UPS                                               ,         4,MFI-BREEDER SUBAYON BILAR     ,BSB-SUBAYON ADMIN                                 ,FABB                
0116-0001109100001       ,BIOMETRICS CONTROL PANEL                                    ,     30000.00,03/31/2015,STR. EQPT.          ,BIOMETRICS                                        ,         3,MFI-BREEDER SUBAYON BILAR     ,BSB-SUBAYON ADMIN                                 ,FABB                
0116-0001109100002       ,BIOMETRICS CONTROL PANEL                                    ,     30000.00,03/31/2015,STR. EQPT.          ,BIOMETRICS                                        ,         3,MFI-BREEDER SUBAYON BILAR     ,BSB-SUBAYON ADMIN                                 ,FABB                
0116-0001109100003       ,BIOMETRICS CONTROL PANEL                                    ,     30000.00,03/31/2015,STR. EQPT.          ,BIOMETRICS                                        ,         3,MFI-BREEDER SUBAYON BILAR     ,BSB-SUBAYON ADMIN                                 ,FABB                
0116-0001159400001       ,MONITOR LCD AOC 18.5""                                       ,      4350.00,02/17/2012,OFF. EQPT.          ,MONITOR                                           ,         3,MFI-BREEDER SUBAYON BILAR     ,BSB-SUBAYON ADMIN                                 ,FABB                
0116-0001168700001       ,COMPUTER SET                                                ,     16000.00,02/29/2012,OFF. EQPT.          ,COMPUTER                                          ,         3,MFI-BREEDER SUBAYON BILAR     ,BSB-SUBAYON ADMIN                                 ,FABB                
0116-0001168700002       ,COMPUTER SET                                                ,     16000.00,02/29/2012,OFF. EQPT.          ,COMPUTER                                          ,         3,MFI-BREEDER SUBAYON BILAR     ,BSB-SUBAYON ADMIN                                 ,FABB                
0116-0001245000001       ,SAFETY BOX 8935                                             ,      8935.00,03/19/2013,OFF. EQPT.          ,BOX                                               ,         5,MFI-BREEDER SUBAYON BILAR     ,BSB-SUBAYON ADMIN                                 ,FABB                
0116-0001461200001       ,EPSON WORKFORCE GT1500                                      ,     16500.00,12/06/2014,OFF. EQPT.          ,DOCUMENT SCANNER                                  ,         3,MFI-BREEDER SUBAYON BILAR     ,BSB-SUBAYON ADMIN                                 ,FABB                
0116-0001563000002       ,PRINTER EPSON LQ-300+II                                     ,     10045.00,02/29/2012,OFF. EQPT.          ,PRINTER                                           ,         3,MFI-BREEDER SUBAYON BILAR     ,BSB-SUBAYON ADMIN                                 ,FABB                
0116-0001567800001       ,KENWOOD HANDSET RADIO TK-2107                               ,      8500.00,01/22/2009,OFF. EQPT.          ,RADIO                                             ,         3,MFI-BREEDER SUBAYON BILAR     ,BSB-SUBAYON ADMIN                                 ,FABB                
0116-0001909100001       ,CISCO IP PHONE 7911G                                        ,      9354.00,02/27/2013,OFF. EQPT.          ,TELEPHONE                                         ,         3,MFI-BREEDER SUBAYON BILAR     ,BSB-SUBAYON ADMIN                                 ,FABB                
0116-0003232200002       ,AIRCON CARRIER 1.5HP                                        ,     21310.08,04/11/2012,MACH. & EQPT.       ,AIRCON                                            ,         5,MFI-BREEDER SUBAYON BILAR     ,BSB-SUBAYON ADMIN                                 ,FABB                
0116-0003247300001       ,CELLPHONE SAMSUNG E1272                                     ,      1490.00,09/18/2014,OFF. EQPT.          ,CELLPHONE                                         ,         3,MFI-BREEDER SUBAYON BILAR     ,BSB-SUBAYON ADMIN                                 ,FABB                
0116-0003644300001       ,D-LINK GIGABIT SWITCH HUB 8 PORTS                           ,      4770.00,05/28/2015,OFF. EQPT.          ,ROUTER                                            ,         5,MFI-BREEDER SUBAYON BILAR     ,BSB-SUBAYON ADMIN                                 ,FABB                
0116-0003644300002       ,D-LINK GIGABIT SWITCH HUB 8 PORTS                           ,      4770.00,05/28/2015,OFF. EQPT.          ,ROUTER                                            ,         5,MFI-BREEDER SUBAYON BILAR     ,BSB-SUBAYON ADMIN                                 ,FABB                
0116-0004206500001       ,CISCO IP PHONE 7911                                         ,      6200.00,07/27/2011,OFF. EQPT.          ,TELEPHONE                                         ,         3,MFI-BREEDER SUBAYON BILAR     ,BSB-SUBAYON ADMIN                                 ,FABB                
0116-0007136600001       ,HERMACO CASH VAULT                                          ,     27550.00,07/04/2011,FUR. & FIXT.        ,VAULT                                             ,        10,MFI-BREEDER SUBAYON BILAR     ,BSB-SUBAYON ADMIN                                 ,FABB                
0116-0001213300018       ,DOUBLE DECK                                                 ,      5500.00,08/08/2016,FUR. & FIXT.        ,BED                                               ,         5,MFI-BREEDER SUBAYON BILAR     ,BSB-SUBAYON ADMIN                                 ,FABB                
0116-0001213300019       ,DOUBLE DECK                                                 ,      5500.00,08/08/2016,FUR. & FIXT.        ,BED                                               ,         5,MFI-BREEDER SUBAYON BILAR     ,BSB-SUBAYON ADMIN                                 ,FABB                
0116-0001213300020       ,DOUBLE DECK                                                 ,      5500.00,08/08/2016,FUR. & FIXT.        ,BED                                               ,         5,MFI-BREEDER SUBAYON BILAR     ,BSB-SUBAYON ADMIN                                 ,FABB                
0116-0001567800002       ,KENWOOD HANDSET RADIO TK-2107                               ,      8449.00,10/15/2010,OFF. EQPT.          ,RADIO                                             ,         3,MFI-BREEDER SUBAYON BILAR     ,BSB-SUBAYON ADMIN                                 ,FABB                
0116-0001567800003       ,KENWOOD HANDSET RADIO TK-2107                               ,      8500.00,01/22/2009,OFF. EQPT.          ,RADIO                                             ,         3,MFI-BREEDER SUBAYON BILAR     ,BSB-SUBAYON ADMIN                                 ,FABB                
0116-0001567800004       ,KENWOOD HANDSET RADIO TK-2107                               ,      8449.00,10/15/2010,OFF. EQPT.          ,RADIO                                             ,         3,MFI-BREEDER SUBAYON BILAR     ,BSB-SUBAYON ADMIN                                 ,FABB                
0116-0001567800005       ,KENWOOD HANDSET RADIO TK-2107                               ,      8450.00,10/16/2010,OFF. EQPT.          ,RADIO                                             ,         3,MFI-BREEDER SUBAYON BILAR     ,BSB-SUBAYON ADMIN                                 ,FABB                
0116-0004324800001       ,NANO STATION M5                                             ,      6080.00,02/27/2013,STR. EQPT.          ,OTHERS                                            ,         3,MFI-BREEDER SUBAYON BILAR     ,BSB-SUBAYON ADMIN                                 ,FABB                
0116-0004324800002       ,NANO STATION M5                                             ,      6080.00,02/27/2013,STR. EQPT.          ,OTHERS                                            ,         3,MFI-BREEDER SUBAYON BILAR     ,BSB-SUBAYON ADMIN                                 ,FABB                
0116-0001053800002       ,UPS EATON 600VA                                             ,      3000.00,12/22/2014,OFF. EQPT.          ,UPS                                               ,         4,MFI-BREEDER SUBAYON BILAR     ,BSB-SUBAYON ADMIN                                 ,FABB                
0116-0001567800006       ,KENWOOD HANDSET RADIO TK-2107                               ,      8500.00,02/23/2013,OFF. EQPT.          ,RADIO                                             ,         3,MFI-BREEDER SUBAYON BILAR     ,BSB-SUBAYON ADMIN                                 ,FABB                
0116-0001567800007       ,KENWOOD HANDSET RADIO TK-2107                               ,      8500.00,02/23/2013,OFF. EQPT.          ,RADIO                                             ,         3,MFI-BREEDER SUBAYON BILAR     ,BSB-SUBAYON ADMIN                                 ,FABB                
0116-0001567800008       ,KENWOOD HANDSET RADIO TK-2107                               ,      8500.00,02/23/2013,OFF. EQPT.          ,RADIO                                             ,         3,MFI-BREEDER SUBAYON BILAR     ,BSB-SUBAYON ADMIN                                 ,FABB                
0116-0001567800009       ,KENWOOD HANDSET RADIO TK-2107                               ,      8500.00,02/23/2013,OFF. EQPT.          ,RADIO                                             ,         3,MFI-BREEDER SUBAYON BILAR     ,BSB-SUBAYON ADMIN                                 ,FABB                
0116-0001567800010       ,KENWOOD HANDSET RADIO TK-2107                               ,      8500.00,02/23/2013,OFF. EQPT.          ,RADIO                                             ,         3,MFI-BREEDER SUBAYON BILAR     ,BSB-SUBAYON ADMIN                                 ,FABB                
0116-0001567800011       ,KENWOOD HANDSET RADIO TK-2107                               ,      8500.00,02/23/2013,OFF. EQPT.          ,RADIO                                             ,         3,MFI-BREEDER SUBAYON BILAR     ,BSB-SUBAYON ADMIN                                 ,FABB                
0116-0007136700001       ,WIRELESS ROUTER D-LINK N300                                 ,      2050.00,04/29/2015,STR. EQPT.          ,ROUTER                                            ,         5,MFI-BREEDER SUBAYON BILAR     ,BSB-SUBAYON ADMIN                                 ,FABB                
0116-0007136900001       ,LENOVO G4070 CORE I3-4005C                                  ,     23000.00,11/13/2015,STR. EQPT.          ,CPU                                               ,         3,MFI-BREEDER SUBAYON BILAR     ,BSB-SUBAYON ADMIN                                 ,FABB                
0116-0007137000001       ,D-LINK N300 DIR 605L                                        ,      1500.00,11/28/2021,STR. EQPT.          ,ROUTER                                            ,         5,MFI-BREEDER SUBAYON BILAR     ,BSB-SUBAYON ADMIN                                 ,FABB                
0116-0001567800013       ,KENWOOD HANDSET RADIO TK-2107                               ,      8500.00,04/01/2016,OFF. EQPT.          ,RADIO                                             ,         3,MFI-BREEDER SUBAYON BILAR     ,BSB-SUBAYON ADMIN                                 ,FABB                
0116-0001567800014       ,KENWOOD HANDSET RADIO TK-2107                               ,      8500.00,04/01/2016,OFF. EQPT.          ,RADIO                                             ,         3,MFI-BREEDER SUBAYON BILAR     ,BSB-SUBAYON ADMIN                                 ,FABB                
0116-0001567800015       ,KENWOOD HANDSET RADIO TK-2107                               ,      8500.00,04/01/2016,OFF. EQPT.          ,RADIO                                             ,         3,MFI-BREEDER SUBAYON BILAR     ,BSB-SUBAYON ADMIN                                 ,FABB                
0116-0001567800016       ,KENWOOD HANDSET RADIO TK-2107                               ,      8500.00,04/01/2016,OFF. EQPT.          ,RADIO                                             ,         3,MFI-BREEDER SUBAYON BILAR     ,BSB-SUBAYON ADMIN                                 ,FABB                
0116-0001567800017       ,KENWOOD HANDSET RADIO TK-2107                               ,      8500.00,04/01/2016,OFF. EQPT.          ,RADIO                                             ,         3,MFI-BREEDER SUBAYON BILAR     ,BSB-SUBAYON ADMIN                                 ,FABB                
0116-0001567800018       ,KENWOOD HANDSET RADIO TK-2107                               ,      8500.00,04/01/2016,OFF. EQPT.          ,RADIO                                             ,         3,MFI-BREEDER SUBAYON BILAR     ,BSB-SUBAYON ADMIN                                 ,FABB                
0116-0001567800019       ,KENWOOD HANDSET RADIO TK-2107                               ,      8500.00,04/01/2016,OFF. EQPT.          ,RADIO                                             ,         3,MFI-BREEDER SUBAYON BILAR     ,BSB-SUBAYON ADMIN                                 ,FABB                
0116-0003650700001       ,ROCKET M5 UBIQUITI                                          ,      5722.00,10/24/2016,STR. EQPT.          ,ANTENNA                                           ,         3,MFI-BREEDER SUBAYON BILAR     ,BSB-SUBAYON ADMIN                                 ,FABB                
0116-0007137200001       ,AIRCON CARRIER FF W CARGO 19EA STRD                         ,     25837.00,09/20/2016,MACH. & EQPT.       ,AIRCON                                            ,         5,MFI-BREEDER SUBAYON BILAR     ,BSB-SUBAYON ADMIN                                 ,FABB                
0116-0001168700003       ,COMPUTER SET                                                ,     16600.00,05/17/2017,OFF. EQPT.          ,COMPUTER                                          ,         3,MFI-BREEDER SUBAYON BILAR     ,BSB-SUBAYON ADMIN                                 ,FABB                
0116-0002682200001       ,PRINTER EPSON L360 ALL-IN-ONE                               ,      7250.00,03/28/2017,OFF. EQPT.          ,PRINTER                                           ,         3,MFI-BREEDER SUBAYON BILAR     ,BSB-SUBAYON ADMIN                                 ,FABB                
0116-0003347800001       ,MONITOR LED AOC 16.5""                                       ,      3700.00,02/16/2017,OFF. EQPT.          ,MONITOR                                           ,         3,MFI-BREEDER SUBAYON BILAR     ,BSB-SUBAYON ADMIN                                 ,FABB                
0116-0004305200001       ,COMPUTER SET INTEL CORE I3                                  ,     16900.00,02/17/2017,OFF. EQPT.          ,COMPUTER                                          ,         3,MFI-BREEDER SUBAYON BILAR     ,BSB-SUBAYON ADMIN                                 ,FABB                
0116-0007137300001       ,MONITOR LED DELL 16.5"" E-19 14H WIDE SCREEN                 ,      3700.00,03/21/2017,STR. EQPT.          ,MONITOR                                           ,         3,MFI-BREEDER SUBAYON BILAR     ,BSB-SUBAYON ADMIN                                 ,FABB                
0116-0000130000001       ,HANDSET RADIO KENWOOD                                       ,      8500.00,06/01/2017,OFF. EQPT.          ,RADIO                                             ,         3,MFI-BREEDER SUBAYON BILAR     ,BSB-SUBAYON ADMIN                                 ,FABB                
0116-0000130000002       ,HANDSET RADIO KENWOOD                                       ,      8500.00,06/01/2017,OFF. EQPT.          ,RADIO                                             ,         3,MFI-BREEDER SUBAYON BILAR     ,BSB-SUBAYON ADMIN                                 ,FABB                
0116-0000516400001       ,PRINTER EPSON LX-310                                        ,     10980.00,10/24/2017,OFF. EQPT.          ,PRINTER                                           ,         3,MFI-BREEDER SUBAYON BILAR     ,BSB-SUBAYON ADMIN                                 ,FABB                
0116-0001047100001       ,CALCULATOR CASIO DS 3B                                      ,      2764.50,01/23/2018,OFF. EQPT.          ,OFFICE EQUIPMENT                                  ,         3,MFI-BREEDER SUBAYON BILAR     ,BSB-SUBAYON ADMIN                                 ,FABB                
0116-0001047100002       ,CALCULATOR CASIO DS 3B                                      ,      2764.50,01/23/2018,OFF. EQPT.          ,OFFICE EQUIPMENT                                  ,         3,MFI-BREEDER SUBAYON BILAR     ,BSB-SUBAYON ADMIN                                 ,FABB                
0116-0001187300001       ,BIOMETRICS                                                  ,     10000.00,08/03/2016,STR. EQPT.          ,BIOMETRICS                                        ,         3,MFI-BREEDER SUBAYON BILAR     ,BSB-SUBAYON ADMIN                                 ,FABB                
0116-0002682200002       ,PRINTER EPSON L360 ALL-IN-ONE                               ,      7250.00,08/01/2017,OFF. EQPT.          ,PRINTER                                           ,         3,MFI-BREEDER SUBAYON BILAR     ,BSB-SUBAYON ADMIN                                 ,FABB                
0116-0004333600001       ,CELLPHONE NOKIA 150                                         ,      1500.00,06/24/2017,OFF. EQPT.          ,CELLPHONE                                         ,         3,MFI-BREEDER SUBAYON BILAR     ,BSB-SUBAYON ADMIN                                 ,FABB                
0116-0007137300002       ,MONITOR LED DELL 16.5"" E-19 14H WIDE SCREEN                 ,      3700.00,11/21/2017,STR. EQPT.          ,MONITOR                                           ,         3,MFI-BREEDER SUBAYON BILAR     ,BSB-SUBAYON ADMIN                                 ,FABB                
0116-0007137400001       ,CELLPHONE NOKIA N-105                                       ,      1150.00,06/24/2017,OFF. EQPT.          ,CELLPHONE                                         ,         3,MFI-BREEDER SUBAYON BILAR     ,BSB-SUBAYON ADMIN                                 ,FABB                
0116-0007137500001       ,AC ADAPTOR LENOVO ADLX45NLCS                                ,      2200.00,04/06/2017,OFF. EQPT.          ,OFFICE EQUIPMENT                                  ,         3,MFI-BREEDER SUBAYON BILAR     ,BSB-SUBAYON ADMIN                                 ,FABB                
0116-0001159400002       ,MONITOR LCD AOC 18.5""                                       ,      3700.00,06/18/2018,OFF. EQPT.          ,MONITOR                                           ,         3,MFI-BREEDER SUBAYON BILAR     ,BSB-SUBAYON ADMIN                                 ,FABB                
0116-0001168700004       ,COMPUTER SET                                                ,     19430.00,06/11/2019,OFF. EQPT.          ,COMPUTER                                          ,         3,MFI-BREEDER SUBAYON BILAR     ,BSB-SUBAYON ADMIN                                 ,FABB                
0116-0003042900001       ,CPU SET                                                     ,     14965.00,07/31/2019,OFF. EQPT.          ,CPU                                               ,         3,MFI-BREEDER SUBAYON BILAR     ,BSB-SUBAYON ADMIN                                 ,FABB                
0116-0003207700001       ,PRINTER EPSON LQ-310                                        ,     11000.00,01/14/2019,OFF. EQPT.          ,PRINTER                                           ,         3,MFI-BREEDER SUBAYON BILAR     ,BSB-SUBAYON ADMIN                                 ,FABB                
0116-0004324800003       ,NANO STATION M5                                             ,      5932.00,01/19/2019,STR. EQPT.          ,OTHERS                                            ,         3,MFI-BREEDER SUBAYON BILAR     ,BSB-SUBAYON ADMIN                                 ,FABB                
0116-0006629400001       ,PRINTER EPSON L3110                                         ,      7550.00,12/20/2018,OFF. EQPT.          ,PRINTER                                           ,         3,MFI-BREEDER SUBAYON BILAR     ,BSB-SUBAYON ADMIN                                 ,FABB                
0116-0007137600001       ,COMPUTER TABLE .60X1.1M MAPPLE                              ,      7337.00,07/06/2017,FUR. & FIXT.        ,TABLE                                             ,         5,MFI-BREEDER SUBAYON BILAR     ,BSB-SUBAYON ADMIN                                 ,FABB                
0116-0007137700001       ,EPSON PROJECTOR W/ SCREEN                                   ,     18500.00,10/12/2016,OFF. EQPT.          ,PROJECTOR                                         ,         3,MFI-BREEDER SUBAYON BILAR     ,BSB-SUBAYON ADMIN                                 ,FABB                
0116-0007137800001       ,LAPTOP DELL INSPIRON 7472 GRAY                              ,      9398.00,11/13/2018,OFF. EQPT.          ,LAPTOP                                            ,         3,MFI-BREEDER SUBAYON BILAR     ,BSB-SUBAYON ADMIN                                 ,FABB                
0116-0001159400003       ,MONITOR LCD AOC 18.5""                                       ,      3700.00,06/18/2018,OFF. EQPT.          ,MONITOR                                           ,         3,MFI-BREEDER SUBAYON BILAR     ,BSB-SUBAYON ADMIN                                 ,FABB                
0116-0007137700002       ,EPSON PROJECTOR W/ SCREEN                                   ,     18500.00,10/12/2016,OFF. EQPT.          ,PROJECTOR                                         ,         3,MFI-BREEDER SUBAYON BILAR     ,BSB-SUBAYON ADMIN                                 ,FABB                
0116-0003207700002       ,PRINTER EPSON LQ-310                                        ,     11000.00,01/14/2019,OFF. EQPT.          ,PRINTER                                           ,         3,MFI-BREEDER SUBAYON BILAR     ,BSB-SUBAYON ADMIN                                 ,FABB                
0116-0003207700003       ,PRINTER EPSON LQ-310                                        ,     13200.00,11/05/2020,OFF. EQPT.          ,PRINTER                                           ,         3,MFI-BREEDER SUBAYON BILAR     ,BSB-SUBAYON ADMIN                                 ,FABB                
0116-0004230500001       ,MONITOR AOC 18.5""                                           ,      3350.00,07/23/2021,OFF. EQPT.          ,MONITOR                                           ,         3,MFI-BREEDER SUBAYON BILAR     ,BSB-SUBAYON ADMIN                                 ,FABB                
0116-0007136800003       ,UPS EATON 3KVA                                              ,     43500.00,03/09/2021,STR. EQPT.          ,UPS                                               ,         5,MFI-BREEDER SUBAYON BILAR     ,BSB-SUBAYON ADMIN                                 ,FABB                
0116-0001168700005       ,COMPUTER SET                                                ,     19430.00,06/11/2019,OFF. EQPT.          ,COMPUTER                                          ,         3,MFI-BREEDER SUBAYON BILAR     ,BSB-SUBAYON ADMIN                                 ,FABB                
0116-0003042900002       ,CPU SET                                                     ,     14965.80,07/31/2019,OFF. EQPT.          ,CPU                                               ,         3,MFI-BREEDER SUBAYON BILAR     ,BSB-SUBAYON ADMIN                                 ,FABB                
0116-0003244400001       ,LAPTOP                                                      ,     28990.00,03/06/2020,OFF. EQPT.          ,LAPTOP                                            ,         3,MFI-BREEDER SUBAYON BILAR     ,BSB-SUBAYON ADMIN                                 ,FABB                
0116-0004324800004       ,NANO STATION M5                                             ,      5932.00,01/19/2019,STR. EQPT.          ,OTHERS                                            ,         3,MFI-BREEDER SUBAYON BILAR     ,BSB-SUBAYON ADMIN                                 ,FABB                
0116-0006629400002       ,PRINTER EPSON L3110                                         ,      7550.00,12/20/2018,OFF. EQPT.          ,PRINTER                                           ,         3,MFI-BREEDER SUBAYON BILAR     ,BSB-SUBAYON ADMIN                                 ,FABB                
0116-0007137600002       ,COMPUTER TABLE .60X1.1M MAPPLE                              ,      7337.00,07/06/2017,FUR. & FIXT.        ,TABLE                                             ,         5,MFI-BREEDER SUBAYON BILAR     ,BSB-SUBAYON ADMIN                                 ,FABB                
0116-0007137800002       ,LAPTOP DELL INSPIRON 7472 GRAY                              ,      9398.00,11/13/2018,OFF. EQPT.          ,LAPTOP                                            ,         3,MFI-BREEDER SUBAYON BILAR     ,BSB-SUBAYON ADMIN                                 ,FABB                
0116-0000232500001       ,SANWA CLAMP METER CAM 600 S                                 ,      4260.00,06/03/2010,ELEC. INTS. & EQPT. ,METER                                             ,         3,MFI-BREEDER SUBAYON BILAR     ,BSB-SUBAYON ADMIN                                 ,FABB                
0116-0007137900001       ,DRILL ELECTRIC W/ HAMMER HP 1630K MAKITA                    ,      3790.00,06/11/2010,MACH. & EQPT.       ,DRILL                                             ,         5,MFI-BREEDER SUBAYON BILAR     ,BSB-SUBAYON ADMIN                                 ,FABB                
0116-0002110900001       ,BEARING PULLER                                              ,      1850.00,02/19/2011,TOOLS               ,TOOLS                                             ,         3,MFI-BREEDER SUBAYON BILAR     ,BSB-SUBAYON ADMIN                                 ,FABB                
0116-0002112500001       ,SOCKET WRENCH                                               ,      1950.00,02/19/2011,TOOLS               ,TOOLS                                             ,         3,MFI-BREEDER SUBAYON BILAR     ,BSB-SUBAYON ADMIN                                 ,FABB                
0116-0002112800001       ,COMBINATION WRENCH                                          ,      1950.00,02/19/2011,TOOLS               ,TOOLS                                             ,         3,MFI-BREEDER SUBAYON BILAR     ,BSB-SUBAYON ADMIN                                 ,FABB                
0116-0003262500001       ,PLASTIC SHOVEL                                              ,      2727.00,07/02/2010,TOOLS               ,SHOVEL                                            ,         2,MFI-BREEDER SUBAYON BILAR     ,BSB-SUBAYON ADMIN                                 ,FABB                
0116-0003262500002       ,PLASTIC SHOVEL                                              ,      2727.00,07/02/2010,TOOLS               ,SHOVEL                                            ,         2,MFI-BREEDER SUBAYON BILAR     ,BSB-SUBAYON ADMIN                                 ,FABB                
0116-0003262500003       ,PLASTIC SHOVEL                                              ,      2727.00,07/02/2010,TOOLS               ,SHOVEL                                            ,         2,MFI-BREEDER SUBAYON BILAR     ,BSB-SUBAYON ADMIN                                 ,FABB                
0116-0003262500004       ,PLASTIC SHOVEL                                              ,      2727.00,07/02/2010,TOOLS               ,SHOVEL                                            ,         2,MFI-BREEDER SUBAYON BILAR     ,BSB-SUBAYON ADMIN                                 ,FABB                
0116-0007040100001       ,PIPE WRENCH 12"" RIDGID                                      ,      1529.00,05/31/2010,TOOLS               ,TOOLS                                             ,         3,MFI-BREEDER SUBAYON BILAR     ,BSB-SUBAYON ADMIN                                 ,FABB                
0116-0007040600001       ,PIPE WRENCH 14"" RIDGID                                      ,      1750.00,05/31/2010,TOOLS               ,TOOLS                                             ,         3,MFI-BREEDER SUBAYON BILAR     ,BSB-SUBAYON ADMIN                                 ,FABB                
0116-0007137900002       ,DRILL ELECTRIC W/ HAMMER HP 1630K MAKITA                    ,      3790.00,06/11/2010,MACH. & EQPT.       ,DRILL                                             ,         5,MFI-BREEDER SUBAYON BILAR     ,BSB-SUBAYON ADMIN                                 ,FABB                
0116-0000232500002       ,SANWA CLAMP METER CAM 600 S                                 ,      5364.00,07/08/2016,ELEC. INTS. & EQPT. ,METER                                             ,         3,MFI-BREEDER SUBAYON BILAR     ,BSB-SUBAYON ADMIN                                 ,FABB                
0116-0007138000001       ,MAKITA ELECTRIC DRILL HP 1640K                              ,      4980.00,12/10/2014,MACH. & EQPT.       ,DRILL                                             ,         5,MFI-BREEDER SUBAYON BILAR     ,BSB-SUBAYON ADMIN                                 ,FABB                
0116-0001336300001       ,ELECTRIC STOVE                                              ,      2179.00,03/14/2019,STR. EQPT.          ,STOVE                                             ,         3,MFI-BREEDER SUBAYON BILAR     ,BSB-SUBAYON ADMIN                                 ,FABB                
0116-0001336300002       ,ELECTRIC STOVE                                              ,      2179.00,03/14/2019,STR. EQPT.          ,STOVE                                             ,         3,MFI-BREEDER SUBAYON BILAR     ,BSB-SUBAYON ADMIN                                 ,FABB                
0116-0002112500002       ,SOCKET WRENCH                                               ,      3549.00,03/05/2019,TOOLS               ,TOOLS                                             ,         3,MFI-BREEDER SUBAYON BILAR     ,BSB-SUBAYON ADMIN                                 ,FABB                
0116-0002112800002       ,COMBINATION WRENCH                                          ,      4499.75,06/10/2021,TOOLS               ,TOOLS                                             ,         3,MFI-BREEDER SUBAYON BILAR     ,BSB-SUBAYON ADMIN                                 ,FABB                
0116-0007138000002       ,MAKITA ELECTRIC DRILL HP 1640K                              ,      9530.00,11/12/2016,MACH. & EQPT.       ,DRILL                                             ,         5,MFI-BREEDER SUBAYON BILAR     ,BSB-SUBAYON ADMIN                                 ,FABB                
0116-0007138200001       ,CLAMP ON HI-TESTER RMS                                      ,     12559.68,02/14/2017,TOOLS               ,TOOLS                                             ,         3,MFI-BREEDER SUBAYON BILAR     ,BSB-SUBAYON ADMIN                                 ,FABB                
0116-0007138300001       ,ASSORTED TOOLS                                              ,     12910.00,06/23/2017,TOOLS               ,TOOLS                                             ,         3,MFI-BREEDER SUBAYON BILAR     ,BSB-SUBAYON ADMIN                                 ,FABB                
0116-0007138400001       ,MAKITA ELECTRIC DRILL MODEL 6307                            ,     12320.00,04/28/2018,TOOLS               ,DRILL                                             ,         5,MFI-BREEDER SUBAYON BILAR     ,BSB-SUBAYON ADMIN                                 ,FABB                
0116-0007138500001       ,MAKITA ELECTRIC BLOWER                                      ,      3299.00,06/27/2017,MACH. & EQPT.       ,BLOWER                                            ,         3,MFI-BREEDER SUBAYON BILAR     ,BSB-SUBAYON ADMIN                                 ,FABB                
0116-0007138500002       ,MAKITA ELECTRIC BLOWER                                      ,      3299.00,06/27/2017,MACH. & EQPT.       ,BLOWER                                            ,         3,MFI-BREEDER SUBAYON BILAR     ,BSB-SUBAYON ADMIN                                 ,FABB                
0116-0007138600001       ,KYK ELECTRIC DRILL W/ BIT                                   ,      3846.10,06/21/2016,TOOLS               ,DRILL                                             ,         5,MFI-BREEDER SUBAYON BILAR     ,BSB-SUBAYON ADMIN                                 ,FABB                
0116-0007138700001       ,ELECTRIC HAND DRILL W/ HAMMER                               ,      3499.00,06/10/2021,TOOLS               ,TOOLS                                             ,         3,MFI-BREEDER SUBAYON BILAR     ,BSB-SUBAYON ADMIN                                 ,FABB                
0116-0007138800001       ,ADJUSTABLE WRENCH 24""                                       ,     11854.75,06/10/2021,TOOLS               ,TOOLS                                             ,         3,MFI-BREEDER SUBAYON BILAR     ,BSB-SUBAYON ADMIN                                 ,FABB                
0116-0007138900001       ,HOMEGROWN ALUMINUM BROILER                                  ,      2832.40,04/28/2012,STR. EQPT.          ,OTHERS                                            ,         3,MFI-BREEDER SUBAYON BILAR     ,BSB-SUBAYON ADMIN                                 ,FABB                
0116-0007138900002       ,HOMEGROWN ALUMINUM BROILER                                  ,      2974.25,12/20/2012,STR. EQPT.          ,OTHERS                                            ,         3,MFI-BREEDER SUBAYON BILAR     ,BSB-SUBAYON ADMIN                                 ,FABB                
0116-0007139100001       ,ASSORTED KITCHEN UTENSILS                                   ,      3882.84,07/23/2015,OTHERS              ,OTHERS                                            ,         3,MFI-BREEDER SUBAYON BILAR     ,BSB-SUBAYON ADMIN                                 ,FABB                
0116-0007138900003       ,HOMEGROWN ALUMINUM BROILER                                  ,      3272.00,08/13/2019,STR. EQPT.          ,OTHERS                                            ,         3,MFI-BREEDER SUBAYON BILAR     ,BSB-SUBAYON ADMIN                                 ,FABB                
0116-0007138900004       ,HOMEGROWN ALUMINUM BROILER                                  ,      3272.00,08/13/2019,STR. EQPT.          ,OTHERS                                            ,         3,MFI-BREEDER SUBAYON BILAR     ,BSB-SUBAYON ADMIN                                 ,FABB                
0116-0000630700001       ,WEIGHING SCALE 50 KLS                                       ,      1960.00,06/18/2021,STR. EQPT.          ,WEIGHING SCALE                                    ,         3,MFI-BREEDER SUBAYON BILAR     ,BSB-SUBAYON ADMIN                                 ,FABB                
0116-0001168700006       ,COMPUTER SET                                                ,     16300.00,07/17/2020,OFF. EQPT.          ,COMPUTER                                          ,         3,MFI-BREEDER SUBAYON BILAR     ,BSB-SUBAYON ADMIN                                 ,FABB                
0116-0007139000001       ,ICHIBAN TV 29""                                              ,     14999.00,12/05/2009,STR. EQPT.          ,TV                                                ,         3,MFI-BREEDER SUBAYON BILAR     ,BSB-SUBAYON ADMIN                                 ,FABB                
0116-0007139300001       ,TAMASHI COLORED TV 21""                                      ,      5200.00,10/30/2010,OTHERS              ,TV                                                ,         3,MFI-BREEDER SUBAYON BILAR     ,BSB-SUBAYON ADMIN                                 ,FABB                
0116-0007139500001       ,SHARP CTV SLIM                                              ,      6526.08,02/29/2012,STR. EQPT.          ,TV                                                ,         3,MFI-BREEDER SUBAYON BILAR     ,BSB-SUBAYON ADMIN                                 ,FABB                
0116-0000318500001       ,WIRELESS MICROPHONE                                         ,      1610.25,04/30/2015,STR. EQPT.          ,MICROPHONE                                        ,         3,MFI-BREEDER SUBAYON BILAR     ,BSB-SUBAYON ADMIN                                 ,FABB                
0116-0001123100001       ,AMPLIFIER                                                   ,      3795.25,04/30/2015,STR. EQPT.          ,AMPLIFIER                                         ,         3,MFI-BREEDER SUBAYON BILAR     ,BSB-SUBAYON ADMIN                                 ,FABB                
0116-0005697900001       ,CROWN SPEAKER                                               ,      6645.25,04/30/2015,STR. EQPT.          ,SPEAKER                                           ,         3,MFI-BREEDER SUBAYON BILAR     ,BSB-SUBAYON ADMIN                                 ,FABB                
0116-0007139600001       ,STEEL FUEL TANK STAND                                       ,      4800.00,08/19/2014,FUR. & FIXT.        ,STAND                                             ,         3,MFI-BREEDER SUBAYON BILAR     ,BSB-SUBAYON ADMIN                                 ,FABB                
0116-0007139600002       ,STEEL FUEL TANK STAND                                       ,      4800.00,08/19/2014,FUR. & FIXT.        ,STAND                                             ,         3,MFI-BREEDER SUBAYON BILAR     ,BSB-SUBAYON ADMIN                                 ,FABB                
0116-0007139600003       ,STEEL FUEL TANK STAND                                       ,      4800.00,08/19/2014,FUR. & FIXT.        ,STAND                                             ,         3,MFI-BREEDER SUBAYON BILAR     ,BSB-SUBAYON ADMIN                                 ,FABB                
0116-0007139600004       ,STEEL FUEL TANK STAND                                       ,      4800.00,08/19/2014,FUR. & FIXT.        ,STAND                                             ,         3,MFI-BREEDER SUBAYON BILAR     ,BSB-SUBAYON ADMIN                                 ,FABB                
0116-0007139700001       ,SAMSUNG LED TV                                              ,     12997.00,04/30/2015,STR. EQPT.          ,TV                                                ,         3,MFI-BREEDER SUBAYON BILAR     ,BSB-SUBAYON ADMIN                                 ,FABB                
0116-0006661300001       ,UBIQUITY AIR FIBER AF-5XHD 5 GHZ CARRIER RADIO              ,     25000.00,11/28/2021,OFF. EQPT.          ,SATELLITE                                         ,         5,MFI-BREEDER SUBAYON BILAR     ,BSB-SUBAYON ADMIN                                 ,FAACQ               
0116-0006661300002       ,UBIQUITY AIR FIBER AF-5XHD 5 GHZ CARRIER RADIO              ,     25000.00,11/28/2021,OFF. EQPT.          ,SATELLITE                                         ,         5,MFI-BREEDER SUBAYON BILAR     ,BSB-SUBAYON ADMIN                                 ,FAACQ               
0116-0003207700004       ,PRINTER EPSON LQ-310                                        ,     12321.43,12/10/2021,OFF. EQPT.          ,PRINTER                                           ,         3,MFI-BREEDER SUBAYON BILAR     ,BSB-SUBAYON ADMIN                                 ,FAACQ               
0116-0005519300001       ,WH 2112 WULI HIGH PRESSURE CLEANER                          ,     79887.00,12/14/2021,MACH. & EQPT.       ,CLEANING DEVICE                                   ,         3,MFI-BREEDER RIZAL BILAR       ,BRB-RIZAL ADMIN                                   ,FA_TRAN             
0116-0007303000001       ,BGS-016 BAUDOUIN INDUSTRIAL GENERATING SET                  ,   1382875.00,01/03/2022,MACH. & EQPT.       ,GENERATOR                                         ,         5,MFI-BREEDER SUBAYON BILAR     ,BSB-SUBAYON ADMIN                                 ,FAACQ               
0116-0002685300001       ,AV-PL-3000 KESTREL POCKET WEATHER METER                     ,     22580.36,02/02/2022,STR. EQPT.          ,OTHERS                                            ,         3,GROWOUT-LOMANGOG              ,GROWOUT LOMANGOG ADMIN                            ,FA_TRAN             
0116-0002685300002       ,AV-PL-3000 KESTREL POCKET WEATHER METER                     ,     22580.36,02/02/2022,STR. EQPT.          ,OTHERS                                            ,         3,GROWOUT-LOMANGOG              ,GROWOUT LOMANGOG ADMIN                            ,FA_TRAN             
0116-0002685300003       ,AV-PL-3000 KESTREL POCKET WEATHER METER                     ,     22580.36,02/02/2022,STR. EQPT.          ,OTHERS                                            ,         3,MFI-BREEDER SUBAYON BILAR     ,BSB-SUBAYON ADMIN                                 ,FAACQ               
0116-0002685300004       ,AV-PL-3000 KESTREL POCKET WEATHER METER                     ,     22580.36,02/02/2022,STR. EQPT.          ,OTHERS                                            ,         3,MFI-BREEDER RIZAL BILAR       ,BRB-RIZAL ADMIN                                   ,FA_TRAN             
0116-0002685300005       ,AV-PL-3000 KESTREL POCKET WEATHER METER                     ,     22580.36,02/02/2022,STR. EQPT.          ,OTHERS                                            ,         3,GROWOUT-LOMANGOG              ,GROWOUT LOMANGOG ADMIN                            ,FA_TRAN             
0116-0002685300006       ,AV-PL-3000 KESTREL POCKET WEATHER METER                     ,     22580.36,02/02/2022,STR. EQPT.          ,OTHERS                                            ,         3,GROWOUT-LOMANGOG              ,GROWOUT LOMANGOG ADMIN                            ,FA_TRAN             
0116-0002685300007       ,AV-PL-3000 KESTREL POCKET WEATHER METER                     ,     22580.36,02/02/2022,STR. EQPT.          ,OTHERS                                            ,         3,MFI-BREEDER LAPSAON DIMIAO    ,BLD-LAPSAON ADMIN                                 ,FA_TRAN             
0116-0002685300008       ,AV-PL-3000 KESTREL POCKET WEATHER METER                     ,     22580.36,02/02/2022,STR. EQPT.          ,OTHERS                                            ,         3,MFI-BREEDER CANHAYUPON DIMIAO ,BCD-CANHAYUPON ADMIN                              ,FA_TRAN             
0116-0002685300009       ,AV-PL-3000 KESTREL POCKET WEATHER METER                     ,     22580.36,02/02/2022,STR. EQPT.          ,OTHERS                                            ,         3,GROWOUT-LOMANGOG              ,GROWOUT LOMANGOG ADMIN                            ,FA_TRAN             
0116-0002685300010       ,AV-PL-3000 KESTREL POCKET WEATHER METER                     ,     22580.36,02/02/2022,STR. EQPT.          ,OTHERS                                            ,         3,GROWOUT-LOMANGOG              ,GROWOUT LOMANGOG ADMIN                            ,FA_TRAN             
0116-0002685300011       ,AV-PL-3000 KESTREL POCKET WEATHER METER                     ,     22580.36,02/02/2022,STR. EQPT.          ,OTHERS                                            ,         3,GROWOUT-LOMANGOG              ,GROWOUT LOMANGOG ADMIN                            ,FA_TRAN             
0116-0002685300012       ,AV-PL-3000 KESTREL POCKET WEATHER METER                     ,     22580.36,02/02/2022,STR. EQPT.          ,OTHERS                                            ,         3,GROWOUT-LOMANGOG              ,GROWOUT LOMANGOG ADMIN                            ,FA_TRAN             
0116-0007253000001       ,LENOVO NETBOOK IP3 I5ITL05                                  ,     43995.00,02/02/2022,OFF. EQPT.          ,LAPTOP                                            ,         3,MFI-BREEDER SUBAYON BILAR     ,BSB-SUBAYON ADMIN                                 ,FAACQ               
0116-0007297000001       ,LOTUS IMPACT DRILL 650 WATTS                                ,      3995.00,01/25/2022,MACH. & EQPT.       ,DRILL                                             ,         5,MFI-BREEDER SUBAYON BILAR     ,BSB-SUBAYON ADMIN                                 ,FAACQ               
0116-0007298000001       ,LOTUS ANGLE GRINDER 650 WATTS                               ,      2095.00,01/25/2022,MACH. & EQPT.       ,GRINDER                                           ,         7,MFI-BREEDER SUBAYON BILAR     ,BSB-SUBAYON ADMIN                                 ,FAACQ               
0116-0004774300001       ,SALTER HANGING SCALE 5KG X 20G                              ,      6500.00,02/17/2022,STR. EQPT.          ,WEIGHING SCALE                                    ,         3,MFI-BREEDER SUBAYON BILAR     ,BSB-SUBAYON ADMIN                                 ,FAACQ               
0116-0004774300002       ,SALTER HANGING SCALE 5KG X 20G                              ,      6500.00,02/17/2022,STR. EQPT.          ,WEIGHING SCALE                                    ,         3,MFI-BREEDER SUBAYON BILAR     ,BSB-SUBAYON ADMIN                                 ,FAACQ               
0116-0004774300003       ,SALTER HANGING SCALE 5KG X 20G                              ,      6500.00,02/17/2022,STR. EQPT.          ,WEIGHING SCALE                                    ,         3,MFI-BREEDER SUBAYON BILAR     ,BSB-SUBAYON ADMIN                                 ,FAACQ               
0116-0007138200002       ,CLAMP ON HI-TESTER RMS                                      ,      5219.00,03/08/2022,TOOLS               ,TOOLS                                             ,         3,MFI-BREEDER SUBAYON BILAR     ,BSB-SUBAYON ADMIN                                 ,FAACQ               
0116-0007167400001       ,KESTREL 5500-AG                                             ,     40941.07,03/07/2022,TOOLS               ,TOOLS                                             ,         3,MFI-BREEDER SUBAYON BILAR     ,BSB-SUBAYON ADMIN                                 ,FAACQ               
0116-0007167400002       ,KESTREL 5500-AG                                             ,     40941.07,03/07/2022,TOOLS               ,TOOLS                                             ,         3,MFI-BREEDER SUBAYON BILAR     ,BSB-SUBAYON ADMIN                                 ,FAACQ               
0116-0007167400003       ,KESTREL 5500-AG                                             ,     40941.07,03/07/2022,TOOLS               ,TOOLS                                             ,         3,GROWOUT-LOMANGOG              ,GROWOUT LOMANGOG ADMIN                            ,FA_TRAN             
0116-0007167400004       ,KESTREL 5500-AG                                             ,     40941.07,03/07/2022,TOOLS               ,TOOLS                                             ,         3,MFI-BREEDER SUBAYON BILAR     ,BSB-SUBAYON ADMIN                                 ,FAACQ               
0116-0001000100001       ,EMERGENCY LIGHT OMNI                                        ,      2799.75,03/29/2022,STR. EQPT.          ,EMERGENCY LIGHT                                   ,         3,MFI-BREEDER SUBAYON BILAR     ,BSB-SUBAYON ADMIN                                 ,FAACQ               
0116-0001000100002       ,EMERGENCY LIGHT OMNI                                        ,      2799.75,03/29/2022,STR. EQPT.          ,EMERGENCY LIGHT                                   ,         3,MFI-BREEDER CANHAYUPON DIMIAO ,BCD-CANHAYUPON ADMIN                              ,FA_TRAN             
0116-0001000100003       ,EMERGENCY LIGHT OMNI                                        ,      2799.75,03/29/2022,STR. EQPT.          ,EMERGENCY LIGHT                                   ,         3,MFI-BREEDER SUBAYON BILAR     ,BSB-SUBAYON ADMIN                                 ,FAACQ               
0116-0000604500001       ,PRINTER EPSON LQ310 W/ USB PRINTER CABLE                    ,     13895.00,12/15/2021,OFF. EQPT.          ,PRINTER                                           ,         3,MFI-BREEDER SUBAYON BILAR     ,BSB-SUBAYON ADMIN                                 ,FAACQ               
0116-0007573500001       ,CPU SET I3                                                  ,     17250.00,05/02/2022,OFF. EQPT.          ,CPU                                               ,         3,MFI-BREEDER SUBAYON BILAR     ,BSB-SUBAYON ADMIN                                 ,FAACQ               
0116-0003042900003       ,CPU SET                                                     ,     15267.86,06/07/2022,OFF. EQPT.          ,CPU                                               ,         3,MFI-BREEDER SUBAYON BILAR     ,BSB-SUBAYON ADMIN                                 ,FAACQ               
0116-0004482100001       ,CIGNAL SATELLITE DISH W/ DIGITAL TV BOX                     ,      2015.20,06/07/2022,STR. EQPT.          ,SATELLITE                                         ,         3,MFI-BREEDER SUBAYON BILAR     ,BSB-SUBAYON ADMIN                                 ,FAACQ               
0116-0007494600001       ,MITS. FUSO CANTER FE84 6W CS#:H0C370 PL#:GAS-1526           ,   1428571.00,07/16/2022,TRNS. EQPT.         ,VEHICLE                                           ,        10,MFI-BREEDER RIZAL BILAR       ,BRB-RIZAL ADMIN                                   ,FA_TRAN             
0116-0007494600002       ,MITS. FUSO CANTER FE84 6W CS#:H0C797 PL#:GAS-1183           ,   1428571.00,07/16/2022,TRNS. EQPT.         ,VEHICLE                                           ,        10,MFI-BREEDER RIZAL BILAR       ,BRB-RIZAL ADMIN                                   ,FA_TRAN             
0116-0003042900004       ,CPU SET                                                     ,     17187.50,07/12/2022,OFF. EQPT.          ,CPU                                               ,         3,MFI-BREEDER SUBAYON BILAR     ,BSB-SUBAYON ADMIN                                 ,FAACQ               
0116-0007829100001       ,FUJIDENZO SHOWCASE CHILLER MODEL: SUD-220A                  ,     55950.00,08/30/2022,MACH. & EQPT.       ,CHILLER                                           ,        10,MFI-BREEDER SUBAYON BILAR     ,BSB-SUBAYON ADMIN                                 ,FAACQ               
0116-0007872200001       ,MAIN DISTRIBUTION PANEL(MDP)                                ,     45930.00,09/22/2022,ELEC. INTS. & EQPT. ,PANEL BOARD                                       ,         5,MFI-BREEDER SUBAYON BILAR     ,BSB-SUBAYON ADMIN                                 ,FAACQ               
0116-0008055300001       ,FUJIDENZO 13 CU FT.CHESTTYPE FREEZER / CHILLER              ,     20000.00,09/22/2022,STR. EQPT.          ,FREEZER/CHILLER                                   ,         5,MFI-BREEDER SUBAYON BILAR     ,BSB-SUBAYON ADMIN                                 ,FAACQ               
0116-0008192900001       ,DOWELL HEAVY DUTY GAS STOVE 1GS-288                         ,      1783.00,10/10/2022,STR. EQPT.          ,STOVE                                             ,         3,MFI-BREEDER SUBAYON BILAR     ,BSB-SUBAYON ADMIN                                 ,FAACQ               
0116-0008192900002       ,DOWELL HEAVY DUTY GAS STOVE 1GS-288                         ,      1783.00,10/10/2022,STR. EQPT.          ,STOVE                                             ,         3,MFI-BREEDER SUBAYON BILAR     ,BSB-SUBAYON ADMIN                                 ,FAACQ               
0116-0007816800001       ,RUIJIE RG-2910-10GT2SFP-UP-H                                ,     27000.00,10/11/2022,OFF. EQPT.          ,SWITCH                                            ,         3,MFI-BREEDER SUBAYON BILAR     ,BSB-SUBAYON ADMIN                                 ,FAACQ               
0116-0007816800002       ,RUIJIE RG-2910-10GT2SFP-UP-H                                ,     27000.00,10/11/2022,OFF. EQPT.          ,SWITCH                                            ,         3,MFI-BREEDER RIZAL BILAR       ,BRB-RIZAL ADMIN                                   ,FA_TRAN             
0116-0007912700001       ,CIRCUIT BREAKER 400 AMP 3 PHASE 230V SCHNEIDER              ,     17362.00,11/14/2022,ELEC. INTS. & EQPT. ,CIRCUIT BREAKER                                   ,         3,MFI-BREEDER SUBAYON BILAR     ,BSB-SUBAYON ADMIN                                 ,FAACQ               
0116-0007067000001       ,STEEL LOCKER CABINET(STANDARD) 32 DOORS 8""X8""               ,     13794.64,11/17/2022,FUR. & FIXT.        ,LOCKER                                            ,        10,MFI-BREEDER SUBAYON BILAR     ,BSB-SUBAYON ADMIN                                 ,FAACQ               
0116-0007067000002       ,STEEL LOCKER CABINET(STANDARD) 32 DOORS 8""X8""               ,     13794.64,11/17/2022,FUR. & FIXT.        ,LOCKER                                            ,        10,MFI-BREEDER SUBAYON BILAR     ,BSB-SUBAYON ADMIN                                 ,FAACQ               
0116-0007067000003       ,STEEL LOCKER CABINET(STANDARD) 32 DOORS 8""X8""               ,     13794.64,11/17/2022,FUR. & FIXT.        ,LOCKER                                            ,        10,MFI-BREEDER SUBAYON BILAR     ,BSB-SUBAYON ADMIN                                 ,FAACQ               
0116-0007067000004       ,STEEL LOCKER CABINET(STANDARD) 32 DOORS 8""X8""               ,     13794.64,11/17/2022,FUR. & FIXT.        ,LOCKER                                            ,        10,MFI-BREEDER SUBAYON BILAR     ,BSB-SUBAYON ADMIN                                 ,FAACQ               
0116-0000373800004       ,UBIQUITI NANOSTATION M5 4113F                               ,      5932.00,11/08/2021,STR. EQPT.          ,OTHERS                                            ,         3,MFI-BREEDER RIZAL BILAR       ,BRB-RIZAL ADMIN                                   ,FA_TRAN             
0116-0007968400001       ,CPU SET CORE I3                                             ,     18400.00,11/29/2022,OFF. EQPT.          ,CPU                                               ,         3,MFI-BREEDER SUBAYON BILAR     ,BSB-SUBAYON ADMIN                                 ,FAACQ               
0116-0008016500001       ,CAMEL INDUSTRIAL FAN                                        ,      2324.00,11/24/2022,STR. EQPT.          ,FAN                                               ,         3,MFI-BREEDER SUBAYON BILAR     ,BSB-SUBAYON ADMIN                                 ,FAACQ               
0116-0008017000001       ,SYNTEX W/ QUILTED POLY 3X36                                 ,      1880.00,11/24/2022,FUR. & FIXT.        ,BED                                               ,         5,MFI-BREEDER SUBAYON BILAR     ,BSB-SUBAYON ADMIN                                 ,FAACQ               
0116-0008017000002       ,SYNTEX W/ QUILTED POLY 3X36                                 ,      1880.00,11/24/2022,FUR. & FIXT.        ,BED                                               ,         5,MFI-BREEDER SUBAYON BILAR     ,BSB-SUBAYON ADMIN                                 ,FAACQ               
0116-0008016300001       ,HS BED                                                      ,     13195.00,11/24/2022,FUR. & FIXT.        ,BED                                               ,         5,MFI-BREEDER SUBAYON BILAR     ,BSB-SUBAYON ADMIN                                 ,FAACQ               
0116-0007815800001       ,KNAPSACK SPRAYER                                            ,      2706.00,12/01/2022,STR. EQPT.          ,SPRAYER                                           ,         2,MFI-BREEDER SUBAYON BILAR     ,BSB-SUBAYON ADMIN                                 ,FAACQ               
0116-0007815800002       ,KNAPSACK SPRAYER                                            ,      2706.00,12/01/2022,STR. EQPT.          ,SPRAYER                                           ,         2,MFI-BREEDER SUBAYON BILAR     ,BSB-SUBAYON ADMIN                                 ,FAACQ               
0116-0007815800003       ,KNAPSACK SPRAYER                                            ,      2706.00,12/01/2022,STR. EQPT.          ,SPRAYER                                           ,         2,MFI-BREEDER SUBAYON BILAR     ,BSB-SUBAYON ADMIN                                 ,FAACQ               
0116-0007815800004       ,KNAPSACK SPRAYER                                            ,      2706.00,12/01/2022,STR. EQPT.          ,SPRAYER                                           ,         2,MFI-BREEDER SUBAYON BILAR     ,BSB-SUBAYON ADMIN                                 ,FAACQ               
0116-0007815800005       ,KNAPSACK SPRAYER                                            ,      2706.00,12/01/2022,STR. EQPT.          ,SPRAYER                                           ,         2,MFI-BREEDER SUBAYON BILAR     ,BSB-SUBAYON ADMIN                                 ,FAACQ               
0116-0007815800006       ,KNAPSACK SPRAYER                                            ,      2706.00,12/01/2022,STR. EQPT.          ,SPRAYER                                           ,         2,MFI-BREEDER SUBAYON BILAR     ,BSB-SUBAYON ADMIN                                 ,FAACQ               
0116-0008312600001       ,MITS. STRADA GL 4X2 CS#:NJ5373 PL#:GAA-4757                 ,    940000.00,02/23/2017,TRNS. EQPT.         ,VEHICLE                                           ,        10,DRESSING PLANT                ,DRESSING PLANT-ADMIN                              ,FA_TRAN             
0116-0007872400001       ,DRY TYPE TRANSFORMER - 150 KVA                              ,    300000.00,12/01/2022,ELEC. INTS. & EQPT. ,TRANSFORMER                                       ,         3,MFI-BREEDER SUBAYON BILAR     ,BSB-SUBAYON ADMIN                                 ,FAACQ               
0116-0008316400001       ,KYK VACUUM                                                  ,      4229.10,12/28/2022,STR. EQPT.          ,VACUUM                                            ,         3,MFI-BREEDER SUBAYON BILAR     ,BSB-SUBAYON ADMIN                                 ,FAACQ               
0116-0005448000001       ,RG-AP710 ROUTER                                             ,      6200.00,02/22/2021,OFF. EQPT.          ,ROUTER                                            ,         5,HEAD OFFICE                   ,HO-ADMIN                                          ,FA_TRAN             
0116-0005448000002       ,RG-AP710 ROUTER                                             ,      6200.00,02/22/2021,OFF. EQPT.          ,ROUTER                                            ,         5,HEAD OFFICE                   ,HO-ADMIN                                          ,FA_TRAN             
0116-0005448000003       ,RG-AP710 ROUTER                                             ,      6200.00,02/22/2021,OFF. EQPT.          ,ROUTER                                            ,         5,HEAD OFFICE                   ,HO-HUMAN RESOURCE DEPARTMENT                      ,FA_TRAN             
0116-0008339700001       ,HANABISHI BASIC TV                                          ,     11999.00,02/03/2023,STR. EQPT.          ,TV                                                ,         3,MFI-BREEDER SUBAYON BILAR     ,BSB-SUBAYON ADMIN                                 ,FAACQ               
0116-0008231800001       ,LINTRATEK NEW ALC TRI BAND(SIGNAL BOOSTER)                  ,      6850.50,02/17/2023,STR. EQPT.          ,OTHERS                                            ,         3,MFI-BREEDER SUBAYON BILAR     ,BSB-SUBAYON ADMIN                                 ,FAACQ               
0116-0008231800002       ,LINTRATEK NEW ALC TRI BAND(SIGNAL BOOSTER)                  ,      6850.50,02/17/2023,STR. EQPT.          ,OTHERS                                            ,         3,MFI-BREEDER SUBAYON BILAR     ,BSB-SUBAYON ADMIN                                 ,FAACQ               
0116-0007142000001       ,CONDURA NEGOSYO INVERTER PRO 2 DOOR 9.8 CU. FT              ,     21800.00,03/13/2023,MACH. & EQPT.       ,REFRIGERATOR                                      ,         3,MFI-BREEDER SUBAYON BILAR     ,BSB-SUBAYON ADMIN                                 ,FAACQ               
0116-0007829100002       ,FUJIDENZO SHOWCASE CHILLER MODEL: SUD-220A                  ,     53200.00,03/13/2023,MACH. & EQPT.       ,CHILLER                                           ,        10,MFI-BREEDER SUBAYON BILAR     ,BSB-SUBAYON ADMIN                                 ,FAACQ               
0116-0008451500001       ,RG-EW1800GX PRO                                             ,      6214.29,03/30/2023,OFF. EQPT.          ,ROUTER                                            ,         5,MFI-BREEDER SUBAYON BILAR     ,BSB-SUBAYON ADMIN                                 ,FAACQ               
0116-0008451500002       ,RG-EW1800GX PRO                                             ,      6214.29,03/30/2023,OFF. EQPT.          ,ROUTER                                            ,         5,MFI-BREEDER SUBAYON BILAR     ,BSB-SUBAYON ADMIN                                 ,FAACQ               
0116-0008485500001       ,MTS PANEL WALL MOUNTED 3 PHASE SCHNEIDER BREAKER            ,    160678.57,03/30/2023,ELEC. INTS. & EQPT. ,PANEL BOARD                                       ,         5,MFI-BREEDER SUBAYON BILAR     ,BSB-SUBAYON ADMIN                                 ,FAACQ               
0116-0000949000001       ,POWER SPRAYER HEAVY DUTY-WULI                               ,     26500.00,04/04/2023,STR. EQPT.          ,SPRAYER                                           ,         2,MFI-BREEDER SUBAYON BILAR     ,BSB-SUBAYON ADMIN                                 ,FAACQ               
0116-0008725300001       ,MITS. FOSO 8W TANK LORRY PL#:NHD-2804                       ,   1800000.00,04/04/2023,TRNS. EQPT.         ,VEHICLE                                           ,        10,MFI-BREEDER SUBAYON BILAR     ,BSB-SUBAYON ADMIN                                 ,FAACQ               
0116-0005519300002       ,WH 2112 WULI HIGH PRESSURE CLEANER                          ,     89500.00,05/17/2023,MACH. & EQPT.       ,CLEANING DEVICE                                   ,         3,MFI-BREEDER SUBAYON BILAR     ,BSB-SUBAYON ADMIN                                 ,FAACQ               
0116-0008767800001       ,APACER M.2 PCLE 3*4 256GB SSD                               ,      1650.00,06/01/2031,OFF. EQPT.          ,COMPUTER ACCESSORIES                              ,         3,MFI-BREEDER SUBAYON BILAR     ,BSB-SUBAYON ADMIN                                 ,FAACQ               
0116-0008284400001       ,BIOMETRICS ZKTECO SILKFP-101TA                              ,     14508.93,06/15/2023,STR. EQPT.          ,BIOMETRICS                                        ,         3,MFI-BREEDER SUBAYON BILAR     ,BSB-SUBAYON ADMIN                                 ,FAACQ               
0116-0008203000001       ,BROTHER DCP-T720DW INK TANK PRINTER                         ,     11562.50,07/12/2023,OFF. EQPT.          ,PRINTER                                           ,         3,MFI-BREEDER SUBAYON BILAR     ,BSB-SUBAYON ADMIN                                 ,FAACQ               
0116-0007658700001       ,SALTER HANGING SCALE 5KG 20 GRAMS GRADUATION                ,      6500.00,07/20/2023,OTHER EQPT.         ,WEIGHING SCALE                                    ,         3,MFI-BREEDER SUBAYON BILAR     ,BSB-SUBAYON ADMIN                                 ,FAACQ               
0116-0007658700002       ,SALTER HANGING SCALE 5KG 20 GRAMS GRADUATION                ,      6500.00,07/20/2023,OTHER EQPT.         ,WEIGHING SCALE                                    ,         3,MFI-PIGGERY                   ,PIGGERY-MAIN ADMIN                                ,FA_TRAN             
0116-0007658700003       ,SALTER HANGING SCALE 5KG 20 GRAMS GRADUATION                ,      6500.00,07/20/2023,OTHER EQPT.         ,WEIGHING SCALE                                    ,         3,MFI-BREEDER SUBAYON BILAR     ,BSB-SUBAYON ADMIN                                 ,FAACQ               
0116-0007658700004       ,SALTER HANGING SCALE 5KG 20 GRAMS GRADUATION                ,      6500.00,08/10/2023,OTHER EQPT.         ,WEIGHING SCALE                                    ,         3,MFI-BREEDER SUBAYON BILAR     ,BSB-SUBAYON ADMIN                                 ,FAACQ               
0116-0008606500001       ,12V 1KW SNAT INVERTER                                       ,      4400.00,08/17/2023,ELEC. INTS. & EQPT. ,OTHERS                                            ,         5,MFI-BREEDER SUBAYON BILAR     ,BSB-SUBAYON ADMIN                                 ,FAACQ               
0116-0008651100001       ,TECNO SPARK GO CELLPHONE                                    ,      3391.97,08/23/2023,OFF. EQPT.          ,CELLPHONE                                         ,         3,MFI-BREEDER SUBAYON BILAR     ,BSB-SUBAYON ADMIN                                 ,FAACQ               
0116-0009055600001       ,POULTRY VACCINATOR (THAMA 222)                              ,      4464.29,08/24/2023,STR. EQPT.          ,OTHERS                                            ,         3,MFI-BREEDER SUBAYON BILAR     ,BSB-SUBAYON ADMIN                                 ,FAACQ               
0116-0009055600002       ,POULTRY VACCINATOR (THAMA 222)                              ,      4464.29,08/24/2023,STR. EQPT.          ,OTHERS                                            ,         3,MFI-BREEDER SUBAYON BILAR     ,BSB-SUBAYON ADMIN                                 ,FAACQ               
0116-0009055600003       ,POULTRY VACCINATOR (THAMA 222)                              ,      4464.29,08/24/2023,STR. EQPT.          ,OTHERS                                            ,         3,MFI-BREEDER RIZAL BILAR       ,BRB-RIZAL ADMIN                                   ,FA_TRAN             
0116-0009055600004       ,POULTRY VACCINATOR (THAMA 222)                              ,      4464.29,08/24/2023,STR. EQPT.          ,OTHERS                                            ,         3,MFI-BREEDER RIZAL BILAR       ,BRB-RIZAL ADMIN                                   ,FA_TRAN             
0116-0009055600005       ,POULTRY VACCINATOR (THAMA 222)                              ,      4464.29,08/24/2023,STR. EQPT.          ,OTHERS                                            ,         3,MFI-BREEDER LAPSAON DIMIAO    ,BLD-LAPSAON ADMIN                                 ,FA_TRAN             
0116-0009055600006       ,POULTRY VACCINATOR (THAMA 222)                              ,      4464.29,08/24/2023,STR. EQPT.          ,OTHERS                                            ,         3,MFI-BREEDER LAPSAON DIMIAO    ,BLD-LAPSAON ADMIN                                 ,FA_TRAN             
0116-0009055600007       ,POULTRY VACCINATOR (THAMA 222)                              ,      4464.29,08/24/2023,STR. EQPT.          ,OTHERS                                            ,         3,MFI-BREEDER CANHAYUPON DIMIAO ,BCD-CANHAYUPON ADMIN                              ,FA_TRAN             
0116-0009055600008       ,POULTRY VACCINATOR (THAMA 222)                              ,      4464.29,08/24/2023,STR. EQPT.          ,OTHERS                                            ,         3,MFI-BREEDER CANHAYUPON DIMIAO ,BCD-CANHAYUPON ADMIN                              ,FA_TRAN             
0116-0009055600009       ,POULTRY VACCINATOR (THAMA 222)                              ,      4464.29,08/24/2023,STR. EQPT.          ,OTHERS                                            ,         3,MFI-BREEDER SUBAYON BILAR     ,BSB-SUBAYON ADMIN                                 ,FAACQ               
0116-0009055600010       ,POULTRY VACCINATOR (THAMA 222)                              ,      4464.29,08/24/2023,STR. EQPT.          ,OTHERS                                            ,         3,MFI-BREEDER SUBAYON BILAR     ,BSB-SUBAYON ADMIN                                 ,FAACQ               
0116-0008988100001       ,169136 CARRIER A/C 53CFE ASC REM 6HP                        ,    102589.29,08/30/2023,OTHER EQPT.         ,REFRIGERATOR                                      ,         3,MFI-BREEDER SUBAYON BILAR     ,BSB-SUBAYON ADMIN                                 ,FAACQ               
0116-0008606500002       ,12V 1KW SNAT INVERTER                                       ,      6500.00,09/12/2023,ELEC. INTS. & EQPT. ,OTHERS                                            ,         5,MFI-BREEDER SUBAYON BILAR     ,BSB-SUBAYON ADMIN                                 ,FAACQ               
0026-0003869900099       ,CISCO UC PHONE 7821                                         ,      8035.71,09/11/2023,OFF. EQPT.          ,TELEPHONE                                         ,         3,MFI-BREEDER SUBAYON BILAR     ,BSB-GUARD HOUSE                                   ,FA_TRAN             
0026-0003869900082       ,CISCO UC PHONE 7821                                         ,      8035.71,09/11/2023,OFF. EQPT.          ,TELEPHONE                                         ,         3,MFI-BREEDER SUBAYON BILAR     ,BSB-GUARD HOUSE                                   ,FA_TRAN             
0116-0007721200001       ,NUTEX MECHANICAL SCALE                                      ,     12300.00,10/27/2023,STR. EQPT.          ,WEIGHING SCALE                                    ,         3,MFI-BREEDER SUBAYON BILAR     ,BSB-SUBAYON ADMIN                                 ,FAACQ               
0116-0007344200001       ,RADIO HANDSET MOTOPLUS DUAL BAND FM TRANSCEIVER             ,      2400.00,11/23/2023,STR. EQPT.          ,RADIO                                             ,         3,MFI-BREEDER SUBAYON BILAR     ,BSB-SUBAYON ADMIN                                 ,FAACQ               
0116-0007344200002       ,RADIO HANDSET MOTOPLUS DUAL BAND FM TRANSCEIVER             ,      2400.00,11/23/2023,STR. EQPT.          ,RADIO                                             ,         3,MFI-BREEDER SUBAYON BILAR     ,BSB-SUBAYON ADMIN                                 ,FAACQ               
0116-0007344200003       ,RADIO HANDSET MOTOPLUS DUAL BAND FM TRANSCEIVER             ,      2400.00,11/23/2023,STR. EQPT.          ,RADIO                                             ,         3,MFI-BREEDER SUBAYON BILAR     ,BSB-SUBAYON ADMIN                                 ,FAACQ               
0116-0007344200004       ,RADIO HANDSET MOTOPLUS DUAL BAND FM TRANSCEIVER             ,      2400.00,11/23/2023,STR. EQPT.          ,RADIO                                             ,         3,MFI-BREEDER SUBAYON BILAR     ,BSB-SUBAYON ADMIN                                 ,FAACQ               
0116-0007344200005       ,RADIO HANDSET MOTOPLUS DUAL BAND FM TRANSCEIVER             ,      2400.00,11/23/2023,STR. EQPT.          ,RADIO                                             ,         3,MFI-BREEDER SUBAYON BILAR     ,BSB-SUBAYON ADMIN                                 ,FAACQ               
0116-0007344200006       ,RADIO HANDSET MOTOPLUS DUAL BAND FM TRANSCEIVER             ,      2400.00,11/23/2023,STR. EQPT.          ,RADIO                                             ,         3,MFI-BREEDER SUBAYON BILAR     ,BSB-SUBAYON ADMIN                                 ,FAACQ               
0116-0007344200008       ,RADIO HANDSET MOTOPLUS DUAL BAND FM TRANSCEIVER             ,      2400.00,11/23/2023,STR. EQPT.          ,RADIO                                             ,         3,MFI-BREEDER SUBAYON BILAR     ,BSB-SUBAYON ADMIN                                 ,FAACQ               
0116-0009281000001       ,ITEL A27                                                    ,      2677.68,11/29/2023,OFF. EQPT.          ,CELLPHONE                                         ,         3,ISLAND CITY MALL              ,ICM-GENERAL SERVICES DEPT.                        ,FA_TRAN             
0116-0005458600001       ,KARCHER CLASSIC HIGH PRESSURE CLEANERS HD 6/15-4 C          ,     54428.50,12/11/2023,MACH. & EQPT.       ,MACHINE TOOLS                                     ,         5,MFI-BREEDER SUBAYON BILAR     ,BSB-SUBAYON ADMIN                                 ,FAACQ               
0116-0005458600002       ,KARCHER CLASSIC HIGH PRESSURE CLEANERS HD 6/15-4 C          ,     54428.50,12/11/2023,MACH. & EQPT.       ,MACHINE TOOLS                                     ,         5,MFI-BREEDER CANHAYUPON DIMIAO ,BCD-CANHAYUPON ADMIN                              ,FA_TRAN             
0116-0005458600003       ,KARCHER CLASSIC HIGH PRESSURE CLEANERS HD 6/15-4 C          ,     54428.50,12/11/2023,MACH. & EQPT.       ,MACHINE TOOLS                                     ,         5,MFI-BREEDER LAPSAON DIMIAO    ,BLD-LAPSAON ADMIN                                 ,FA_TRAN             
0116-0005458600004       ,KARCHER CLASSIC HIGH PRESSURE CLEANERS HD 6/15-4 C          ,     54428.50,12/11/2023,MACH. & EQPT.       ,MACHINE TOOLS                                     ,         5,MFI-BREEDER RIZAL BILAR       ,BRB-RIZAL ADMIN                                   ,FA_TRAN             
0116-0009512700001       ,MTS SCHNEIDERMCCB IN NEMA 1( INDOOR)                        ,     24089.29,01/26/2024,ELEC. INTS. & EQPT. ,PANEL BOARD                                       ,         5,MFI-BREEDER SUBAYON BILAR     ,BSB-SUBAYON ADMIN                                 ,FAACQ               
0116-0009046800001       ,RG-S2915-10GT2MS-P-L 10-PORT GIGABIT LAYER 2+               ,     20055.36,02/01/2024,OFF. EQPT.          ,ROUTER                                            ,         5,MFI-BREEDER SUBAYON BILAR     ,BSB-SUBAYON ADMIN                                 ,FAACQ               
0116-0009463000001       ,CAMSCO BRAND ANALOG DIN RAIL SWITCH 230 AC                  ,      1200.00,02/14/2023,ELEC. INTS. & EQPT. ,SWITCH                                            ,         3,MFI-BREEDER SUBAYON BILAR     ,BSB-SUBAYON ADMIN                                 ,FAACQ               
0116-0009693100001       ,DRY BLOCK INCUBATOR S#T-2348                                ,     26400.00,08/09/2018,MACH. & EQPT.       ,OTHERS                                            ,         5,MFI-BREEDER SUBAYON BILAR     ,BSB-SUBAYON ADMIN                                 ,FABB                
0117-0008708000001       ,CARRIER STANDARD MODEL WCARJ  TYPE SERIES                   ,     16687.50,07/05/2023,MACH. & EQPT.       ,AIRCON                                            ,         5,MFI-BREEDER SUBAYON BILAR     ,BSB-ADMIN                                         ,FA_TRAN             
0117-0008708000002       ,CARRIER STANDARD MODEL WCARJ  TYPE SERIES                   ,     16687.50,07/05/2023,MACH. & EQPT.       ,AIRCON                                            ,         5,MFI-BREEDER SUBAYON BILAR     ,BSB-ADMIN                                         ,FA_TRAN             
0116-0004367500009       ,225XL S.SAVER HEATER W/ KIT UNIVERSAL MOUNT                 ,     46911.65,02/20/2024,MACH. & EQPT.       ,HEATER                                            ,         5,MFI-BREEDER CANHAYUPON DIMIAO ,BCD-CANHAYUPON ADMIN                              ,FA_TRAN             
0116-0004367500010       ,225XL S.SAVER HEATER W/ KIT UNIVERSAL MOUNT                 ,     46911.65,02/20/2024,MACH. & EQPT.       ,HEATER                                            ,         5,MFI-BREEDER CANHAYUPON DIMIAO ,BCD-CANHAYUPON ADMIN                              ,FA_TRAN             
0116-0004367500011       ,225XL S.SAVER HEATER W/ KIT UNIVERSAL MOUNT                 ,     46911.65,02/20/2024,MACH. & EQPT.       ,HEATER                                            ,         5,MFI-BREEDER CANHAYUPON DIMIAO ,BCD-CANHAYUPON ADMIN                              ,FA_TRAN             
0116-0004367500012       ,225XL S.SAVER HEATER W/ KIT UNIVERSAL MOUNT                 ,     46911.65,02/20/2024,MACH. & EQPT.       ,HEATER                                            ,         5,MFI-BREEDER SUBAYON BILAR     ,BSB-SUBAYON ADMIN                                 ,FAACQ               
0116-0004367500013       ,225XL S.SAVER HEATER W/ KIT UNIVERSAL MOUNT                 ,     46911.65,02/20/2024,MACH. & EQPT.       ,HEATER                                            ,         5,MFI-BREEDER SUBAYON BILAR     ,BSB-SUBAYON ADMIN                                 ,FAACQ               
0116-0004367500014       ,225XL S.SAVER HEATER W/ KIT UNIVERSAL MOUNT                 ,     46911.65,02/20/2024,MACH. & EQPT.       ,HEATER                                            ,         5,MFI-BREEDER SUBAYON BILAR     ,BSB-SUBAYON ADMIN                                 ,FAACQ               
0116-0004367500015       ,225XL S.SAVER HEATER W/ KIT UNIVERSAL MOUNT                 ,     46911.65,02/20/2024,MACH. & EQPT.       ,HEATER                                            ,         5,MFI-BREEDER SUBAYON BILAR     ,BSB-SUBAYON ADMIN                                 ,FAACQ               
0116-0004367500016       ,225XL S.SAVER HEATER W/ KIT UNIVERSAL MOUNT                 ,     46911.65,02/20/2024,MACH. & EQPT.       ,HEATER                                            ,         5,MFI-BREEDER SUBAYON BILAR     ,BSB-SUBAYON ADMIN                                 ,FAACQ               
0116-0007501300001       ,DIGITAL CLAMP METER                                         ,      5312.50,02/28/2024,TOOLS               ,CLAMP  METER                                      ,         3,MFI-BREEDER SUBAYON BILAR     ,BSB-SUBAYON ADMIN                                 ,FAACQ               
0116-0009505100001       ,PANEL BOARD 230 VOLTS3 POLE                                 ,     13167.68,03/04/2024,ELEC. INTS. & EQPT. ,PANEL BOARD                                       ,         5,MFI-BREEDER SUBAYON BILAR     ,BSB-SUBAYON ADMIN                                 ,FAACQ               
0116-0004173100001       ,POWER SPRAYER 2HP(WL25 ASBC)                                ,     27900.00,03/09/2024,MACH. & EQPT.       ,POWER SPRAYER                                     ,         3,MFI-BREEDER SUBAYON BILAR     ,BSB-SUBAYON ADMIN                                 ,FAACQ               
0116-0004173100002       ,POWER SPRAYER 2HP(WL25 ASBC)                                ,     27900.00,03/09/2024,MACH. & EQPT.       ,POWER SPRAYER                                     ,         3,MFI-BREEDER SUBAYON BILAR     ,BSB-SUBAYON ADMIN                                 ,FAACQ               
0116-0009652500001       ,6L AQUA FOAM( AFFF) TROPICAL FIRE EXTINGUISHER              ,      2209.82,03/15/2024,STR. EQPT.          ,FIRE EXTINGUISHER                                 ,        10,MFI-BREEDER SUBAYON BILAR     ,BSB-SUBAYON ADMIN                                 ,FAACQ               
0116-0009652500002       ,6L AQUA FOAM( AFFF) TROPICAL FIRE EXTINGUISHER              ,      2209.82,03/15/2024,STR. EQPT.          ,FIRE EXTINGUISHER                                 ,        10,MFI-BREEDER SUBAYON BILAR     ,BSB-SUBAYON ADMIN                                 ,FAACQ               
0116-0009652500003       ,6L AQUA FOAM( AFFF) TROPICAL FIRE EXTINGUISHER              ,      2209.82,03/15/2024,STR. EQPT.          ,FIRE EXTINGUISHER                                 ,        10,MFI-BREEDER RIZAL BILAR       ,BRB-RIZAL ADMIN                                   ,FA_TRAN             
0116-0009652500004       ,6L AQUA FOAM( AFFF) TROPICAL FIRE EXTINGUISHER              ,      2209.82,03/15/2024,STR. EQPT.          ,FIRE EXTINGUISHER                                 ,        10,MFI-BREEDER RIZAL BILAR       ,BRB-RIZAL ADMIN                                   ,FA_TRAN             
0116-0009652500005       ,6L AQUA FOAM( AFFF) TROPICAL FIRE EXTINGUISHER              ,      2209.82,03/15/2024,STR. EQPT.          ,FIRE EXTINGUISHER                                 ,        10,MFI-BREEDER SUBAYON BILAR     ,BSB-SUBAYON ADMIN                                 ,FAACQ               
0116-0009652500006       ,6L AQUA FOAM( AFFF) TROPICAL FIRE EXTINGUISHER              ,      2209.82,03/15/2024,STR. EQPT.          ,FIRE EXTINGUISHER                                 ,        10,MFI-BREEDER SUBAYON BILAR     ,BSB-SUBAYON ADMIN                                 ,FAACQ               
0116-0009652500007       ,6L AQUA FOAM( AFFF) TROPICAL FIRE EXTINGUISHER              ,      2209.82,03/15/2024,STR. EQPT.          ,FIRE EXTINGUISHER                                 ,        10,MFI-BREEDER SUBAYON BILAR     ,BSB-SUBAYON ADMIN                                 ,FAACQ               
0116-0009652500008       ,6L AQUA FOAM( AFFF) TROPICAL FIRE EXTINGUISHER              ,      2209.82,03/15/2024,STR. EQPT.          ,FIRE EXTINGUISHER                                 ,        10,MFI-BREEDER SUBAYON BILAR     ,BSB-SUBAYON ADMIN                                 ,FAACQ               
0116-0009652500009       ,6L AQUA FOAM( AFFF) TROPICAL FIRE EXTINGUISHER              ,      2209.82,03/15/2024,STR. EQPT.          ,FIRE EXTINGUISHER                                 ,        10,MFI-BREEDER SUBAYON BILAR     ,BSB-SUBAYON ADMIN                                 ,FAACQ               
0116-0007418000001       ,MITS. FUSO FIV1P CS#:H0E842 PL#:GBC-6713                    ,   2214286.00,04/24/2024,TRNS. EQPT.         ,VEHICLE                                           ,        10,MFI-BREEDER SUBAYON BILAR     ,BSB-SUBAYON ADMIN                                 ,FAACQ               
0116-0008684200001       ,MITS. FUSO CANTER FE85 18FTR CS#:H0F121 PL#:GBC-6711        ,   1589285.71,04/24/2024,TRNS. EQPT.         ,VEHICLE                                           ,        10,MFI-BREEDER SUBAYON BILAR     ,BSB-SUBAYON ADMIN                                 ,FAACQ               
0116-0008684200002       ,MITS. FUSO CANTER FE85 CS#:H0F120 PL#:GBC-6710              ,   1589286.00,04/24/2024,TRNS. EQPT.         ,VEHICLE                                           ,        10,MFI-BREEDER SUBAYON BILAR     ,BSB-SUBAYON ADMIN                                 ,FAACQ               
0116-0007652100001       ,UGT TANK                                                    ,    279526.79,04/29/2024,MACH. & EQPT.       ,TANK                                              ,         5,MFI-BREEDER SUBAYON BILAR     ,BSB-SUBAYON ADMIN                                 ,FAACQ               
0116-0010059800001       ,MITS. FUSO CANTER FE85 CS#:B4F895 PL#:GAO-6914              ,   1587072.00,09/27/2018,TRNS. EQPT.         ,VEHICLE                                           ,        10,GROWOUT-LOMANGOG              ,GROWOUT LOMANGOG ADMIN                            ,FA_TRAN             
0116-0008974300001       ,HONDA XRM125 PL#:G480KT                                     ,     75000.00,07/20/2023,TRNS. EQPT.         ,VEHICLE                                           ,        10,MFI-BREEDER RIZAL BILAR       ,BRB-RIZAL ADMIN                                   ,FA_TRAN             
0116-0010135000001       ,SAMSUNG GALAXY A55 5G                                       ,     22312.50,06/10/2024,OFF. EQPT.          ,CELLPHONE                                         ,         3,MFI-BREEDER SUBAYON BILAR     ,BSB-SUBAYON ADMIN                                 ,FAACQ               
0116-0010135000002       ,SAMSUNG GALAXY A55 5G                                       ,     22312.50,06/10/2024,OFF. EQPT.          ,CELLPHONE                                         ,         3,MFI-BREEDER SUBAYON BILAR     ,BSB-SUBAYON ADMIN                                 ,FAACQ               
0116-0005430100001       ,SUBMERSIBLE PUMP STREAMPLUS                                 ,      8660.71,06/14/2024,MACH. & EQPT.       ,PUMP                                              ,         5,MFI-BREEDER SUBAYON BILAR     ,BSB-SUBAYON ADMIN                                 ,FAACQ               
0116-0005430100002       ,SUBMERSIBLE PUMP STREAMPLUS                                 ,      8660.71,06/14/2024,MACH. & EQPT.       ,PUMP                                              ,         5,MFI-BREEDER SUBAYON BILAR     ,BSB-SUBAYON ADMIN                                 ,FAACQ               
0116-0005430100003       ,SUBMERSIBLE PUMP STREAMPLUS                                 ,      8660.71,06/14/2024,MACH. & EQPT.       ,PUMP                                              ,         5,MFI-BREEDER SUBAYON BILAR     ,BSB-SUBAYON ADMIN                                 ,FAACQ               
0116-0005430100004       ,SUBMERSIBLE PUMP STREAMPLUS                                 ,      8660.71,06/14/2024,MACH. & EQPT.       ,PUMP                                              ,         5,MFI-BREEDER SUBAYON BILAR     ,BSB-SUBAYON ADMIN                                 ,FAACQ               
0116-0005430100005       ,SUBMERSIBLE PUMP STREAMPLUS                                 ,      8660.71,06/14/2024,MACH. & EQPT.       ,PUMP                                              ,         5,MFI-BREEDER SUBAYON BILAR     ,BSB-SUBAYON ADMIN                                 ,FAACQ               
0116-0010150200001       ,FUJIDENZO CFZR/CHI FC88GDF 8.8                              ,     13348.21,06/19/2024,STR. EQPT.          ,FREEZER/CHILLER                                   ,         5,MFI-BREEDER SUBAYON BILAR     ,BSB-SUBAYON ADMIN                                 ,FAACQ               
0116-0010189600001       ,COMBO PH/CONDUCTIVITY/TDS TESTER (HIGH RANGE)               ,     13660.72,07/03/2024,TOOLS               ,MEASURING EQUIPMENT                               ,         3,MFI-BREEDER SUBAYON BILAR     ,BSB-SUBAYON ADMIN                                 ,FAACQ               
0116-0007188000001       ,HANNA FREE CHLORINE CHECKER HC                              ,      5700.00,07/03/2024,STR. EQPT.          ,TEST KIT                                          ,         5,MFI-BREEDER SUBAYON BILAR     ,BSB-SUBAYON ADMIN                                 ,FAACQ               
0116-0010000100001       ,WASSERNISSON SINGLE POINT WATER HEATER 4.5                  ,      4114.29,07/10/2024,STR. EQPT.          ,HEATER                                            ,         5,MFI-GP FARM                   ,GPF-ADMIN                                         ,FA_TRAN             
0116-0010000100002       ,WASSERNISSON SINGLE POINT WATER HEATER 4.5                  ,      4114.29,07/10/2024,STR. EQPT.          ,HEATER                                            ,         5,MFI-GP FARM                   ,GPF-ADMIN                                         ,FA_TRAN             
0116-0010000100003       ,WASSERNISSON SINGLE POINT WATER HEATER 4.5                  ,      4114.29,07/10/2024,STR. EQPT.          ,HEATER                                            ,         5,MFI-GP FARM                   ,GPF-ADMIN                                         ,FA_TRAN             
0116-0010000100004       ,WASSERNISSON SINGLE POINT WATER HEATER 4.5                  ,      4114.29,07/10/2024,STR. EQPT.          ,HEATER                                            ,         5,MFI-BREEDER SUBAYON BILAR     ,BSB-SUBAYON ADMIN                                 ,FAACQ               
0116-0010000100005       ,WASSERNISSON SINGLE POINT WATER HEATER 4.5                  ,      4114.29,07/10/2024,STR. EQPT.          ,HEATER                                            ,         5,MFI-BREEDER SUBAYON BILAR     ,BSB-SUBAYON ADMIN                                 ,FAACQ               
0117-0009771200003       ,PULSATRON( CHLORINATOR)0.2 AMPS SINGLE PHASE 230V           ,     40000.00,06/04/2024,MACH. & EQPT.       ,OTHERS                                            ,         3,MFI-BREEDER SUBAYON BILAR     ,BSB-ADMIN                                         ,FA_TRAN             
0116-0010095100001       ,MAKITA GRINDER 9556HN                                       ,      3491.07,07/24/2024,TOOLS               ,GRINDER                                           ,         7,MFI-BREEDER SUBAYON BILAR     ,BSB-SUBAYON ADMIN                                 ,FAACQ               
0116-0010300200001       ,CONDURA WCONZOO 6EC 0.5HP                                   ,      8926.79,08/15/2024,OFF. EQPT.          ,AIRCON                                            ,         5,MFI-BREEDER SUBAYON BILAR     ,BSB-SUBAYON ADMIN                                 ,FAACQ               
0116-0006561600002       ,INCUBATOR2-LAB FORMAT DIGITAL DRY BLOCK INCUBATOR           ,         0.00,09/18/2024,STR. EQPT.          ,OFFICE EQUIPMENT                                  ,         3,MFI-BREEDER SUBAYON BILAR     ,BSB-SUBAYON ADMIN                                 ,FAACQ               
0116-0010113400002       ,ETOUCH                                                      ,         0.00,09/18/2024,STR. EQPT.          ,OTHERS                                            ,         5,MFI-BREEDER SUBAYON BILAR     ,BSB-SUBAYON ADMIN                                 ,FAACQ               
0026-0000801500002       ,PRINTER EPSON L220 L220 S#:VGWK046530                       ,      7595.00,12/02/2015,OFF. EQPT.          ,PRINTER                                           ,         3,MFI-BREEDER SUBAYON BILAR     ,BSB-SUBAYON ADMIN                                 ,FA_TRAN             
0116-0007658700005       ,SALTER HANGING SCALE 5KG 20 GRAMS GRADUATION                ,      8500.00,10/22/2024,OTHER EQPT.         ,WEIGHING SCALE                                    ,         3,MFI-BREEDER SUBAYON BILAR     ,BSB-SUBAYON ADMIN                                 ,FAACQ               
0116-0007658700006       ,SALTER HANGING SCALE 5KG 20 GRAMS GRADUATION                ,      8500.00,10/22/2024,OTHER EQPT.         ,WEIGHING SCALE                                    ,         3,MFI-BREEDER SUBAYON BILAR     ,BSB-SUBAYON ADMIN                                 ,FAACQ               
0116-0000036400001       ,BILL COUNTER                                                ,      6696.43,11/14/2024,STR. EQPT.          ,COUNTER                                           ,         5,MFI-BREEDER SUBAYON BILAR     ,BSB-SUBAYON ADMIN                                 ,FAACQ               
0116-0009840200001       ,SINOTRUK WATER TANKER CS#:M4F055 PL#:NKM-4421               ,   2900000.00,12/11/2024,TRNS. EQPT.         ,VEHICLE                                           ,        10,MFI-BREEDER SUBAYON BILAR     ,BSB-SUBAYON ADMIN                                 ,FAACQ               
0116-0004173100003       ,POWER SPRAYER 2HP(WL25 ASBC)                                ,     27900.00,12/31/2024,MACH. & EQPT.       ,POWER SPRAYER                                     ,         3,MFI-BREEDER SUBAYON BILAR     ,BSB-SUBAYON ADMIN                                 ,FAACQ               
0116-0004173100004       ,POWER SPRAYER 2HP(WL25 ASBC)                                ,     27900.00,12/31/2024,MACH. & EQPT.       ,POWER SPRAYER                                     ,         3,MFI-BREEDER SUBAYON BILAR     ,BSB-SUBAYON ADMIN                                 ,FAACQ               
0116-0004173100005       ,POWER SPRAYER 2HP(WL25 ASBC)                                ,     27900.00,12/31/2024,MACH. & EQPT.       ,POWER SPRAYER                                     ,         3,MFI-BREEDER SUBAYON BILAR     ,BSB-SUBAYON ADMIN                                 ,FAACQ               
0116-0004173100006       ,POWER SPRAYER 2HP(WL25 ASBC)                                ,     27900.00,12/31/2024,MACH. & EQPT.       ,POWER SPRAYER                                     ,         3,MFI-BREEDER SUBAYON BILAR     ,BSB-SUBAYON ADMIN                                 ,FAACQ               
0116-0004173100007       ,POWER SPRAYER 2HP(WL25 ASBC)                                ,     27900.00,12/31/2024,MACH. & EQPT.       ,POWER SPRAYER                                     ,         3,MFI-BREEDER SUBAYON BILAR     ,BSB-SUBAYON ADMIN                                 ,FAACQ               
0116-0003387400001       ,AVR MEIJI-SVC-3000                                          ,      8035.49,01/03/2025,OFF. EQPT.          ,AVR                                               ,         3,MFI-BREEDER SUBAYON BILAR     ,BSB-SUBAYON ADMIN                                 ,FAACQ               
0116-0009043200001       ,FUJIDENZO CFZR 1FC 90GDF 9CF                                ,     15178.57,01/03/2025,STR. EQPT.          ,FREEZER/CHILLER                                   ,         5,MFI-BREEDER SUBAYON BILAR     ,BSB-SUBAYON ADMIN                                 ,FAACQ               
0116-0007815800007       ,KNAPSACK SPRAYER                                            ,      2416.07,01/15/2025,STR. EQPT.          ,SPRAYER                                           ,         2,MFI-BREEDER SUBAYON BILAR     ,BSB-SUBAYON ADMIN                                 ,FAACQ               
0116-0007815800008       ,KNAPSACK SPRAYER                                            ,      2416.07,01/15/2025,STR. EQPT.          ,SPRAYER                                           ,         2,MFI-BREEDER SUBAYON BILAR     ,BSB-SUBAYON ADMIN                                 ,FAACQ               
0116-0007815800009       ,KNAPSACK SPRAYER                                            ,      2416.07,01/15/2025,STR. EQPT.          ,SPRAYER                                           ,         2,MFI-BREEDER SUBAYON BILAR     ,BSB-SUBAYON ADMIN                                 ,FAACQ               
0116-0011290400001       ,EPSON ECOTANK L3210 PRINTER                                 ,      7852.68,01/15/2025,OFF. EQPT.          ,PRINTER                                           ,         3,MFI-BREEDER SUBAYON BILAR     ,BSB-SUBAYON ADMIN                                 ,FAACQ               
0116-0007721400001       ,SALTER DIAL HANGING SCALE                                   ,      8500.00,01/15/2025,STR. EQPT.          ,WEIGHING SCALE                                    ,         3,MFI-BREEDER SUBAYON BILAR     ,BSB-SUBAYON ADMIN                                 ,FAACQ               
0116-0007721400002       ,SALTER DIAL HANGING SCALE                                   ,      8500.00,01/15/2025,STR. EQPT.          ,WEIGHING SCALE                                    ,         3,MFI-BREEDER SUBAYON BILAR     ,BSB-SUBAYON ADMIN                                 ,FAACQ               
0116-0007721400003       ,SALTER DIAL HANGING SCALE                                   ,      8500.00,01/15/2025,STR. EQPT.          ,WEIGHING SCALE                                    ,         3,MFI-BREEDER RIZAL BILAR       ,BRB-RIZAL ADMIN                                   ,FA_TRAN             
0116-0007721400004       ,SALTER DIAL HANGING SCALE                                   ,      8500.00,01/15/2025,STR. EQPT.          ,WEIGHING SCALE                                    ,         3,MFI-BREEDER SUBAYON BILAR     ,BSB-SUBAYON ADMIN                                 ,FAACQ               
0116-0007721400005       ,SALTER DIAL HANGING SCALE                                   ,      8500.00,01/15/2025,STR. EQPT.          ,WEIGHING SCALE                                    ,         3,MFI-BREEDER SUBAYON BILAR     ,BSB-SUBAYON ADMIN                                 ,FAACQ               
0116-0007721400006       ,SALTER DIAL HANGING SCALE                                   ,      8500.00,01/15/2025,STR. EQPT.          ,WEIGHING SCALE                                    ,         3,MFI-BREEDER SUBAYON BILAR     ,BSB-SUBAYON ADMIN                                 ,FAACQ               
0116-0007721400007       ,SALTER DIAL HANGING SCALE                                   ,      8500.00,01/15/2025,STR. EQPT.          ,WEIGHING SCALE                                    ,         3,MFI-BREEDER SUBAYON BILAR     ,BSB-SUBAYON ADMIN                                 ,FAACQ               
0116-0007721400008       ,SALTER DIAL HANGING SCALE                                   ,      8500.00,01/15/2025,STR. EQPT.          ,WEIGHING SCALE                                    ,         3,MFI-BREEDER SUBAYON BILAR     ,BSB-SUBAYON ADMIN                                 ,FAACQ               
0116-0007721400009       ,SALTER DIAL HANGING SCALE                                   ,      8500.00,01/15/2025,STR. EQPT.          ,WEIGHING SCALE                                    ,         3,MFI-BREEDER SUBAYON BILAR     ,BSB-SUBAYON ADMIN                                 ,FAACQ               
0116-0007721400010       ,SALTER DIAL HANGING SCALE                                   ,      8500.00,01/15/2025,STR. EQPT.          ,WEIGHING SCALE                                    ,         3,MFI-BREEDER SUBAYON BILAR     ,BSB-SUBAYON ADMIN                                 ,FAACQ               
0116-0001256300001       ,STAND FAN                                                   ,      2311.61,01/15/2025,STR. EQPT.          ,FAN                                               ,         3,MFI-BREEDER SUBAYON BILAR     ,BSB-SUBAYON ADMIN                                 ,FAACQ               
0116-0002680000001       ,ORBIT FAN                                                   ,      2818.75,01/15/2025,STR. EQPT.          ,FAN                                               ,         3,MFI-BREEDER SUBAYON BILAR     ,BSB-SUBAYON ADMIN                                 ,FAACQ               
0116-0002680000002       ,ORBIT FAN                                                   ,      2818.75,01/15/2025,STR. EQPT.          ,FAN                                               ,         3,MFI-BREEDER SUBAYON BILAR     ,BSB-SUBAYON ADMIN                                 ,FAACQ               
0116-0002680000003       ,ORBIT FAN                                                   ,      2818.75,01/15/2025,STR. EQPT.          ,FAN                                               ,         3,MFI-BREEDER SUBAYON BILAR     ,BSB-SUBAYON ADMIN                                 ,FAACQ               
0116-0010185100001       ,EDJ 230V 500 GPM 110PSI                                     ,    889305.00,01/21/2025,MACH. & EQPT.       ,MACH. & EQUIPMENT                                 ,         5,MFI-BREEDER SUBAYON BILAR     ,BSB-SUBAYON ADMIN                                 ,FAACQ               
0116-0010194200001       ,DJ 230V 500 GPM 110PSI ( ALARM CHECK VALVE                  ,    704400.00,01/21/2025,MACH. & EQPT.       ,MACH. & EQUIPMENT                                 ,         5,MFI-BREEDER SUBAYON BILAR     ,BSB-SUBAYON ADMIN                                 ,FAACQ               
0116-0010194200002       ,DJ 230V 500 GPM 110PSI ( ALARM CHECK VALVE                  ,    704400.00,01/21/2025,MACH. & EQPT.       ,MACH. & EQUIPMENT                                 ,         5,MFI-PIGGERY                   ,PIGGERY-MAIN ADMIN                                ,FA_TRAN             
0116-0008327400001       ,FLUKE 376 TRUE RMS                                          ,     38244.00,01/24/2025,TOOLS               ,TOOLS                                             ,         3,MFI-BREEDER SUBAYON BILAR     ,BSB-SUBAYON ADMIN                                 ,FAACQ               
0116-0011373800001       ,PANA REF NR-BP272VD                                         ,     18571.43,02/06/2025,STR. EQPT.          ,REFRIGERATOR                                      ,         3,MFI-BREEDER SUBAYON BILAR     ,BSB-SUBAYON ADMIN                                 ,FAACQ               
0116-0011334100001       ,LG WM P1500RTW TT 15KG                                      ,     15174.11,02/06/2025,MACH. & EQPT.       ,WASHING MACHINE                                   ,         3,MFI-BREEDER SUBAYON BILAR     ,BSB-SUBAYON ADMIN                                 ,FAACQ               
0116-0008870900001       ,10KVA AEC RACK MOUNTABLE UPS                                ,    109400.00,10/25/2024,OFF. EQPT.          ,UPS                                               ,         5,MFI-BREEDER SUBAYON BILAR     ,BSB-SUBAYON ADMIN                                 ,FAACQ               
0116-0009780300001       ,APC- UPS UNINTERRUPTIBE POWER SUPPLY                        ,      2276.79,03/05/2025,OFF. EQPT.          ,UPS                                               ,         5,MFI-BREEDER SUBAYON BILAR     ,BSB-SUBAYON ADMIN                                 ,FAACQ               
FAD-0026-0004542300017   ,CISCO IP PHONE 7821                                         ,      7738.10,10/03/2024,OFF. EQPT.          ,TELEPHONE                                         ,         3,MFI-BREEDER SUBAYON BILAR     ,BSB-SUBAYON ADMIN                                 ,FA_TRAN             
0026-0003207700038       ,PRINTER EPSON LQ-310                                        ,     10850.00,06/06/2014,OFF. EQPT.          ,PRINTER                                           ,         3,MFI-BREEDER SUBAYON BILAR     ,BSB-SUBAYON ADMIN                                 ,FA_TRAN             
0026-0008077400001       ,TOYOTA INNOVA CS#:TW3242 PL#:WJQ-872                        ,    849100.00,08/08/2013,TRNS. EQPT.         ,VEHICLE                                           ,        10,MFI-BREEDER SUBAYON BILAR     ,BSB-SUBAYON ADMIN                                 ,FA_TRAN             
0026-0000996500123       ,STAFF CHAIR W/O ARM BLACK                                   ,      4500.00,07/15/2024,FUR. & FIXT.        ,CHAIR                                             ,         3,MFI-BREEDER SUBAYON BILAR     ,BSB-SUBAYON ADMIN                                 ,FA_TRAN             
0026-0000996500127       ,STAFF CHAIR W/O ARM BLACK                                   ,      4500.00,07/15/2024,FUR. & FIXT.        ,CHAIR                                             ,         3,MFI-BREEDER SUBAYON BILAR     ,BSB-SUBAYON ADMIN                                 ,FA_TRAN             
0026-0000996500130       ,STAFF CHAIR W/O ARM BLACK                                   ,      4500.00,07/15/2024,FUR. & FIXT.        ,CHAIR                                             ,         3,MFI-BREEDER SUBAYON BILAR     ,BSB-SUBAYON ADMIN                                 ,FA_TRAN             
0026-0000996500133       ,STAFF CHAIR W/O ARM BLACK                                   ,      4500.00,07/15/2024,FUR. & FIXT.        ,CHAIR                                             ,         3,MFI-BREEDER SUBAYON BILAR     ,BSB-SUBAYON ADMIN                                 ,FA_TRAN             
0026-0000996500134       ,STAFF CHAIR W/O ARM BLACK                                   ,      4500.00,07/15/2024,FUR. & FIXT.        ,CHAIR                                             ,         3,MFI-BREEDER SUBAYON BILAR     ,BSB-SUBAYON ADMIN                                 ,FA_TRAN             
0026-0001724100018       ,TABLE 1400L - MAPLE                                         ,      3784.80,02/01/2011,FUR. & FIXT.        ,TABLE                                             ,         5,MFI-BREEDER SUBAYON BILAR     ,BSB-SUBAYON ADMIN                                 ,FA_TRAN             
0116-0009264100001       ,DOSATRON CHLORINATOR D20S/ D20AL2VF                         ,    147321.43,04/30/2025,TOOLS               ,TOOLS                                             ,         3,MFI-BREEDER RIZAL BILAR       ,BRB-RIZAL ADMIN                                   ,FA_TRAN             
0116-0009264100002       ,DOSATRON CHLORINATOR D20S/ D20AL2VF                         ,    147321.43,04/30/2025,TOOLS               ,TOOLS                                             ,         3,MFI-BREEDER RIZAL BILAR       ,BRB-RIZAL ADMIN                                   ,FA_TRAN             
0116-0009264100003       ,DOSATRON CHLORINATOR D20S/ D20AL2VF                         ,    147321.43,04/30/2025,TOOLS               ,TOOLS                                             ,         3,MFI-BREEDER RIZAL BILAR       ,BRB-RIZAL ADMIN                                   ,FA_TRAN             
0116-0009264100004       ,DOSATRON CHLORINATOR D20S/ D20AL2VF                         ,    147321.43,04/30/2025,TOOLS               ,TOOLS                                             ,         3,MFI-BREEDER SUBAYON BILAR     ,BSB-SUBAYON ADMIN                                 ,FAACQ               
0116-0009264100005       ,DOSATRON CHLORINATOR D20S/ D20AL2VF                         ,    147321.43,04/30/2025,TOOLS               ,TOOLS                                             ,         3,MFI-BREEDER RIZAL BILAR       ,BRB-RIZAL ADMIN                                   ,FA_TRAN             
0116-0009264100006       ,DOSATRON CHLORINATOR D20S/ D20AL2VF                         ,    147321.43,04/30/2025,TOOLS               ,TOOLS                                             ,         3,MFI-BREEDER RIZAL BILAR       ,BRB-RIZAL ADMIN                                   ,FA_TRAN             
0116-0001696000001       ,NUTEX DIGITAL WEIGHING SCALE MODEL: SW-II SERIES            ,     14000.00,05/02/2025,STR. EQPT.          ,WEIGHING SCALE                                    ,         3,MFI-BREEDER SUBAYON BILAR     ,BSB-SUBAYON ADMIN                                 ,FAACQ               
0116-0007721400011       ,SALTER DIAL HANGING SCALE                                   ,      8500.00,05/02/2025,STR. EQPT.          ,WEIGHING SCALE                                    ,         3,MFI-BREEDER RIZAL BILAR       ,BRB-RIZAL ADMIN                                   ,FA_TRAN             
0116-0007721400012       ,SALTER DIAL HANGING SCALE                                   ,      8500.00,05/02/2025,STR. EQPT.          ,WEIGHING SCALE                                    ,         3,MFI-BREEDER SUBAYON BILAR     ,BSB-SUBAYON ADMIN                                 ,FAACQ               
0116-0007721400013       ,SALTER DIAL HANGING SCALE                                   ,      8500.00,05/02/2025,STR. EQPT.          ,WEIGHING SCALE                                    ,         3,MFI-BREEDER RIZAL BILAR       ,BRB-RIZAL ADMIN                                   ,FA_TRAN             
0116-0007721400014       ,SALTER DIAL HANGING SCALE                                   ,      8500.00,05/02/2025,STR. EQPT.          ,WEIGHING SCALE                                    ,         3,MFI-BREEDER SUBAYON BILAR     ,BSB-SUBAYON ADMIN                                 ,FAACQ               
0116-0007721400015       ,SALTER DIAL HANGING SCALE                                   ,      8500.00,05/02/2025,STR. EQPT.          ,WEIGHING SCALE                                    ,         3,MFI-BREEDER SUBAYON BILAR     ,BSB-SUBAYON ADMIN                                 ,FAACQ               
0116-0007636000001       ,MOTOPLUS HANDHELD RADIO                                     ,      2400.00,05/08/2025,OFF. EQPT.          ,RADIO HANDSET                                     ,         3,MFI-BREEDER SUBAYON BILAR     ,BSB-SUBAYON ADMIN                                 ,FAACQ               
0116-0007636000002       ,MOTOPLUS HANDHELD RADIO                                     ,      2400.00,05/08/2025,OFF. EQPT.          ,RADIO HANDSET                                     ,         3,MFI-BREEDER SUBAYON BILAR     ,BSB-SUBAYON ADMIN                                 ,FAACQ               
0116-0007636000003       ,MOTOPLUS HANDHELD RADIO                                     ,      2400.00,05/08/2025,OFF. EQPT.          ,RADIO HANDSET                                     ,         3,MFI-BREEDER SUBAYON BILAR     ,BSB-SUBAYON ADMIN                                 ,FAACQ               
0116-0007636000004       ,MOTOPLUS HANDHELD RADIO                                     ,      2400.00,05/08/2025,OFF. EQPT.          ,RADIO HANDSET                                     ,         3,MFI-BREEDER SUBAYON BILAR     ,BSB-SUBAYON ADMIN                                 ,FAACQ               
0116-0007636000005       ,MOTOPLUS HANDHELD RADIO                                     ,      2400.00,05/08/2025,OFF. EQPT.          ,RADIO HANDSET                                     ,         3,MFI-BREEDER SUBAYON BILAR     ,BSB-SUBAYON ADMIN                                 ,FAACQ               
0000064400001            ,TOYOTA INNOVA AAX 6482                                      ,    852100.00,03/31/2015,TRNS. EQPT.         ,OTHERS                                            ,        10,GROWOUT-LOMANGOG              ,GROWOUT LOMANGOG ADMIN                            ,FA_TRAN             
0026-0000996500120       ,STAFF CHAIR W/O ARM BLACK                                   ,      4500.00,07/15/2024,FUR. & FIXT.        ,CHAIR                                             ,         3,MFI-BREEDER SUBAYON BILAR     ,BSB-SUBAYON ADMIN                                 ,FA_TRAN             
0026-0000996500124       ,STAFF CHAIR W/O ARM BLACK                                   ,      4500.00,07/15/2024,FUR. & FIXT.        ,CHAIR                                             ,         3,HEAD OFFICE                   ,HO-FIXED ASSET DEPARTMENT                         ,FA_TRAN             
0026-0000996500137       ,STAFF CHAIR W/O ARM BLACK                                   ,      4500.00,07/15/2024,FUR. & FIXT.        ,CHAIR                                             ,         3,PHARMACY GROUP                ,HO-PHARMACY GROUP                                 ,FA_TRAN             
0117-0000852100006       ,KENWOOD HANDHELD RADIO TK-2107 VHF FM TRANSCEIVER           ,      8500.00,12/09/2021,OFF. EQPT.          ,RADIO                                             ,         3,MFI-BREEDER SUBAYON BILAR     ,BSB-SUBAYON ADMIN                                 ,FA_TRAN             
0070-0001765600001       ,COMPACT VHF FM PORTABLE RADIO-TK-2107                       ,      8500.00,03/28/2019,STR. EQPT.          ,RADIO                                             ,         3,MFI-BREEDER SUBAYON BILAR     ,BSB-SUBAYON ADMIN                                 ,FA_TRAN             
0070-0001765600002       ,COMPACT VHF FM PORTABLE RADIO-TK-2107                       ,      8500.00,03/28/2019,STR. EQPT.          ,RADIO                                             ,         3,MFI-BREEDER SUBAYON BILAR     ,BSB-SUBAYON ADMIN                                 ,FA_TRAN             
0070-0001765600003       ,COMPACT VHF FM PORTABLE RADIO-TK-2107                       ,      8500.00,03/28/2019,STR. EQPT.          ,RADIO                                             ,         3,MFI-BREEDER SUBAYON BILAR     ,BSB-SUBAYON ADMIN                                 ,FA_TRAN             
0070-0001765600004       ,COMPACT VHF FM PORTABLE RADIO-TK-2107                       ,      8500.00,03/28/2019,STR. EQPT.          ,RADIO                                             ,         3,MFI-BREEDER SUBAYON BILAR     ,BSB-SUBAYON ADMIN                                 ,FA_TRAN             
0070-0001765600006       ,COMPACT VHF FM PORTABLE RADIO-TK-2107                       ,      8500.00,03/28/2019,STR. EQPT.          ,RADIO                                             ,         3,MFI-BREEDER SUBAYON BILAR     ,BSB-SUBAYON ADMIN                                 ,FA_TRAN             
0116-0009735600001       ,CPU SET I5                                                  ,     17410.71,06/02/2025,OFF. EQPT.          ,COMPUTER                                          ,         3,MFI-BREEDER SUBAYON BILAR     ,BSB-SUBAYON ADMIN                                 ,FAACQ               
0116-0009805300001       ,ACER LED20 K202QBI 19.5"" LED MONITOR (VGAHDMI)              ,      3258.93,06/02/2025,OFF. EQPT.          ,MONITOR                                           ,         3,MFI-BREEDER SUBAYON BILAR     ,BSB-SUBAYON ADMIN                                 ,FAACQ               
0116-0011595500001       ,BAJAJ MAXIMA CARGO                                          ,    181116.53,06/03/2025,TRNS. EQPT.         ,MOTORCYCLE-SURPLUS                                ,         2,MFI-BREEDER SUBAYON BILAR     ,BSB-SUBAYON ADMIN                                 ,FAACQ               
0116-0011663900001       ,HONOR X6B BLACK                                             ,      5356.25,06/03/2025,OFF. EQPT.          ,CELLPHONE                                         ,         3,MFI-BREEDER SUBAYON BILAR     ,BSB-SUBAYON ADMIN                                 ,FAACQ               
0116-0011663900002       ,HONOR X6B BLACK                                             ,      5356.25,06/03/2025,OFF. EQPT.          ,CELLPHONE                                         ,         3,MFI-BREEDER SUBAYON BILAR     ,BSB-SUBAYON ADMIN                                 ,FAACQ               
0116-0011392400001       ,RG-S2915-10GT2MS-P-L                                        ,     13258.93,06/18/2025,OFF. EQPT.          ,SWITCH                                            ,         3,MFI-BREEDER SUBAYON BILAR     ,BSB-SUBAYON ADMIN                                 ,FAACQ               
0116-0010601000001       ,SOLAR STREET LIGHTS                                         ,     19849.71,06/21/2025,LEASEHOLD IMPVT.    ,LIGHTING FIXTURES                                 ,         4,CENTRAL CONSTRUCTION GROUP    ,CCG-CDC CONSTRUCTION                              ,FA_TRAN             
0116-0010601000002       ,SOLAR STREET LIGHTS                                         ,     19849.71,06/21/2025,LEASEHOLD IMPVT.    ,LIGHTING FIXTURES                                 ,         4,CENTRAL CONSTRUCTION GROUP    ,CCG-CDC CONSTRUCTION                              ,FA_TRAN             
0116-0010601000003       ,SOLAR STREET LIGHTS                                         ,     19849.71,06/21/2025,LEASEHOLD IMPVT.    ,LIGHTING FIXTURES                                 ,         4,CENTRAL CONSTRUCTION GROUP    ,CCG-CDC CONSTRUCTION                              ,FA_TRAN             
0116-0010601000004       ,SOLAR STREET LIGHTS                                         ,     19849.71,06/21/2025,LEASEHOLD IMPVT.    ,LIGHTING FIXTURES                                 ,         4,CENTRAL CONSTRUCTION GROUP    ,CCG-CDC CONSTRUCTION                              ,FA_TRAN             
0116-0010601000005       ,SOLAR STREET LIGHTS                                         ,     19849.71,06/21/2025,LEASEHOLD IMPVT.    ,LIGHTING FIXTURES                                 ,         4,CENTRAL CONSTRUCTION GROUP    ,CCG-CDC CONSTRUCTION                              ,FA_TRAN             
0116-0010601000006       ,SOLAR STREET LIGHTS                                         ,     19849.71,06/21/2025,LEASEHOLD IMPVT.    ,LIGHTING FIXTURES                                 ,         4,CENTRAL CONSTRUCTION GROUP    ,CCG-CDC CONSTRUCTION                              ,FA_TRAN             
0116-0010601000007       ,SOLAR STREET LIGHTS                                         ,     19849.71,06/21/2025,LEASEHOLD IMPVT.    ,LIGHTING FIXTURES                                 ,         4,CENTRAL CONSTRUCTION GROUP    ,CCG-CDC CONSTRUCTION                              ,FA_TRAN             
0116-0010601000008       ,SOLAR STREET LIGHTS                                         ,     19849.71,06/21/2025,LEASEHOLD IMPVT.    ,LIGHTING FIXTURES                                 ,         4,CENTRAL CONSTRUCTION GROUP    ,CCG-CDC CONSTRUCTION                              ,FA_TRAN             
0116-0010601000009       ,SOLAR STREET LIGHTS                                         ,     19849.71,06/21/2025,LEASEHOLD IMPVT.    ,LIGHTING FIXTURES                                 ,         4,CENTRAL CONSTRUCTION GROUP    ,CCG-CDC CONSTRUCTION                              ,FA_TRAN             
0116-0010601000010       ,SOLAR STREET LIGHTS                                         ,     19849.71,06/21/2025,LEASEHOLD IMPVT.    ,LIGHTING FIXTURES                                 ,         4,CENTRAL CONSTRUCTION GROUP    ,CCG-CDC CONSTRUCTION                              ,FA_TRAN             
0116-0010601000011       ,SOLAR STREET LIGHTS                                         ,     19849.71,06/21/2025,LEASEHOLD IMPVT.    ,LIGHTING FIXTURES                                 ,         4,CENTRAL CONSTRUCTION GROUP    ,CCG-CDC CONSTRUCTION                              ,FA_TRAN             
0116-0010601000012       ,SOLAR STREET LIGHTS                                         ,     19849.71,06/21/2025,LEASEHOLD IMPVT.    ,LIGHTING FIXTURES                                 ,         4,CENTRAL CONSTRUCTION GROUP    ,CCG-CDC CONSTRUCTION                              ,FA_TRAN             
0116-0010601000013       ,SOLAR STREET LIGHTS                                         ,     19849.71,06/21/2025,LEASEHOLD IMPVT.    ,LIGHTING FIXTURES                                 ,         4,CENTRAL CONSTRUCTION GROUP    ,CCG-CDC CONSTRUCTION                              ,FA_TRAN             
0116-0010601000014       ,SOLAR STREET LIGHTS                                         ,     19849.71,06/21/2025,LEASEHOLD IMPVT.    ,LIGHTING FIXTURES                                 ,         4,CENTRAL CONSTRUCTION GROUP    ,CCG-CDC CONSTRUCTION                              ,FA_TRAN             
0116-0010601000015       ,SOLAR STREET LIGHTS                                         ,     19849.71,06/21/2025,LEASEHOLD IMPVT.    ,LIGHTING FIXTURES                                 ,         4,CENTRAL CONSTRUCTION GROUP    ,CCG-CDC CONSTRUCTION                              ,FA_TRAN             
0116-0010601000016       ,SOLAR STREET LIGHTS                                         ,     19849.71,06/21/2025,LEASEHOLD IMPVT.    ,LIGHTING FIXTURES                                 ,         4,CENTRAL CONSTRUCTION GROUP    ,CCG-CDC CONSTRUCTION                              ,FA_TRAN             
0116-0010601000017       ,SOLAR STREET LIGHTS                                         ,     19849.71,06/21/2025,LEASEHOLD IMPVT.    ,LIGHTING FIXTURES                                 ,         4,CENTRAL CONSTRUCTION GROUP    ,CCG-CDC CONSTRUCTION                              ,FA_TRAN             
0116-0010601000018       ,SOLAR STREET LIGHTS                                         ,     19849.71,06/21/2025,LEASEHOLD IMPVT.    ,LIGHTING FIXTURES                                 ,         4,CENTRAL CONSTRUCTION GROUP    ,CCG-CDC CONSTRUCTION                              ,FA_TRAN             
0116-0010601000019       ,SOLAR STREET LIGHTS                                         ,     19849.71,06/21/2025,LEASEHOLD IMPVT.    ,LIGHTING FIXTURES                                 ,         4,CENTRAL CONSTRUCTION GROUP    ,CCG-CDC CONSTRUCTION                              ,FA_TRAN             
0116-0010601000020       ,SOLAR STREET LIGHTS                                         ,     19849.71,06/21/2025,LEASEHOLD IMPVT.    ,LIGHTING FIXTURES                                 ,         4,CENTRAL CONSTRUCTION GROUP    ,CCG-CDC CONSTRUCTION                              ,FA_TRAN             
0116-0010601000021       ,SOLAR STREET LIGHTS                                         ,     19849.71,06/21/2025,LEASEHOLD IMPVT.    ,LIGHTING FIXTURES                                 ,         4,CENTRAL CONSTRUCTION GROUP    ,CCG-CDC CONSTRUCTION                              ,FA_TRAN             
0116-0010601000022       ,SOLAR STREET LIGHTS                                         ,     19849.71,06/21/2025,LEASEHOLD IMPVT.    ,LIGHTING FIXTURES                                 ,         4,CENTRAL CONSTRUCTION GROUP    ,CCG-CDC CONSTRUCTION                              ,FA_TRAN             
0116-0010601000023       ,SOLAR STREET LIGHTS                                         ,     19849.71,06/21/2025,LEASEHOLD IMPVT.    ,LIGHTING FIXTURES                                 ,         4,CENTRAL CONSTRUCTION GROUP    ,CCG-CDC CONSTRUCTION                              ,FA_TRAN             
0116-0010601000024       ,SOLAR STREET LIGHTS                                         ,     19849.71,06/21/2025,LEASEHOLD IMPVT.    ,LIGHTING FIXTURES                                 ,         4,CENTRAL CONSTRUCTION GROUP    ,CCG-CDC CONSTRUCTION                              ,FA_TRAN             
0116-0010601000025       ,SOLAR STREET LIGHTS                                         ,     19849.71,06/21/2025,LEASEHOLD IMPVT.    ,LIGHTING FIXTURES                                 ,         4,CENTRAL CONSTRUCTION GROUP    ,CCG-CDC CONSTRUCTION                              ,FA_TRAN             
0116-0010601000026       ,SOLAR STREET LIGHTS                                         ,     19849.71,06/21/2025,LEASEHOLD IMPVT.    ,LIGHTING FIXTURES                                 ,         4,CENTRAL CONSTRUCTION GROUP    ,CCG-CDC CONSTRUCTION                              ,FA_TRAN             
0116-0010601000027       ,SOLAR STREET LIGHTS                                         ,     19849.71,06/21/2025,LEASEHOLD IMPVT.    ,LIGHTING FIXTURES                                 ,         4,CENTRAL CONSTRUCTION GROUP    ,CCG-CDC CONSTRUCTION                              ,FA_TRAN             
0116-0010601000028       ,SOLAR STREET LIGHTS                                         ,     19849.71,06/21/2025,LEASEHOLD IMPVT.    ,LIGHTING FIXTURES                                 ,         4,CENTRAL CONSTRUCTION GROUP    ,CCG-CDC CONSTRUCTION                              ,FA_TRAN             
0116-0010601000029       ,SOLAR STREET LIGHTS                                         ,     19849.71,06/21/2025,LEASEHOLD IMPVT.    ,LIGHTING FIXTURES                                 ,         4,CENTRAL CONSTRUCTION GROUP    ,CCG-CDC CONSTRUCTION                              ,FA_TRAN             
0116-0010601000030       ,SOLAR STREET LIGHTS                                         ,     19849.71,06/21/2025,LEASEHOLD IMPVT.    ,LIGHTING FIXTURES                                 ,         4,CENTRAL CONSTRUCTION GROUP    ,CCG-CDC CONSTRUCTION                              ,FA_TRAN             
0116-0010601000031       ,SOLAR STREET LIGHTS                                         ,     19849.71,06/21/2025,LEASEHOLD IMPVT.    ,LIGHTING FIXTURES                                 ,         4,CENTRAL CONSTRUCTION GROUP    ,CCG-CDC CONSTRUCTION                              ,FA_TRAN             
0116-0010601000032       ,SOLAR STREET LIGHTS                                         ,     19849.71,06/21/2025,LEASEHOLD IMPVT.    ,LIGHTING FIXTURES                                 ,         4,CENTRAL CONSTRUCTION GROUP    ,CCG-CDC CONSTRUCTION                              ,FA_TRAN             
0116-0010601000033       ,SOLAR STREET LIGHTS                                         ,     19849.71,06/21/2025,LEASEHOLD IMPVT.    ,LIGHTING FIXTURES                                 ,         4,CENTRAL CONSTRUCTION GROUP    ,CCG-CDC CONSTRUCTION                              ,FA_TRAN             
0116-0010601000034       ,SOLAR STREET LIGHTS                                         ,     19849.71,06/21/2025,LEASEHOLD IMPVT.    ,LIGHTING FIXTURES                                 ,         4,CENTRAL CONSTRUCTION GROUP    ,CCG-CDC CONSTRUCTION                              ,FA_TRAN             
0116-0010601000035       ,SOLAR STREET LIGHTS                                         ,     19849.71,06/21/2025,LEASEHOLD IMPVT.    ,LIGHTING FIXTURES                                 ,         4,CENTRAL CONSTRUCTION GROUP    ,CCG-CDC CONSTRUCTION                              ,FA_TRAN             
0116-0010601000036       ,SOLAR STREET LIGHTS                                         ,     19849.71,06/21/2025,LEASEHOLD IMPVT.    ,LIGHTING FIXTURES                                 ,         4,CENTRAL CONSTRUCTION GROUP    ,CCG-CDC CONSTRUCTION                              ,FA_TRAN             
0116-0010601000037       ,SOLAR STREET LIGHTS                                         ,     19849.71,06/21/2025,LEASEHOLD IMPVT.    ,LIGHTING FIXTURES                                 ,         4,CENTRAL CONSTRUCTION GROUP    ,CCG-CDC CONSTRUCTION                              ,FA_TRAN             
0116-0010601000038       ,SOLAR STREET LIGHTS                                         ,     19849.71,06/21/2025,LEASEHOLD IMPVT.    ,LIGHTING FIXTURES                                 ,         4,CENTRAL CONSTRUCTION GROUP    ,CCG-CDC CONSTRUCTION                              ,FA_TRAN             
0116-0010601000039       ,SOLAR STREET LIGHTS                                         ,     19849.71,06/21/2025,LEASEHOLD IMPVT.    ,LIGHTING FIXTURES                                 ,         4,CENTRAL CONSTRUCTION GROUP    ,CCG-CDC CONSTRUCTION                              ,FA_TRAN             
0116-0010601000040       ,SOLAR STREET LIGHTS                                         ,     19849.71,06/21/2025,LEASEHOLD IMPVT.    ,LIGHTING FIXTURES                                 ,         4,CENTRAL CONSTRUCTION GROUP    ,CCG-CDC CONSTRUCTION                              ,FA_TRAN             
0116-0010601100001       ,LIGHT POLE                                                  ,      9527.86,06/21/2025,LEASEHOLD IMPVT.    ,LIGHTING FIXTURES                                 ,         4,CENTRAL CONSTRUCTION GROUP    ,CCG-CDC CONSTRUCTION                              ,FA_TRAN             
0116-0010601100002       ,LIGHT POLE                                                  ,      9527.86,06/21/2025,LEASEHOLD IMPVT.    ,LIGHTING FIXTURES                                 ,         4,CENTRAL CONSTRUCTION GROUP    ,CCG-CDC CONSTRUCTION                              ,FA_TRAN             
0116-0010601100003       ,LIGHT POLE                                                  ,      9527.86,06/21/2025,LEASEHOLD IMPVT.    ,LIGHTING FIXTURES                                 ,         4,CENTRAL CONSTRUCTION GROUP    ,CCG-CDC CONSTRUCTION                              ,FA_TRAN             
0116-0010601100004       ,LIGHT POLE                                                  ,      9527.86,06/21/2025,LEASEHOLD IMPVT.    ,LIGHTING FIXTURES                                 ,         4,CENTRAL CONSTRUCTION GROUP    ,CCG-CDC CONSTRUCTION                              ,FA_TRAN             
0116-0010601100005       ,LIGHT POLE                                                  ,      9527.86,06/21/2025,LEASEHOLD IMPVT.    ,LIGHTING FIXTURES                                 ,         4,CENTRAL CONSTRUCTION GROUP    ,CCG-CDC CONSTRUCTION                              ,FA_TRAN             
0116-0010601100006       ,LIGHT POLE                                                  ,      9527.86,06/21/2025,LEASEHOLD IMPVT.    ,LIGHTING FIXTURES                                 ,         4,CENTRAL CONSTRUCTION GROUP    ,CCG-CDC CONSTRUCTION                              ,FA_TRAN             
0116-0010601100007       ,LIGHT POLE                                                  ,      9527.86,06/21/2025,LEASEHOLD IMPVT.    ,LIGHTING FIXTURES                                 ,         4,CENTRAL CONSTRUCTION GROUP    ,CCG-CDC CONSTRUCTION                              ,FA_TRAN             
0116-0010601100008       ,LIGHT POLE                                                  ,      9527.86,06/21/2025,LEASEHOLD IMPVT.    ,LIGHTING FIXTURES                                 ,         4,CENTRAL CONSTRUCTION GROUP    ,CCG-CDC CONSTRUCTION                              ,FA_TRAN             
0116-0010601100009       ,LIGHT POLE                                                  ,      9527.86,06/21/2025,LEASEHOLD IMPVT.    ,LIGHTING FIXTURES                                 ,         4,CENTRAL CONSTRUCTION GROUP    ,CCG-CDC CONSTRUCTION                              ,FA_TRAN             
0116-0010601100010       ,LIGHT POLE                                                  ,      9527.86,06/21/2025,LEASEHOLD IMPVT.    ,LIGHTING FIXTURES                                 ,         4,CENTRAL CONSTRUCTION GROUP    ,CCG-CDC CONSTRUCTION                              ,FA_TRAN             
0116-0010601100011       ,LIGHT POLE                                                  ,      9527.86,06/21/2025,LEASEHOLD IMPVT.    ,LIGHTING FIXTURES                                 ,         4,CENTRAL CONSTRUCTION GROUP    ,CCG-CDC CONSTRUCTION                              ,FA_TRAN             
0116-0010601100012       ,LIGHT POLE                                                  ,      9527.86,06/21/2025,LEASEHOLD IMPVT.    ,LIGHTING FIXTURES                                 ,         4,CENTRAL CONSTRUCTION GROUP    ,CCG-CDC CONSTRUCTION                              ,FA_TRAN             
0116-0010601100013       ,LIGHT POLE                                                  ,      9527.86,06/21/2025,LEASEHOLD IMPVT.    ,LIGHTING FIXTURES                                 ,         4,CENTRAL CONSTRUCTION GROUP    ,CCG-CDC CONSTRUCTION                              ,FA_TRAN             
0116-0010601100014       ,LIGHT POLE                                                  ,      9527.86,06/21/2025,LEASEHOLD IMPVT.    ,LIGHTING FIXTURES                                 ,         4,CENTRAL CONSTRUCTION GROUP    ,CCG-CDC CONSTRUCTION                              ,FA_TRAN             
0116-0010601100015       ,LIGHT POLE                                                  ,      9527.86,06/21/2025,LEASEHOLD IMPVT.    ,LIGHTING FIXTURES                                 ,         4,CENTRAL CONSTRUCTION GROUP    ,CCG-CDC CONSTRUCTION                              ,FA_TRAN             
0116-0010601100016       ,LIGHT POLE                                                  ,      9527.86,06/21/2025,LEASEHOLD IMPVT.    ,LIGHTING FIXTURES                                 ,         4,CENTRAL CONSTRUCTION GROUP    ,CCG-CDC CONSTRUCTION                              ,FA_TRAN             
0116-0010601100017       ,LIGHT POLE                                                  ,      9527.86,06/21/2025,LEASEHOLD IMPVT.    ,LIGHTING FIXTURES                                 ,         4,CENTRAL CONSTRUCTION GROUP    ,CCG-CDC CONSTRUCTION                              ,FA_TRAN             
0116-0010601100018       ,LIGHT POLE                                                  ,      9527.86,06/21/2025,LEASEHOLD IMPVT.    ,LIGHTING FIXTURES                                 ,         4,CENTRAL CONSTRUCTION GROUP    ,CCG-CDC CONSTRUCTION                              ,FA_TRAN             
0116-0010601100019       ,LIGHT POLE                                                  ,      9527.86,06/21/2025,LEASEHOLD IMPVT.    ,LIGHTING FIXTURES                                 ,         4,CENTRAL CONSTRUCTION GROUP    ,CCG-CDC CONSTRUCTION                              ,FA_TRAN             
0116-0010601100020       ,LIGHT POLE                                                  ,      9527.86,06/21/2025,LEASEHOLD IMPVT.    ,LIGHTING FIXTURES                                 ,         4,CENTRAL CONSTRUCTION GROUP    ,CCG-CDC CONSTRUCTION                              ,FA_TRAN             
0116-0010601100021       ,LIGHT POLE                                                  ,      9527.86,06/21/2025,LEASEHOLD IMPVT.    ,LIGHTING FIXTURES                                 ,         4,CENTRAL CONSTRUCTION GROUP    ,CCG-CDC CONSTRUCTION                              ,FA_TRAN             
0116-0010601100022       ,LIGHT POLE                                                  ,      9527.86,06/21/2025,LEASEHOLD IMPVT.    ,LIGHTING FIXTURES                                 ,         4,CENTRAL CONSTRUCTION GROUP    ,CCG-CDC CONSTRUCTION                              ,FA_TRAN             
0116-0010601100023       ,LIGHT POLE                                                  ,      9527.86,06/21/2025,LEASEHOLD IMPVT.    ,LIGHTING FIXTURES                                 ,         4,CENTRAL CONSTRUCTION GROUP    ,CCG-CDC CONSTRUCTION                              ,FA_TRAN             
0116-0010601100024       ,LIGHT POLE                                                  ,      9527.86,06/21/2025,LEASEHOLD IMPVT.    ,LIGHTING FIXTURES                                 ,         4,CENTRAL CONSTRUCTION GROUP    ,CCG-CDC CONSTRUCTION                              ,FA_TRAN             
0116-0010601100025       ,LIGHT POLE                                                  ,      9527.86,06/21/2025,LEASEHOLD IMPVT.    ,LIGHTING FIXTURES                                 ,         4,CENTRAL CONSTRUCTION GROUP    ,CCG-CDC CONSTRUCTION                              ,FA_TRAN             
0116-0010601100026       ,LIGHT POLE                                                  ,      9527.86,06/21/2025,LEASEHOLD IMPVT.    ,LIGHTING FIXTURES                                 ,         4,CENTRAL CONSTRUCTION GROUP    ,CCG-CDC CONSTRUCTION                              ,FA_TRAN             
0116-0010601100027       ,LIGHT POLE                                                  ,      9527.86,06/21/2025,LEASEHOLD IMPVT.    ,LIGHTING FIXTURES                                 ,         4,CENTRAL CONSTRUCTION GROUP    ,CCG-CDC CONSTRUCTION                              ,FA_TRAN             
0116-0010601100028       ,LIGHT POLE                                                  ,      9527.86,06/21/2025,LEASEHOLD IMPVT.    ,LIGHTING FIXTURES                                 ,         4,CENTRAL CONSTRUCTION GROUP    ,CCG-CDC CONSTRUCTION                              ,FA_TRAN             
0116-0010601100029       ,LIGHT POLE                                                  ,      9527.86,06/21/2025,LEASEHOLD IMPVT.    ,LIGHTING FIXTURES                                 ,         4,CENTRAL CONSTRUCTION GROUP    ,CCG-CDC CONSTRUCTION                              ,FA_TRAN             
0116-0010601100030       ,LIGHT POLE                                                  ,      9527.86,06/21/2025,LEASEHOLD IMPVT.    ,LIGHTING FIXTURES                                 ,         4,CENTRAL CONSTRUCTION GROUP    ,CCG-CDC CONSTRUCTION                              ,FA_TRAN             
0116-0010601100031       ,LIGHT POLE                                                  ,      9527.86,06/21/2025,LEASEHOLD IMPVT.    ,LIGHTING FIXTURES                                 ,         4,CENTRAL CONSTRUCTION GROUP    ,CCG-CDC CONSTRUCTION                              ,FA_TRAN             
0116-0010601100032       ,LIGHT POLE                                                  ,      9527.86,06/21/2025,LEASEHOLD IMPVT.    ,LIGHTING FIXTURES                                 ,         4,CENTRAL CONSTRUCTION GROUP    ,CCG-CDC CONSTRUCTION                              ,FA_TRAN             
0116-0010601100033       ,LIGHT POLE                                                  ,      9527.86,06/21/2025,LEASEHOLD IMPVT.    ,LIGHTING FIXTURES                                 ,         4,CENTRAL CONSTRUCTION GROUP    ,CCG-CDC CONSTRUCTION                              ,FA_TRAN             
0116-0010601100034       ,LIGHT POLE                                                  ,      9527.86,06/21/2025,LEASEHOLD IMPVT.    ,LIGHTING FIXTURES                                 ,         4,CENTRAL CONSTRUCTION GROUP    ,CCG-CDC CONSTRUCTION                              ,FA_TRAN             
0116-0010601100035       ,LIGHT POLE                                                  ,      9527.86,06/21/2025,LEASEHOLD IMPVT.    ,LIGHTING FIXTURES                                 ,         4,CENTRAL CONSTRUCTION GROUP    ,CCG-CDC CONSTRUCTION                              ,FA_TRAN             
0116-0010601100036       ,LIGHT POLE                                                  ,      9527.86,06/21/2025,LEASEHOLD IMPVT.    ,LIGHTING FIXTURES                                 ,         4,CENTRAL CONSTRUCTION GROUP    ,CCG-CDC CONSTRUCTION                              ,FA_TRAN             
0116-0010601100037       ,LIGHT POLE                                                  ,      9527.86,06/21/2025,LEASEHOLD IMPVT.    ,LIGHTING FIXTURES                                 ,         4,CENTRAL CONSTRUCTION GROUP    ,CCG-CDC CONSTRUCTION                              ,FA_TRAN             
0116-0010601100038       ,LIGHT POLE                                                  ,      9527.86,06/21/2025,LEASEHOLD IMPVT.    ,LIGHTING FIXTURES                                 ,         4,CENTRAL CONSTRUCTION GROUP    ,CCG-CDC CONSTRUCTION                              ,FA_TRAN             
0116-0010601100039       ,LIGHT POLE                                                  ,      9527.86,06/21/2025,LEASEHOLD IMPVT.    ,LIGHTING FIXTURES                                 ,         4,CENTRAL CONSTRUCTION GROUP    ,CCG-CDC CONSTRUCTION                              ,FA_TRAN             
0116-0010601100040       ,LIGHT POLE                                                  ,      9527.86,06/21/2025,LEASEHOLD IMPVT.    ,LIGHTING FIXTURES                                 ,         4,CENTRAL CONSTRUCTION GROUP    ,CCG-CDC CONSTRUCTION                              ,FA_TRAN             
0119-0003509200002       ,ALPHA WATER HEATER                                          ,      5446.43,03/27/2025,STR. EQPT.          ,HEATER                                            ,         3,MFI-BREEDER SUBAYON BILAR     ,BSB-SUBAYON ADMIN                                 ,FA_TRAN             
0116-0011725200001       ,DEEP FREEZE COOLER BOX 20LTR HG-C020                        ,      2285.54,07/11/2025,FUR. & FIXT.        ,BOX                                               ,         3,MFI-BREEDER SUBAYON BILAR     ,BSB-SUBAYON ADMIN                                 ,FAACQ               
0116-0011725200002       ,DEEP FREEZE COOLER BOX 20LTR HG-C020                        ,      2285.54,07/11/2025,FUR. & FIXT.        ,BOX                                               ,         3,MFI-BREEDER SUBAYON BILAR     ,BSB-SUBAYON ADMIN                                 ,FAACQ               
0116-0011830000001       ,DEEP FREEZE COOLER BOX 40LTR HG-C040                        ,      4142.68,07/11/2025,FUR. & FIXT.        ,BOX                                               ,         3,MFI-BREEDER SUBAYON BILAR     ,BSB-SUBAYON ADMIN                                 ,FAACQ               
0116-0011830000002       ,DEEP FREEZE COOLER BOX 40LTR HG-C040                        ,      4142.68,07/11/2025,FUR. & FIXT.        ,BOX                                               ,         3,MFI-BREEDER SUBAYON BILAR     ,BSB-SUBAYON ADMIN                                 ,FAACQ               
0116-0006254100001       ,KNAPSACK SPRAYER STAINLESS                                  ,      2232.14,07/14/2025,STR. EQPT.          ,SPRAYER                                           ,         2,MFI-BREEDER SUBAYON BILAR     ,BSB-SUBAYON ADMIN                                 ,FAACQ               
0116-0006254100002       ,KNAPSACK SPRAYER STAINLESS                                  ,      2232.14,07/14/2025,STR. EQPT.          ,SPRAYER                                           ,         2,MFI-BREEDER SUBAYON BILAR     ,BSB-SUBAYON ADMIN                                 ,FAACQ               
0116-0006254100003       ,KNAPSACK SPRAYER STAINLESS                                  ,      2232.14,07/14/2025,STR. EQPT.          ,SPRAYER                                           ,         2,MFI-BREEDER SUBAYON BILAR     ,BSB-SUBAYON ADMIN                                 ,FAACQ               
0116-0006254100004       ,KNAPSACK SPRAYER STAINLESS                                  ,      2232.14,07/14/2025,STR. EQPT.          ,SPRAYER                                           ,         2,MFI-BREEDER SUBAYON BILAR     ,BSB-SUBAYON ADMIN                                 ,FAACQ               
0116-0006254100005       ,KNAPSACK SPRAYER STAINLESS                                  ,      2232.14,07/14/2025,STR. EQPT.          ,SPRAYER                                           ,         2,MFI-BREEDER SUBAYON BILAR     ,BSB-SUBAYON ADMIN                                 ,FAACQ               
0116-0006254100006       ,KNAPSACK SPRAYER STAINLESS                                  ,      2232.14,07/14/2025,STR. EQPT.          ,SPRAYER                                           ,         2,MFI-BREEDER SUBAYON BILAR     ,BSB-SUBAYON ADMIN                                 ,FAACQ               
0116-0006254100007       ,KNAPSACK SPRAYER STAINLESS                                  ,      2232.14,07/14/2025,STR. EQPT.          ,SPRAYER                                           ,         2,MFI-BREEDER SUBAYON BILAR     ,BSB-SUBAYON ADMIN                                 ,FAACQ               
0116-0006254100008       ,KNAPSACK SPRAYER STAINLESS                                  ,      2232.14,07/14/2025,STR. EQPT.          ,SPRAYER                                           ,         2,MFI-GP FARM                   ,GPF-ADMIN                                         ,FA_TRAN             
0116-0006254100009       ,KNAPSACK SPRAYER STAINLESS                                  ,      2232.14,07/14/2025,STR. EQPT.          ,SPRAYER                                           ,         2,MFI-GP FARM                   ,GPF-ADMIN                                         ,FA_TRAN             
0116-0006254100010       ,KNAPSACK SPRAYER STAINLESS                                  ,      2232.14,07/14/2025,STR. EQPT.          ,SPRAYER                                           ,         2,MFI-GP FARM                   ,GPF-ADMIN                                         ,FA_TRAN             
0116-0012210100001       ,ZKTECO K14 FINGERPRINT & RFID BIOMETRICS                    ,      7410.71,08/18/2025,OFF. EQPT.          ,BIOMETRICS                                        ,         3,MFI-BREEDER SUBAYON BILAR     ,BSB-SUBAYON ADMIN                                 ,FAACQ               
0116-0009805300002       ,ACER LED20 K202QBI 19.5"" LED MONITOR (VGAHDMI)              ,      3258.93,08/28/2025,OFF. EQPT.          ,MONITOR                                           ,         3,MFI-BREEDER SUBAYON BILAR     ,BSB-SUBAYON ADMIN                                 ,FAACQ               
0116-0011595500002       ,BAJAJ MAXIMA CARGO                                          ,    181116.53,07/18/2025,TRNS. EQPT.         ,MOTORCYCLE-SURPLUS                                ,         2,MFI-BREEDER SUBAYON BILAR     ,BSB-SUBAYON ADMIN                                 ,FAACQ               
0116-0012167400001       ,HP LAPTOP 15-FD0414TU (B49W6PA)                             ,     32053.57,09/05/2025,OFF. EQPT.          ,LAPTOP                                            ,         3,MFI-BREEDER SUBAYON BILAR     ,BSB-SUBAYON ADMIN                                 ,FAACQ               
0116-0012271400001       ,FOLD INHALFTABLE 6FT                                        ,      4557.14,09/17/2025,OFF. EQPT.          ,TABLE                                             ,         5,MFI-BREEDER SUBAYON BILAR     ,BSB-SUBAYON ADMIN                                 ,FAACQ               
0116-0009805300003       ,ACER LED20 K202QBI 19.5"" LED MONITOR (VGAHDMI)              ,      3258.93,09/23/2025,OFF. EQPT.          ,MONITOR                                           ,         3,MFI-BREEDER SUBAYON BILAR     ,BSB-SUBAYON ADMIN                                 ,FAACQ               
0116-0012416300001       ,CPU SET I3                                                  ,     15312.50,09/23/2025,OFF. EQPT.          ,CPU                                               ,         3,MFI-BREEDER SUBAYON BILAR     ,BSB-SUBAYON ADMIN                                 ,FAACQ               
0116-0007902700001       ,ACER 19.5"" LED MONITOR K202HQL                              ,      3258.93,10/07/2025,OFF. EQPT.          ,MONITOR                                           ,         3,MFI-BREEDER SUBAYON BILAR     ,BSB-SUBAYON ADMIN                                 ,FAACQ               
0116-0012495000001       ,KYK CORDLESS IMPACT DRILL 20VOLTS                           ,      6606.25,10/13/2025,TOOLS               ,DRILL                                             ,         5,MFI-BREEDER SUBAYON BILAR     ,BSB-SUBAYON ADMIN                                 ,FAACQ               
0116-0012495800001       ,KYK ANGLE GRINDER 4''                                       ,      2275.89,10/13/2025,TOOLS               ,GRINDER                                           ,         7,MFI-BREEDER SUBAYON BILAR     ,BSB-SUBAYON ADMIN                                 ,FAACQ               
0116-0012595900001       ,CELLPHONE REDMI A3X                                         ,      2766.96,10/17/2025,OFF. EQPT.          ,CELLPHONE                                         ,         3,MFI-BREEDER SUBAYON BILAR     ,BSB-SUBAYON ADMIN                                 ,FAACQ               
0116-0012578100001       ,4 STEPS SKYLER LADDER                                       ,      1696.43,10/20/2025,FUR. & FIXT.        ,LADDER                                            ,         5,MFI-BREEDER SUBAYON BILAR     ,BSB-SUBAYON ADMIN                                 ,FAACQ               
0116-0012578200001       ,EXTENSION SKYLER LADDER 20FT                                ,     14285.71,10/20/2025,FUR. & FIXT.        ,LADDER                                            ,         5,MFI-BREEDER SUBAYON BILAR     ,BSB-SUBAYON ADMIN                                 ,FAACQ               
0026-0002270900002       ,STEEL RACK A (1.4M)                                         ,     10656.45,03/10/2011,FUR. & FIXT.        ,RACK                                              ,        10,MFI-GP FARM                   ,GPF-ADMIN                                         ,FA_TRAN             
0026-0002270900003       ,STEEL RACK A (1.4M)                                         ,     10656.45,03/10/2011,FUR. & FIXT.        ,RACK                                              ,        10,MFI-GP FARM                   ,GPF-ADMIN                                         ,FA_TRAN             
0026-0002270900004       ,STEEL RACK A (1.4M)                                         ,     10656.45,03/10/2011,FUR. & FIXT.        ,RACK                                              ,        10,MFI-GP FARM                   ,GPF-ADMIN                                         ,FA_TRAN             
0026-0002270900005       ,STEEL RACK A (1.4M)                                         ,     10656.45,03/10/2011,FUR. & FIXT.        ,RACK                                              ,        10,MFI-BREEDER SUBAYON BILAR     ,BSB-SUBAYON ADMIN                                 ,FA_TRAN             
0026-0002270900006       ,STEEL RACK A (1.4M)                                         ,     10656.45,03/10/2011,FUR. & FIXT.        ,RACK                                              ,        10,MFI-BREEDER SUBAYON BILAR     ,BSB-SUBAYON ADMIN                                 ,FA_TRAN             
0026-0002270900007       ,STEEL RACK A (1.4M)                                         ,     10656.45,03/10/2011,FUR. & FIXT.        ,RACK                                              ,        10,MFI-BREEDER SUBAYON BILAR     ,BSB-SUBAYON ADMIN                                 ,FA_TRAN             
0026-0002270900008       ,STEEL RACK A (1.4M)                                         ,     10656.45,03/10/2011,FUR. & FIXT.        ,RACK                                              ,        10,MFI-BREEDER SUBAYON BILAR     ,BSB-SUBAYON ADMIN                                 ,FA_TRAN             
0026-0002270900009       ,STEEL RACK A (1.4M)                                         ,     10656.45,03/10/2011,FUR. & FIXT.        ,RACK                                              ,        10,MFI-BREEDER SUBAYON BILAR     ,BSB-SUBAYON ADMIN                                 ,FA_TRAN             
0116-0006574600001       ,MITS. FUSO FJ1823R CS#:EZ412B                               ,   3017857.00,10/28/2025,TRNS. EQPT.         ,VEHICLE                                           ,        10,MFI-BREEDER SUBAYON BILAR     ,BSB-SUBAYON ADMIN                                 ,FAACQ               
0116-0012658600001       ,HP LAPTOP 15-FD415TU(B49W7PN)                               ,     45526.79,10/30/2025,OFF. EQPT.          ,LAPTOP                                            ,         3,MFI-BREEDER SUBAYON BILAR     ,BSB-SUBAYON ADMIN                                 ,FAACQ               
0116-0006574600002       ,MITS. FUSO FJ1823R CS#:EZ682B                               ,   3017857.00,11/10/2025,TRNS. EQPT.         ,VEHICLE                                           ,        10,MFI-BREEDER SUBAYON BILAR     ,BSB-SUBAYON ADMIN                                 ,FAACQ               
0116-0005430100006       ,SUBMERSIBLE PUMP STREAMPLUS                                 ,      9526.79,11/14/2025,MACH. & EQPT.       ,PUMP                                              ,         5,MFI-BREEDER SUBAYON BILAR     ,BSB-SUBAYON ADMIN                                 ,FAACQ               
0116-0005430100007       ,SUBMERSIBLE PUMP STREAMPLUS                                 ,      9526.79,11/14/2025,MACH. & EQPT.       ,PUMP                                              ,         5,MFI-BREEDER SUBAYON BILAR     ,BSB-SUBAYON ADMIN                                 ,FAACQ               
0116-0005430100008       ,SUBMERSIBLE PUMP STREAMPLUS                                 ,      9526.79,11/14/2025,MACH. & EQPT.       ,PUMP                                              ,         5,MFI-BREEDER SUBAYON BILAR     ,BSB-SUBAYON ADMIN                                 ,FAACQ               
0116-0005430100009       ,SUBMERSIBLE PUMP STREAMPLUS                                 ,      9526.79,11/14/2025,MACH. & EQPT.       ,PUMP                                              ,         5,MFI-BREEDER SUBAYON BILAR     ,BSB-SUBAYON ADMIN                                 ,FAACQ               
0116-0005430100010       ,SUBMERSIBLE PUMP STREAMPLUS                                 ,      9526.79,11/14/2025,MACH. & EQPT.       ,PUMP                                              ,         5,MFI-BREEDER SUBAYON BILAR     ,BSB-SUBAYON ADMIN                                 ,FAACQ               
0116-0005430100011       ,SUBMERSIBLE PUMP STREAMPLUS                                 ,      9526.79,11/14/2025,MACH. & EQPT.       ,PUMP                                              ,         5,MFI-BREEDER SUBAYON BILAR     ,BSB-SUBAYON ADMIN                                 ,FAACQ               
0116-0005943300001       ,FUJIDENZO WASHING MACHINE                                   ,      6426.79,12/11/2025,MACH. & EQPT.       ,WASHING MACHINE                                   ,         3,MFI-BREEDER SUBAYON BILAR     ,BSB-SUBAYON ADMIN                                 ,FAACQ               
0116-0008166400001       ,EPSON LQ310 DOT MATRIX PRINTER                              ,     14370.54,12/17/2025,OFF. EQPT.          ,PRINTER                                           ,         3,MFI-BREEDER SUBAYON BILAR     ,BSB-SUBAYON ADMIN                                 ,FAACQ               
0116-0012154900001       ,CARRIER 40CCG/38ASC DIRECT EXPANSION                        ,     81062.50,12/19/2025,STR. EQPT.          ,OTHERS                                            ,         5,MFI-HATCHERY QUEZON BILAR     ,HQB-QUEZON ADMIN                                  ,FA_TRAN             
0116-0012099500001       ,CARRIER 42/38CX OPTIMA 2 INVERTER DIRECT EXPANSION          ,     65937.50,12/19/2025,MACH. & EQPT.       ,AIRCON                                            ,         5,MFI-BREEDER SUBAYON BILAR     ,BSB-SUBAYON ADMIN                                 ,FAACQ               
0012-0012424900001       ,40-DOORS CUSTOM MADE STEEL LOCKER CABINET- GRAY             ,     38839.29,12/09/2025,FUR. & FIXT.        ,LOCKER                                            ,        10,MFI-BREEDER SUBAYON BILAR     ,BSB-SUBAYON ADMIN                                 ,FA_TRAN             
0012-0012424900002       ,40-DOORS CUSTOM MADE STEEL LOCKER CABINET- GRAY             ,     38839.29,12/09/2025,FUR. & FIXT.        ,LOCKER                                            ,        10,MFI-GP FARM                   ,GPF-ADMIN                                         ,FA_TRAN             
0012-0012424900003       ,40-DOORS CUSTOM MADE STEEL LOCKER CABINET- GRAY             ,     38839.29,12/09/2025,FUR. & FIXT.        ,LOCKER                                            ,        10,MFI-GP FARM                   ,GPF-ADMIN                                         ,FA_TRAN             
0012-0012424900004       ,40-DOORS CUSTOM MADE STEEL LOCKER CABINET- GRAY             ,     38839.29,12/09/2025,FUR. & FIXT.        ,LOCKER                                            ,        10,MFI-GP FARM                   ,GPF-ADMIN                                         ,FA_TRAN             
0116-0001788700001       ,FUJI DIAL SCALE 60KG                                        ,      2656.25,12/18/2025,STR. EQPT.          ,WEIGHING SCALE                                    ,         3,MFI-BREEDER SUBAYON BILAR     ,BSB-SUBAYON ADMIN                                 ,FAACQ               
0116-0001788700002       ,FUJI DIAL SCALE 60KG                                        ,      2656.25,12/18/2025,STR. EQPT.          ,WEIGHING SCALE                                    ,         3,MFI-BREEDER SUBAYON BILAR     ,BSB-SUBAYON ADMIN                                 ,FAACQ               
0116-0001788700003       ,FUJI DIAL SCALE 60KG                                        ,      2656.25,12/18/2025,STR. EQPT.          ,WEIGHING SCALE                                    ,         3,MFI-BREEDER SUBAYON BILAR     ,BSB-SUBAYON ADMIN                                 ,FAACQ               
0116-0002495600001       ,B/KETTLE HOMEGROWN DBL HDL #D3                              ,      2847.32,12/18/2025,STR. EQPT.          ,OTHERS                                            ,         3,MFI-BREEDER SUBAYON BILAR     ,BSB-SUBAYON ADMIN                                 ,FAACQ               
0116-0012979500001       ,AB BOILER#2                                                 ,      6128.57,12/18/2025,MACH. & EQPT.       ,OTHERS                                            ,         5,MFI-BREEDER SUBAYON BILAR     ,BSB-SUBAYON ADMIN                                 ,FAACQ               
0116-0011698900001       ,FUSO FJ1823R STEEL CHICK VAN BODY CS#:EZ682B                ,    330000.00,01/06/2026,TRNS. EQPT.         ,VEHICLE                                           ,        10,MFI-BREEDER SUBAYON BILAR     ,BSB-SUBAYON ADMIN                                 ,FAACQ               
0116-0011698900002       ,FUSO FJ1823R STEEL CHICK VAN BODY CS#:EZ412B                ,    330000.00,01/06/2026,TRNS. EQPT.         ,VEHICLE                                           ,        10,MFI-BREEDER SUBAYON BILAR     ,BSB-SUBAYON ADMIN                                 ,FAACQ               
0116-0011871100005       ,FACP W/ BACKUP BATTERIES 2 ZONES                            ,     13182.29,01/15/2026,                    ,SUPPLIES                                          ,         0,MFI-BREEDER SUBAYON BILAR     ,BSB-SUBAYON ADMIN                                 ,FAACQ               
0116-0011871100006       ,FACP W/ BACKUP BATTERIES 2 ZONES                            ,     13182.29,01/15/2026,                    ,SUPPLIES                                          ,         0,MFI-BREEDER SUBAYON BILAR     ,BSB-SUBAYON ADMIN                                 ,FAACQ               
0116-0011871100007       ,FACP W/ BACKUP BATTERIES 2 ZONES                            ,     13182.29,01/15/2026,                    ,SUPPLIES                                          ,         0,MFI-BREEDER SUBAYON BILAR     ,BSB-SUBAYON ADMIN                                 ,FAACQ               
0116-0011871100008       ,FACP W/ BACKUP BATTERIES 2 ZONES                            ,     13182.29,01/15/2026,                    ,SUPPLIES                                          ,         0,MFI-BREEDER SUBAYON BILAR     ,BSB-SUBAYON ADMIN                                 ,FAACQ               
0116-0011871900002       ,FACP W/ BACKUP BATTERIES 4 ZONES                            ,     14830.07,01/15/2026,                    ,SUPPLIES                                          ,         0,MFI-BREEDER SUBAYON BILAR     ,BSB-SUBAYON ADMIN                                 ,FAACQ               
0116-0012541100006       ,SURGE PROTECTOR (DTK-240HW)                                 ,     10710.61,01/15/2026,                    ,SUPPLIES                                          ,         0,MFI-BREEDER SUBAYON BILAR     ,BSB-SUBAYON ADMIN                                 ,FAACQ               
0116-0012541100007       ,SURGE PROTECTOR (DTK-240HW)                                 ,     10710.61,01/15/2026,                    ,SUPPLIES                                          ,         0,MFI-BREEDER SUBAYON BILAR     ,BSB-SUBAYON ADMIN                                 ,FAACQ               
0116-0012541100008       ,SURGE PROTECTOR (DTK-240HW)                                 ,     10710.61,01/15/2026,                    ,SUPPLIES                                          ,         0,MFI-BREEDER SUBAYON BILAR     ,BSB-SUBAYON ADMIN                                 ,FAACQ               
0116-0012541100009       ,SURGE PROTECTOR (DTK-240HW)                                 ,     10710.61,01/15/2026,                    ,SUPPLIES                                          ,         0,MFI-BREEDER SUBAYON BILAR     ,BSB-SUBAYON ADMIN                                 ,FAACQ               
0116-0012541100010       ,SURGE PROTECTOR (DTK-240HW)                                 ,     10710.61,01/15/2026,                    ,SUPPLIES                                          ,         0,MFI-BREEDER SUBAYON BILAR     ,BSB-SUBAYON ADMIN                                 ,FAACQ               
0116-0004173100008       ,POWER SPRAYER 2HP(WL25 ASBC)                                ,     27900.00,01/27/2026,MACH. & EQPT.       ,POWER SPRAYER                                     ,         3,MFI-BREEDER SUBAYON BILAR     ,BSB-SUBAYON ADMIN                                 ,FAACQ               
0116-0004173100009       ,POWER SPRAYER 2HP(WL25 ASBC)                                ,     27900.00,01/27/2026,MACH. & EQPT.       ,POWER SPRAYER                                     ,         3,MFI-BREEDER SUBAYON BILAR     ,BSB-SUBAYON ADMIN                                 ,FAACQ               
0116-0004173100010       ,POWER SPRAYER 2HP(WL25 ASBC)                                ,     27900.00,01/27/2026,MACH. & EQPT.       ,POWER SPRAYER                                     ,         3,MFI-BREEDER SUBAYON BILAR     ,BSB-SUBAYON ADMIN                                 ,FAACQ               
0116-0004173100011       ,POWER SPRAYER 2HP(WL25 ASBC)                                ,     27900.00,01/27/2026,MACH. & EQPT.       ,POWER SPRAYER                                     ,         3,MFI-BREEDER SUBAYON BILAR     ,BSB-SUBAYON ADMIN                                 ,FAACQ               
0116-0012770600001       ,CELLPHONE REDMI 15C 8GB RAM 256GB STORAGE                   ,      5774.12,02/03/2026,OFF. EQPT.          ,CELLPHONE                                         ,         3,MFI-BREEDER SUBAYON BILAR     ,BSB-SUBAYON ADMIN                                 ,FAACQ               
0116-0008054500001       ,FUEL DISPENSER SK52-222B                                    ,    280178.57,02/17/2026,MACH. & EQPT.       ,DISPENSER                                         ,         3,MFI-BREEDER SUBAYON BILAR     ,BSB-SUBAYON ADMIN                                 ,FAACQ               
0116-0008166400002       ,EPSON LQ310 DOT MATRIX PRINTER                              ,     14370.54,02/17/2026,OFF. EQPT.          ,PRINTER                                           ,         3,MFI-BREEDER SUBAYON BILAR     ,BSB-SUBAYON ADMIN                                 ,FAACQ               
0116-0002011900001       ,DIGITAL CLOCK                                               ,      2588.39,02/19/2026,STR. EQPT.          ,OTHERS                                            ,         3,MFI-BREEDER SUBAYON BILAR     ,BSB-SUBAYON ADMIN                                 ,FAACQ               
0116-0012498600001       ,RG-S2915-24GT4MS-L(24 X 10/100/1000BASE-T                   ,     25892.86,02/20/2026,OFF. EQPT.          ,HUB                                               ,         3,MFI-HATCHERY QUEZON BILAR     ,HQB-QUEZON ADMIN                                  ,FA_TRAN             
0116-0010410300001       ,ASAHI WEIGHING SCALE 60KG                                   ,      3348.21,02/10/2026,STR. EQPT.          ,WEIGHING SCALE                                    ,         3,MFI-BREEDER SUBAYON BILAR     ,BSB-SUBAYON ADMIN                                 ,FAACQ               
0116-0010410300002       ,ASAHI WEIGHING SCALE 60KG                                   ,      3348.21,02/10/2026,STR. EQPT.          ,WEIGHING SCALE                                    ,         3,MFI-BREEDER SUBAYON BILAR     ,BSB-SUBAYON ADMIN                                 ,FAACQ               
0116-0010410300003       ,ASAHI WEIGHING SCALE 60KG                                   ,      3348.21,02/10/2026,STR. EQPT.          ,WEIGHING SCALE                                    ,         3,MFI-BREEDER SUBAYON BILAR     ,BSB-SUBAYON ADMIN                                 ,FAACQ               
0116-0010410300004       ,ASAHI WEIGHING SCALE 60KG                                   ,      3348.22,02/10/2026,STR. EQPT.          ,WEIGHING SCALE                                    ,         3,MFI-BREEDER SUBAYON BILAR     ,BSB-SUBAYON ADMIN                                 ,FAACQ               
0116-0010410300005       ,ASAHI WEIGHING SCALE 60KG                                   ,      3348.22,02/10/2026,STR. EQPT.          ,WEIGHING SCALE                                    ,         3,MFI-BREEDER SUBAYON BILAR     ,BSB-SUBAYON ADMIN                                 ,FAACQ               
0116-0013053000001       ,STANLEY FATMAX (20V MAX HAMMER DRILL)                       ,     13124.78,03/02/2026,TOOLS               ,DRILL                                             ,         5,MFI-BREEDER SUBAYON BILAR     ,BSB-SUBAYON ADMIN                                 ,FAACQ               
0116-0013129200001       ,PANATONE SMART TV 43""                                       ,     11606.25,03/10/2026,OFF. EQPT.          ,TV                                                ,         3,MFI-BREEDER SUBAYON BILAR     ,BSB-SUBAYON ADMIN                                 ,FAACQ               
0116-0002842500001       ,MONITOR LED ACER 21.5""                                      ,      3526.79,03/19/2026,OFF. EQPT.          ,MONITOR                                           ,         3,MFI-BREEDER SUBAYON BILAR     ,BSB-SUBAYON ADMIN                                 ,FAACQ               
0116-0000562900001       ,ALUMINUM LADDER A TYPE 8 STEPS                              ,      3750.00,03/17/2026,FUR. & FIXT.        ,LADDER-ALUMINUM                                   ,         3,MFI-BREEDER SUBAYON BILAR     ,BSB-SUBAYON ADMIN                                 ,FAACQ               
0116-0003460700001       ,GSAT HD SATELLITE                                           ,      2990.00,03/15/2026,STR. EQPT.          ,OTHERS                                            ,         3,MFI-BREEDER SUBAYON BILAR     ,BSB-SUBAYON ADMIN                                 ,FAACQ               
0116-0010302900001       ,NUTEX HANGING SCALE 10KLS CAPACITY                          ,      3950.00,03/26/2026,STR. EQPT.          ,WEIGHING SCALE                                    ,         1,MFI-BREEDER SUBAYON BILAR     ,BSB-SUBAYON ADMIN                                 ,FAACQ               
0116-0010302900002       ,NUTEX HANGING SCALE 10KLS CAPACITY                          ,      3950.00,03/26/2026,STR. EQPT.          ,WEIGHING SCALE                                    ,         1,MFI-BREEDER SUBAYON BILAR     ,BSB-SUBAYON ADMIN                                 ,FAACQ               
0116-0010302900003       ,NUTEX HANGING SCALE 10KLS CAPACITY                          ,      3950.00,03/26/2026,STR. EQPT.          ,WEIGHING SCALE                                    ,         1,MFI-BREEDER SUBAYON BILAR     ,BSB-SUBAYON ADMIN                                 ,FAACQ               
0116-0010302900004       ,NUTEX HANGING SCALE 10KLS CAPACITY                          ,      3950.00,03/26/2026,STR. EQPT.          ,WEIGHING SCALE                                    ,         1,MFI-BREEDER SUBAYON BILAR     ,BSB-SUBAYON ADMIN                                 ,FAACQ               
0116-0004262100001       ,MITS. FUSO FJ 1823R CS#:EZ685B                              ,   3035714.29,04/20/2026,TRNS. EQPT.         ,VEHICLE                                           ,        10,MFI-BREEDER SUBAYON BILAR     ,BSB-SUBAYON ADMIN                                 ,FAACQ               
0116-0004262100002       ,MITS. FUSO FJ1823R CS#:EZ684B                               ,   3035714.29,04/20/2026,TRNS. EQPT.         ,VEHICLE                                           ,        10,MFI-GP FARM                   ,GPF-ADMIN                                         ,FA_TRAN             
0041-0005191700001       ,BLOWER STANLEY                                              ,      2499.82,10/13/2025,TOOLS               ,TOOLS                                             ,         3,MFI-BREEDER SUBAYON BILAR     ,BSB-SUBAYON ADMIN                                 ,FA_TRAN             
0116-0007721400016       ,SALTER DIAL HANGING SCALE                                   ,      8500.00,04/27/2026,STR. EQPT.          ,WEIGHING SCALE                                    ,         3,MFI-BREEDER SUBAYON BILAR     ,BSB-SUBAYON ADMIN                                 ,FAACQ               
0116-0007721400017       ,SALTER DIAL HANGING SCALE                                   ,      8500.00,04/27/2026,STR. EQPT.          ,WEIGHING SCALE                                    ,         3,MFI-BREEDER SUBAYON BILAR     ,BSB-SUBAYON ADMIN                                 ,FAACQ               
0116-0007721400018       ,SALTER DIAL HANGING SCALE                                   ,      8500.00,04/27/2026,STR. EQPT.          ,WEIGHING SCALE                                    ,         3,MFI-BREEDER SUBAYON BILAR     ,BSB-SUBAYON ADMIN                                 ,FAACQ               
0116-0007721400019       ,SALTER DIAL HANGING SCALE                                   ,      8500.00,04/27/2026,STR. EQPT.          ,WEIGHING SCALE                                    ,         3,MFI-BREEDER SUBAYON BILAR     ,BSB-SUBAYON ADMIN                                 ,FAACQ               
0116-0007721400020       ,SALTER DIAL HANGING SCALE                                   ,      8500.00,04/27/2026,STR. EQPT.          ,WEIGHING SCALE                                    ,         3,MFI-BREEDER SUBAYON BILAR     ,BSB-SUBAYON ADMIN                                 ,FAACQ               
0116-0007721400021       ,SALTER DIAL HANGING SCALE                                   ,      8500.00,04/27/2026,STR. EQPT.          ,WEIGHING SCALE                                    ,         3,MFI-BREEDER SUBAYON BILAR     ,BSB-SUBAYON ADMIN                                 ,FAACQ               
0116-0010302900005       ,NUTEX HANGING SCALE 10KLS CAPACITY                          ,      3950.00,04/27/2026,STR. EQPT.          ,WEIGHING SCALE                                    ,         1,MFI-BREEDER RIZAL BILAR       ,BRB-RIZAL ADMIN                                   ,FA_TRAN             
0116-0010302900006       ,NUTEX HANGING SCALE 10KLS CAPACITY                          ,      3950.00,04/27/2026,STR. EQPT.          ,WEIGHING SCALE                                    ,         1,MFI-BREEDER SUBAYON BILAR     ,BSB-SUBAYON ADMIN                                 ,FAACQ               
0116-0010302900007       ,NUTEX HANGING SCALE 10KLS CAPACITY                          ,      3950.00,04/27/2026,STR. EQPT.          ,WEIGHING SCALE                                    ,         1,MFI-BREEDER SUBAYON BILAR     ,BSB-SUBAYON ADMIN                                 ,FAACQ               
0116-0010302900008       ,NUTEX HANGING SCALE 10KLS CAPACITY                          ,      3950.00,04/27/2026,STR. EQPT.          ,WEIGHING SCALE                                    ,         1,MFI-BREEDER SUBAYON BILAR     ,BSB-SUBAYON ADMIN                                 ,FAACQ               
0116-0010302900009       ,NUTEX HANGING SCALE 10KLS CAPACITY                          ,      3950.00,04/27/2026,STR. EQPT.          ,WEIGHING SCALE                                    ,         1,MFI-BREEDER RIZAL BILAR       ,BRB-RIZAL ADMIN                                   ,FA_TRAN             
0116-0010302900010       ,NUTEX HANGING SCALE 10KLS CAPACITY                          ,      3950.00,04/27/2026,STR. EQPT.          ,WEIGHING SCALE                                    ,         1,MFI-BREEDER SUBAYON BILAR     ,BSB-SUBAYON ADMIN                                 ,FAACQ               
0116-0010302900011       ,NUTEX HANGING SCALE 10KLS CAPACITY                          ,      3950.00,04/27/2026,STR. EQPT.          ,WEIGHING SCALE                                    ,         1,MFI-BREEDER SUBAYON BILAR     ,BSB-SUBAYON ADMIN                                 ,FAACQ               
0116-0010302900012       ,NUTEX HANGING SCALE 10KLS CAPACITY                          ,      3950.00,04/27/2026,STR. EQPT.          ,WEIGHING SCALE                                    ,         1,MFI-BREEDER RIZAL BILAR       ,BRB-RIZAL ADMIN                                   ,FA_TRAN             
0116-0010302900013       ,NUTEX HANGING SCALE 10KLS CAPACITY                          ,      3950.00,04/27/2026,STR. EQPT.          ,WEIGHING SCALE                                    ,         1,MFI-BREEDER SUBAYON BILAR     ,BSB-SUBAYON ADMIN                                 ,FAACQ               
0116-0010302900014       ,NUTEX HANGING SCALE 10KLS CAPACITY                          ,      3950.00,04/27/2026,STR. EQPT.          ,WEIGHING SCALE                                    ,         1,MFI-BREEDER SUBAYON BILAR     ,BSB-SUBAYON ADMIN                                 ,FAACQ               
0116-0013242300001       ,CONDURA CFRZR (CC50DCI 5CF)                                 ,     11690.18,04/23/2026,STR. EQPT.          ,FREEZER/CHILLER                                   ,         5,MFI-BREEDER SUBAYON BILAR     ,BSB-SUBAYON ADMIN                                 ,FAACQ               
0116-0013422000001       ,KYK 1/2 DRILL CORDLESS IMPACT DRIVER 20V                    ,      6213.57,05/11/2026,TOOLS               ,DRILL                                             ,         5,MFI-BREEDER SUBAYON BILAR     ,BSB-SUBAYON ADMIN                                 ,FAACQ               
0116-0007968400002       ,CPU SET CORE I3                                             ,     23839.29,05/18/2026,OFF. EQPT.          ,CPU                                               ,         3,MFI-BREEDER SUBAYON BILAR     ,BSB-SUBAYON ADMIN                                 ,FAACQ               
0116-0009697500001       ,ACER LED20 K202QBI 19.5"" LED MONITOR                        ,      3258.93,05/18/2026,OFF. EQPT.          ,MONITOR                                           ,         3,MFI-BREEDER SUBAYON BILAR     ,BSB-SUBAYON ADMIN                                 ,FAACQ               
0116-0013047900001       ,FUSO FJ1823R STEEL CHICK VAN BODY CS#:EZ684B                ,    303571.43,05/21/2026,TRNS. EQPT.         ,VEHICLE                                           ,        10,MFI-BREEDER SUBAYON BILAR     ,BSB-SUBAYON ADMIN                                 ,FAACQ               
0116-0013047900002       ,FUSO FJ1823R STEEL CHICK VAN BODY CS#:EZ685B                ,    303571.00,05/21/2026,TRNS. EQPT.         ,VEHICLE                                           ,        10,MFI-GP FARM                   ,GPF-ADMIN                                         ,FA_TRAN             
0116-0008000700001       ,LOCKER CABINET 4 DOORS                                      ,      8237.81,06/01/2026,FUR. & FIXT.        ,CABINET-STEEL                                     ,        10,MFI-BREEDER SUBAYON BILAR     ,BSB-SUBAYON ADMIN                                 ,FAACQ               
0116-0008000700002       ,LOCKER CABINET 4 DOORS                                      ,      8237.81,06/01/2026,FUR. & FIXT.        ,CABINET-STEEL                                     ,        10,MFI-BREEDER SUBAYON BILAR     ,BSB-SUBAYON ADMIN                                 ,FAACQ               
0041-0013320900006       ,SOCOREX VACCINATOR 1ML HOSE TYPE                            ,      4910.71,05/28/2026,STR. EQPT.          ,OTHERS                                            ,         3,MFI-BREEDER SUBAYON BILAR     ,BSB-SUBAYON ADMIN                                 ,FA_TRAN             
0041-0013320900007       ,SOCOREX VACCINATOR 1ML HOSE TYPE                            ,      4910.71,05/28/2026,STR. EQPT.          ,OTHERS                                            ,         3,MFI-BREEDER SUBAYON BILAR     ,BSB-SUBAYON ADMIN                                 ,FA_TRAN             
0041-0013320900008       ,SOCOREX VACCINATOR 1ML HOSE TYPE                            ,      4910.71,05/28/2026,STR. EQPT.          ,OTHERS                                            ,         3,MFI-BREEDER SUBAYON BILAR     ,BSB-SUBAYON ADMIN                                 ,FA_TRAN             
0041-0013320900009       ,SOCOREX VACCINATOR 1ML HOSE TYPE                            ,      4910.71,05/28/2026,STR. EQPT.          ,OTHERS                                            ,         3,MFI-BREEDER SUBAYON BILAR     ,BSB-SUBAYON ADMIN                                 ,FA_TRAN             
0041-0013320900010       ,SOCOREX VACCINATOR 1ML HOSE TYPE                            ,      4910.71,05/28/2026,STR. EQPT.          ,OTHERS                                            ,         3,MFI-BREEDER SUBAYON BILAR     ,BSB-SUBAYON ADMIN                                 ,FA_TRAN             
0116-0013481300001       ,CELLPHONE REDMI A7 PRO 8GB RAM 128GB STORAGE                ,      6124.12,06/09/2026,OFF. EQPT.          ,CELLPHONE                                         ,         3,MFI-BREEDER SUBAYON BILAR     ,BSB-SUBAYON ADMIN                                 ,FAACQ               
0116-0005926000006       ,8 PORTS POE SWITCH                                          ,      2607.54,06/16/2026,OFF. EQPT.          ,HUB & PORTS                                       ,         3,MFI-BREEDER SUBAYON BILAR     ,BSB-SUBAYON ADMIN                                 ,FAACQ               
0116-0005926000007       ,8 PORTS POE SWITCH                                          ,      2607.54,06/16/2026,OFF. EQPT.          ,HUB & PORTS                                       ,         3,MFI-BREEDER SUBAYON BILAR     ,BSB-SUBAYON ADMIN                                 ,FAACQ               
0116-0005926000008       ,8 PORTS POE SWITCH                                          ,      2607.54,06/16/2026,OFF. EQPT.          ,HUB & PORTS                                       ,         3,MFI-BREEDER SUBAYON BILAR     ,BSB-SUBAYON ADMIN                                 ,FAACQ               
0116-0005926000009       ,8 PORTS POE SWITCH                                          ,      2607.54,06/16/2026,OFF. EQPT.          ,HUB & PORTS                                       ,         3,MFI-BREEDER SUBAYON BILAR     ,BSB-SUBAYON ADMIN                                 ,FAACQ               
0116-0005926000010       ,8 PORTS POE SWITCH                                          ,      2607.54,06/16/2026,OFF. EQPT.          ,HUB & PORTS                                       ,         3,MFI-BREEDER SUBAYON BILAR     ,BSB-SUBAYON ADMIN                                 ,FAACQ               
0116-0008852600002       ,CCTV IP CAM: BULLET TYPE CAMERA 4MP(2.8MM)                  ,      4473.56,06/16/2026,STR. EQPT.          ,CCTV                                              ,         3,MFI-BREEDER SUBAYON BILAR     ,BSB-SUBAYON ADMIN                                 ,FAACQ               
0116-0010242200006       ,4MP 4MM DOME TYPE IP CAMERA (DS-2CD2143G2-IU                ,      4488.23,06/16/2026,STR. EQPT.          ,CAMERA                                            ,         3,MFI-BREEDER SUBAYON BILAR     ,BSB-SUBAYON ADMIN                                 ,FAACQ               
0116-0010242200007       ,4MP 4MM DOME TYPE IP CAMERA (DS-2CD2143G2-IU                ,      4488.23,06/16/2026,STR. EQPT.          ,CAMERA                                            ,         3,MFI-BREEDER SUBAYON BILAR     ,BSB-SUBAYON ADMIN                                 ,FAACQ               
0116-0010242200008       ,4MP 4MM DOME TYPE IP CAMERA (DS-2CD2143G2-IU                ,      4488.23,06/16/2026,STR. EQPT.          ,CAMERA                                            ,         3,MFI-BREEDER SUBAYON BILAR     ,BSB-SUBAYON ADMIN                                 ,FAACQ               
0116-0010242200009       ,4MP 4MM DOME TYPE IP CAMERA (DS-2CD2143G2-IU                ,      4488.23,06/16/2026,STR. EQPT.          ,CAMERA                                            ,         3,MFI-BREEDER SUBAYON BILAR     ,BSB-SUBAYON ADMIN                                 ,FAACQ               
0116-0010242200010       ,4MP 4MM DOME TYPE IP CAMERA (DS-2CD2143G2-IU                ,      4488.23,06/16/2026,STR. EQPT.          ,CAMERA                                            ,         3,MFI-BREEDER SUBAYON BILAR     ,BSB-SUBAYON ADMIN                                 ,FAACQ               
0116-0012290800003       ,8TB HDD (SUVIELLANCE HDD)PURPLE                             ,     16427.50,06/16/2026,                    ,SUPPLIES                                          ,         0,MFI-BREEDER SUBAYON BILAR     ,BSB-SUBAYON ADMIN                                 ,FAACQ               
0116-0012290800004       ,8TB HDD (SUVIELLANCE HDD)PURPLE                             ,     16427.50,06/16/2026,                    ,SUPPLIES                                          ,         0,MFI-BREEDER SUBAYON BILAR     ,BSB-SUBAYON ADMIN                                 ,FAACQ               
0116-0012806600002       ,CAT 6 UTP CABLE 4 PAIRS INDOOR(DS-1LN6U-G                   ,      6311.88,06/16/2026,                    ,SUPPLIES                                          ,         0,MFI-BREEDER SUBAYON BILAR     ,BSB-SUBAYON ADMIN                                 ,FAACQ               
0116-0012881600002       ,DS-7716NXI-I4/S NVR 16 CHANNEL 4K 2 SLOT HDD                ,     14576.15,06/16/2026,OFF. EQPT.          ,OTHERS                                            ,         3,MFI-BREEDER SUBAYON BILAR     ,BSB-SUBAYON ADMIN                                 ,FAACQ               
0116-0008740100001       ,RUIJIE RG-S2915-24GT4MS-P-L                                 ,     26482.14,06/16/2026,OTHER EQPT.         ,SWITCH                                            ,         3,MFI-BREEDER SUBAYON BILAR     ,BSB-SUBAYON ADMIN                                 ,FAACQ               
0116-0012636400001       ,RG-S2915-10GT2MS-P-L 10-PORT 1GE RJ45 LAYER 2+              ,     15758.93,06/16/2026,OFF. EQPT.          ,SWITCH                                            ,         3,MFI-BREEDER SUBAYON BILAR     ,BSB-SUBAYON ADMIN                                 ,FAACQ               
0116-0012636400002       ,RG-S2915-10GT2MS-P-L 10-PORT 1GE RJ45 LAYER 2+              ,     15758.93,06/16/2026,OFF. EQPT.          ,SWITCH                                            ,         3,MFI-BREEDER SUBAYON BILAR     ,BSB-SUBAYON ADMIN                                 ,FAACQ               
0116-0013160200001       ,WSP-056-WEICHAI FEED PUMP FOR 350HP/450HP MARINE            ,      4680.00,06/16/2026,MACH. & EQPT.       ,PUMP                                              ,         5,MFI-BREEDER SUBAYON BILAR     ,BSB-SUBAYON ADMIN                                 ,FAACQ               
0116-0012190600001       ,AWP TRUE ONLINE DOUBLE CONVERSION UPS                       ,    101785.71,06/23/2026,OFF. EQPT.          ,UPS                                               ,         5,MFI-BREEDER SUBAYON BILAR     ,BSB-SUBAYON ADMIN                                 ,FAACQ               
0041-0011081200001       ,CARRIER A/C WCARZ006EC/EC1                                  ,     10601.79,04/30/2026,MACH. & EQPT.       ,AIRCON                                            ,         5,MFI-BREEDER SUBAYON BILAR     ,BSB-SUBAYON ADMIN                                 ,FA_TRAN             
0041-0011081200002       ,CARRIER A/C WCARZ006EC/EC1                                  ,     10601.79,04/30/2026,MACH. & EQPT.       ,AIRCON                                            ,         5,MFI-BREEDER SUBAYON BILAR     ,BSB-SUBAYON ADMIN                                 ,FA_TRAN             
0116-0012723100001       ,STEEL LOCKER CABINET 9 DOORS                                ,     17232.14,07/13/2026,FUR. & FIXT.        ,LOCKER                                            ,        10,MFI-BREEDER SUBAYON BILAR     ,BSB-SUBAYON ADMIN                                 ,FAACQ               
0116-0012202700001       ,SANYANG WOODEN DOUBLE DECK                                  ,     12531.70,07/13/2026,FUR. & FIXT.        ,BED                                               ,         5,MFI-BREEDER SUBAYON BILAR     ,BSB-SUBAYON ADMIN                                 ,FAACQ               
0116-0012202700002       ,SANYANG WOODEN DOUBLE DECK                                  ,     12531.70,07/13/2026,FUR. & FIXT.        ,BED                                               ,         5,MFI-BREEDER SUBAYON BILAR     ,BSB-SUBAYON ADMIN                                 ,FAACQ               
FAD-0026-00045423000     ,CISCO IP PHONE 7821                                         ,      7738.10,03/17/2026,OFF. EQPT.          ,TELEPHONE                                         ,         3,MFI-BREEDER SUBAYON BILAR     ,BSB-SUBAYON ADMIN                                 ,FA_TRAN             
0116-0013590000001       ,CARRIER A/C WCART006EEV 0.5HP                               ,     12053.57,08/06/2026,MACH. & EQPT.       ,AIRCON                                            ,         5,MFI-GP FARM                   ,GPF-ADMIN                                         ,FA_TRAN             
0116-0013590000002       ,CARRIER A/C WCART006EEV 0.5HP                               ,     12053.57,08/06/2026,MACH. & EQPT.       ,AIRCON                                            ,         5,MFI-GP FARM                   ,GPF-ADMIN                                         ,FA_TRAN             
0116-0013578600001       ,AOPEN 20E0Q BI 19.5"" WIDE LED MONITOR 7H WLMNT              ,      2991.07,08/12/2026,OFF. EQPT.          ,MONITOR                                           ,         3,MFI-BREEDER SUBAYON BILAR     ,BSB-SUBAYON ADMIN                                 ,FAACQ               
0116-0006401900001       ,MAKITA 7650H MIST BLOWER                                    ,     33750.00,08/24/2026,MACH. & EQPT.       ,MACHINE                                           ,         5,MFI-BREEDER SUBAYON BILAR     ,BSB-SUBAYON ADMIN                                 ,FAACQ               
0116-0006401900002       ,MAKITA 7650H MIST BLOWER                                    ,     33750.00,08/24/2026,MACH. & EQPT.       ,MACHINE                                           ,         5,MFI-BREEDER SUBAYON BILAR     ,BSB-SUBAYON ADMIN                                 ,FAACQ               
0116-0006401900003       ,MAKITA 7650H MIST BLOWER                                    ,     33750.00,08/24/2026,MACH. & EQPT.       ,MACHINE                                           ,         5,MFI-BREEDER SUBAYON BILAR     ,BSB-SUBAYON ADMIN                                 ,FAACQ               
0116-0006401900004       ,MAKITA 7650H MIST BLOWER                                    ,     33750.00,08/24/2026,MACH. & EQPT.       ,MACHINE                                           ,         5,MFI-BREEDER SUBAYON BILAR     ,BSB-SUBAYON ADMIN                                 ,FAACQ               
0118-0008284400001       ,BIOMETRICS ZKTECO SILKFP-101TA                              ,     14508.93,07/31/2023,STR. EQPT.          ,BIOMETRICS                                        ,         3,MFI-BREEDER SUBAYON BILAR     ,BSB-SUBAYON ADMIN                                 ,FA_TRAN             
0116-0010356100001       ,EUROBEST WATER DISPENSER HOT & COLD                         ,      3484.00,09/03/2026,STR. EQPT.          ,DISPENSER                                         ,         3,MFI-BREEDER SUBAYON BILAR     ,BSB-SUBAYON ADMIN                                 ,FAACQ               
