barcode,desc,acost,adate,cat_type,locname,dept,status
FAD-0026-0009620800001   ,EPSON SCANNER WF DS6500                                     ,53209.82000,02/22/2024,SCANNER                                           ,HEAD OFFICE                             ,HO-FS PROCESS AUDIT DEPARTMENT                    ,FAACQ               
FAD-0026-0009084000001   ,ZYCOO IP PHONE UNIT/COOFONE K2P                             ,2678.57000 ,02/28/2024,TELEPHONE                                         ,HEAD OFFICE                             ,HO-INFORMATION TECHNOLOGY                         ,FAACQ               
FAD-0026-0009084000002   ,ZYCOO IP PHONE UNIT/COOFONE K2P                             ,2678.57000 ,02/28/2024,TELEPHONE                                         ,HEAD OFFICE                             ,HO-INFORMATION TECHNOLOGY                         ,FAACQ               
FAD-0026-0009084000003   ,ZYCOO IP PHONE UNIT/COOFONE K2P                             ,2678.57000 ,02/28/2024,TELEPHONE                                         ,HEAD OFFICE                             ,HO-INFORMATION TECHNOLOGY                         ,FAACQ               
FAD-0026-0009084000004   ,ZYCOO IP PHONE UNIT/COOFONE K2P                             ,2678.57000 ,02/28/2024,TELEPHONE                                         ,HEAD OFFICE                             ,HO-INFORMATION TECHNOLOGY                         ,FAACQ               
FAD-0026-0009084000005   ,ZYCOO IP PHONE UNIT/COOFONE K2P                             ,2678.57000 ,02/28/2024,TELEPHONE                                         ,HEAD OFFICE                             ,HO-INFORMATION TECHNOLOGY                         ,FAACQ               
FAD-0026-0009084000006   ,ZYCOO IP PHONE UNIT/COOFONE K2P                             ,2678.57000 ,02/28/2024,TELEPHONE                                         ,HEAD OFFICE                             ,HO-INFORMATION TECHNOLOGY                         ,FAACQ               
FAD-0026-0009084000007   ,ZYCOO IP PHONE UNIT/COOFONE K2P                             ,2678.57000 ,02/28/2024,TELEPHONE                                         ,HEAD OFFICE                             ,HO-INFORMATION TECHNOLOGY                         ,FAACQ               
FAD-0026-0009084000008   ,ZYCOO IP PHONE UNIT/COOFONE K2P                             ,2678.57000 ,02/28/2024,TELEPHONE                                         ,HEAD OFFICE                             ,HO-INFORMATION TECHNOLOGY                         ,FAACQ               
FAD-0026-0009084000009   ,ZYCOO IP PHONE UNIT/COOFONE K2P                             ,2678.57000 ,02/28/2024,TELEPHONE                                         ,HEAD OFFICE                             ,HO-INFORMATION TECHNOLOGY                         ,FAACQ               
FAD-0026-0009084000010   ,ZYCOO IP PHONE UNIT/COOFONE K2P                             ,2678.57000 ,02/28/2024,TELEPHONE                                         ,HEAD OFFICE                             ,HO-INFORMATION TECHNOLOGY                         ,FAACQ               
FAD-0026-0009311800001   ,2.8MM 4MP DOME IPC  (HWI-D140H HIKVISION)                   ,2300       ,01/22/2024,CCTV                                              ,HEAD OFFICE                             ,HO-INFORMATION TECHNOLOGY                         ,FAACQ               
FAD-0026-0008284400001   ,BIOMETRICS ZKTECO SILKFP-101TA                              ,14508.93000,01/17/2024,BIOMETRICS                                        ,HEAD OFFICE                             ,HO-CEBU OFFICE EXTENSION                          ,FAACQ               
FAD-0026-0009504800001   ,CARRIER A/C 53CFM ASC STD4HP                                ,75150      ,02/05/2024,AIRCON                                            ,HEAD OFFICE                             ,HO-LEGAL DEPARTMENT                               ,FAACQ               
FAD-0026-0009559300001   ,IPHONE 15 PRO MAX 256GB                                     ,72758.93000,02/01/2024,CELLPHONE                                         ,HEAD OFFICE                             ,HO-LEGAL DEPARTMENT                               ,FAACQ               
FAD-0026-0009341000001   ,CARRIER A/C FP53DFECAR006 5TR                               ,142408.9300,01/18/2024,AIRCON                                            ,HEAD OFFICE                             ,HO-INFORMATION TECHNOLOGY                         ,FAACQ               
FAD-0026-0009544200001   ,MAKITA 199994-5 18V LXT BATTERY AND CHARGER                 ,4919.64000 ,03/01/2024,MACHINE TOOLS                                     ,HEAD OFFICE                             ,HO-ENGINEERING                                    ,FAACQ               
FAD-0028-0009759500001   ,SAMSUNG GALAXY S24 ULTR                                     ,75883.93000,03/15/2024,CELLPHONE                                         ,CENTRAL DISTRIBUTION CENTER             ,CDC-RETAIL 1 GROCERY                              ,FAACQ               
FAD-0028-0004302600001   ,DELL E2020H 19.45"" WIDESCREEN FLAT PANEL MONITOR            ,4641.77000 ,03/25/2024,MONITOR                                           ,CENTRAL DISTRIBUTION CENTER             ,CDC-RETAIL 1 GROCERY                              ,FAACQ               
FAD-0028-0004302600002   ,DELL E2020H 19.45"" WIDESCREEN FLAT PANEL MONITOR            ,4641.77000 ,03/25/2024,MONITOR                                           ,CENTRAL DISTRIBUTION CENTER             ,CDC-RETAIL 1 GROCERY                              ,FAACQ               
FAD-0028-0004302600003   ,DELL E2020H 19.45"" WIDESCREEN FLAT PANEL MONITOR            ,4641.77000 ,03/25/2024,MONITOR                                           ,CENTRAL DISTRIBUTION CENTER             ,CDC-RETAIL 1 GROCERY                              ,FAACQ               
FAD-0028-0004302600004   ,DELL E2020H 19.45"" WIDESCREEN FLAT PANEL MONITOR            ,4641.77000 ,03/25/2024,MONITOR                                           ,CENTRAL DISTRIBUTION CENTER             ,CDC-RETAIL 1 GROCERY                              ,FAACQ               
FAD-0028-0004302600005   ,DELL E2020H 19.45"" WIDESCREEN FLAT PANEL MONITOR            ,4641.77000 ,03/25/2024,MONITOR                                           ,CENTRAL DISTRIBUTION CENTER             ,CDC-RETAIL 1 GROCERY                              ,FAACQ               
FAD-0028-0009739700001   ,DELL OPTIPLEX 7010 SFF 12TH GEN CORE I5                     ,41215.38000,03/25/2024,COMPUTER                                          ,CENTRAL DISTRIBUTION CENTER             ,CDC-RETAIL 1 GROCERY                              ,FAACQ               
FAD-0028-0009739700002   ,DELL OPTIPLEX 7010 SFF 12TH GEN CORE I5                     ,41215.38000,03/25/2024,COMPUTER                                          ,CENTRAL DISTRIBUTION CENTER             ,CDC-RETAIL 1 GROCERY                              ,FAACQ               
FAD-0028-0009739700003   ,DELL OPTIPLEX 7010 SFF 12TH GEN CORE I5                     ,41215.38000,03/25/2024,COMPUTER                                          ,CENTRAL DISTRIBUTION CENTER             ,CDC-RETAIL 1 GROCERY                              ,FAACQ               
FAD-0028-0009739700004   ,DELL OPTIPLEX 7010 SFF 12TH GEN CORE I5                     ,41215.38000,03/25/2024,COMPUTER                                          ,CENTRAL DISTRIBUTION CENTER             ,CDC-RETAIL 1 GROCERY                              ,FAACQ               
FAD-0028-0009739700005   ,DELL OPTIPLEX 7010 SFF 12TH GEN CORE I5                     ,41215.38000,03/25/2024,COMPUTER                                          ,CENTRAL DISTRIBUTION CENTER             ,CDC-RETAIL 1 GROCERY                              ,FAACQ               
FAD-0026-0009678700001   ,FORD EVEREST SPORTS CS#:CK568A PL#:GBF-2555                 ,1927678.570,03/25/2024,VEHICLE                                           ,PHARMACY GROUP                          ,HO-PHARMACY GROUP                                 ,FAACQ               
FAD-0026-0009468800001   ,TOYOTA INNOVA MT CS#:IZ586A PL#:GBC-6631                    ,1121428.570,04/02/2024,VEHICLE                                           ,HEAD OFFICE                             ,HO-ADMIN                                          ,FAACQ               
FAD-0026-0009544000001   ,MAKITA DRV250Z 18 V CORDLESS BRUSHLESS S#6581E              ,43687.68000,04/02/2024,MACHINE TOOLS                                     ,HEAD OFFICE                             ,HO-ENGINEERING                                    ,FAACQ               
FAD-0026-0009815000001   ,TAB SAMSUNG GALAXY A9 WIFI 4+64GB                           ,6991.25000 ,04/02/2024,CELLPHONE                                         ,PHARMACY GROUP                          ,PHARMACY DISTRIBUTION CENTER                      ,FA_TRAN             
FAD-0026-0009815000002   ,TAB SAMSUNG GALAXY A9 WIFI 4+64GB                           ,6991.25000 ,04/02/2024,CELLPHONE                                         ,PHARMACY GROUP                          ,PHARMACY DISTRIBUTION CENTER                      ,FA_TRAN             
FAD-0026-0009815000003   ,TAB SAMSUNG GALAXY A9 WIFI 4+64GB                           ,6991.25000 ,04/02/2024,CELLPHONE                                         ,PHARMACY GROUP                          ,PHARMACY DISTRIBUTION CENTER                      ,FA_TRAN             
FAD-0026-0009815000004   ,TAB SAMSUNG GALAXY A9 WIFI 4+64GB                           ,6991.25000 ,04/02/2024,CELLPHONE                                         ,PHARMACY GROUP                          ,PHARMACY DISTRIBUTION CENTER                      ,FA_TRAN             
FAD-0026-0009815000005   ,TAB SAMSUNG GALAXY A9 WIFI 4+64GB                           ,6991.25000 ,04/02/2024,CELLPHONE                                         ,PHARMACY GROUP                          ,PHARMACY DISTRIBUTION CENTER                      ,FA_TRAN             
FAD-0026-0009815000006   ,TAB SAMSUNG GALAXY A9 WIFI 4+64GB                           ,6991.25000 ,04/02/2024,CELLPHONE                                         ,PHARMACY GROUP                          ,PHARMACY DISTRIBUTION CENTER                      ,FA_TRAN             
FAD-0026-0008910100001   ,24 PORTS POE SWITCH (RG-S2915-24GT4MS-P-L)                  ,29285.71000,05/26/2026,ELECTRICAL PARTS                                  ,HEAD OFFICE                             ,HO-ICM ACCOUNTING DEPARTMENT                      ,FAACQ               
FAD-0026-0003788100001   ,WELDING CUTTING OUTFIT HARRIS HD 500 AA1940                 ,14285.71000,05/26/2026,OTHERS                                            ,HEAD OFFICE                             ,HO-ENGINEERING                                    ,FAACQ               
FAD-0026-0010012600001   ,HUAWEI NOVA 12SE                                            ,13838.39000,05/26/2026,CELLPHONE                                         ,HEAD OFFICE                             ,HO-FINANCE DEPARTMENT                             ,FAACQ               
FAD-0026-0009900800001   ,FUJIDENZO AIRCOOLR FEA7000 90L                              ,17366.07000,05/26/2026,COOLER                                            ,HEAD OFFICE                             ,HO-INFORMATION TECHNOLOGY                         ,FAACQ               
FAD-0026-0009900800002   ,FUJIDENZO AIRCOOLR FEA7000 90L                              ,17366.07000,05/26/2026,COOLER                                            ,HEAD OFFICE                             ,HO-INFORMATION TECHNOLOGY                         ,FAACQ               
FAD-0026-0009100400001   ,CARRIER A/C FP53DFECAR004 3TR                               ,84395.54000,05/26/2026,AIRCON                                            ,HEAD OFFICE                             ,HO-ADMIN                                          ,FAACQ               
FAD-0026-0009100400002   ,CARRIER A/C FP53DFECAR004 3TR                               ,84395.54000,05/26/2026,AIRCON                                            ,HEAD OFFICE                             ,HO-ADMIN                                          ,FAACQ               
FAD-0026-0010183000001   ,OPPO A38                                                    ,6249.11000 ,05/26/2026,CELLPHONE                                         ,HEAD OFFICE                             ,HO-INFORMATION TECHNOLOGY                         ,FAACQ               
FAD-0026-0010183000002   ,OPPO A38                                                    ,6249.11000 ,05/26/2026,CELLPHONE                                         ,HEAD OFFICE                             ,HO-INFORMATION TECHNOLOGY                         ,FAACQ               
FAD-0026-0000700100001   ,STEEL CABINET 5 DRAWER VERTICAL HERMACO                     ,9732.14000 ,06/27/2024,CABINET                                           ,HEAD OFFICE                             ,HO-FINANCE DEPARTMENT                             ,FAACQ               
FAD-0026-0000700100002   ,STEEL CABINET 5 DRAWER VERTICAL HERMACO                     ,9732.14000 ,06/27/2024,CABINET                                           ,HEAD OFFICE                             ,HO-FINANCE DEPARTMENT                             ,FAACQ               
FAD-0026-0000700100003   ,STEEL CABINET 5 DRAWER VERTICAL HERMACO                     ,9732.14000 ,06/27/2024,CABINET                                           ,HEAD OFFICE                             ,HO-FINANCE DEPARTMENT                             ,FAACQ               
FAD-0028-0007165300001   ,TOYOTA INNOVA ZENIX CS#:LI381A PL#:GNW-1421                 ,1748214    ,06/28/2024,VEHICLE                                           ,CENTRAL DISTRIBUTION CENTER             ,CDC-RETAIL 1 GROCERY                              ,FAACQ               
FAD-0026-0009879800001   ,TOYOTA HIACE GRANDIA TOURER CS#:LJ019A PL#:GBE-8091         ,2227678.570,06/28/2024,VEHICLE                                           ,HEAD OFFICE                             ,HO-ADMIN                                          ,FAACQ               
FAD-0026-0008858500001   ,141032 CARRIER A/C WCARZ010EC/EC 1 1HP                      ,14721.43000,07/10/2024,AIRCON                                            ,HEAD OFFICE                             ,HO-CEBU OFFICE EXTENSION                          ,FAACQ               
FAD-0026-0008858500002   ,141032 CARRIER A/C WCARZ010EC/EC 1 1HP                      ,14721.43000,07/10/2024,AIRCON                                            ,HEAD OFFICE                             ,HO-CEBU OFFICE EXTENSION                          ,FAACQ               
FAD-0026-0010197000001   ,TPLINK SG1008MP 8PORT GIGABIT                               ,5348.22000 ,07/11/2024,SWITCH                                            ,HEAD OFFICE                             ,HO-FS PROCESS AUDIT DEPARTMENT                    ,FAACQ               
FAD-0026-0010197200001   ,TPLINK ARCHER AX53 AX3000 WIFI-6 DUAL BAND GIGABIT          ,2848.21000 ,07/11/2024,ROUTER                                            ,HEAD OFFICE                             ,HO-FS PROCESS AUDIT DEPARTMENT                    ,FAACQ               
FAD-0026-0009880200001   ,XIAOMI PAD 6                                                ,19641.96000,07/12/2024,TABLET                                            ,HEAD OFFICE                             ,HO-INFORMATION TECHNOLOGY                         ,FAACQ               
FAD-0026-0004288200001   ,FUJIDENZO REF RBT 35SL 3.5CF                                ,8035.71000 ,07/25/2024,REFRIGERATOR                                      ,HEAD OFFICE                             ,HO-ADMIN                                          ,FAACQ               
FAD-0026-0009404700001   ,FUJIDENZO H&C DISP FWD 1524W                                ,6607.14000 ,07/25/2024,DISPENSER                                         ,HEAD OFFICE                             ,HO-ADMIN                                          ,FAACQ               
FAD-0026-0010241900001   ,TV SAMSUNG UHD UA43DU7000GXXP                               ,19553.57000,07/25/2024,TV                                                ,HEAD OFFICE                             ,HO-ADMIN                                          ,FAACQ               
FAD-0026-0010242000001   ,CARRIER A/C WCARH009EEVC2 1 HP                              ,22321.43000,07/25/2024,AIRCON                                            ,HEAD OFFICE                             ,HO-ADMIN                                          ,FAACQ               
FAD-0024-0010204400001   ,REDMI A3 4+128   FOREST  GREEN                              ,3570.54000 ,07/26/2024,CELLPHONE                                         ,WHOLESALE DISTRIBUTION GROUP            ,WDG-JAGNA WAREHOUSE (LOOC)                        ,FAACQ               
FAD-0026-0000209700001   ,PRESSURE WASHER PUMP                                        ,3571.43000 ,07/31/2024,PRESSURE WASHER                                   ,HEAD OFFICE                             ,HO-ENGINEERING                                    ,FAACQ               
FAD-0026-0000209700002   ,PRESSURE WASHER PUMP                                        ,3571.43000 ,07/31/2024,PRESSURE WASHER                                   ,HEAD OFFICE                             ,HO-ENGINEERING                                    ,FAACQ               
FAD-0026-0008910100002   ,24 PORTS POE SWITCH (RG-S2915-24GT4MS-P-L)                  ,25000      ,07/31/2024,ELECTRICAL PARTS                                  ,HEAD OFFICE                             ,HO-ADMIN                                          ,FAACQ               
FAD-0026-0008910100003   ,24 PORTS POE SWITCH (RG-S2915-24GT4MS-P-L)                  ,25000      ,07/31/2024,ELECTRICAL PARTS                                  ,HEAD OFFICE                             ,HO-ADMIN                                          ,FAACQ               
FAD-0026-0009855900002   ,TOYOTA LAND CRUISER PRADO CS#:OK323A PL#:GBF-1606           ,4299107.140,08/01/2024,VEHICLE                                           ,HEAD OFFICE                             ,HO-ADMIN                                          ,FAACQ               
FAD-0026-0010196100001   ,VERTICAL PDU 12 PORTS                                       ,11607.14000,08/06/2024,OTHERS                                            ,HEAD OFFICE                             ,HO-ADMIN                                          ,FAACQ               
FAD-0026-0010196100002   ,VERTICAL PDU 12 PORTS                                       ,11607.14000,08/06/2024,OTHERS                                            ,HEAD OFFICE                             ,HO-ADMIN                                          ,FAACQ               
FAD-0026-0010196100003   ,VERTICAL PDU 12 PORTS                                       ,11607.14000,08/06/2024,OTHERS                                            ,HEAD OFFICE                             ,HO-ADMIN                                          ,FAACQ               
FAD-0026-0010196100004   ,VERTICAL PDU 12 PORTS                                       ,11607.14000,08/06/2024,OTHERS                                            ,HEAD OFFICE                             ,HO-ADMIN                                          ,FAACQ               
FAD-0026-0010196100005   ,VERTICAL PDU 12 PORTS                                       ,11607.14000,08/06/2024,OTHERS                                            ,HEAD OFFICE                             ,HO-ADMIN                                          ,FAACQ               
FAD-0026-0010196100006   ,VERTICAL PDU 12 PORTS                                       ,11607.14000,08/06/2024,OTHERS                                            ,HEAD OFFICE                             ,HO-ADMIN                                          ,FAACQ               
FAD-0026-0010196100007   ,VERTICAL PDU 12 PORTS                                       ,11607.14000,08/06/2024,OTHERS                                            ,HEAD OFFICE                             ,HO-ADMIN                                          ,FAACQ               
FAD-0026-0010196100008   ,VERTICAL PDU 12 PORTS                                       ,11607.14000,08/06/2024,OTHERS                                            ,HEAD OFFICE                             ,HO-ADMIN                                          ,FAACQ               
FAD-0026-0010196100009   ,VERTICAL PDU 12 PORTS                                       ,11607.14000,08/06/2024,OTHERS                                            ,HEAD OFFICE                             ,HO-ADMIN                                          ,FAACQ               
FAD-0026-0010196100010   ,VERTICAL PDU 12 PORTS                                       ,11607.14000,08/06/2024,OTHERS                                            ,HEAD OFFICE                             ,HO-ADMIN                                          ,FAACQ               
FAD-0026-0010196100011   ,VERTICAL PDU 12 PORTS                                       ,11607.14000,08/06/2024,OTHERS                                            ,HEAD OFFICE                             ,HO-ADMIN                                          ,FAACQ               
FAD-0026-0010196100012   ,VERTICAL PDU 12 PORTS                                       ,11607.14000,08/06/2024,OTHERS                                            ,HEAD OFFICE                             ,HO-ADMIN                                          ,FAACQ               
FAD-0026-0004542300001   ,CISCO IP PHONE 7821                                         ,9241.07000 ,08/12/2024,TELEPHONE                                         ,CENTRAL DISTRIBUTION CENTER             ,CDC-RETAIL 1 GROCERY                              ,FA_TRAN             
FAD-0026-0004542300002   ,CISCO IP PHONE 7821                                         ,9241.07000 ,08/12/2024,TELEPHONE                                         ,ASC MAIN                                ,ASCM-CUSTOMER SERVICE                             ,FA_TRAN             
FAD-0026-0004542300003   ,CISCO IP PHONE 7821                                         ,9241.07000 ,08/12/2024,TELEPHONE                                         ,MFI-ORTIGAS FARM                        ,MFI-ORTIGAS FARM ADMIN                            ,FA_TRAN             
FAD-0026-0004542300004   ,CISCO IP PHONE 7821                                         ,9241.07000 ,08/12/2024,TELEPHONE                                         ,MFI-MARIBOJOC FARM                      ,MFI-MARIBOJOC ADMIN                               ,FA_TRAN             
FAD-0026-0004542300005   ,CISCO IP PHONE 7821                                         ,9241.07000 ,08/12/2024,TELEPHONE                                         ,COLONNADE MOHON                         ,TALISAY MOHON-ADMIN                               ,FA_TRAN             
FAD-0026-0004542300006   ,CISCO IP PHONE 7821                                         ,9241.07000 ,08/12/2024,TELEPHONE                                         ,CENTRAL DISTRIBUTION CENTER             ,CDC-RETAIL 1 GROCERY                              ,FA_TRAN             
FAD-0026-0004542300007   ,CISCO IP PHONE 7821                                         ,9241.07000 ,08/12/2024,TELEPHONE                                         ,HEAD OFFICE                             ,HO-INFORMATION TECHNOLOGY                         ,FAACQ               
FAD-0026-0004542300008   ,CISCO IP PHONE 7821                                         ,9241.07000 ,08/12/2024,TELEPHONE                                         ,ASC TALIBON                             ,ASCT-CUSTOMER FINANCIAL SERVICES                  ,FA_TRAN             
FAD-0026-0004542300009   ,CISCO IP PHONE 7821                                         ,9241.07000 ,08/12/2024,TELEPHONE                                         ,HEAD OFFICE                             ,HO-INFORMATION TECHNOLOGY                         ,FAACQ               
FAD-0026-0004542300010   ,CISCO IP PHONE 7821                                         ,9241.07000 ,08/12/2024,TELEPHONE                                         ,HEAD OFFICE                             ,HO-INFORMATION TECHNOLOGY                         ,FAACQ               
FAD-0026-0008910100004   ,24 PORTS POE SWITCH (RG-S2915-24GT4MS-P-L)                  ,26696.43000,08/20/2024,ELECTRICAL PARTS                                  ,HEAD OFFICE                             ,HO-INFORMATION TECHNOLOGY                         ,FAACQ               
FAD-0026-0009781500001   ,RUIJIE RG-S2915-24GT4MS-L                                   ,15178.57000,08/20/2024,SWITCH                                            ,HEAD OFFICE                             ,HO-INFORMATION TECHNOLOGY                         ,FAACQ               
FAD-0026-0010197100001   ,MERCUSYS MR90X AX6000 DUAL BAND WIFI 6 ROUTER               ,6250       ,08/20/2024,ROUTER                                            ,HEAD OFFICE                             ,HO-ADMIN                                          ,FAACQ               
FAD-0024-0007418000001   ,MITS. FUSO FIV1P 6W CS#:H0F501 PL#:GBF-6599                 ,2214285.710,08/21/2024,VEHICLE                                           ,WHOLESALE DISTRIBUTION GROUP            ,WDG-UBAY                                          ,FAACQ               
FAD-0024-0007418000002   ,MITS. FUSO FIV1P 6W CS#:H0F502 PL#:GBF-3469                 ,2214285.720,08/21/2024,VEHICLE                                           ,WHOLESALE DISTRIBUTION GROUP            ,WDG-UBAY                                          ,FAACQ               
FAD-0024-0007418000003   ,MITS. FUSO FIV1P 6W CS#:H0F503 PL#:GBF-3470                 ,2214285.710,08/21/2024,VEHICLE                                           ,WHOLESALE DISTRIBUTION GROUP            ,WDG-LOGISTICS                                     ,FAACQ               
FAD-0026-0010212300001   ,SONY UHD KD 43X75K                                          ,21160.71000,08/21/2024,TV                                                ,HEAD OFFICE                             ,HO-MARKETING                                      ,FAACQ               
FAD-0026-0010212300002   ,SONY UHD KD 43X75K                                          ,21160.71000,08/21/2024,TV                                                ,HEAD OFFICE                             ,HO-MARKETING                                      ,FAACQ               
FAD-0026-0010212300003   ,SONY UHD KD 43X75K                                          ,21160.71000,08/21/2024,TV                                                ,HEAD OFFICE                             ,HO-MARKETING                                      ,FAACQ               
FAD-0008-0001546900005   ,NICHIYU HAND PALLET TRUCK                                   ,31250      ,07/22/2024,PALLET TRUCK                                      ,WHOLESALE DISTRIBUTION GROUP            ,WDG-FIXRITE WHOLESALE                             ,FA_TRAN             
FAD-0026-0010213400002   ,COASERCO TV BRACKET ASC400                                  ,1339.29000 ,08/21/2024,BRACKET                                           ,HEAD OFFICE                             ,HO-MARKETING                                      ,FAACQ               
FAD-0026-0010213400003   ,COASERCO TV BRACKET ASC400                                  ,1339.29000 ,08/21/2024,BRACKET                                           ,HEAD OFFICE                             ,HO-MARKETING                                      ,FAACQ               
FAD-0026-0009217400001   ,CARRIER STANDARD 42/38CAC OPTIMA INVERTER                   ,32625      ,08/27/2024,AIRCON                                            ,HEAD OFFICE                             ,HO-FS PROCESS AUDIT DEPARTMENT                    ,FAACQ               
FAD-0026-0009931200001   ,CARRIER A/C FP53CAC024308 2.5                               ,51315.18000,09/03/2024,AIRCON                                            ,HEAD OFFICE                             ,HO-FS PROCESS AUDIT DEPARTMENT                    ,FAACQ               
FAD-0028-0009848100001   ,BROTHER DCP-L2640DW 3IN1 MONOCHROME LASER PRINTER           ,10669.64000,09/06/2024,PRINTER                                           ,CENTRAL DISTRIBUTION CENTER             ,CDC-RETAIL 1 GROCERY                              ,FAACQ               
FAD-0026-0010476700001   ,HAMMER DRILL DEWALT  DCD7781D2-B1                           ,10356.25000,09/12/2024,DRILL                                             ,HEAD OFFICE                             ,HO-ENGINEERING                                    ,FAACQ               
FAD-0026-0010476700002   ,HAMMER DRILL DEWALT  DCD7781D2-B1                           ,10356.25000,09/12/2024,DRILL                                             ,HEAD OFFICE                             ,HO-ENGINEERING                                    ,FAACQ               
FAD-0026-0010386500001   ,TOYOTA INNOVA XE CS#:RF303A PL#:GBD-8314                    ,1191964.290,09/13/2024,VEHICLE                                           ,HEAD OFFICE                             ,HO-MANILA OFFICE EXTENSION                        ,FAACQ               
FAD-0028-0010420300001   ,CPU INTEL CORE I7 12700                                     ,54464.29000,09/13/2024,COMPUTER                                          ,CENTRAL DISTRIBUTION CENTER             ,CDC-RETAIL 1 GROCERY                              ,FAACQ               
FAD-0028-0010427100001   ,AOC 27G15N 27"" FHD VA GAMING MONITOR 180HZ WLMNT            ,7991.07000 ,09/13/2024,MONITOR                                           ,CENTRAL DISTRIBUTION CENTER             ,CDC-RETAIL 1 GROCERY                              ,FAACQ               
FAD-0026-0010338500001   ,SOPHOS XGS 126                                              ,142857.1400,09/23/2024,SOFTWARE                                          ,HEAD OFFICE                             ,HO-INFORMATION TECHNOLOGY                         ,FAACQ               
FAD-0026-0009852700001   ,FLASH STORAGE 22TB                                          ,3569190.790,09/23/2024,STORAGE                                           ,HEAD OFFICE                             ,HO-INFORMATION TECHNOLOGY                         ,FAACQ               
FAD-0026-0009852900001   ,CORESWITCH                                                  ,164418.5700,09/23/2024,SWITCH                                            ,HEAD OFFICE                             ,HO-INFORMATION TECHNOLOGY                         ,FAACQ               
FAD-0026-0009852900002   ,CORESWITCH                                                  ,164418.5700,09/23/2024,SWITCH                                            ,HEAD OFFICE                             ,HO-INFORMATION TECHNOLOGY                         ,FAACQ               
FAD-0026-0009854500001   ,VMWARE LICENSES                                             ,4549.05000 ,09/23/2024,SOFTWARE                                          ,HEAD OFFICE                             ,HO-INFORMATION TECHNOLOGY                         ,FAACQ               
FAD-0026-0009854500002   ,VMWARE LICENSES                                             ,4549.05000 ,09/23/2024,SOFTWARE                                          ,HEAD OFFICE                             ,HO-INFORMATION TECHNOLOGY                         ,FAACQ               
FAD-0026-0009854500003   ,VMWARE LICENSES                                             ,4549.05000 ,09/23/2024,SOFTWARE                                          ,HEAD OFFICE                             ,HO-INFORMATION TECHNOLOGY                         ,FAACQ               
FAD-0026-0009854500004   ,VMWARE LICENSES                                             ,4549.05000 ,09/23/2024,SOFTWARE                                          ,HEAD OFFICE                             ,HO-INFORMATION TECHNOLOGY                         ,FAACQ               
FAD-0026-0009854500005   ,VMWARE LICENSES                                             ,4549.05000 ,09/23/2024,SOFTWARE                                          ,HEAD OFFICE                             ,HO-INFORMATION TECHNOLOGY                         ,FAACQ               
FAD-0026-0009854500006   ,VMWARE LICENSES                                             ,4549.05000 ,09/23/2024,SOFTWARE                                          ,HEAD OFFICE                             ,HO-INFORMATION TECHNOLOGY                         ,FAACQ               
FAD-0026-0009854500007   ,VMWARE LICENSES                                             ,4549.05000 ,09/23/2024,SOFTWARE                                          ,HEAD OFFICE                             ,HO-INFORMATION TECHNOLOGY                         ,FAACQ               
FAD-0026-0009854500008   ,VMWARE LICENSES                                             ,4549.05000 ,09/23/2024,SOFTWARE                                          ,HEAD OFFICE                             ,HO-INFORMATION TECHNOLOGY                         ,FAACQ               
FAD-0026-0009854500009   ,VMWARE LICENSES                                             ,4549.05000 ,09/23/2024,SOFTWARE                                          ,HEAD OFFICE                             ,HO-INFORMATION TECHNOLOGY                         ,FAACQ               
FAD-0026-0009854500010   ,VMWARE LICENSES                                             ,4549.05000 ,09/23/2024,SOFTWARE                                          ,HEAD OFFICE                             ,HO-INFORMATION TECHNOLOGY                         ,FAACQ               
FAD-0026-0009854500011   ,VMWARE LICENSES                                             ,4549.05000 ,09/23/2024,SOFTWARE                                          ,HEAD OFFICE                             ,HO-INFORMATION TECHNOLOGY                         ,FAACQ               
FAD-0026-0009854500012   ,VMWARE LICENSES                                             ,4549.05000 ,09/23/2024,SOFTWARE                                          ,HEAD OFFICE                             ,HO-INFORMATION TECHNOLOGY                         ,FAACQ               
FAD-0026-0009854500013   ,VMWARE LICENSES                                             ,4549.05000 ,09/23/2024,SOFTWARE                                          ,HEAD OFFICE                             ,HO-INFORMATION TECHNOLOGY                         ,FAACQ               
FAD-0026-0009854500014   ,VMWARE LICENSES                                             ,4549.05000 ,09/23/2024,SOFTWARE                                          ,HEAD OFFICE                             ,HO-INFORMATION TECHNOLOGY                         ,FAACQ               
FAD-0026-0009854500015   ,VMWARE LICENSES                                             ,4549.05000 ,09/23/2024,SOFTWARE                                          ,HEAD OFFICE                             ,HO-INFORMATION TECHNOLOGY                         ,FAACQ               
FAD-0026-0009854500016   ,VMWARE LICENSES                                             ,4549.05000 ,09/23/2024,SOFTWARE                                          ,HEAD OFFICE                             ,HO-INFORMATION TECHNOLOGY                         ,FAACQ               
FAD-0026-0009854500017   ,VMWARE LICENSES                                             ,4549.05000 ,09/23/2024,SOFTWARE                                          ,HEAD OFFICE                             ,HO-INFORMATION TECHNOLOGY                         ,FAACQ               
FAD-0026-0009854500018   ,VMWARE LICENSES                                             ,4549.05000 ,09/23/2024,SOFTWARE                                          ,HEAD OFFICE                             ,HO-INFORMATION TECHNOLOGY                         ,FAACQ               
FAD-0026-0009854500019   ,VMWARE LICENSES                                             ,4549.05000 ,09/23/2024,SOFTWARE                                          ,HEAD OFFICE                             ,HO-INFORMATION TECHNOLOGY                         ,FAACQ               
FAD-0026-0009854500020   ,VMWARE LICENSES                                             ,4549.05000 ,09/23/2024,SOFTWARE                                          ,HEAD OFFICE                             ,HO-INFORMATION TECHNOLOGY                         ,FAACQ               
FAD-0026-0009854500021   ,VMWARE LICENSES                                             ,4549.05000 ,09/23/2024,SOFTWARE                                          ,HEAD OFFICE                             ,HO-INFORMATION TECHNOLOGY                         ,FAACQ               
FAD-0026-0009854500022   ,VMWARE LICENSES                                             ,4549.05000 ,09/23/2024,SOFTWARE                                          ,HEAD OFFICE                             ,HO-INFORMATION TECHNOLOGY                         ,FAACQ               
FAD-0026-0009854500023   ,VMWARE LICENSES                                             ,4549.05000 ,09/23/2024,SOFTWARE                                          ,HEAD OFFICE                             ,HO-INFORMATION TECHNOLOGY                         ,FAACQ               
FAD-0026-0009854500024   ,VMWARE LICENSES                                             ,4549.05000 ,09/23/2024,SOFTWARE                                          ,HEAD OFFICE                             ,HO-INFORMATION TECHNOLOGY                         ,FAACQ               
FAD-0026-0009854500025   ,VMWARE LICENSES                                             ,4549.05000 ,09/23/2024,SOFTWARE                                          ,HEAD OFFICE                             ,HO-INFORMATION TECHNOLOGY                         ,FAACQ               
FAD-0026-0009854500026   ,VMWARE LICENSES                                             ,4549.05000 ,09/23/2024,SOFTWARE                                          ,HEAD OFFICE                             ,HO-INFORMATION TECHNOLOGY                         ,FAACQ               
FAD-0026-0009854500027   ,VMWARE LICENSES                                             ,4549.05000 ,09/23/2024,SOFTWARE                                          ,HEAD OFFICE                             ,HO-INFORMATION TECHNOLOGY                         ,FAACQ               
FAD-0026-0009854500028   ,VMWARE LICENSES                                             ,4549.05000 ,09/23/2024,SOFTWARE                                          ,HEAD OFFICE                             ,HO-INFORMATION TECHNOLOGY                         ,FAACQ               
FAD-0026-0009854500029   ,VMWARE LICENSES                                             ,4549.05000 ,09/23/2024,SOFTWARE                                          ,HEAD OFFICE                             ,HO-INFORMATION TECHNOLOGY                         ,FAACQ               
FAD-0026-0009854500030   ,VMWARE LICENSES                                             ,4549.05000 ,09/23/2024,SOFTWARE                                          ,HEAD OFFICE                             ,HO-INFORMATION TECHNOLOGY                         ,FAACQ               
FAD-0026-0009854500031   ,VMWARE LICENSES                                             ,4549.05000 ,09/23/2024,SOFTWARE                                          ,HEAD OFFICE                             ,HO-INFORMATION TECHNOLOGY                         ,FAACQ               
FAD-0026-0009854500032   ,VMWARE LICENSES                                             ,4549.05000 ,09/23/2024,SOFTWARE                                          ,HEAD OFFICE                             ,HO-INFORMATION TECHNOLOGY                         ,FAACQ               
FAD-0026-0009855000001   ,VEEAM BACK UP                                               ,34294.76000,09/23/2024,SOFTWARE                                          ,HEAD OFFICE                             ,HO-INFORMATION TECHNOLOGY                         ,FAACQ               
FAD-0026-0009855000002   ,VEEAM BACK UP                                               ,34294.76000,09/23/2024,SOFTWARE                                          ,HEAD OFFICE                             ,HO-INFORMATION TECHNOLOGY                         ,FAACQ               
FAD-0026-0009855400001   ,PROFESSIONAL SERVICES                                       ,84241.61000,09/23/2024,OTHERS                                            ,HEAD OFFICE                             ,HO-INFORMATION TECHNOLOGY                         ,FAACQ               
FAD-0026-0009931800001   ,HITI CS-200E PRINTER                                        ,66964.29000,09/30/2024,PRINTER                                           ,HEAD OFFICE                             ,HO-MARKETING                                      ,FAACQ               
FAD-0026-0009931800002   ,HITI CS-200E PRINTER                                        ,66964.29000,09/30/2024,PRINTER                                           ,PLAZA MARCELA                           ,PM-CUSTOMER FINANCIAL SERVICES                    ,FA_TRAN             
FAD-0026-0009931800003   ,HITI CS-200E PRINTER                                        ,66964.29000,09/30/2024,PRINTER                                           ,ASC MAIN                                ,ASCM-CREDIT VERIFICATION SECT.                    ,FA_TRAN             
FAD-0026-0009931800004   ,HITI CS-200E PRINTER                                        ,66964.29000,09/30/2024,PRINTER                                           ,HEAD OFFICE                             ,HO-MARKETING                                      ,FAACQ               
FAD-0026-0010386500002   ,TOYOTA INNOVA XE CS#:PL866A PL#:NKF-5770                    ,1165178.570,10/03/2024,VEHICLE                                           ,HEAD OFFICE                             ,HO-MANILA OFFICE EXTENSION                        ,FAACQ               
FAD-0026-0004542300011   ,CISCO IP PHONE 7821                                         ,7738.10000 ,10/03/2024,TELEPHONE                                         ,MFI-GP FARM                             ,GPF-ADMIN                                         ,FA_TRAN             
FAD-0026-0004542300012   ,CISCO IP PHONE 7821                                         ,7738.10000 ,10/03/2024,TELEPHONE                                         ,ISLAND CITY MALL                        ,ICM-FIXRITE                                       ,FA_TRAN             
FAD-0026-0004542300013   ,CISCO IP PHONE 7821                                         ,7738.10000 ,10/03/2024,TELEPHONE                                         ,ISLAND CITY MALL                        ,ICM-TREASURY                                      ,FA_TRAN             
FAD-0026-0004542300014   ,CISCO IP PHONE 7821                                         ,7738.10000 ,10/03/2024,TELEPHONE                                         ,PHARMACY GROUP                          ,HO-PHARMACY GROUP                                 ,FA_TRAN             
FAD-0026-0004542300015   ,CISCO IP PHONE 7821                                         ,7738.10000 ,10/03/2024,TELEPHONE                                         ,MFI-GP FARM                             ,GPF-ADMIN                                         ,FA_TRAN             
FAD-0026-0004542300016   ,CISCO IP PHONE 7821                                         ,7738.10000 ,10/03/2024,TELEPHONE                                         ,CENTRAL DISTRIBUTION CENTER             ,CDC-PLASTICWARE                                   ,FA_TRAN             
FAD-0026-0004542300017   ,CISCO IP PHONE 7821                                         ,7738.10000 ,10/03/2024,TELEPHONE                                         ,MFI-BREEDER SUBAYON BILAR               ,BSB-SUBAYON ADMIN                                 ,FA_TRAN             
FAD-0026-0004542300018   ,CISCO IP PHONE 7821                                         ,7738.10000 ,10/03/2024,TELEPHONE                                         ,MFI-BREEDER CANHAYUPON DIMIAO           ,BCD-CANHAYUPON ADMIN                              ,FA_TRAN             
FAD-0026-0004542300019   ,CISCO IP PHONE 7821                                         ,7738.10000 ,10/03/2024,TELEPHONE                                         ,ALTURAS GLASS                           ,AG-ADMIN                                          ,FA_TRAN             
FAD-0026-0004542300020   ,CISCO IP PHONE 7821                                         ,7738.10000 ,10/03/2024,TELEPHONE                                         ,MFI-GP FARM                             ,GPF-ADMIN                                         ,FA_TRAN             
FAD-0026-0004542300021   ,CISCO IP PHONE 7821                                         ,7738.10000 ,10/03/2024,TELEPHONE                                         ,PLAZA MARCELA                           ,PM-MIS GROCERY                                    ,FA_TRAN             
FAD-0026-0004542300022   ,CISCO IP PHONE 7821                                         ,7738.10000 ,10/03/2024,TELEPHONE                                         ,CENTRAL MOTORPOOL COMPLEX               ,CDC-MOTORPOOL                                     ,FA_TRAN             
FAD-0026-0004542300023   ,CISCO IP PHONE 7821                                         ,7738.10000 ,10/03/2024,TELEPHONE                                         ,BOHOL TECH VOC                          ,BOHOL TECH VOC                                    ,FA_TRAN             
FAD-0026-0004542300024   ,CISCO IP PHONE 7821                                         ,7738.10000 ,10/03/2024,TELEPHONE                                         ,CENTRAL DISTRIBUTION CENTER             ,CDC-INTERNAL AUDIT DEPARTMENT                     ,FA_TRAN             
FAD-0026-0004542300025   ,CISCO IP PHONE 7821                                         ,7738.10000 ,10/03/2024,TELEPHONE                                         ,CENTRAL DISTRIBUTION CENTER             ,CDC-BASIC COMMODITIES                             ,FA_TRAN             
FAD-0026-0004542300026   ,CISCO IP PHONE 7821                                         ,7738.10000 ,10/03/2024,TELEPHONE                                         ,MFI-GP FARM                             ,GPF-ADMIN                                         ,FA_TRAN             
FAD-0026-0004542300027   ,CISCO IP PHONE 7821                                         ,7738.10000 ,10/03/2024,TELEPHONE                                         ,CORPORATE-GROUP 2                       ,CORPORATE2- DEPARTMENT PURCHASING OFFICE          ,FA_TRAN             
FAD-0026-0004542300028   ,CISCO IP PHONE 7821                                         ,7738.10000 ,10/03/2024,TELEPHONE                                         ,MFI-PIGGERY                             ,PIGGERY-MAIN ADMIN                                ,FA_TRAN             
FAD-0026-0004542300029   ,CISCO IP PHONE 7821                                         ,7738.10000 ,10/03/2024,TELEPHONE                                         ,HEAD OFFICE                             ,HO-CENTRAL ACCOUNTING                             ,FA_TRAN             
FAD-0026-0004542300030   ,CISCO IP PHONE 7821                                         ,7738.10000 ,10/03/2024,TELEPHONE                                         ,HEAD OFFICE                             ,HO-FIXED ASSET DEPARTMENT                         ,FA_TRAN             
FAD-0026-0004542300031   ,CISCO IP PHONE 7821                                         ,7738.10000 ,10/03/2024,TELEPHONE                                         ,MFI-BREEDER CANHAYUPON DIMIAO           ,BCD-CANHAYUPON ADMIN                              ,FA_TRAN             
FAD-0026-0004542300032   ,CISCO IP PHONE 7821                                         ,7738.10000 ,10/03/2024,TELEPHONE                                         ,HEAD OFFICE                             ,HO-BENEFITS DEPARTMENT                            ,FA_TRAN             
FAD-0026-0004542300033   ,CISCO IP PHONE 7821                                         ,7738.10000 ,10/03/2024,TELEPHONE                                         ,HEAD OFFICE                             ,HO-RESEARCH & DEVELOPMENT                         ,FA_TRAN             
FAD-0026-0004542300034   ,CISCO IP PHONE 7821                                         ,7738.10000 ,10/03/2024,TELEPHONE                                         ,MFI-GP FARM                             ,GPF-ADMIN                                         ,FA_TRAN             
FAD-0026-0004542300035   ,CISCO IP PHONE 7821                                         ,7738.10000 ,10/03/2024,TELEPHONE                                         ,MFI-GP FARM                             ,GPF-ADMIN                                         ,FA_TRAN             
FAD-0026-0004542300036   ,CISCO IP PHONE 7821                                         ,7738.10000 ,10/03/2024,TELEPHONE                                         ,HEAD OFFICE                             ,HO-LEGAL DEPARTMENT                               ,FA_TRAN             
FAD-0026-0004542300037   ,CISCO IP PHONE 7821                                         ,7738.10000 ,10/03/2024,TELEPHONE                                         ,HEAD OFFICE                             ,HO-ACCOUNTING & DISBURSEMENTS DEPT.               ,FA_TRAN             
FAD-0026-0004542300038   ,CISCO IP PHONE 7821                                         ,7738.10000 ,10/03/2024,TELEPHONE                                         ,HEAD OFFICE                             ,HO-FIXED ASSET DEPARTMENT                         ,FA_TRAN             
FAD-0026-0004542300039   ,CISCO IP PHONE 7821                                         ,7738.10000 ,10/03/2024,TELEPHONE                                         ,HEAD OFFICE                             ,HO-FIXED ASSET DEPARTMENT                         ,FA_TRAN             
FAD-0026-0004542300040   ,CISCO IP PHONE 7821                                         ,7738.10000 ,10/03/2024,TELEPHONE                                         ,MFI-GP FARM                             ,GPF-ADMIN                                         ,FA_TRAN             
FAD-0026-0010461300001   ,ANGLE GRINDER (840W)  MAKITA 9556HN 4"" (100MM)              ,4397.32000 ,10/08/2024,GRINDER                                           ,HEAD OFFICE                             ,HO-ENGINEERING                                    ,FAACQ               
FAD-0009-0001917000001   ,MOBILE PEDESTAL 400LX560DX660 HMM-BLACK (AUF CF46-          ,3817.81000 ,10/10/2024,DRAWERS                                           ,CORPORATE-GROUP 3                       ,CORPORATE3-ADMIN                                  ,FAACQ               
FAD-0009-0001917000002   ,MOBILE PEDESTAL 400LX560DX660 HMM-BLACK (AUF CF46-          ,3817.81000 ,10/10/2024,DRAWERS                                           ,CORPORATE-GROUP 3                       ,CORPORATE3-ADMIN                                  ,FAACQ               
FAD-0009-0007794400001   ,STAFF CHAIR                                                 ,3841.56000 ,10/10/2024,CHAIR                                             ,CORPORATE-GROUP 3                       ,CORPORATE3-ADMIN                                  ,FAACQ               
FAD-0009-0007794400002   ,STAFF CHAIR                                                 ,3841.56000 ,10/10/2024,CHAIR                                             ,CORPORATE-GROUP 3                       ,CORPORATE3-ADMIN                                  ,FAACQ               
FAD-0009-0007794400003   ,STAFF CHAIR                                                 ,3841.56000 ,10/10/2024,CHAIR                                             ,CORPORATE-GROUP 3                       ,CORPORATE3-ADMIN                                  ,FAACQ               
FAD-0009-0007794400004   ,STAFF CHAIR                                                 ,3841.56000 ,10/10/2024,CHAIR                                             ,CORPORATE-GROUP 3                       ,CORPORATE3-ADMIN                                  ,FAACQ               
FAD-0009-0007794400005   ,STAFF CHAIR                                                 ,3841.56000 ,10/10/2024,CHAIR                                             ,CORPORATE-GROUP 3                       ,CORPORATE3-ADMIN                                  ,FAACQ               
FAD-0009-0007794400006   ,STAFF CHAIR                                                 ,3841.56000 ,10/10/2024,CHAIR                                             ,CORPORATE-GROUP 3                       ,CORPORATE3-ADMIN                                  ,FAACQ               
FAD-0009-0007794400007   ,STAFF CHAIR                                                 ,3841.56000 ,10/10/2024,CHAIR                                             ,CORPORATE-GROUP 3                       ,CORPORATE3-ADMIN                                  ,FAACQ               
FAD-0026-0008527100001   ,UBIQUITY AIR FIBER AF-5XHD                                  ,28571.43000,10/14/2024,STORE EQUIPMENT                                   ,HEAD OFFICE                             ,HO-INFORMATION TECHNOLOGY                         ,FAACQ               
FAD-0026-0008527100002   ,UBIQUITY AIR FIBER AF-5XHD                                  ,28571.43000,10/14/2024,STORE EQUIPMENT                                   ,HEAD OFFICE                             ,HO-INFORMATION TECHNOLOGY                         ,FAACQ               
FAD-0026-0010642500001   ,IPHONE 15 PLUS  256GB COLOR BLUE                            ,54455.36000,10/16/2024,CELLPHONE                                         ,HEAD OFFICE                             ,HO-INTERIOR DESIGN & VISUAL ARTS                  ,FAACQ               
FAD-0024-0002818600001   ,CABINET 5 DRAWER VERTICAL                                   ,9732.14000 ,10/17/2024,CABINET                                           ,WHOLESALE DISTRIBUTION GROUP            ,WDG-UBAY                                          ,FAACQ               
FAD-0026-0009217400002   ,CARRIER STANDARD 42/38CAC OPTIMA INVERTER                   ,32625      ,10/18/2024,AIRCON                                            ,HEAD OFFICE                             ,HO-FIXED ASSET DEPARTMENT                         ,FAACQ               
FAD-0026-0009046800001   ,RG-S2915-10GT2MS-P-L 10-PORT GIGABIT LAYER 2+               ,17839.29000,10/21/2024,ROUTER                                            ,HEAD OFFICE                             ,HO-ADMIN                                          ,FAACQ               
FAD-0026-0010852600001   ,STANDFAN ASAHI TW6020 TWNGLO 16/12IN*                       ,2989.29000 ,10/31/2024,FAN                                               ,HEAD OFFICE                             ,HO-MARKETING                                      ,FAACQ               
FAD-0026-0010784200001   ,YUBIKEY 5 NFC (5060408461426)                               ,8505.71000 ,11/07/2024,SOFTWARE                                          ,HEAD OFFICE                             ,HO-ADMIN                                          ,FAACQ               
FAD-0026-0010784200002   ,YUBIKEY 5 NFC (5060408461426)                               ,8505.71000 ,11/07/2024,SOFTWARE                                          ,HEAD OFFICE                             ,HO-ADMIN                                          ,FAACQ               
FAD-0026-0010784200003   ,YUBIKEY 5 NFC (5060408461426)                               ,8505.71000 ,11/07/2024,SOFTWARE                                          ,HEAD OFFICE                             ,HO-ADMIN                                          ,FAACQ               
FAD-0026-0010784200004   ,YUBIKEY 5 NFC (5060408461426)                               ,8505.71000 ,11/07/2024,SOFTWARE                                          ,HEAD OFFICE                             ,HO-ADMIN                                          ,FAACQ               
FAD-0026-0010784200005   ,YUBIKEY 5 NFC (5060408461426)                               ,8505.71000 ,11/07/2024,SOFTWARE                                          ,HEAD OFFICE                             ,HO-ADMIN                                          ,FAACQ               
FAD-0026-0010451900001   ,DELL STORAGE POWERSTORE 500T CUSTOMER RACK                  ,1859409.320,11/26/2024,SERVER                                            ,HEAD OFFICE                             ,HO-ACCOUNTING & DISBURSEMENTS DEPT.               ,FAACQ               
FAD-0026-0010452000001   ,PROFESSIONAL SERVICES (ONSITE)                              ,60233.54000,11/26/2024,OTHERS                                            ,HEAD OFFICE                             ,HO-ACCOUNTING & DISBURSEMENTS DEPT.               ,FAACQ               
FAD-0026-0009046800002   ,RG-S2915-10GT2MS-P-L 10-PORT GIGABIT LAYER 2+               ,17839.29000,01/01/2025,ROUTER                                            ,HEAD OFFICE                             ,HO-ADMIN                                          ,FAACQ               
FAD-0026-0009046800003   ,RG-S2915-10GT2MS-P-L 10-PORT GIGABIT LAYER 2+               ,17839.29000,01/01/2025,ROUTER                                            ,HEAD OFFICE                             ,HO-ADMIN                                          ,FAACQ               
FAD-0026-0009046800004   ,RG-S2915-10GT2MS-P-L 10-PORT GIGABIT LAYER 2+               ,17839.29000,01/01/2025,ROUTER                                            ,HEAD OFFICE                             ,HO-ADMIN                                          ,FAACQ               
FAD-0026-0011091300001   ,SAMSUNG GLX A55 5G 256GB LILAC                              ,22312.50000,01/01/2025,CELLPHONE                                         ,HEAD OFFICE                             ,HO-ENGINEERING                                    ,FAACQ               
FAD-0026-0011105800001   ,CCDEVANT UHD 50UHD205                                       ,17232.14000,01/01/2025,TV                                                ,HEAD OFFICE                             ,HO-INFORMATION TECHNOLOGY                         ,FAACQ               
FAD-0026-0010357300001   ,TECNO SPARK 20 PRO 12/256GB                                 ,8034.82000 ,01/01/2025,CELLPHONE                                         ,HEAD OFFICE                             ,HO-HUMAN RESOURCE DEPARTMENT                      ,FAACQ               
FAD-0026-0010357300002   ,TECNO SPARK 20 PRO 12/256GB                                 ,8034.82000 ,01/01/2025,CELLPHONE                                         ,HEAD OFFICE                             ,HO-HUMAN RESOURCE DEPARTMENT                      ,FAACQ               
FAD-0026-0010125400001   ,TOYOTA HILUX FX  CS#:WD085A PL#:GBJ-1493                    ,999107.1400,01/08/2025,VEHICLE                                           ,HEAD OFFICE                             ,HO-MARKETING                                      ,FA_TRAN             
FAD-0026-0011215900001   ,REALME NOTE 60                                              ,4463.39000 ,01/15/2025,CELLPHONE                                         ,HEAD OFFICE                             ,HO-INFORMATION TECHNOLOGY                         ,FAACQ               
FAD-0026-0009271500001   ,CELLPHONE SAMSUNG GALAXY A166P 5G 8+256                     ,12241.25000,01/17/2025,CELLPHONE                                         ,HEAD OFFICE                             ,HO-FS PROCESS AUDIT DEPARTMENT                    ,FAACQ               
FAD-0026-0009271500002   ,CELLPHONE SAMSUNG GALAXY A166P 5G 8+256                     ,12241.25000,01/17/2025,CELLPHONE                                         ,HEAD OFFICE                             ,HO-FS PROCESS AUDIT DEPARTMENT                    ,FAACQ               
FAD-0028-0003212200001   ,SYMBOL LS2208 HANDHELD USB BARCODE SCANNER BLACK            ,4285.71000 ,01/21/2025,SCANNER                                           ,CENTRAL DISTRIBUTION CENTER             ,CDC-RETAIL 1 GROCERY                              ,FAACQ               
FAD-0026-0011340100001   ,CELLPHONE INFINIX HOT 50 PRO+                               ,7436.62000 ,01/24/2025,CELLPHONE                                         ,HEAD OFFICE                             ,HO-SECURITY & SAFETY DEPARTMENT                   ,FAACQ               
FAD-0026-0011216300003   ,SAMSUNG A35 5G 256GB                                        ,18749.11000,02/06/2025,CELLPHONE                                         ,HEAD OFFICE                             ,HO-ADMIN                                          ,FAACQ               
FAD-0026-0011204400001   ,CUT-OUT:15KV AB CHANCE                                      ,7525       ,02/06/2025,OTHERS                                            ,HEAD OFFICE                             ,HO-DAO SUB STATION                                ,FAACQ               
FAD-0026-0011204400002   ,CUT-OUT:15KV AB CHANCE                                      ,7525       ,02/06/2025,OTHERS                                            ,HEAD OFFICE                             ,HO-DAO SUB STATION                                ,FAACQ               
FAD-0026-0011204400003   ,CUT-OUT:15KV AB CHANCE                                      ,7525       ,02/06/2025,OTHERS                                            ,HEAD OFFICE                             ,HO-DAO SUB STATION                                ,FAACQ               
FAD-0026-0011204400004   ,CUT-OUT:15KV AB CHANCE                                      ,7525       ,02/06/2025,OTHERS                                            ,HEAD OFFICE                             ,HO-DAO SUB STATION                                ,FAACQ               
FAD-0026-0011204400005   ,CUT-OUT:15KV AB CHANCE                                      ,7525       ,02/06/2025,OTHERS                                            ,HEAD OFFICE                             ,HO-DAO SUB STATION                                ,FAACQ               
FAD-0026-0011204400006   ,CUT-OUT:15KV AB CHANCE                                      ,7525       ,02/06/2025,OTHERS                                            ,HEAD OFFICE                             ,HO-DAO SUB STATION                                ,FAACQ               
FAD-0026-0011204500001   ,ARRESTER:10KV AB CHANCE                                     ,3500       ,02/06/2025,OTHERS                                            ,HEAD OFFICE                             ,HO-DAO SUB STATION                                ,FAACQ               
FAD-0026-0011204500002   ,ARRESTER:10KV AB CHANCE                                     ,3500       ,02/06/2025,OTHERS                                            ,HEAD OFFICE                             ,HO-DAO SUB STATION                                ,FAACQ               
FAD-0026-0011204500003   ,ARRESTER:10KV AB CHANCE                                     ,3500       ,02/06/2025,OTHERS                                            ,HEAD OFFICE                             ,HO-DAO SUB STATION                                ,FAACQ               
FAD-0026-0011204500004   ,ARRESTER:10KV AB CHANCE                                     ,3500       ,02/06/2025,OTHERS                                            ,HEAD OFFICE                             ,HO-DAO SUB STATION                                ,FAACQ               
FAD-0026-0011204500005   ,ARRESTER:10KV AB CHANCE                                     ,3500       ,02/06/2025,OTHERS                                            ,HEAD OFFICE                             ,HO-DAO SUB STATION                                ,FAACQ               
FAD-0026-0011204500006   ,ARRESTER:10KV AB CHANCE                                     ,3500       ,02/06/2025,OTHERS                                            ,HEAD OFFICE                             ,HO-DAO SUB STATION                                ,FAACQ               
FAD-0024-0009468800002   ,TOYOTA INNOVA CS#:XM431A PL#:GBJ-3049                       ,1121429    ,02/11/2025,VEHICLE                                           ,WHOLESALE DISTRIBUTION GROUP            ,WDG-UBAY                                          ,FAACQ               
FAD-0028-0010427100002   ,AOC 27G15N 27"" FHD VA GAMING MONITOR 180HZ WLMNT            ,7991.07000 ,02/14/2025,MONITOR                                           ,CENTRAL DISTRIBUTION CENTER             ,CDC-RETAIL 1 GROCERY                              ,FAACQ               
FAD-0026-0010818000001   ,RUCKUS R550 DUAL-BAND 802.11 ABGN/AC/AX WIRELESS            ,21148.39000,02/19/2025,ROUTER                                            ,HEAD OFFICE                             ,HO-ADMIN                                          ,FAACQ               
FAD-0026-0010818000002   ,RUCKUS R550 DUAL-BAND 802.11 ABGN/AC/AX WIRELESS            ,21148.39000,02/19/2025,ROUTER                                            ,HEAD OFFICE                             ,HO-ADMIN                                          ,FAACQ               
FAD-0026-0011524500001   ,TV TCL UHD 50P71B                                           ,16964.29000,02/24/2025,TV                                                ,HEAD OFFICE                             ,HO-SECURITY & SAFETY DEPARTMENT                   ,FAACQ               
FAD-0026-0009271500003   ,CELLPHONE SAMSUNG GALAXY A166P 5G 8+256                     ,12241.07000,02/24/2025,CELLPHONE                                         ,HEAD OFFICE                             ,HO-FS PROCESS AUDIT DEPARTMENT                    ,FAACQ               
FAD-0026-0009271500004   ,CELLPHONE SAMSUNG GALAXY A166P 5G 8+256                     ,12241.07000,02/24/2025,CELLPHONE                                         ,HEAD OFFICE                             ,HO-FS PROCESS AUDIT DEPARTMENT                    ,FAACQ               
FAD-0026-0009271500005   ,CELLPHONE SAMSUNG GALAXY A166P 5G 8+256                     ,12241.07000,02/28/2025,CELLPHONE                                         ,HEAD OFFICE                             ,HO-FS PROCESS AUDIT DEPARTMENT                    ,FAACQ               
FAD-0026-0011216300004   ,SAMSUNG A35 5G 256GB                                        ,18741.07000,03/05/2025,CELLPHONE                                         ,HEAD OFFICE                             ,HO-LEGAL DEPARTMENT                               ,FAACQ               
FAD-0026-0011216300005   ,SAMSUNG A35 5G 256GB                                        ,18741.07000,03/05/2025,CELLPHONE                                         ,HEAD OFFICE                             ,HO-LEGAL DEPARTMENT                               ,FAACQ               
FAD-0026-0011095800001   ,SAMSUNG GALAXY A16 5G                                       ,11866.07000,03/11/2025,CELLPHONE                                         ,HEAD OFFICE                             ,HO-ENGINEERING                                    ,FAACQ               
FAD-0026-0011095800002   ,SAMSUNG GALAXY A16 5G                                       ,11866.07000,03/11/2025,CELLPHONE                                         ,HEAD OFFICE                             ,HO-ENGINEERING                                    ,FAACQ               
FAD-0026-0011095800003   ,SAMSUNG GALAXY A16 5G                                       ,11866.07000,03/11/2025,CELLPHONE                                         ,HEAD OFFICE                             ,HO-ENGINEERING                                    ,FAACQ               
FAD-0028-0011202600001   ,VIRTUALIZED SERVER POWEREDGE R6615                          ,484696.4300,03/14/2025,SERVER                                            ,CENTRAL DISTRIBUTION CENTER             ,CDC-RETAIL 1 GROCERY                              ,FAACQ               
FAD-0028-0011202600002   ,VIRTUALIZED SERVER POWEREDGE R6615                          ,484696.4300,03/14/2025,SERVER                                            ,CENTRAL DISTRIBUTION CENTER             ,CDC-RETAIL 1 GROCERY                              ,FAACQ               
FAD-0028-0011203500001   ,ALL FLASH STORAGE POWERSTORE 500T DELL CUSTOMER             ,2260417.850,03/14/2025,STORAGE                                           ,CENTRAL DISTRIBUTION CENTER             ,CDC-RETAIL 1 GROCERY                              ,FAACQ               
FAD-0026-0011624900001   ,FIBERGLASS LADDER 8FT                                       ,8660.71000 ,03/17/2025,LADDER                                            ,HEAD OFFICE                             ,HO-INTERIOR DESIGN & VISUAL ARTS                  ,FAACQ               
FAD-0026-0011625000001   ,FIBERGLASS LADDER 10FT                                      ,11339.29000,03/17/2025,LADDER                                            ,HEAD OFFICE                             ,HO-INTERIOR DESIGN & VISUAL ARTS                  ,FAACQ               
FAD-0026-0000984800001   ,DEWALT GRINDER                                              ,2299.33000 ,03/19/2025,GRINDER                                           ,HEAD OFFICE                             ,HO-INFORMATION TECHNOLOGY                         ,FAACQ               
FAD-0026-0000984800002   ,DEWALT GRINDER                                              ,2299.33000 ,03/19/2025,GRINDER                                           ,HEAD OFFICE                             ,HO-INFORMATION TECHNOLOGY                         ,FAACQ               
FAD-0026-0011532900001   ,DEWALT IMPACT DRILL DCF815S3                                ,5481.25000 ,03/19/2025,TOOLS                                             ,HEAD OFFICE                             ,HO-INFORMATION TECHNOLOGY                         ,FAACQ               
FAD-0026-0011532900002   ,DEWALT IMPACT DRILL DCF815S3                                ,5481.25000 ,03/19/2025,TOOLS                                             ,HEAD OFFICE                             ,HO-INFORMATION TECHNOLOGY                         ,FAACQ               
FAD-0026-0011261900001   ,HONDA CLICK125                                              ,74361.67000,03/27/2025,OTHERS                                            ,HEAD OFFICE                             ,HO-ACCOUNTING & DISBURSEMENTS DEPT.               ,FAACQ               
FAD-0026-0012094300001   ,GREEN LEE U.S MANUAL KNOCKOUT KITS                          ,28125      ,04/04/2025,TOOLS                                             ,HEAD OFFICE                             ,HO-INFORMATION TECHNOLOGY                         ,FAACQ               
FAD-0028-0011202700001   ,CORE SWITCH RGCS86-20XS4VS2QXS-D                            ,92888.64000,04/04/2025,SWITCH                                            ,CENTRAL DISTRIBUTION CENTER             ,CDC-RETAIL 1 GROCERY                              ,FAACQ               
FAD-0028-0011202700002   ,CORE SWITCH RGCS86-20XS4VS2QXS-D                            ,92888.64000,04/04/2025,SWITCH                                            ,CENTRAL DISTRIBUTION CENTER             ,CDC-RETAIL 1 GROCERY                              ,FAACQ               
FAD-0028-0011203600001   ,VMWARE SOFTWARE (LICENSE)                                   ,2373.69000 ,04/04/2025,SOFTWARE                                          ,CENTRAL DISTRIBUTION CENTER             ,CDC-RETAIL 1 GROCERY                              ,FAACQ               
FAD-0028-0011203600002   ,VMWARE SOFTWARE (LICENSE)                                   ,2373.69000 ,04/04/2025,SOFTWARE                                          ,CENTRAL DISTRIBUTION CENTER             ,CDC-RETAIL 1 GROCERY                              ,FAACQ               
FAD-0028-0011203600003   ,VMWARE SOFTWARE (LICENSE)                                   ,2373.69000 ,04/04/2025,SOFTWARE                                          ,CENTRAL DISTRIBUTION CENTER             ,CDC-RETAIL 1 GROCERY                              ,FAACQ               
FAD-0028-0011203600004   ,VMWARE SOFTWARE (LICENSE)                                   ,2373.69000 ,04/04/2025,SOFTWARE                                          ,CENTRAL DISTRIBUTION CENTER             ,CDC-RETAIL 1 GROCERY                              ,FAACQ               
FAD-0028-0011203600005   ,VMWARE SOFTWARE (LICENSE)                                   ,2373.69000 ,04/04/2025,SOFTWARE                                          ,CENTRAL DISTRIBUTION CENTER             ,CDC-RETAIL 1 GROCERY                              ,FAACQ               
FAD-0028-0011203600006   ,VMWARE SOFTWARE (LICENSE)                                   ,2373.69000 ,04/04/2025,SOFTWARE                                          ,CENTRAL DISTRIBUTION CENTER             ,CDC-RETAIL 1 GROCERY                              ,FAACQ               
FAD-0028-0011203600007   ,VMWARE SOFTWARE (LICENSE)                                   ,2373.69000 ,04/04/2025,SOFTWARE                                          ,CENTRAL DISTRIBUTION CENTER             ,CDC-RETAIL 1 GROCERY                              ,FAACQ               
FAD-0028-0011203600008   ,VMWARE SOFTWARE (LICENSE)                                   ,2373.69000 ,04/04/2025,SOFTWARE                                          ,CENTRAL DISTRIBUTION CENTER             ,CDC-RETAIL 1 GROCERY                              ,FAACQ               
FAD-0028-0011203600009   ,VMWARE SOFTWARE (LICENSE)                                   ,2373.69000 ,04/04/2025,SOFTWARE                                          ,CENTRAL DISTRIBUTION CENTER             ,CDC-RETAIL 1 GROCERY                              ,FAACQ               
FAD-0028-0011203600010   ,VMWARE SOFTWARE (LICENSE)                                   ,2373.69000 ,04/04/2025,SOFTWARE                                          ,CENTRAL DISTRIBUTION CENTER             ,CDC-RETAIL 1 GROCERY                              ,FAACQ               
FAD-0028-0011203600011   ,VMWARE SOFTWARE (LICENSE)                                   ,2373.69000 ,04/04/2025,SOFTWARE                                          ,CENTRAL DISTRIBUTION CENTER             ,CDC-RETAIL 1 GROCERY                              ,FAACQ               
FAD-0028-0011203600012   ,VMWARE SOFTWARE (LICENSE)                                   ,2373.69000 ,04/04/2025,SOFTWARE                                          ,CENTRAL DISTRIBUTION CENTER             ,CDC-RETAIL 1 GROCERY                              ,FAACQ               
FAD-0028-0011203600013   ,VMWARE SOFTWARE (LICENSE)                                   ,2373.69000 ,04/04/2025,SOFTWARE                                          ,CENTRAL DISTRIBUTION CENTER             ,CDC-RETAIL 1 GROCERY                              ,FAACQ               
FAD-0028-0011203600014   ,VMWARE SOFTWARE (LICENSE)                                   ,2373.69000 ,04/04/2025,SOFTWARE                                          ,CENTRAL DISTRIBUTION CENTER             ,CDC-RETAIL 1 GROCERY                              ,FAACQ               
FAD-0028-0011203600015   ,VMWARE SOFTWARE (LICENSE)                                   ,2373.69000 ,04/04/2025,SOFTWARE                                          ,CENTRAL DISTRIBUTION CENTER             ,CDC-RETAIL 1 GROCERY                              ,FAACQ               
FAD-0028-0011203600016   ,VMWARE SOFTWARE (LICENSE)                                   ,2373.69000 ,04/04/2025,SOFTWARE                                          ,CENTRAL DISTRIBUTION CENTER             ,CDC-RETAIL 1 GROCERY                              ,FAACQ               
FAD-0028-0011203600017   ,VMWARE SOFTWARE (LICENSE)                                   ,2373.69000 ,04/04/2025,SOFTWARE                                          ,CENTRAL DISTRIBUTION CENTER             ,CDC-RETAIL 1 GROCERY                              ,FAACQ               
FAD-0028-0011203600018   ,VMWARE SOFTWARE (LICENSE)                                   ,2373.69000 ,04/04/2025,SOFTWARE                                          ,CENTRAL DISTRIBUTION CENTER             ,CDC-RETAIL 1 GROCERY                              ,FAACQ               
FAD-0028-0011203600019   ,VMWARE SOFTWARE (LICENSE)                                   ,2373.69000 ,04/04/2025,SOFTWARE                                          ,CENTRAL DISTRIBUTION CENTER             ,CDC-RETAIL 1 GROCERY                              ,FAACQ               
FAD-0028-0011203600020   ,VMWARE SOFTWARE (LICENSE)                                   ,2373.69000 ,04/04/2025,SOFTWARE                                          ,CENTRAL DISTRIBUTION CENTER             ,CDC-RETAIL 1 GROCERY                              ,FAACQ               
FAD-0028-0011203600021   ,VMWARE SOFTWARE (LICENSE)                                   ,2373.69000 ,04/04/2025,SOFTWARE                                          ,CENTRAL DISTRIBUTION CENTER             ,CDC-RETAIL 1 GROCERY                              ,FAACQ               
FAD-0028-0011203600022   ,VMWARE SOFTWARE (LICENSE)                                   ,2373.69000 ,04/04/2025,SOFTWARE                                          ,CENTRAL DISTRIBUTION CENTER             ,CDC-RETAIL 1 GROCERY                              ,FAACQ               
FAD-0028-0011203600023   ,VMWARE SOFTWARE (LICENSE)                                   ,2373.69000 ,04/04/2025,SOFTWARE                                          ,CENTRAL DISTRIBUTION CENTER             ,CDC-RETAIL 1 GROCERY                              ,FAACQ               
FAD-0028-0011203600024   ,VMWARE SOFTWARE (LICENSE)                                   ,2373.69000 ,04/04/2025,SOFTWARE                                          ,CENTRAL DISTRIBUTION CENTER             ,CDC-RETAIL 1 GROCERY                              ,FAACQ               
FAD-0028-0011203600025   ,VMWARE SOFTWARE (LICENSE)                                   ,2373.69000 ,04/04/2025,SOFTWARE                                          ,CENTRAL DISTRIBUTION CENTER             ,CDC-RETAIL 1 GROCERY                              ,FAACQ               
FAD-0028-0011203600026   ,VMWARE SOFTWARE (LICENSE)                                   ,2373.69000 ,04/04/2025,SOFTWARE                                          ,CENTRAL DISTRIBUTION CENTER             ,CDC-RETAIL 1 GROCERY                              ,FAACQ               
FAD-0028-0011203600027   ,VMWARE SOFTWARE (LICENSE)                                   ,2373.69000 ,04/04/2025,SOFTWARE                                          ,CENTRAL DISTRIBUTION CENTER             ,CDC-RETAIL 1 GROCERY                              ,FAACQ               
FAD-0028-0011203600028   ,VMWARE SOFTWARE (LICENSE)                                   ,2373.69000 ,04/04/2025,SOFTWARE                                          ,CENTRAL DISTRIBUTION CENTER             ,CDC-RETAIL 1 GROCERY                              ,FAACQ               
FAD-0028-0011203600029   ,VMWARE SOFTWARE (LICENSE)                                   ,2373.69000 ,04/04/2025,SOFTWARE                                          ,CENTRAL DISTRIBUTION CENTER             ,CDC-RETAIL 1 GROCERY                              ,FAACQ               
FAD-0028-0011203600030   ,VMWARE SOFTWARE (LICENSE)                                   ,2373.69000 ,04/04/2025,SOFTWARE                                          ,CENTRAL DISTRIBUTION CENTER             ,CDC-RETAIL 1 GROCERY                              ,FAACQ               
FAD-0028-0011203600031   ,VMWARE SOFTWARE (LICENSE)                                   ,2373.69000 ,04/04/2025,SOFTWARE                                          ,CENTRAL DISTRIBUTION CENTER             ,CDC-RETAIL 1 GROCERY                              ,FAACQ               
FAD-0028-0011203600032   ,VMWARE SOFTWARE (LICENSE)                                   ,2373.69000 ,04/04/2025,SOFTWARE                                          ,CENTRAL DISTRIBUTION CENTER             ,CDC-RETAIL 1 GROCERY                              ,FAACQ               
FAD-0026-0009931200002   ,CARRIER A/C FP53CAC024308 2.5                               ,51339.29000,04/11/2025,AIRCON                                            ,HEAD OFFICE                             ,HO-INTERIOR DESIGN & VISUAL ARTS                  ,FAACQ               
FAD-0026-0009100400003   ,CARRIER A/C FP53DFECAR004 3TR                               ,84375      ,04/11/2025,AIRCON                                            ,HEAD OFFICE                             ,HO-INFORMATION TECHNOLOGY                         ,FAACQ               
FAD-0024-0011505100001   ,MITS. FUSO FIV1P CS#:H0C479 PL#:GBI-6409                    ,2187500    ,02/27/2025,VEHICLE                                           ,PLAZA MARCELA                           ,PM-GROCERY STOCKROOM/RECEIVING                    ,FA_TRAN             
FAD-0026-0009311900001   ,2.8MM 4MP BULLET IPC  (HWI-B140H HIKVISION)                 ,2089.29000 ,04/24/2025,CCTV                                              ,HEAD OFFICE                             ,HO-ADMIN                                          ,FAACQ               
FAD-0026-0009311900002   ,2.8MM 4MP BULLET IPC  (HWI-B140H HIKVISION)                 ,2089.29000 ,04/24/2025,CCTV                                              ,HEAD OFFICE                             ,HO-ADMIN                                          ,FAACQ               
FAD-0026-0009311900003   ,2.8MM 4MP BULLET IPC  (HWI-B140H HIKVISION)                 ,2089.29000 ,04/24/2025,CCTV                                              ,HEAD OFFICE                             ,HO-ADMIN                                          ,FAACQ               
FAD-0026-0009311900004   ,2.8MM 4MP BULLET IPC  (HWI-B140H HIKVISION)                 ,2089.29000 ,04/24/2025,CCTV                                              ,HEAD OFFICE                             ,HO-ADMIN                                          ,FAACQ               
FAD-0026-0009311900005   ,2.8MM 4MP BULLET IPC  (HWI-B140H HIKVISION)                 ,2089.29000 ,04/24/2025,CCTV                                              ,HEAD OFFICE                             ,HO-ADMIN                                          ,FAACQ               
FAD-0026-0009311900006   ,2.8MM 4MP BULLET IPC  (HWI-B140H HIKVISION)                 ,2089.29000 ,04/24/2025,CCTV                                              ,HEAD OFFICE                             ,HO-ADMIN                                          ,FAACQ               
FAD-0026-0009311900007   ,2.8MM 4MP BULLET IPC  (HWI-B140H HIKVISION)                 ,2089.29000 ,04/24/2025,CCTV                                              ,HEAD OFFICE                             ,HO-ADMIN                                          ,FAACQ               
FAD-0026-0009311900008   ,2.8MM 4MP BULLET IPC  (HWI-B140H HIKVISION)                 ,2089.29000 ,04/24/2025,CCTV                                              ,HEAD OFFICE                             ,HO-ADMIN                                          ,FAACQ               
FAD-0026-0009311900009   ,2.8MM 4MP BULLET IPC  (HWI-B140H HIKVISION)                 ,2089.29000 ,04/24/2025,CCTV                                              ,HEAD OFFICE                             ,HO-ADMIN                                          ,FAACQ               
FAD-0026-0009311900010   ,2.8MM 4MP BULLET IPC  (HWI-B140H HIKVISION)                 ,2089.29000 ,04/24/2025,CCTV                                              ,HEAD OFFICE                             ,HO-ADMIN                                          ,FAACQ               
FAD-0026-0009311900011   ,2.8MM 4MP BULLET IPC  (HWI-B140H HIKVISION)                 ,2089.29000 ,04/24/2025,CCTV                                              ,HEAD OFFICE                             ,HO-ADMIN                                          ,FAACQ               
FAD-0026-0009311900012   ,2.8MM 4MP BULLET IPC  (HWI-B140H HIKVISION)                 ,2089.29000 ,04/24/2025,CCTV                                              ,HEAD OFFICE                             ,HO-ADMIN                                          ,FAACQ               
FAD-0026-0011317700001   ,POWER TOOL CORDLESS DRIVER                                  ,6874.11000 ,05/05/2025,TOOLS                                             ,HEAD OFFICE                             ,HO-INTERIOR DESIGN & VISUAL ARTS                  ,FAACQ               
FAD-0026-0008910100005   ,24 PORTS POE SWITCH (RG-S2915-24GT4MS-P-L)                  ,26696.43016,07/04/2024,SWITCH                                            ,HEAD OFFICE                             ,HO-ADMIN                                          ,FAACQ               
FAD-0026-0009046800005   ,RG-S2915-10GT2MS-P-L 10-PORT GIGABIT LAYER 2+               ,17839.28678,07/04/2024,ROUTER                                            ,HEAD OFFICE                             ,HO-ADMIN                                          ,FAACQ               
FAD-0026-0009271500006   ,CELLPHONE SAMSUNG GALAXY A166P 5G 8+256                     ,12241.07000,05/09/2025,CELLPHONE                                         ,HEAD OFFICE                             ,HO-FS PROCESS AUDIT DEPARTMENT                    ,FAACQ               
FAD-0026-0011503400001   ,CELLPHONE VIVO Y19S                                         ,7588.39000 ,05/15/2025,CELLPHONE                                         ,HEAD OFFICE                             ,HO-GENERAL SERVICES DEPARTMENT                    ,FAACQ               
FAD-0009-0011503400002   ,CELLPHONE VIVO Y19S                                         ,7588.39000 ,05/26/2025,CELLPHONE                                         ,CORPORATE-GROUP 3                       ,CORPORATE3-ADMIN                                  ,FAACQ               
FAD-0009-0011503400003   ,CELLPHONE VIVO Y19S                                         ,7588.39000 ,05/26/2025,CELLPHONE                                         ,CORPORATE-GROUP 3                       ,CORPORATE3-ADMIN                                  ,FAACQ               
FAD-0009-0011503400004   ,CELLPHONE VIVO Y19S                                         ,7588.39000 ,05/26/2025,CELLPHONE                                         ,COMMISSARY COMPOUND                     ,COMCO-BUILDING ADMIN                              ,FA_TRAN             
FAD-0009-0011579000001   ,CELLPHONE SAMSUNG GALAXY A16 4GB+128GB                      ,8026.78000 ,05/26/2025,CELLPHONE                                         ,FSQ-RESEARCH AND DEVELOPMENT            ,FS&Q/R&D - FIXED ASSET DEPARTMENT                 ,FA_TRAN             
FAD-0026-0011751900001   ,XIAOMI TAB PAD 7 12+256 GB                                  ,21874.12000,05/29/2025,TABLET                                            ,HEAD OFFICE                             ,HO-FINANCE DEPARTMENT                             ,FAACQ               
FAD-0026-0011368000001   ,SUNMI FT2                                                   ,31250      ,06/05/2025,POS                                               ,HEAD OFFICE                             ,HO-INFORMATION TECHNOLOGY                         ,FAACQ               
FAD-0026-0011514400001   ,POWEREDGE T360                                              ,159070.2700,06/05/2025,SERVER                                            ,HEAD OFFICE                             ,HO-MANILA OFFICE EXTENSION                        ,FAACQ               
FAD-0028-0011458500001   ,DEVELOP INEO 360I                                           ,223214.2900,06/05/2025,PHOTOCOPIER                                       ,CENTRAL DISTRIBUTION CENTER             ,CDC-RETAIL 1 GROCERY                              ,FAACQ               
FAD-0026-0011663300001   ,HONOR X6B PURPLE                                            ,5178.57000 ,06/05/2025,CELLPHONE                                         ,HEAD OFFICE                             ,HO-LEGAL DEPARTMENT                               ,FAACQ               
FAD-0026-0007922400001   ,KAWASAKI PRESSURE WASHER BELT DRIVEN 2HP GK-25A             ,12500      ,06/11/2025,PRESSURE WASHER                                   ,HEAD OFFICE                             ,HO-ENGINEERING                                    ,FAACQ               
FAD-0026-0011663300002   ,HONOR X6B PURPLE                                            ,5356.25000 ,06/16/2025,CELLPHONE                                         ,HEAD OFFICE                             ,HO-FIXED ASSET DEPARTMENT                         ,FAACQ               
FAD-0026-0011725000001   ,HONOR CP X7C 256GB WHT                                      ,8034.82000 ,06/17/2025,CELLPHONE                                         ,HEAD OFFICE                             ,HO-CLINIC                                         ,FAACQ               
FAD-0026-0010761700001   ,EPSON L6270 (INK TANK) PRINTER W/WIFI ADF                   ,15218.75000,06/23/2025,PRINTER                                           ,HEAD OFFICE                             ,HO-FINANCE DEPARTMENT                             ,FAACQ               
FAD-0026-0010761700002   ,EPSON L6270 (INK TANK) PRINTER W/WIFI ADF                   ,15218.75000,06/23/2025,PRINTER                                           ,HEAD OFFICE                             ,HO-FINANCE DEPARTMENT                             ,FAACQ               
FAD-0026-0010537600001   ,BIOMETRICS ZKTECO K14                                       ,7410.71000 ,07/01/2025,BIOMETRICS                                        ,HEAD OFFICE                             ,HO-ADMIN                                          ,FAACQ               
FAD-0026-0011305900007   ,RUCKUS UNLEASHED R350 ACCESS POINT                          ,35796.74000,07/01/2025,ROUTER                                            ,HEAD OFFICE                             ,HO-ADMIN                                          ,FAACQ               
FAD-0026-0011305900008   ,RUCKUS UNLEASHED R350 ACCESS POINT                          ,35796.74000,07/01/2025,ROUTER                                            ,HEAD OFFICE                             ,HO-ADMIN                                          ,FAACQ               
FAD-0026-0011305900009   ,RUCKUS UNLEASHED R350 ACCESS POINT                          ,35796.74000,07/01/2025,ROUTER                                            ,HEAD OFFICE                             ,HO-ADMIN                                          ,FAACQ               
FAD-0026-0010212300004   ,SONY UHD KD 43X75K                                          ,20535.71000,07/01/2025,TV                                                ,HEAD OFFICE                             ,HO-ADMIN                                          ,FAACQ               
FAD-0026-0010212300005   ,SONY UHD KD 43X75K                                          ,20535.71000,07/01/2025,TV                                                ,HEAD OFFICE                             ,HO-ADMIN                                          ,FAACQ               
FAD-0026-0010212300006   ,SONY UHD KD 43X75K                                          ,20535.71000,07/01/2025,TV                                                ,HEAD OFFICE                             ,HO-ADMIN                                          ,FAACQ               
FAD-0026-0010212300007   ,SONY UHD KD 43X75K                                          ,20535.71000,07/01/2025,TV                                                ,HEAD OFFICE                             ,HO-ADMIN                                          ,FAACQ               
FAD-0026-0008968200001   ,ALUMINUN STEP LADDER W/ HANDRAIL 7 STEPS                    ,2544.64000 ,07/02/2025,LADDER                                            ,HEAD OFFICE                             ,HO-ENGINEERING                                    ,FAACQ               
FAD-0026-0010807800001   ,FUJIDENZO CFRZR IFC 50GDF 5CF                               ,11339.29000,07/03/2025,FREEZER/CHILLER                                   ,HEAD OFFICE                             ,HO-ADMIN                                          ,FAACQ               
FAD-0026-0010537600002   ,BIOMETRICS ZKTECO K14                                       ,7410.71000 ,07/18/2025,BIOMETRICS                                        ,HEAD OFFICE                             ,HO-ADMIN                                          ,FAACQ               
FAD-0026-0011581700001   ,NICHIYU PALLET TRUCK MODEL: RNP30-1268NNT                   ,31250      ,07/23/2025,PALLET TRUCK                                      ,HEAD OFFICE                             ,HO-CEBU OFFICE EXTENSION                          ,FAACQ               
FAD-0026-0010212300009   ,SONY UHD KD 43X75K                                          ,20535.71000,07/30/2025,TV                                                ,HEAD OFFICE                             ,HO-ADMIN                                          ,FAACQ               
FAD-0026-0002791700001   ,CELLPHONE IPHONE 13 128GB                                   ,24991.07000,08/05/2025,CELLPHONE                                         ,HEAD OFFICE                             ,HO-INTERIOR DESIGN & VISUAL ARTS                  ,FAACQ               
FAD-0026-0012249100001   ,HUAWEI CP NOVA Y73 BLK                                      ,8482.14000 ,08/05/2025,CELLPHONE                                         ,ASC MAIN                                ,ASCM-ADMIN LEASING                                ,FA_TRAN             
FAD-0026-0008170100001   ,UBIQUITY AIR FIBER AF-5XHD                                  ,28459.82000,08/06/2025,ROUTER                                            ,HEAD OFFICE                             ,HO-ADMIN                                          ,FAACQ               
FAD-0026-0008170100002   ,UBIQUITY AIR FIBER AF-5XHD                                  ,28459.82000,08/06/2025,ROUTER                                            ,HEAD OFFICE                             ,HO-ADMIN                                          ,FAACQ               
FAD-0026-0010657900001   ,STEC LONG RANGE REFLECTORLESS TOTAL STATION                 ,165178.5700,08/08/2025,OTHERS                                            ,HEAD OFFICE                             ,HO-AUXILIARY SERVICE DEPARTMENT                   ,FAACQ               
FAD-0026-0009271500007   ,CELLPHONE SAMSUNG GALAXY A166P 5G 8+256                     ,10491.25000,08/13/2025,CELLPHONE                                         ,HEAD OFFICE                             ,HO-FS PROCESS AUDIT DEPARTMENT                    ,FAACQ               
FAD-0026-0005943600002   ,STANLEY HOT AIR GUN                                         ,2231.92000 ,08/21/2025,TOOLS                                             ,HEAD OFFICE                             ,HO-INFORMATION TECHNOLOGY                         ,FAACQ               
FAD-0026-0008397300002   ,STANLEY GRINDER                                             ,3258.70239 ,08/21/2025,TOOLS                                             ,HEAD OFFICE                             ,HO-INFORMATION TECHNOLOGY                         ,FAACQ               
FAD-0026-0011725000002   ,HONOR CP X7C 256GB WHT                                      ,8034.82000 ,09/01/2025,CELLPHONE                                         ,HEAD OFFICE                             ,HO-CEBU OFFICE EXTENSION                          ,FAACQ               
FAD-0028-0010990100001   ,ZEBRA PRINTER DPI ZT23ITUSBSERIAL                           ,43750      ,07/31/2025,PRINTER                                           ,CENTRAL DISTRIBUTION CENTER             ,CDC-RETAIL 1 GROCERY                              ,FAACQ               
FAD-0026-0012154000001   ,CELLPHONE VIVO Y29                                          ,7874.13000 ,09/04/2025,CELLPHONE                                         ,HEAD OFFICE                             ,HO-FS PROCESS AUDIT DEPARTMENT                    ,FAACQ               
FAD-0026-0012154000002   ,CELLPHONE VIVO Y29                                          ,7874.13000 ,09/04/2025,CELLPHONE                                         ,HEAD OFFICE                             ,HO-FS PROCESS AUDIT DEPARTMENT                    ,FAACQ               
FAD-0026-0001546900001   ,NICHIYU HAND PALLET TRUCK                                   ,31250      ,09/05/2025,PALLET TRUCK                                      ,HEAD OFFICE                             ,HO-FIXED ASSET DEPARTMENT                         ,FAACQ               
FAD-0026-0012138400001   ,RG-EG105G-V3                                                ,4392.86000 ,09/09/2025,ROUTER                                            ,HEAD OFFICE                             ,HO-CEBU OFFICE EXTENSION                          ,FAACQ               
FAD-0026-0010855000001   ,UNI-T UT 362 ANEMOMETER                                     ,15454.80000,09/12/2025,METER                                             ,HEAD OFFICE                             ,HO-ENGINEERING                                    ,FAACQ               
FAD-0026-0012154000003   ,CELLPHONE VIVO Y29                                          ,7874.12000 ,09/23/2025,CELLPHONE                                         ,HEAD OFFICE                             ,HO-FS PROCESS AUDIT DEPARTMENT                    ,FAACQ               
FAD-0026-0012105500001   ,TOYOTA ALPHARD CS#:JV597B PL#:GNV-1209                      ,4152678.570,09/24/2025,VEHICLE                                           ,HEAD OFFICE                             ,HO-ADMIN                                          ,FAACQ               
FAD-0026-0010910000001   ,CCDEVANT SMART 32STW101                                     ,8618.75000 ,09/25/2025,TV                                                ,HEAD OFFICE                             ,HO-MARKETING                                      ,FAACQ               
FAD-0026-0010910000002   ,CCDEVANT SMART 32STW101                                     ,8618.75000 ,09/25/2025,TV                                                ,HEAD OFFICE                             ,HO-MARKETING                                      ,FAACQ               
FAD-0026-0012267900001   ,COLLAPSIBLE BOOTH                                           ,3499       ,09/29/2025,BOOTH                                             ,HEAD OFFICE                             ,HO-MARKETING                                      ,FAACQ               
FAD-0026-0012267900002   ,COLLAPSIBLE BOOTH                                           ,3499       ,09/29/2025,BOOTH                                             ,HEAD OFFICE                             ,HO-MARKETING                                      ,FAACQ               
FAD-0026-0012267900003   ,COLLAPSIBLE BOOTH                                           ,3499       ,09/29/2025,BOOTH                                             ,HEAD OFFICE                             ,HO-MARKETING                                      ,FAACQ               
FAD-0026-0012443900001   ,SAMSUNG GALAXY A36 5G 8+256                                 ,19241.25000,09/30/2025,CELLPHONE                                         ,HEAD OFFICE                             ,HO-CLINIC                                         ,FAACQ               
FAD-0024-0012195100001   ,BILL COUNTER  - KISAN  K2A                                  ,71428.57000,10/02/2025,COUNTER                                           ,WHOLESALE DISTRIBUTION GROUP            ,WDG-UBAY                                          ,FAACQ               
FAD-0024-0000003300001   ,PRESSURE WASHER 1.5HP KAWASAKI                              ,5544.64000 ,10/06/2025,PRESSURE WASHER                                   ,WHOLESALE DISTRIBUTION GROUP            ,WDG-UBAY                                          ,FAACQ               
FAD-0026-0011610300001   ,POE SWITCH 24 PORTS                                         ,23660.71000,10/09/2025,SWITCH                                            ,HEAD OFFICE                             ,HO-FS PROCESS AUDIT DEPARTMENT                    ,FAACQ               
FAD-0026-0003944900001   ,OMNI WIRE EXTENSION 25M                                     ,4196.21000 ,10/14/2025,WIRE                                              ,HEAD OFFICE                             ,HO-INFORMATION TECHNOLOGY                         ,FAACQ               
FAD-0026-0010344100001   ,LOTUS DEMOLITION HAMMER 6KG LTSH6EX                         ,6282.14000 ,10/14/2025,MACHINE TOOLS                                     ,HEAD OFFICE                             ,HO-INFORMATION TECHNOLOGY                         ,FAACQ               
FAD-0110-00113379000     ,DATAKOM CONTROLLER                                          ,59245      ,07/19/2025,CONTROLLER                                        ,MFI-GP FARM                             ,GPF-ADMIN                                         ,FA_TRAN             
FAD-0110-00114766000     ,NEMA-1 PANELBOARD MCCB 60A 3P 15KA 400V ABB                 ,21428.57000,03/28/2025,PANEL BOARD                                       ,MFI-GP FARM                             ,GPF-ADMIN                                         ,FA_TRAN             
FAD-0026-0010344100002   ,LOTUS DEMOLITION HAMMER 6KG LTSH6EX                         ,6282.14000 ,10/15/2025,MACHINE TOOLS                                     ,HEAD OFFICE                             ,HO-INFORMATION TECHNOLOGY                         ,FAACQ               
FAD-0026-0008397300003   ,STANLEY GRINDER                                             ,2356.97000 ,10/17/2025,TOOLS                                             ,HEAD OFFICE                             ,HO-INFORMATION TECHNOLOGY                         ,FAACQ               
FAD-0026-0010344100003   ,LOTUS DEMOLITION HAMMER 6KG LTSH6EX                         ,6282.14000 ,10/17/2025,MACHINE TOOLS                                     ,HEAD OFFICE                             ,HO-INFORMATION TECHNOLOGY                         ,FAACQ               
FAD-0026-0012349600001   ,MITS. TRITON GLX CS#:FU415A PL#:GBI-9346                    ,1250000    ,10/20/2025,VEHICLE                                           ,HEAD OFFICE                             ,HO-ENGINEERING                                    ,FAACQ               
FAD-0026-0007802300001   ,MAKITA GRINDER                                              ,3481.25000 ,10/22/2025,GRINDER                                           ,HEAD OFFICE                             ,HO-INFORMATION TECHNOLOGY                         ,FAACQ               
FAD-0026-0012617500001   ,SAMSUNG  GLX A17 5G 8/256GB GRY                             ,12133.93000,10/27/2025,CELLPHONE                                         ,HEAD OFFICE                             ,HO-AUXILIARY SERVICE DEPARTMENT                   ,FAACQ               
FAD-0026-0012617500002   ,SAMSUNG  GLX A17 5G 8/256GB GRY                             ,12133.93000,10/27/2025,CELLPHONE                                         ,HEAD OFFICE                             ,HO-AUXILIARY SERVICE DEPARTMENT                   ,FAACQ               
FAD-0026-0012526800001   ,HONOR X7D 16+512GB                                          ,8749.12000 ,11/05/2025,CELLPHONE                                         ,HEAD OFFICE                             ,HO-SECURITY & SAFETY DEPARTMENT                   ,FAACQ               
FAD-0026-0012427500001   ,PAPER SHREDDER KOBRA+SS4 THROAT WIDTH:230MM                 ,20803.57000,11/07/2025,SHREDDER                                          ,HEAD OFFICE                             ,HO-AUXILIARY SERVICE DEPARTMENT                   ,FAACQ               
FAD-0026-0012637200001   ,TOYOTA INNOVA XE CS#:ON974B                                 ,1187500    ,11/10/2025,VEHICLE                                           ,HEAD OFFICE                             ,HO-FS PROCESS AUDIT DEPARTMENT                    ,FAACQ               
FAD-0026-0012748000001   ,INFINIX HOT 60 PRO+                                         ,8034.82000 ,11/11/2025,CELLPHONE                                         ,HEAD OFFICE                             ,HO-SECURITY & SAFETY DEPARTMENT                   ,FAACQ               
FAD-0026-0012222800001   ,BSTR-4000 STAINLESS STEEL STORAGE TANK                      ,64153.57000,11/18/2025,TANK                                              ,HEAD OFFICE                             ,HO-VAN DORM                                       ,FA_TRAN             
FAD-0026-0012779800001   ,EPB -X23 EUROO PARTY BOX SPEAKER                            ,11159.82000,11/19/2025,SPEAKER                                           ,HEAD OFFICE                             ,HO-SECURITY & SAFETY DEPARTMENT                   ,FAACQ               
FAD-0026-0010847800001   ,SKETCHUP STUDIO FOR PROFESSIONAL USE                        ,16687.50000,12/04/2025,SOFTWARE                                          ,HEAD OFFICE                             ,HO-MANILA OFFICE EXTENSION                        ,FAACQ               
FAD-0026-0010847800002   ,SKETCHUP STUDIO FOR PROFESSIONAL USE                        ,16687.50000,12/04/2025,SOFTWARE                                          ,HEAD OFFICE                             ,HO-MANILA OFFICE EXTENSION                        ,FAACQ               
FAD-0026-0010847800003   ,SKETCHUP STUDIO FOR PROFESSIONAL USE                        ,16687.50000,12/04/2025,SOFTWARE                                          ,HEAD OFFICE                             ,HO-MANILA OFFICE EXTENSION                        ,FAACQ               
FAD-0026-0010847900001   ,AIRCON STANDARD 42CFE04/38ASC04 4.0HP                       ,60312.50000,12/04/2025,AIRCON                                            ,HEAD OFFICE                             ,HO-MANILA OFFICE EXTENSION                        ,FAACQ               
FAD-0026-0010847900002   ,AIRCON STANDARD 42CFE04/38ASC04 4.0HP                       ,60312.50000,12/04/2025,AIRCON                                            ,HEAD OFFICE                             ,HO-MANILA OFFICE EXTENSION                        ,FAACQ               
FAD-0026-0012498600001   ,RG-S2915-24GT4MS-L(24 X 10/100/1000BASE-T                   ,25000      ,12/05/2025,HUB                                               ,HEAD OFFICE                             ,HO-INFORMATION TECHNOLOGY                         ,FAACQ               
FAD-0026-0012498600002   ,RG-S2915-24GT4MS-L(24 X 10/100/1000BASE-T                   ,25000      ,12/05/2025,HUB                                               ,HEAD OFFICE                             ,HO-INFORMATION TECHNOLOGY                         ,FAACQ               
FAD-0026-0012498600003   ,RG-S2915-24GT4MS-L(24 X 10/100/1000BASE-T                   ,25000      ,12/05/2025,HUB                                               ,HEAD OFFICE                             ,HO-INFORMATION TECHNOLOGY                         ,FAACQ               
FAD-0026-0012498600004   ,RG-S2915-24GT4MS-L(24 X 10/100/1000BASE-T                   ,25000      ,12/05/2025,HUB                                               ,HEAD OFFICE                             ,HO-INFORMATION TECHNOLOGY                         ,FAACQ               
FAD-0026-0012498600005   ,RG-S2915-24GT4MS-L(24 X 10/100/1000BASE-T                   ,25000      ,12/05/2025,HUB                                               ,HEAD OFFICE                             ,HO-INFORMATION TECHNOLOGY                         ,FAACQ               
FAD-0024-0012847400001   ,CELLPHONE VIVO Y29 8+256GB                                  ,9428.57000 ,12/15/2025,CELLPHONE                                         ,WHOLESALE DISTRIBUTION GROUP            ,WDG-ADMIN                                         ,FAACQ               
FAD-0024-0012847400002   ,CELLPHONE VIVO Y29 8+256GB                                  ,9428.57000 ,12/15/2025,CELLPHONE                                         ,WHOLESALE DISTRIBUTION GROUP            ,WDG-ADMIN                                         ,FAACQ               
FAD-0024-0012847400003   ,CELLPHONE VIVO Y29 8+256GB                                  ,9428.57000 ,12/15/2025,CELLPHONE                                         ,WHOLESALE DISTRIBUTION GROUP            ,WDG-ADMIN                                         ,FAACQ               
FAD-0024-0012847400004   ,CELLPHONE VIVO Y29 8+256GB                                  ,9428.57000 ,12/15/2025,CELLPHONE                                         ,WHOLESALE DISTRIBUTION GROUP            ,WDG-ADMIN                                         ,FAACQ               
FAD-0024-0012847400005   ,CELLPHONE VIVO Y29 8+256GB                                  ,9428.57000 ,12/15/2025,CELLPHONE                                         ,WHOLESALE DISTRIBUTION GROUP            ,WDG-ADMIN                                         ,FAACQ               
FAD-0024-0012847400006   ,CELLPHONE VIVO Y29 8+256GB                                  ,9428.57000 ,12/15/2025,CELLPHONE                                         ,WHOLESALE DISTRIBUTION GROUP            ,WDG-ADMIN                                         ,FAACQ               
FAD-0024-0012847400007   ,CELLPHONE VIVO Y29 8+256GB                                  ,9428.57000 ,12/15/2025,CELLPHONE                                         ,WHOLESALE DISTRIBUTION GROUP            ,WDG-ADMIN                                         ,FAACQ               
FAD-0024-0012847400008   ,CELLPHONE VIVO Y29 8+256GB                                  ,9428.57000 ,12/15/2025,CELLPHONE                                         ,WHOLESALE DISTRIBUTION GROUP            ,WDG-ADMIN                                         ,FAACQ               
FAD-0024-0012847400009   ,CELLPHONE VIVO Y29 8+256GB                                  ,9428.57000 ,12/15/2025,CELLPHONE                                         ,WHOLESALE DISTRIBUTION GROUP            ,WDG-ADMIN                                         ,FAACQ               
FAD-0024-0012847400010   ,CELLPHONE VIVO Y29 8+256GB                                  ,9428.57000 ,12/15/2025,CELLPHONE                                         ,WHOLESALE DISTRIBUTION GROUP            ,WDG-ADMIN                                         ,FAACQ               
FAD-0024-0012847400011   ,CELLPHONE VIVO Y29 8+256GB                                  ,9428.57000 ,12/15/2025,CELLPHONE                                         ,WHOLESALE DISTRIBUTION GROUP            ,WDG-ADMIN                                         ,FAACQ               
FAD-0026-0011088500001   ,HUAWEI CP NOVA Y73 BLUE                                     ,8034.82000 ,01/05/2026,CELLPHONE                                         ,HEAD OFFICE                             ,HO-ENGINEERING                                    ,FAACQ               
FAD-0024-0012847400031   ,CELLPHONE VIVO Y29 8+256GB                                  ,9428.57000 ,12/29/2025,CELLPHONE                                         ,WHOLESALE DISTRIBUTION GROUP            ,WDG-ADMIN                                         ,FAACQ               
FAD-0024-0012847400032   ,CELLPHONE VIVO Y29 8+256GB                                  ,9428.57000 ,12/29/2025,CELLPHONE                                         ,WHOLESALE DISTRIBUTION GROUP            ,WDG-ADMIN                                         ,FAACQ               
FAD-0024-0012847400033   ,CELLPHONE VIVO Y29 8+256GB                                  ,9428.57000 ,12/29/2025,CELLPHONE                                         ,WHOLESALE DISTRIBUTION GROUP            ,WDG-ADMIN                                         ,FAACQ               
FAD-0024-0012847400034   ,CELLPHONE VIVO Y29 8+256GB                                  ,9428.57000 ,12/29/2025,CELLPHONE                                         ,WHOLESALE DISTRIBUTION GROUP            ,WDG-ADMIN                                         ,FAACQ               
FAD-0024-0012847400035   ,CELLPHONE VIVO Y29 8+256GB                                  ,9428.57000 ,12/29/2025,CELLPHONE                                         ,WHOLESALE DISTRIBUTION GROUP            ,WDG-ADMIN                                         ,FAACQ               
FAD-0024-0012847400036   ,CELLPHONE VIVO Y29 8+256GB                                  ,9428.57000 ,12/29/2025,CELLPHONE                                         ,WHOLESALE DISTRIBUTION GROUP            ,WDG-ADMIN                                         ,FAACQ               
FAD-0024-0012847400037   ,CELLPHONE VIVO Y29 8+256GB                                  ,9428.57000 ,12/29/2025,CELLPHONE                                         ,WHOLESALE DISTRIBUTION GROUP            ,WDG-ADMIN                                         ,FAACQ               
FAD-0024-0012847400038   ,CELLPHONE VIVO Y29 8+256GB                                  ,9428.57000 ,12/29/2025,CELLPHONE                                         ,WHOLESALE DISTRIBUTION GROUP            ,WDG-ADMIN                                         ,FAACQ               
FAD-0024-0012847400039   ,CELLPHONE VIVO Y29 8+256GB                                  ,9428.57000 ,12/29/2025,CELLPHONE                                         ,WHOLESALE DISTRIBUTION GROUP            ,WDG-ADMIN                                         ,FAACQ               
FAD-0024-0012847400040   ,CELLPHONE VIVO Y29 8+256GB                                  ,9428.57000 ,12/29/2025,CELLPHONE                                         ,WHOLESALE DISTRIBUTION GROUP            ,WDG-ADMIN                                         ,FAACQ               
FAD-0024-0012847400041   ,CELLPHONE VIVO Y29 8+256GB                                  ,9428.57000 ,12/29/2025,CELLPHONE                                         ,WHOLESALE DISTRIBUTION GROUP            ,WDG-ADMIN                                         ,FAACQ               
FAD-0024-0012847400042   ,CELLPHONE VIVO Y29 8+256GB                                  ,9428.57000 ,12/29/2025,CELLPHONE                                         ,WHOLESALE DISTRIBUTION GROUP            ,WDG-ADMIN                                         ,FAACQ               
FAD-0024-0012847400043   ,CELLPHONE VIVO Y29 8+256GB                                  ,9428.57000 ,12/29/2025,CELLPHONE                                         ,WHOLESALE DISTRIBUTION GROUP            ,WDG-ADMIN                                         ,FAACQ               
FAD-0024-0012847400044   ,CELLPHONE VIVO Y29 8+256GB                                  ,9428.57000 ,12/29/2025,CELLPHONE                                         ,WHOLESALE DISTRIBUTION GROUP            ,WDG-ADMIN                                         ,FAACQ               
FAD-0024-0012847400045   ,CELLPHONE VIVO Y29 8+256GB                                  ,9428.57000 ,12/29/2025,CELLPHONE                                         ,WHOLESALE DISTRIBUTION GROUP            ,WDG-ADMIN                                         ,FAACQ               
FAD-0024-0012847400046   ,CELLPHONE VIVO Y29 8+256GB                                  ,9428.57000 ,12/29/2025,CELLPHONE                                         ,WHOLESALE DISTRIBUTION GROUP            ,WDG-ADMIN                                         ,FAACQ               
FAD-0024-0012847400047   ,CELLPHONE VIVO Y29 8+256GB                                  ,9428.57000 ,12/29/2025,CELLPHONE                                         ,WHOLESALE DISTRIBUTION GROUP            ,WDG-ADMIN                                         ,FAACQ               
FAD-0024-0012847400048   ,CELLPHONE VIVO Y29 8+256GB                                  ,9428.57000 ,12/29/2025,CELLPHONE                                         ,WHOLESALE DISTRIBUTION GROUP            ,WDG-ADMIN                                         ,FAACQ               
FAD-0024-0012847400049   ,CELLPHONE VIVO Y29 8+256GB                                  ,9428.57000 ,12/29/2025,CELLPHONE                                         ,WHOLESALE DISTRIBUTION GROUP            ,WDG-ADMIN                                         ,FAACQ               
FAD-0026-0010869700001   ,APPLE IPAD 11TH WF 256 GB                                   ,24544.64000,01/07/2026,TABLET                                            ,HEAD OFFICE                             ,HO-LEGAL DEPARTMENT                               ,FAACQ               
FAD-0026-0011591100001   ,APPLE IPAD 11TH GEN A16 WIFI 128GB                          ,18294.64000,12/23/2025,TABLET                                            ,HEAD OFFICE                             ,HO-LEGAL DEPARTMENT                               ,FAACQ               
FAD-0026-0012859700001   ,HIK VISION INTERACTIVE DISPLAY  75""                         ,133928.5700,01/09/2026,MONITOR                                           ,HEAD OFFICE                             ,HO-HUMAN RESOURCE DEPARTMENT                      ,FAACQ               
FAD-0026-0012379000007   ,CELLPHONE SAMSUNG GALAXY A56 5G                             ,20526.79000,01/14/2026,CELLPHONE                                         ,HEAD OFFICE                             ,HO-LEGAL DEPARTMENT                               ,FAACQ               
FAD-0026-0012379000008   ,CELLPHONE SAMSUNG GALAXY A56 5G                             ,20526.79000,01/14/2026,CELLPHONE                                         ,HEAD OFFICE                             ,HO-LEGAL DEPARTMENT                               ,FAACQ               
FAD-0026-0008577200001   ,CARRIER A/C 53CFE ASC REM 6HP                               ,77142.86000,01/14/2026,AIRCON                                            ,HEAD OFFICE                             ,HO-ADMIN                                          ,FAACQ               
FAD-0026-0012308700001   ,HUAWEI MPAD12X 2025 12+256 GRN                              ,33927.68000,01/14/2026,TABLET                                            ,HEAD OFFICE                             ,HO-HUMAN RESOURCE DEPARTMENT                      ,FAACQ               
FAD-0026-0012379000009   ,CELLPHONE SAMSUNG GALAXY A56 5G                             ,21419.64000,01/19/2026,CELLPHONE                                         ,HEAD OFFICE                             ,HO-HUMAN RESOURCE DEPARTMENT                      ,FAACQ               
FAD-0026-0012631400001   ,210-BLLF DELL LATITUDE 3450 XCTO                            ,49107.14000,01/28/2026,LAPTOP                                            ,HEAD OFFICE                             ,HO-INFORMATION TECHNOLOGY                         ,FAACQ               
FAD-0026-0012557700001   ,GREENFIELD 20V CORDLESS DRILL                               ,4419.64000 ,01/29/2026,DRILL                                             ,HEAD OFFICE                             ,HO-FS PROCESS AUDIT DEPARTMENT                    ,FAACQ               
FAD-0026-0012561400001   ,SAMSUNG A06 5G  4+128GB                                     ,6116.25000 ,01/30/2026,CELLPHONE                                         ,HEAD OFFICE                             ,HO-DAO SUB STATION                                ,FAACQ               
FAD-0026-0010537600003   ,BIOMETRICS ZKTECO K14                                       ,7410.71000 ,01/30/2026,BIOMETRICS                                        ,HEAD OFFICE                             ,HO-ENGINEERING                                    ,FAACQ               
FAD-0026-0012587000001   ,HP PAVILION 16-AF0071TU (BJ0L2PA)                           ,58839.29000,02/02/2026,LAPTOP                                            ,HEAD OFFICE                             ,HO-LEGAL DEPARTMENT                               ,FAACQ               
FAD-0026-0012587000002   ,HP PAVILION 16-AF0071TU (BJ0L2PA)                           ,58839.29000,02/02/2026,LAPTOP                                            ,HEAD OFFICE                             ,HO-LEGAL DEPARTMENT                               ,FAACQ               
FAD-0026-0012608800001   ,RISOGRAPH MACHINE  RICOH.GESTETNER                          ,223214.2900,02/03/2026,OTHERS                                            ,HEAD OFFICE                             ,HO-FIXED ASSET DEPARTMENT                         ,FAACQ               
FAD-0115-0012840400001   ,FCU-1 42FLW060 5.0TR                                        ,52375      ,02/03/2026,OTHERS                                            ,2A-RESIDENCE                            ,2A-RESIDENCE                                      ,FAACQ               
FAD-0115-0012840400002   ,FCU-1 42FLW060 5.0TR                                        ,52375      ,02/03/2026,OTHERS                                            ,2A-RESIDENCE                            ,2A-RESIDENCE                                      ,FAACQ               
FAD-0026-0012969300001   ,HP 15-FD1455TU (CH8A8PA) ULTRA 7                            ,48125      ,02/17/2026,LAPTOP                                            ,HEAD OFFICE                             ,HO-LEGAL DEPARTMENT                               ,FAACQ               
FAD-0026-0012969300002   ,HP 15-FD1455TU (CH8A8PA) ULTRA 7                            ,48125      ,02/17/2026,LAPTOP                                            ,HEAD OFFICE                             ,HO-LEGAL DEPARTMENT                               ,FAACQ               
FAD-0026-0001611700001   ,WHEEL CHAIR IBM TAIWAN                                      ,3616.07000 ,02/18/2026,CHAIR                                             ,HEAD OFFICE                             ,HO-ADMIN                                          ,FAACQ               
FAD-0026-0012887100001   ,FIRE SUIT CABINET STAND .60 X 1.56M                         ,2596.71000 ,02/18/2026,CABINET-STEEL                                     ,HEAD OFFICE                             ,HO-DAO SUB STATION                                ,FAACQ               
FAD-0024-0013068800001   ,PANA  A/C  CW U923JPHW 1HP INV                              ,20357.14000,02/24/2026,AIRCON                                            ,WHOLESALE DISTRIBUTION GROUP            ,WDG-UBAY                                          ,FAACQ               
FAD-0026-0012379000010   ,CELLPHONE SAMSUNG GALAXY A56 5G                             ,21419.64000,02/24/2026,CELLPHONE                                         ,HEAD OFFICE                             ,HO-FINANCE DEPARTMENT                             ,FAACQ               
FAD-0026-0012770500001   ,TENNANT T300ES WALK BEHIND SCRUBBER (BRAND NEW)             ,258928.5700,02/25/2026,OTHERS                                            ,HEAD OFFICE                             ,HO-GENERAL SERVICES DEPARTMENT                    ,FAACQ               
FAD-0026-0009300900001   ,ZEBRA CORDLESS SCANNER LI4278 1D                            ,14285.71000,03/09/2026,SCANNER                                           ,HEAD OFFICE                             ,HO-FIXED ASSET DEPARTMENT                         ,FAACQ               
FAD-0026-0013001400001   ,TCL QLED 43P7K                                              ,15258.93000,01/14/2026,TV                                                ,HEAD OFFICE                             ,HO-ADMIN                                          ,FAACQ               
FAD-0026-0013001400002   ,TCL QLED 43P7K                                              ,15258.93000,01/14/2026,TV                                                ,HEAD OFFICE                             ,HO-ADMIN                                          ,FAACQ               
FAD-0026-0012379000001   ,CELLPHONE SAMSUNG GALAXY A56 5G                             ,20348.21000,01/14/2026,CELLPHONE                                         ,HEAD OFFICE                             ,HO-ADMIN                                          ,FAACQ               
FAD-0026-0012379000002   ,CELLPHONE SAMSUNG GALAXY A56 5G                             ,20348.21000,01/14/2026,CELLPHONE                                         ,HEAD OFFICE                             ,HO-ADMIN                                          ,FAACQ               
FAD-0026-0012379000003   ,CELLPHONE SAMSUNG GALAXY A56 5G                             ,20348.21000,01/14/2026,CELLPHONE                                         ,HEAD OFFICE                             ,HO-ADMIN                                          ,FAACQ               
FAD-0026-0012379000004   ,CELLPHONE SAMSUNG GALAXY A56 5G                             ,20348.21000,01/14/2026,CELLPHONE                                         ,HEAD OFFICE                             ,HO-ADMIN                                          ,FAACQ               
FAD-0026-0012379000005   ,CELLPHONE SAMSUNG GALAXY A56 5G                             ,20348.21000,01/14/2026,CELLPHONE                                         ,HEAD OFFICE                             ,HO-ADMIN                                          ,FAACQ               
FAD-0026-0012443900002   ,SAMSUNG GALAXY A36 5G 8+256                                 ,18651.79000,01/14/2026,CELLPHONE                                         ,HEAD OFFICE                             ,HO-ADMIN                                          ,FAACQ               
FAD-0026-0012443900003   ,SAMSUNG GALAXY A36 5G 8+256                                 ,18651.79000,01/14/2026,CELLPHONE                                         ,HEAD OFFICE                             ,HO-ADMIN                                          ,FAACQ               
FAD-0026-0013023900001   ,CELLPHONE SAMSUNG GLX A26 5G 8+256GB BLK                    ,18651.79000,01/14/2026,CELLPHONE                                         ,HEAD OFFICE                             ,HO-ADMIN                                          ,FAACQ               
FAD-0026-0013023900002   ,CELLPHONE SAMSUNG GLX A26 5G 8+256GB BLK                    ,18651.79000,01/14/2026,CELLPHONE                                         ,HEAD OFFICE                             ,HO-ADMIN                                          ,FAACQ               
FAD-0026-0013023900003   ,CELLPHONE SAMSUNG GLX A26 5G 8+256GB BLK                    ,18651.79000,01/14/2026,CELLPHONE                                         ,HEAD OFFICE                             ,HO-ADMIN                                          ,FAACQ               
FAD-0026-0013023900004   ,CELLPHONE SAMSUNG GLX A26 5G 8+256GB BLK                    ,18651.79000,01/14/2026,CELLPHONE                                         ,HEAD OFFICE                             ,HO-ADMIN                                          ,FAACQ               
FAD-0026-0012379000006   ,CELLPHONE SAMSUNG GALAXY A56 5G                             ,20776.79000,01/14/2026,CELLPHONE                                         ,HEAD OFFICE                             ,HO-ADMIN                                          ,FAACQ               
FAD-0026-0013023800001   ,CELLPHONE SAMSUNG GLX A56 5G 8+256GB PNK                    ,20776.79000,01/14/2026,CELLPHONE                                         ,HEAD OFFICE                             ,HO-ADMIN                                          ,FAACQ               
FAD-0026-0013023800002   ,CELLPHONE SAMSUNG GLX A56 5G 8+256GB PNK                    ,20776.79000,01/14/2026,CELLPHONE                                         ,HEAD OFFICE                             ,HO-ADMIN                                          ,FAACQ               
FAD-0026-0013023800003   ,CELLPHONE SAMSUNG GLX A56 5G 8+256GB PNK                    ,20776.79000,01/14/2026,CELLPHONE                                         ,HEAD OFFICE                             ,HO-ADMIN                                          ,FAACQ               
FAD-0026-0013023900005   ,CELLPHONE SAMSUNG GLX A26 5G 8+256GB BLK                    ,15580.36000,01/14/2026,CELLPHONE                                         ,HEAD OFFICE                             ,HO-ADMIN                                          ,FAACQ               
FAD-0026-0013023900006   ,CELLPHONE SAMSUNG GLX A26 5G 8+256GB BLK                    ,15580.36000,01/14/2026,CELLPHONE                                         ,HEAD OFFICE                             ,HO-ADMIN                                          ,FAACQ               
FAD-0026-0013024000001   ,CELLPHONE SAMSUNG GLX A17 LTE 4+128GB GRY                   ,8035.71000 ,01/14/2026,CELLPHONE                                         ,HEAD OFFICE                             ,HO-ADMIN                                          ,FAACQ               
FAD-0026-0013024000002   ,CELLPHONE SAMSUNG GLX A17 LTE 4+128GB GRY                   ,8035.71000 ,01/14/2026,CELLPHONE                                         ,HEAD OFFICE                             ,HO-ADMIN                                          ,FAACQ               
FAD-0026-0013024100001   ,CELLPHONE SAMSUNG GLX A17 5G 8+256GB BLK                    ,11769.64000,01/14/2026,CELLPHONE                                         ,HEAD OFFICE                             ,HO-ADMIN                                          ,FAACQ               
FAD-0026-0012379000007   ,CELLPHONE SAMSUNG GALAXY A56 5G                             ,20526.79000,01/14/2026,CELLPHONE                                         ,HEAD OFFICE                             ,HO-ADMIN                                          ,FAACQ               
FAD-0026-0012379000008   ,CELLPHONE SAMSUNG GALAXY A56 5G                             ,20526.79000,01/14/2026,CELLPHONE                                         ,HEAD OFFICE                             ,HO-ADMIN                                          ,FAACQ               
FAD-0026-0010624900001   ,TV TCL 2K QLED 40S5K                                        ,12491.07000,01/19/2026,TV                                                ,HEAD OFFICE                             ,HO-ADMIN                                          ,FAACQ               
FAD-0026-0012440700001   ,VENTION POWERBANK FKDM0 GRAY                                ,1695.54000 ,01/19/2026,OTHERS                                            ,HEAD OFFICE                             ,HO-ADMIN                                          ,FAACQ               
FAD-0026-0012440900001   ,ANKER POWERBANK MGSF10K                                     ,4459.82000 ,01/19/2026,OTHERS                                            ,HEAD OFFICE                             ,HO-ADMIN                                          ,FAACQ               
FAD-0026-0004542300041   ,CISCO IP PHONE 7821                                         ,7738.10000 ,03/17/2026,TELEPHONE                                         ,CENTRAL CONSTRUCTION GROUP              ,CCG-CDC CONSTRUCTION                              ,FA_TRAN             
FAD-0026-0004542300042   ,CISCO IP PHONE 7821                                         ,7738.10000 ,03/17/2026,TELEPHONE                                         ,CENTRAL CONSTRUCTION GROUP              ,CCG-CDC CONSTRUCTION                              ,FA_TRAN             
FAD-0026-0004542300043   ,CISCO IP PHONE 7821                                         ,7738.10000 ,03/17/2026,TELEPHONE                                         ,NOODLES FACTORY                         ,NF-ADMIN                                          ,FA_TRAN             
FAD-0026-0004542300044   ,CISCO IP PHONE 7821                                         ,7738.10000 ,03/17/2026,TELEPHONE                                         ,MARCELA PHARMA DISTRIBUTORS INC.        ,MPDI-URC_DC                                       ,FA_TRAN             
FAD-0026-0004542300045   ,CISCO IP PHONE 7821                                         ,7738.10000 ,03/17/2026,TELEPHONE                                         ,MARCELA FARMS INCORPORATED              ,MFI-REPACKING SERVICES                            ,FA_TRAN             
FAD-0026-0004542300046   ,CISCO IP PHONE 7821                                         ,7738.10000 ,03/17/2026,TELEPHONE                                         ,HEAD OFFICE                             ,HO-INFORMATION TECHNOLOGY                         ,FAACQ               
FAD-0026-0004542300047   ,CISCO IP PHONE 7821                                         ,7738.10000 ,03/17/2026,TELEPHONE                                         ,DISTRIBUTION SALES GROUP                ,DSG-ADMIN                                         ,FA_TRAN             
FAD-0026-0004542300048   ,CISCO IP PHONE 7821                                         ,7738.10000 ,03/17/2026,TELEPHONE                                         ,HEAD OFFICE                             ,HO-INFORMATION TECHNOLOGY                         ,FAACQ               
FAD-0026-0004542300049   ,CISCO IP PHONE 7821                                         ,7738.10000 ,03/17/2026,TELEPHONE                                         ,DISTRIBUTION SALES GROUP                ,DSG-NETMAN DISTRIBUTION                           ,FA_TRAN             
FAD-0026-0004542300050   ,CISCO IP PHONE 7821                                         ,7738.10000 ,03/17/2026,TELEPHONE                                         ,HEAD OFFICE                             ,HO-INFORMATION TECHNOLOGY                         ,FAACQ               
FAD-0026-0004542300051   ,CISCO IP PHONE 7821                                         ,7738.10000 ,03/17/2026,TELEPHONE                                         ,HEAD OFFICE                             ,HO-INFORMATION TECHNOLOGY                         ,FAACQ               
FAD-0026-0004542300052   ,CISCO IP PHONE 7821                                         ,7738.10000 ,03/17/2026,TELEPHONE                                         ,HEAD OFFICE                             ,HO-INFORMATION TECHNOLOGY                         ,FAACQ               
FAD-0026-0004542300053   ,CISCO IP PHONE 7821                                         ,7738.10000 ,03/17/2026,TELEPHONE                                         ,HEAD OFFICE                             ,HO-INFORMATION TECHNOLOGY                         ,FAACQ               
FAD-0026-0004542300054   ,CISCO IP PHONE 7821                                         ,7738.10000 ,03/17/2026,TELEPHONE                                         ,HEAD OFFICE                             ,HO-INFORMATION TECHNOLOGY                         ,FAACQ               
FAD-0026-0004542300055   ,CISCO IP PHONE 7821                                         ,7738.10000 ,03/17/2026,TELEPHONE                                         ,HEAD OFFICE                             ,HO-INFORMATION TECHNOLOGY                         ,FAACQ               
FAD-0026-0004542300056   ,CISCO IP PHONE 7821                                         ,7738.10000 ,03/17/2026,TELEPHONE                                         ,HEAD OFFICE                             ,HO-INFORMATION TECHNOLOGY                         ,FAACQ               
FAD-0026-0004542300057   ,CISCO IP PHONE 7821                                         ,7738.10000 ,03/17/2026,TELEPHONE                                         ,HEAD OFFICE                             ,HO-BENEFITS DEPARTMENT                            ,FA_TRAN             
FAD-0026-0004542300058   ,CISCO IP PHONE 7821                                         ,7738.10000 ,03/17/2026,TELEPHONE                                         ,HEAD OFFICE                             ,HO-HUMAN RESOURCE DEPARTMENT                      ,FA_TRAN             
FAD-0026-0004542300059   ,CISCO IP PHONE 7821                                         ,7738.10000 ,03/17/2026,TELEPHONE                                         ,HEAD OFFICE                             ,HO-INFORMATION TECHNOLOGY                         ,FAACQ               
FAD-0026-0004542300060   ,CISCO IP PHONE 7821                                         ,7738.10000 ,03/17/2026,TELEPHONE                                         ,CENTRAL DISTRIBUTION CENTER             ,CDC-RETAIL 1 GROCERY                              ,FA_TRAN             
FAD-0026-0004542300061   ,CISCO IP PHONE 7821                                         ,7738.10000 ,03/17/2026,TELEPHONE                                         ,CENTRAL CONSTRUCTION GROUP              ,CCG-CDC CONSTRUCTION                              ,FA_TRAN             
FAD-0026-0004542300062   ,CISCO IP PHONE 7821                                         ,7738.10000 ,03/17/2026,TELEPHONE                                         ,CENTRAL DISTRIBUTION CENTER             ,CDC-RETAIL 1 GROCERY                              ,FA_TRAN             
FAD-0026-0004542300063   ,CISCO IP PHONE 7821                                         ,7738.10000 ,03/17/2026,TELEPHONE                                         ,MFI-POULTRY LAYER                       ,POULTRY-ADMIN OFFICE                              ,FA_TRAN             
FAD-0026-0004542300064   ,CISCO IP PHONE 7821                                         ,7738.10000 ,03/17/2026,TELEPHONE                                         ,BAKESHOP COMMISSARY                     ,BSCOM-RESEARCH AND DEVELOPMENT                    ,FA_TRAN             
FAD-0026-0004542300065   ,CISCO IP PHONE 7821                                         ,7738.10000 ,03/17/2026,TELEPHONE                                         ,HEAD OFFICE                             ,HO-ENGINEERING                                    ,FA_TRAN             
FAD-0026-0004542300066   ,CISCO IP PHONE 7821                                         ,7738.10000 ,03/17/2026,TELEPHONE                                         ,WHOLESALE DISTRIBUTION GROUP            ,WDG-FIXRITE WHOLESALE                             ,FA_TRAN             
FAD-0026-0004542300067   ,CISCO IP PHONE 7821                                         ,7738.10000 ,03/17/2026,TELEPHONE                                         ,HEAD OFFICE                             ,HO-INFORMATION TECHNOLOGY                         ,FAACQ               
FAD-0026-0004542300068   ,CISCO IP PHONE 7821                                         ,7738.10000 ,03/17/2026,TELEPHONE                                         ,HEAD OFFICE                             ,HO-INFORMATION TECHNOLOGY                         ,FAACQ               
FAD-0026-0004542300069   ,CISCO IP PHONE 7821                                         ,7738.10000 ,03/17/2026,TELEPHONE                                         ,HEAD OFFICE                             ,HO-INFORMATION TECHNOLOGY                         ,FAACQ               
FAD-0026-0004542300070   ,CISCO IP PHONE 7821                                         ,7738.10000 ,03/17/2026,TELEPHONE                                         ,CENTRAL MOTORPOOL COMPLEX               ,CDC-MOTORPOOL                                     ,FA_TRAN             
FAD-0026-0013221100001   ,IPHONE 17 PRO MAX 512 GB                                    ,86598.21000,03/23/2026,CELLPHONE                                         ,HEAD OFFICE                             ,HO-LEGAL DEPARTMENT                               ,FAACQ               
FAD-0026-0012580300001   ,1G-0C016 OOFICE CHAIR                                       ,4977.42000 ,11/28/2025,CHAIR                                             ,HEAD OFFICE                             ,HO-INTERIOR DESIGN & VISUAL ARTS                  ,FAACQ               
FAD-0026-0012580300002   ,1G-0C016 OOFICE CHAIR                                       ,4977.42000 ,11/28/2025,CHAIR                                             ,HEAD OFFICE                             ,HO-INTERIOR DESIGN & VISUAL ARTS                  ,FAACQ               
FAD-0026-0012580300003   ,1G-0C016 OOFICE CHAIR                                       ,4977.42000 ,11/28/2025,CHAIR                                             ,HEAD OFFICE                             ,HO-INTERIOR DESIGN & VISUAL ARTS                  ,FAACQ               
FAD-0026-0012580300004   ,1G-0C016 OOFICE CHAIR                                       ,4977.42000 ,11/28/2025,CHAIR                                             ,HEAD OFFICE                             ,HO-INTERIOR DESIGN & VISUAL ARTS                  ,FAACQ               
FAD-0026-0012580400001   ,AV OFFICE CHAIR                                             ,2705.59000 ,11/28/2025,CHAIR                                             ,HEAD OFFICE                             ,HO-INTERIOR DESIGN & VISUAL ARTS                  ,FAACQ               
FAD-0026-0012580400002   ,AV OFFICE CHAIR                                             ,2705.59000 ,11/28/2025,CHAIR                                             ,HEAD OFFICE                             ,HO-INTERIOR DESIGN & VISUAL ARTS                  ,FAACQ               
FAD-0026-0012580500001   ,AV T10 OFFICE TABLE                                         ,5926.52000 ,11/28/2025,TABLE                                             ,HEAD OFFICE                             ,HO-INTERIOR DESIGN & VISUAL ARTS                  ,FAACQ               
FAD-0026-0012580500002   ,AV T10 OFFICE TABLE                                         ,5926.52000 ,11/28/2025,TABLE                                             ,HEAD OFFICE                             ,HO-INTERIOR DESIGN & VISUAL ARTS                  ,FAACQ               
FAD-0026-0012580500003   ,AV T10 OFFICE TABLE                                         ,5926.52000 ,11/28/2025,TABLE                                             ,HEAD OFFICE                             ,HO-INTERIOR DESIGN & VISUAL ARTS                  ,FAACQ               
FAD-0026-0012580500004   ,AV T10 OFFICE TABLE                                         ,5926.52000 ,11/28/2025,TABLE                                             ,HEAD OFFICE                             ,HO-INTERIOR DESIGN & VISUAL ARTS                  ,FAACQ               
FAD-0026-0012580600001   ,AV H6-9640 OFFICE TABLE                                     ,5926.52000 ,11/28/2025,TABLE                                             ,HEAD OFFICE                             ,HO-INTERIOR DESIGN & VISUAL ARTS                  ,FAACQ               
FAD-0026-0012580600002   ,AV H6-9640 OFFICE TABLE                                     ,5926.52000 ,11/28/2025,TABLE                                             ,HEAD OFFICE                             ,HO-INTERIOR DESIGN & VISUAL ARTS                  ,FAACQ               
FAD-0026-0001190200001   ,OFFICE CHAIR                                                ,3495       ,10/29/2025,TABLE                                             ,HEAD OFFICE                             ,HO-CLINIC                                         ,FAACQ               
FAD-0026-0010066700002   ,DOWELL AIR COOLER ARC78 13LWHT                              ,7558       ,02/18/2026,COOLER                                            ,HEAD OFFICE                             ,HO-LEGAL DEPARTMENT                               ,FAACQ               
FAD-0026-0010066700003   ,DOWELL AIR COOLER ARC78 13LWHT                              ,7558       ,02/18/2026,COOLER                                            ,HEAD OFFICE                             ,HO-LEGAL DEPARTMENT                               ,FAACQ               
FAD-0026-0010066700004   ,DOWELL AIR COOLER ARC78 13LWHT                              ,7558       ,02/18/2026,COOLER                                            ,HEAD OFFICE                             ,HO-LEGAL DEPARTMENT                               ,FAACQ               
FAD-0026-0012562200001   ,TOYOTA FORTUNER CS#:YT525B                                  ,1625000    ,04/16/2026,VEHICLE                                           ,HEAD OFFICE                             ,HO-ADMIN                                          ,FAACQ               
FAD-0030-00122105000     ,TOYOTA GR YARIS CS#:CS011B PL#:GBK-2715                     ,3169643    ,08/07/2025,VEHICLE                                           ,HEAD OFFICE                             ,HO-ADMIN                                          ,FA_TRAN             
FAD-0026-0012767400001   ,HSM DIGITAL HEAVY DUTY PAPER SHREDDER                       ,39285.71000,11/24/2025,SHREDDER                                          ,HEAD OFFICE                             ,HO-LEGAL DEPARTMENT                               ,FAACQ               
FAD-0026-0010134600002   ,LOTUS CORDLESS BRUSHLESS DRILL LTHD18V-80BL                 ,6996.50000 ,05/08/2026,TONER                                             ,HEAD OFFICE                             ,HO-INFORMATION TECHNOLOGY                         ,FAACQ               
FAD-0026-0011972400002   ,LOTUS ROTARY HAMMER                                         ,3996       ,05/08/2026,TOOLS                                             ,HEAD OFFICE                             ,HO-INFORMATION TECHNOLOGY                         ,FAACQ               
FAD-0026-0013378200001   ,CARRIER A/C FP53CAC009308-1                                 ,30535.71000,05/11/2026,AIRCON                                            ,HEAD OFFICE                             ,HO-ADMIN                                          ,FAACQ               
FAD-0024-0012847400050   ,CELLPHONE VIVO Y29 8+256GB                                  ,9428.57000 ,05/14/2026,CELLPHONE                                         ,WHOLESALE DISTRIBUTION GROUP            ,WDG-UBAY                                          ,FAACQ               
FAD-0026-0013100800001   ,PHONE SAMSUNG A56  8+256GB                                  ,21419.64000,05/25/2026,CELLPHONE                                         ,HEAD OFFICE                             ,HO-LEGAL DEPARTMENT                               ,FAACQ               
FAD-0026-0013423100001   ,CARRIER A/C FP53CAC024308-1                                 ,39685.71000,05/25/2026,AIRCON                                            ,HEAD OFFICE                             ,HO-AUXILIARY SERVICE DEPARTMENT                   ,FAACQ               
FAD-0026-0013332500001   ,SAMSUNG GALAXY A37 5G 8+256GB BLK                           ,23651.79000,05/25/2026,CELLPHONE                                         ,HEAD OFFICE                             ,HO-LEGAL DEPARTMENT                               ,FAACQ               
FAD-0026-0013376400001   ,CARRIER A/C 53DFE-ASD06H-1 5TR                              ,104874.1100,05/25/2026,AIRCON                                            ,HEAD OFFICE                             ,HO-FS PROCESS AUDIT DEPARTMENT                    ,FAACQ               
FAD-0026-0013378200002   ,CARRIER A/C FP53CAC009308-1                                 ,30535.71000,05/25/2026,AIRCON                                            ,HEAD OFFICE                             ,HO-ADMIN                                          ,FAACQ               
FAD-0026-0003944900002   ,OMNI WIRE EXTENSION 25M                                     ,4699.75000 ,05/26/2026,WIRE                                              ,HEAD OFFICE                             ,HO-INFORMATION TECHNOLOGY                         ,FAACQ               
FAD-0026-0013495700001   ,LOTUS RANDOM ORBIT SAND                                     ,3426.50000 ,05/26/2026,TOOLS                                             ,HEAD OFFICE                             ,HO-INFORMATION TECHNOLOGY                         ,FAACQ               
FAD-0026-0013386600001   ,KLEIN TOOLS 1/8-INCH X 240 FOOT STEEL FISH TAPE             ,12500      ,06/02/2026,TOOLS                                             ,HEAD OFFICE                             ,HO-INFORMATION TECHNOLOGY                         ,FAACQ               
FAD-0026-0013386700001   ,KLEIN TOOLS 1/8-INCH X 120 FOOT STEEL FISH TAPE             ,9107.14000 ,06/02/2026,TOOLS                                             ,HEAD OFFICE                             ,HO-INFORMATION TECHNOLOGY                         ,FAACQ               
FAD-0026-0012094300002   ,GREEN LEE U.S MANUAL KNOCKOUT KITS                          ,29464.29000,06/03/2026,TOOLS                                             ,HEAD OFFICE                             ,HO-INFORMATION TECHNOLOGY                         ,FAACQ               
FAD-0027-0011029000001   ,TVS KING                                                    ,178392.8600,06/08/2026,MOTORCYCLE-BRAND NEW                              ,PHARMACY GROUP                          ,HO-PHARMACY GROUP                                 ,FAACQ               
