barcode,desc,acost,adate,ast_type,cat_type,est_life,locname,dept,status
0077-0001033000001  ,ICE SHAVER/ICE CRUSHER                                      ,      2550.00,10/01/2019,MACH. & EQPT.       ,ICE SHAVER                                        ,         5,CHARCOAL & CHOP FOODLINE INC. ,ICM-MEALTIME EXPRESS                              ,FAACQ               
0013-0000999500001  ,WATER PUMP                                                  ,      2599.75,11/13/2019,MACH. & EQPT.       ,PUMP                                              ,         5,PRAWN FARM                    ,PRAWN FARM-ICM                                    ,FAACQ               
0071-0005127600001  ,FINGERPRINT TIME ATTENDANCE TERMINAL 3000TC                 ,      9800.00,11/21/2019,STR. EQPT.          ,OTHERS                                            ,         3,PRAWN FARM                    ,PRAWN FARM-ICM                                    ,FABB                
0071-0006045700001  ,TABLE ROUND COCKTAIL                                        ,      5230.00,03/30/2010,FUR. & FIXT.        ,TABLE                                             ,         5,ISLAND CITY MALL              ,ICM-LEASING DEPARTMENT                            ,FA_TRAN             
0071-0006045700002  ,TABLE ROUND COCKTAIL                                        ,      5230.00,03/30/2010,FUR. & FIXT.        ,TABLE                                             ,         5,ISLAND CITY MALL              ,ICM-LEASING DEPARTMENT                            ,FA_TRAN             
0071-0006045700003  ,TABLE ROUND COCKTAIL                                        ,      5230.00,03/30/2010,FUR. & FIXT.        ,TABLE                                             ,         5,ISLAND CITY MALL              ,ICM-LEASING DEPARTMENT                            ,FA_TRAN             
0071-0006045700004  ,TABLE ROUND COCKTAIL                                        ,      5230.00,03/30/2010,FUR. & FIXT.        ,TABLE                                             ,         5,ISLAND CITY MALL              ,ICM-LEASING DEPARTMENT                            ,FA_TRAN             
0077-0006064600001  ,S/S COLD PAN (FOR ISLAND COUNTER)                           ,     25555.00,02/22/2020,FUR. & FIXT.        ,OTHERS                                            ,         3,CHARCOAL & CHOP FOODLINE INC. ,AC-PRAWN FARM                                     ,FAACQ               
0071-0006085200001  ,GLASS RACK DOLLY W/O HANDLE 53X53X7.8CM                     ,      2058.00,03/24/2020,STR. EQPT.          ,OTHERS                                            ,         3,PRAWN FARM                    ,PRAWN FARM-ICM                                    ,FAACQ               
0071-0006085200002  ,GLASS RACK DOLLY W/O HANDLE 53X53X7.8CM                     ,      2058.00,03/24/2020,STR. EQPT.          ,OTHERS                                            ,         3,PRAWN FARM                    ,PRAWN FARM-ICM                                    ,FAACQ               
0026-0001977100006  ,HANDHELD SCANNER                                            ,      5300.00,09/14/2020,STR. EQPT.          ,SCANNER                                           ,         3,PRAWN FARM                    ,PRAWN FARM-ICM                                    ,FA_TRAN             
0026-0006478400006  ,TABLET SAMSUNG GALAXY A T295                                ,      7990.00,09/14/2020,OFF. EQPT.          ,TABLET                                            ,         2,PRAWN FARM                    ,PRAWN FARM-ICM                                    ,FA_TRAN             
0071-0004230500001  ,MONITOR AOC 18.5""                                           ,      3100.00,10/22/2020,OFF. EQPT.          ,MONITOR                                           ,         3,PRAWN FARM                    ,PRAWN FARM-ICM                                    ,FAACQ               
0071-0006479200001  ,CPU SET INTEL CORE I3-9100                                  ,     15500.00,10/22/2020,OFF. EQPT.          ,CPU                                               ,         3,PRAWN FARM                    ,PRAWN FARM-ICM                                    ,FAACQ               
0071-0006510700001  ,DLINK DIR 809 WIFI AC750 ROUTER                             ,      2300.00,10/22/2020,OTHERS              ,OFFICE INV.                                       ,         1,PRAWN FARM                    ,PRAWN FARM-ICM                                    ,FAACQ               
0071-0006463400001  ,HIKVISION TURBO HD DVR 16CH                                 ,      8950.00,07/27/2021,BLDG. IMPVT.        ,CCTV                                              ,         3,PRAWN FARM                    ,PRAWN FARM-ICM                                    ,FAACQ               
0077-0001516000001  ,FOR INSTALLATION OF PARTS LABOR CHARGE SALES                ,      4071.43,08/02/2021,OTHERS              ,OTHERS                                            ,         5,CHARCOAL & CHOP FOODLINE INC. ,AC-PRAWN FARM                                     ,FAACQ               
0077-0005379400001  ,WATER STORAGE TANK                                          ,      7200.00,08/02/2021,MACH. & EQPT.       ,TANK                                              ,         5,CHARCOAL & CHOP FOODLINE INC. ,AC-PRAWN FARM                                     ,FAACQ               
0071-0007322300001  ,WATERPROOF WEIGHING SCALE FW-30K                            ,     16607.15,02/07/2022,STR. EQPT.          ,WEIGHING SCALE                                    ,         3,PRAWN FARM                    ,PRAWN FARM-SOUTH FARM                             ,FA_TRAN             
0071-0007322300002  ,WATERPROOF WEIGHING SCALE FW-30K                            ,     16607.15,02/07/2022,STR. EQPT.          ,WEIGHING SCALE                                    ,         3,PRAWN FARM                    ,PRAWN FARM-SOUTH FARM                             ,FA_TRAN             
0071-0005047000001  ,STAINLESS REACH IN FREEZER 2 DOORS                          ,     78571.43,02/26/2022,STR. EQPT.          ,FREEZER                                           ,         5,PRAWN FARM                    ,PRAWN FARM-SOUTH FARM                             ,FA_TRAN             
0071-0007322100001  ,GLASS DOOR DISPLAY CHILLER W/ HEATED GLASS DOOR             ,     51785.71,02/26/2022,STR. EQPT.          ,CHILLER                                           ,        10,PRAWN FARM                    ,PRAWN FARM-SOUTH FARM                             ,FA_TRAN             
0071-0007322700001  ,LG REFRIGERATOR GR C422SGCN 15.1CF                          ,     35100.00,04/25/2022,STR. EQPT.          ,REFRIGERATOR                                      ,         3,PRAWN FARM                    ,PRAWN FARM-ICM                                    ,FAACQ               
0026-0006561200002  ,APSOFT POS V750 ALL-IN-ONE (TOUCH   SCREEN) TERMIN          ,     50167.22,02/02/2022,OFF. EQPT.          ,POS                                               ,         3,PRAWN FARM                    ,PRAWN FARM-ICM                                    ,FA_TRAN             
0026-0006561300003  ,EPSON TMU-T82 THERMAL RECEIPT POS PRINTER                   ,      9197.32,02/02/2022,OFF. EQPT.          ,POS                                               ,         3,PRAWN FARM                    ,PRAWN FARM-ICM                                    ,FA_TRAN             
0026-0000883400001  ,WATER SOFTENER                                              ,     30017.55,03/22/2022,MACH. & EQPT.       ,WATER PURIFIER                                    ,         5,PRAWN FARM                    ,PRAWN FARM-ICM                                    ,FAACQ               
0071-0007690000001  ,GLASS RACK DOLLY WITHOUT HANDLE                             ,      1837.50,07/01/2022,STR. EQPT.          ,RACK                                              ,        10,PRAWN FARM                    ,PRAWN FARM-ICM                                    ,FAACQ               
0071-0007699300001  ,KID&COOL MICROBAN YOUTH                                     ,      5446.43,03/10/2026,STR. EQPT.          ,CHAIR                                             ,         5,PRAWN FARM                    ,PRAWN FARM-ICM                                    ,FAACQ               
0071-0007699300002  ,KID&COOL MICROBAN YOUTH                                     ,      5446.43,03/10/2026,STR. EQPT.          ,CHAIR                                             ,         5,PRAWN FARM                    ,PRAWN FARM-ICM                                    ,FAACQ               
0071-0007699300003  ,KID&COOL MICROBAN YOUTH                                     ,      5446.43,03/10/2026,STR. EQPT.          ,CHAIR                                             ,         5,PRAWN FARM                    ,PRAWN FARM-ICM                                    ,FAACQ               
0071-0007699300004  ,KID&COOL MICROBAN YOUTH                                     ,      5446.43,03/10/2026,STR. EQPT.          ,CHAIR                                             ,         5,PRAWN FARM                    ,PRAWN FARM-ICM                                    ,FAACQ               
0071-0007699300005  ,KID&COOL MICROBAN YOUTH                                     ,      5446.43,03/10/2026,STR. EQPT.          ,CHAIR                                             ,         5,PRAWN FARM                    ,PRAWN FARM-ICM                                    ,FAACQ               
0071-0006844900001  ,WLED MONITOR AOC LCD 18.5” E970SWN                          ,      4642.86,07/06/2022,OFF. EQPT.          ,MONITOR                                           ,         3,PRAWN FARM                    ,PRAWN FARM-ICM                                    ,FAACQ               
0071-0007048000001  ,PRINTER EPSON L3210 AIO                                     ,      8995.00,07/21/2022,OFF. EQPT.          ,PRINTER                                           ,         3,PRAWN FARM                    ,PRAWN FARM-ICM                                    ,FAACQ               
0071-0007883100001  ,KEBOS POWERGARDE 2KVA/900W ONLINE DOUBLE CONVERSIO          ,     29000.00,08/03/2022,STR. EQPT. & OFF. EQ,UPS                                               ,         5,PRAWN FARM                    ,PRAWN FARM-ICM                                    ,FAACQ               
0071-0002541300002  ,USHOWCASE FUJIDENZO SU140A                                  ,     27950.00,08/14/2022,STR. EQPT.          ,FREEZER/CHILLER                                   ,         5,PRAWN FARM                    ,PRAWN FARM-ICM                                    ,FAACQ               
0071-0001461400001  ,COMPRESSOR                                                  ,     12050.00,08/01/2022,MACH. & EQPT.       ,COMPRESSOR                                        ,         5,PRAWN FARM                    ,PRAWN FARM-ICM                                    ,FAACQ               
0071-0008032800001  ,FUJIDENZO CFRZR/CHILL FC081DF                               ,     14450.00,08/30/2022,STR. EQPT.          ,FREEZER/CHILLER                                   ,         5,PRAWN FARM                    ,PRAWN FARM-SOUTH FARM                             ,FAACQ               
0071-0002506900001  ,10 LBS CAPACITY PORTABLE FIRE EXTINGUISHER HCFC 12          ,      6883.93,09/05/2022,STR. EQPT.          ,FIRE EXTINGUISHER                                 ,         2,PRAWN FARM                    ,PRAWN FARM-ICM                                    ,FAACQ               
0071-0007823900001  ,SAMSUNG GALAXY A03 A035F                                    ,      5490.00,09/05/2022,STR. EQPT.          ,CELLPHONE                                         ,         3,PRAWN FARM                    ,PRAWN FARM-ICM                                    ,FAACQ               
0001-0005510700010  ,DRIED FISH GLASS DISPLAY SHOWCASE                           ,      1511.06,09/14/2019,FUR. & FIXT.        ,SHOWCASE                                          ,         3,PRAWN FARM                    ,PRAWN FARM-SOUTH FARM                             ,FA_TRAN             
0071-0007816100001  ,CHAIR W/ SLOT FLOORING NATURAL COLOR                        ,      1944.44,09/01/2022,FUR. & FIXT.        ,CHAIR                                             ,         5,PRAWN FARM                    ,PRAWN FARM-ICM                                    ,FAACQ               
0071-0007816100002  ,CHAIR W/ SLOT FLOORING NATURAL COLOR                        ,      1944.44,09/01/2022,FUR. & FIXT.        ,CHAIR                                             ,         5,PRAWN FARM                    ,PRAWN FARM-ICM                                    ,FAACQ               
0071-0007816100003  ,CHAIR W/ SLOT FLOORING NATURAL COLOR                        ,      1944.44,09/01/2022,FUR. & FIXT.        ,CHAIR                                             ,         5,PRAWN FARM                    ,PRAWN FARM-ICM                                    ,FAACQ               
0071-0007816100004  ,CHAIR W/ SLOT FLOORING NATURAL COLOR                        ,      1944.44,09/01/2022,FUR. & FIXT.        ,CHAIR                                             ,         5,PRAWN FARM                    ,PRAWN FARM-ICM                                    ,FAACQ               
0071-0007816100005  ,CHAIR W/ SLOT FLOORING NATURAL COLOR                        ,      1944.44,09/01/2022,FUR. & FIXT.        ,CHAIR                                             ,         5,PRAWN FARM                    ,PRAWN FARM-ICM                                    ,FAACQ               
0071-0007816100006  ,CHAIR W/ SLOT FLOORING NATURAL COLOR                        ,      1944.44,09/01/2022,FUR. & FIXT.        ,CHAIR                                             ,         5,PRAWN FARM                    ,PRAWN FARM-ICM                                    ,FAACQ               
0071-0007816100007  ,CHAIR W/ SLOT FLOORING NATURAL COLOR                        ,      1944.44,09/01/2022,FUR. & FIXT.        ,CHAIR                                             ,         5,PRAWN FARM                    ,PRAWN FARM-ICM                                    ,FAACQ               
0071-0007816100008  ,CHAIR W/ SLOT FLOORING NATURAL COLOR                        ,      1944.44,09/01/2022,FUR. & FIXT.        ,CHAIR                                             ,         5,PRAWN FARM                    ,PRAWN FARM-ICM                                    ,FAACQ               
0071-0007816100009  ,CHAIR W/ SLOT FLOORING NATURAL COLOR                        ,      1944.44,09/01/2022,FUR. & FIXT.        ,CHAIR                                             ,         5,PRAWN FARM                    ,PRAWN FARM-ICM                                    ,FAACQ               
0071-0007816100010  ,CHAIR W/ SLOT FLOORING NATURAL COLOR                        ,      1944.44,09/01/2022,FUR. & FIXT.        ,CHAIR                                             ,         5,PRAWN FARM                    ,PRAWN FARM-ICM                                    ,FAACQ               
0071-0007816100011  ,CHAIR W/ SLOT FLOORING NATURAL COLOR                        ,      1944.44,09/01/2022,FUR. & FIXT.        ,CHAIR                                             ,         5,PRAWN FARM                    ,PRAWN FARM-ICM                                    ,FAACQ               
0071-0007816100012  ,CHAIR W/ SLOT FLOORING NATURAL COLOR                        ,      1944.44,09/01/2022,FUR. & FIXT.        ,CHAIR                                             ,         5,PRAWN FARM                    ,PRAWN FARM-ICM                                    ,FAACQ               
0071-0007816100013  ,CHAIR W/ SLOT FLOORING NATURAL COLOR                        ,      1944.44,09/01/2022,FUR. & FIXT.        ,CHAIR                                             ,         5,PRAWN FARM                    ,PRAWN FARM-ICM                                    ,FAACQ               
0071-0007816100014  ,CHAIR W/ SLOT FLOORING NATURAL COLOR                        ,      1944.44,09/01/2022,FUR. & FIXT.        ,CHAIR                                             ,         5,PRAWN FARM                    ,PRAWN FARM-ICM                                    ,FAACQ               
0071-0007816100015  ,CHAIR W/ SLOT FLOORING NATURAL COLOR                        ,      1944.44,09/01/2022,FUR. & FIXT.        ,CHAIR                                             ,         5,PRAWN FARM                    ,PRAWN FARM-ICM                                    ,FAACQ               
0071-0007816100016  ,CHAIR W/ SLOT FLOORING NATURAL COLOR                        ,      1944.44,09/01/2022,FUR. & FIXT.        ,CHAIR                                             ,         5,PRAWN FARM                    ,PRAWN FARM-ICM                                    ,FAACQ               
0071-0007816100017  ,CHAIR W/ SLOT FLOORING NATURAL COLOR                        ,      1944.44,09/01/2022,FUR. & FIXT.        ,CHAIR                                             ,         5,PRAWN FARM                    ,PRAWN FARM-ICM                                    ,FAACQ               
0071-0007816100018  ,CHAIR W/ SLOT FLOORING NATURAL COLOR                        ,      1944.44,09/01/2022,FUR. & FIXT.        ,CHAIR                                             ,         5,PRAWN FARM                    ,PRAWN FARM-ICM                                    ,FAACQ               
0071-0007816100019  ,CHAIR W/ SLOT FLOORING NATURAL COLOR                        ,      1944.44,09/01/2022,FUR. & FIXT.        ,CHAIR                                             ,         5,PRAWN FARM                    ,PRAWN FARM-ICM                                    ,FAACQ               
0071-0007816100020  ,CHAIR W/ SLOT FLOORING NATURAL COLOR                        ,      1944.44,09/01/2022,FUR. & FIXT.        ,CHAIR                                             ,         5,PRAWN FARM                    ,PRAWN FARM-ICM                                    ,FAACQ               
0071-0007816100021  ,CHAIR W/ SLOT FLOORING NATURAL COLOR                        ,      1944.44,09/01/2022,FUR. & FIXT.        ,CHAIR                                             ,         5,PRAWN FARM                    ,PRAWN FARM-ICM                                    ,FAACQ               
0071-0007816100022  ,CHAIR W/ SLOT FLOORING NATURAL COLOR                        ,      1944.44,09/01/2022,FUR. & FIXT.        ,CHAIR                                             ,         5,PRAWN FARM                    ,PRAWN FARM-ICM                                    ,FAACQ               
0071-0007816100023  ,CHAIR W/ SLOT FLOORING NATURAL COLOR                        ,      1944.44,09/01/2022,FUR. & FIXT.        ,CHAIR                                             ,         5,PRAWN FARM                    ,PRAWN FARM-ICM                                    ,FAACQ               
0071-0007816100024  ,CHAIR W/ SLOT FLOORING NATURAL COLOR                        ,      1944.44,09/01/2022,FUR. & FIXT.        ,CHAIR                                             ,         5,PRAWN FARM                    ,PRAWN FARM-ICM                                    ,FAACQ               
0071-0007816100025  ,CHAIR W/ SLOT FLOORING NATURAL COLOR                        ,      1944.44,09/01/2022,FUR. & FIXT.        ,CHAIR                                             ,         5,PRAWN FARM                    ,PRAWN FARM-ICM                                    ,FAACQ               
0071-0007816100026  ,CHAIR W/ SLOT FLOORING NATURAL COLOR                        ,      1944.44,09/01/2022,FUR. & FIXT.        ,CHAIR                                             ,         5,PRAWN FARM                    ,PRAWN FARM-ICM                                    ,FAACQ               
0071-0007816100027  ,CHAIR W/ SLOT FLOORING NATURAL COLOR                        ,      1944.44,09/01/2022,FUR. & FIXT.        ,CHAIR                                             ,         5,PRAWN FARM                    ,PRAWN FARM-ICM                                    ,FAACQ               
0071-0007816100028  ,CHAIR W/ SLOT FLOORING NATURAL COLOR                        ,      1944.44,09/01/2022,FUR. & FIXT.        ,CHAIR                                             ,         5,PRAWN FARM                    ,PRAWN FARM-ICM                                    ,FAACQ               
0071-0007816100029  ,CHAIR W/ SLOT FLOORING NATURAL COLOR                        ,      1944.44,09/01/2022,FUR. & FIXT.        ,CHAIR                                             ,         5,PRAWN FARM                    ,PRAWN FARM-ICM                                    ,FAACQ               
0071-0007816100030  ,CHAIR W/ SLOT FLOORING NATURAL COLOR                        ,      1944.44,09/01/2022,FUR. & FIXT.        ,CHAIR                                             ,         5,PRAWN FARM                    ,PRAWN FARM-ICM                                    ,FAACQ               
0071-0007816100031  ,CHAIR W/ SLOT FLOORING NATURAL COLOR                        ,      1944.44,09/01/2022,FUR. & FIXT.        ,CHAIR                                             ,         5,PRAWN FARM                    ,PRAWN FARM-ICM                                    ,FAACQ               
0071-0007816100032  ,CHAIR W/ SLOT FLOORING NATURAL COLOR                        ,      1944.44,09/01/2022,FUR. & FIXT.        ,CHAIR                                             ,         5,PRAWN FARM                    ,PRAWN FARM-ICM                                    ,FAACQ               
0071-0007816100033  ,CHAIR W/ SLOT FLOORING NATURAL COLOR                        ,      1944.44,09/01/2022,FUR. & FIXT.        ,CHAIR                                             ,         5,PRAWN FARM                    ,PRAWN FARM-ICM                                    ,FAACQ               
0071-0007816100034  ,CHAIR W/ SLOT FLOORING NATURAL COLOR                        ,      1944.44,09/01/2022,FUR. & FIXT.        ,CHAIR                                             ,         5,PRAWN FARM                    ,PRAWN FARM-ICM                                    ,FAACQ               
0071-0007816100035  ,CHAIR W/ SLOT FLOORING NATURAL COLOR                        ,      1944.44,09/01/2022,FUR. & FIXT.        ,CHAIR                                             ,         5,PRAWN FARM                    ,PRAWN FARM-ICM                                    ,FAACQ               
0071-0007816100036  ,CHAIR W/ SLOT FLOORING NATURAL COLOR                        ,      1944.44,09/01/2022,FUR. & FIXT.        ,CHAIR                                             ,         5,PRAWN FARM                    ,PRAWN FARM-ICM                                    ,FAACQ               
0071-0007816100037  ,CHAIR W/ SLOT FLOORING NATURAL COLOR                        ,      1944.44,09/01/2022,FUR. & FIXT.        ,CHAIR                                             ,         5,PRAWN FARM                    ,PRAWN FARM-ICM                                    ,FAACQ               
0071-0007816100038  ,CHAIR W/ SLOT FLOORING NATURAL COLOR                        ,      1944.44,09/01/2022,FUR. & FIXT.        ,CHAIR                                             ,         5,PRAWN FARM                    ,PRAWN FARM-ICM                                    ,FAACQ               
0071-0007816100039  ,CHAIR W/ SLOT FLOORING NATURAL COLOR                        ,      1944.44,09/01/2022,FUR. & FIXT.        ,CHAIR                                             ,         5,PRAWN FARM                    ,PRAWN FARM-ICM                                    ,FAACQ               
0071-0007816100040  ,CHAIR W/ SLOT FLOORING NATURAL COLOR                        ,      1944.44,09/01/2022,FUR. & FIXT.        ,CHAIR                                             ,         5,PRAWN FARM                    ,PRAWN FARM-ICM                                    ,FAACQ               
0071-0007816100041  ,CHAIR W/ SLOT FLOORING NATURAL COLOR                        ,      1944.44,09/01/2022,FUR. & FIXT.        ,CHAIR                                             ,         5,PRAWN FARM                    ,PRAWN FARM-ICM                                    ,FAACQ               
0071-0007816100042  ,CHAIR W/ SLOT FLOORING NATURAL COLOR                        ,      1944.44,09/01/2022,FUR. & FIXT.        ,CHAIR                                             ,         5,PRAWN FARM                    ,PRAWN FARM-ICM                                    ,FAACQ               
0071-0007816100043  ,CHAIR W/ SLOT FLOORING NATURAL COLOR                        ,      1944.44,09/01/2022,FUR. & FIXT.        ,CHAIR                                             ,         5,PRAWN FARM                    ,PRAWN FARM-ICM                                    ,FAACQ               
0071-0007816100044  ,CHAIR W/ SLOT FLOORING NATURAL COLOR                        ,      1944.44,09/01/2022,FUR. & FIXT.        ,CHAIR                                             ,         5,PRAWN FARM                    ,PRAWN FARM-ICM                                    ,FAACQ               
0071-0007816100045  ,CHAIR W/ SLOT FLOORING NATURAL COLOR                        ,      1944.44,09/01/2022,FUR. & FIXT.        ,CHAIR                                             ,         5,PRAWN FARM                    ,PRAWN FARM-ICM                                    ,FAACQ               
0071-0007816100046  ,CHAIR W/ SLOT FLOORING NATURAL COLOR                        ,      1944.44,09/01/2022,FUR. & FIXT.        ,CHAIR                                             ,         5,PRAWN FARM                    ,PRAWN FARM-ICM                                    ,FAACQ               
0071-0007816100047  ,CHAIR W/ SLOT FLOORING NATURAL COLOR                        ,      1944.44,09/01/2022,FUR. & FIXT.        ,CHAIR                                             ,         5,PRAWN FARM                    ,PRAWN FARM-ICM                                    ,FAACQ               
0071-0007816100048  ,CHAIR W/ SLOT FLOORING NATURAL COLOR                        ,      1944.44,09/01/2022,FUR. & FIXT.        ,CHAIR                                             ,         5,PRAWN FARM                    ,PRAWN FARM-ICM                                    ,FAACQ               
0071-0007816100049  ,CHAIR W/ SLOT FLOORING NATURAL COLOR                        ,      1944.44,09/01/2022,FUR. & FIXT.        ,CHAIR                                             ,         5,PRAWN FARM                    ,PRAWN FARM-ICM                                    ,FAACQ               
0071-0007816100050  ,CHAIR W/ SLOT FLOORING NATURAL COLOR                        ,      1944.44,09/01/2022,FUR. & FIXT.        ,CHAIR                                             ,         5,PRAWN FARM                    ,PRAWN FARM-ICM                                    ,FAACQ               
0071-0007816100051  ,CHAIR W/ SLOT FLOORING NATURAL COLOR                        ,      1944.44,09/01/2022,FUR. & FIXT.        ,CHAIR                                             ,         5,PRAWN FARM                    ,PRAWN FARM-ICM                                    ,FAACQ               
0071-0007816100052  ,CHAIR W/ SLOT FLOORING NATURAL COLOR                        ,      1944.44,09/01/2022,FUR. & FIXT.        ,CHAIR                                             ,         5,PRAWN FARM                    ,PRAWN FARM-ICM                                    ,FAACQ               
0071-0007816100053  ,CHAIR W/ SLOT FLOORING NATURAL COLOR                        ,      1944.44,09/01/2022,FUR. & FIXT.        ,CHAIR                                             ,         5,PRAWN FARM                    ,PRAWN FARM-ICM                                    ,FAACQ               
0071-0007816100054  ,CHAIR W/ SLOT FLOORING NATURAL COLOR                        ,      1944.44,09/01/2022,FUR. & FIXT.        ,CHAIR                                             ,         5,PRAWN FARM                    ,PRAWN FARM-ICM                                    ,FAACQ               
0071-0007816100055  ,CHAIR W/ SLOT FLOORING NATURAL COLOR                        ,      1944.44,09/01/2022,FUR. & FIXT.        ,CHAIR                                             ,         5,PRAWN FARM                    ,PRAWN FARM-ICM                                    ,FAACQ               
0071-0007816100056  ,CHAIR W/ SLOT FLOORING NATURAL COLOR                        ,      1944.44,09/01/2022,FUR. & FIXT.        ,CHAIR                                             ,         5,PRAWN FARM                    ,PRAWN FARM-ICM                                    ,FAACQ               
0071-0007816100057  ,CHAIR W/ SLOT FLOORING NATURAL COLOR                        ,      1944.44,09/01/2022,FUR. & FIXT.        ,CHAIR                                             ,         5,PRAWN FARM                    ,PRAWN FARM-ICM                                    ,FAACQ               
0071-0007816100058  ,CHAIR W/ SLOT FLOORING NATURAL COLOR                        ,      1944.44,09/01/2022,FUR. & FIXT.        ,CHAIR                                             ,         5,PRAWN FARM                    ,PRAWN FARM-ICM                                    ,FAACQ               
0071-0007816100059  ,CHAIR W/ SLOT FLOORING NATURAL COLOR                        ,      1944.44,09/01/2022,FUR. & FIXT.        ,CHAIR                                             ,         5,PRAWN FARM                    ,PRAWN FARM-ICM                                    ,FAACQ               
0071-0007816100060  ,CHAIR W/ SLOT FLOORING NATURAL COLOR                        ,      1944.44,09/01/2022,FUR. & FIXT.        ,CHAIR                                             ,         5,PRAWN FARM                    ,PRAWN FARM-ICM                                    ,FAACQ               
0071-0007816100061  ,CHAIR W/ SLOT FLOORING NATURAL COLOR                        ,      1944.44,09/01/2022,FUR. & FIXT.        ,CHAIR                                             ,         5,PRAWN FARM                    ,PRAWN FARM-ICM                                    ,FAACQ               
0071-0007816100062  ,CHAIR W/ SLOT FLOORING NATURAL COLOR                        ,      1944.44,09/01/2022,FUR. & FIXT.        ,CHAIR                                             ,         5,PRAWN FARM                    ,PRAWN FARM-ICM                                    ,FAACQ               
0071-0007816100063  ,CHAIR W/ SLOT FLOORING NATURAL COLOR                        ,      1944.44,09/01/2022,FUR. & FIXT.        ,CHAIR                                             ,         5,PRAWN FARM                    ,PRAWN FARM-ICM                                    ,FAACQ               
0071-0007816100064  ,CHAIR W/ SLOT FLOORING NATURAL COLOR                        ,      1944.44,09/01/2022,FUR. & FIXT.        ,CHAIR                                             ,         5,PRAWN FARM                    ,PRAWN FARM-ICM                                    ,FAACQ               
0071-0007816100065  ,CHAIR W/ SLOT FLOORING NATURAL COLOR                        ,      1944.44,09/01/2022,FUR. & FIXT.        ,CHAIR                                             ,         5,PRAWN FARM                    ,PRAWN FARM-ICM                                    ,FAACQ               
0071-0007816100066  ,CHAIR W/ SLOT FLOORING NATURAL COLOR                        ,      1944.44,09/01/2022,FUR. & FIXT.        ,CHAIR                                             ,         5,PRAWN FARM                    ,PRAWN FARM-ICM                                    ,FAACQ               
0071-0007816100067  ,CHAIR W/ SLOT FLOORING NATURAL COLOR                        ,      1944.44,09/01/2022,FUR. & FIXT.        ,CHAIR                                             ,         5,PRAWN FARM                    ,PRAWN FARM-ICM                                    ,FAACQ               
0071-0007816100068  ,CHAIR W/ SLOT FLOORING NATURAL COLOR                        ,      1944.44,09/01/2022,FUR. & FIXT.        ,CHAIR                                             ,         5,PRAWN FARM                    ,PRAWN FARM-ICM                                    ,FAACQ               
0071-0007816100069  ,CHAIR W/ SLOT FLOORING NATURAL COLOR                        ,      1944.44,09/01/2022,FUR. & FIXT.        ,CHAIR                                             ,         5,PRAWN FARM                    ,PRAWN FARM-ICM                                    ,FAACQ               
0071-0007816100070  ,CHAIR W/ SLOT FLOORING NATURAL COLOR                        ,      1944.44,09/01/2022,FUR. & FIXT.        ,CHAIR                                             ,         5,PRAWN FARM                    ,PRAWN FARM-ICM                                    ,FAACQ               
0071-0007816100071  ,CHAIR W/ SLOT FLOORING NATURAL COLOR                        ,      1944.44,09/01/2022,FUR. & FIXT.        ,CHAIR                                             ,         5,PRAWN FARM                    ,PRAWN FARM-ICM                                    ,FAACQ               
0071-0007816100072  ,CHAIR W/ SLOT FLOORING NATURAL COLOR                        ,      1944.44,09/01/2022,FUR. & FIXT.        ,CHAIR                                             ,         5,PRAWN FARM                    ,PRAWN FARM-ICM                                    ,FAACQ               
0071-0003010400001  ,ASUKI DIGITAL WEIGHING SCALE #FW-30K 30KGX5G                ,     17218.75,09/20/2022,STR. EQPT.          ,WEIGHING SCALE                                    ,         3,PRAWN FARM                    ,PRAWN FARM-ICM                                    ,FAACQ               
0071-0003010400002  ,ASUKI DIGITAL WEIGHING SCALE #FW-30K 30KGX5G                ,     17218.75,09/20/2022,STR. EQPT.          ,WEIGHING SCALE                                    ,         3,PRAWN FARM                    ,PRAWN FARM-ICM                                    ,FAACQ               
0071-0000450700001  ,STEEL CABINET 4 LAYER HERMACO                               ,      9000.00,09/01/2022,FUR. & FIXT.        ,CABINET                                           ,        10,PRAWN FARM                    ,PRAWN FARM-ICM                                    ,FAACQ               
0071-0007882800001  ,BULLET TYPE CAMERA 4MP(HIK VISION)                          ,      2874.52,10/01/2022,STR. EQPT.          ,CAMERA                                            ,         3,PRAWN FARM                    ,PRAWN FARM-ICM                                    ,FAACQ               
0071-0007882800002  ,BULLET TYPE CAMERA 4MP(HIK VISION)                          ,      2874.52,10/01/2022,STR. EQPT.          ,CAMERA                                            ,         3,PRAWN FARM                    ,PRAWN FARM-ICM                                    ,FAACQ               
0071-0007882800003  ,BULLET TYPE CAMERA 4MP(HIK VISION)                          ,      2874.52,10/01/2022,STR. EQPT.          ,CAMERA                                            ,         3,PRAWN FARM                    ,PRAWN FARM-ICM                                    ,FAACQ               
0071-0007882800004  ,BULLET TYPE CAMERA 4MP(HIK VISION)                          ,      2874.52,10/01/2022,STR. EQPT.          ,CAMERA                                            ,         3,PRAWN FARM                    ,PRAWN FARM-ICM                                    ,FAACQ               
0071-0007882900001  ,DOME TYPE CAMERA 4MP (HIK VISION)                           ,      2919.44,10/01/2022,STR. EQPT.          ,CAMERA                                            ,         3,PRAWN FARM                    ,PRAWN FARM-ICM                                    ,FAACQ               
0071-0007882900002  ,DOME TYPE CAMERA 4MP (HIK VISION)                           ,      2919.44,10/01/2022,STR. EQPT.          ,CAMERA                                            ,         3,PRAWN FARM                    ,PRAWN FARM-ICM                                    ,FAACQ               
0071-0007882900003  ,DOME TYPE CAMERA 4MP (HIK VISION)                           ,      2919.44,10/01/2022,STR. EQPT.          ,CAMERA                                            ,         3,PRAWN FARM                    ,PRAWN FARM-ICM                                    ,FAACQ               
0071-0007883000001  ,SEAGATE 6TB SKYWALK HDD (ST6000VX001)                       ,     10285.40,10/01/2022,STR. EQPT.          ,HARD DISK                                         ,         2,PRAWN FARM                    ,PRAWN FARM-ICM                                    ,FAACQ               
0071-0007885200001  ,WALL MOUNTED DATA CABINET 2FT.W/PDU W/ PAN                  ,     10330.31,10/01/2022,FUR. & FIXT.        ,CABINET-STEEL                                     ,        10,PRAWN FARM                    ,PRAWN FARM-ICM                                    ,FAACQ               
0071-0007885300001  ,HIKVISION 8 CHANNEL NVR                                     ,      6108.36,10/01/2022,STR. EQPT.          ,RECORDER                                          ,         3,PRAWN FARM                    ,PRAWN FARM-ICM                                    ,FAACQ               
0071-0007885400001  ,HIK VISION 24 PORT ETHERNET SWITCH                          ,     12576.03,10/01/2022,STR. EQPT.          ,SWITCH                                            ,         3,PRAWN FARM                    ,PRAWN FARM-ICM                                    ,FAACQ               
0071-0006463400002  ,HIKVISION TURBO HD DVR 16CH                                 ,      6700.00,10/11/2022,BLDG. IMPVT.        ,CCTV                                              ,         3,PRAWN FARM                    ,PRAWN FARM-ICM                                    ,FAACQ               
0071-0003993000001  ,BAR STOOL                                                   ,      2850.00,11/01/2022,FUR. & FIXT.        ,CHAIR                                             ,         3,PRAWN FARM                    ,PRAWN FARM-ICM                                    ,FAACQ               
0071-0003993000002  ,BAR STOOL                                                   ,      2850.00,11/01/2022,FUR. & FIXT.        ,CHAIR                                             ,         3,PRAWN FARM                    ,PRAWN FARM-ICM                                    ,FAACQ               
0071-0003993000003  ,BAR STOOL                                                   ,      2850.00,11/01/2022,FUR. & FIXT.        ,CHAIR                                             ,         3,PRAWN FARM                    ,PRAWN FARM-ICM                                    ,FAACQ               
0071-0003993000004  ,BAR STOOL                                                   ,      2850.00,11/01/2022,FUR. & FIXT.        ,CHAIR                                             ,         3,PRAWN FARM                    ,PRAWN FARM-ICM                                    ,FAACQ               
0071-0003993000005  ,BAR STOOL                                                   ,      2850.00,11/01/2022,FUR. & FIXT.        ,CHAIR                                             ,         3,PRAWN FARM                    ,PRAWN FARM-ICM                                    ,FAACQ               
0071-0003993000006  ,BAR STOOL                                                   ,      2850.00,11/01/2022,FUR. & FIXT.        ,CHAIR                                             ,         3,PRAWN FARM                    ,PRAWN FARM-ICM                                    ,FAACQ               
0071-0007879900001  ,LOVE SET 120X120 MAHOGANY WOOD                              ,      3500.00,12/02/2022,FUR. & FIXT.        ,CHAIR                                             ,         5,PRAWN FARM                    ,PRAWN FARM-ICM                                    ,FAACQ               
0071-0007879900002  ,LOVE SET 120X120 MAHOGANY WOOD                              ,      3500.00,12/02/2022,FUR. & FIXT.        ,CHAIR                                             ,         5,PRAWN FARM                    ,PRAWN FARM-ICM                                    ,FAACQ               
0071-0007880000001  ,COFFEE TABLE                                                ,      3080.00,12/02/2022,FUR. & FIXT.        ,TABLE                                             ,         5,PRAWN FARM                    ,PRAWN FARM-ICM                                    ,FAACQ               
0071-0008489500001  ,TP-LINK TAPO C310 OUTDOOR CAMERA                            ,      2000.00,02/10/2023,OFF. EQPT.          ,CALIBRATOR                                        ,         5,PRAWN FARM                    ,PRAWN FARM-SOUTH FARM                             ,FAACQ               
0071-0008489500002  ,TP-LINK TAPO C310 OUTDOOR CAMERA                            ,      2000.00,02/10/2023,OFF. EQPT.          ,CALIBRATOR                                        ,         5,PRAWN FARM                    ,PRAWN FARM-SOUTH FARM                             ,FAACQ               
0071-0000899600001  ,STEAMER                                                     ,      4173.00,03/10/2023,STR. EQPT.          ,STEAMER                                           ,         3,PRAWN FARM                    ,PRAWN FARM-ICM                                    ,FAACQ               
0071-0007823800001  ,LENOVO IDEAPAD 81WB01E1PH                                   ,     26781.25,03/29/2023,STR. EQPT.          ,LAPTOP                                            ,         3,PRAWN FARM                    ,PRAWN FARM-ICM                                    ,FAACQ               
0071-0007823700001  ,WAITER STATION-USING MAHOGANY WOOD                          ,     27753.00,03/31/2023,STR. EQPT.          ,STORE EQUIPMENT                                   ,         5,PRAWN FARM                    ,PRAWN FARM-SOUTH FARM                             ,FA_TRAN             
0071-0002506900002  ,10 LBS CAPACITY PORTABLE FIRE EXTINGUISHER HCFC 12          ,      8260.71,05/22/2023,STR. EQPT.          ,FIRE EXTINGUISHER                                 ,         2,PRAWN FARM                    ,PRAWN FARM-SOUTH FARM                             ,FAACQ               
0071-0007913700001  ,OPPO CP2349 3+32GB A16K                                     ,      5999.00,05/22/2023,OFF. EQPT.          ,CELLPHONE                                         ,         3,PRAWN FARM                    ,PRAWN FARM-SOUTH FARM                             ,FAACQ               
0077-0008892200001  ,EPSON TM-T82X THERMAL RECEIPT PRINTER                       ,      8482.14,07/10/2023,MACH. & EQPT.       ,PRINTER                                           ,         3,CHARCOAL & CHOP FOODLINE INC. ,ICM-MEALTIME EXPRESS                              ,FAACQ               
0071-0005752000001  ,STEEL LOCKER CABINET HERMACO W/ 18 DOORS                    ,     10223.21,02/07/2023,FUR. & FIXT.        ,CABINET-STEEL                                     ,        10,PRAWN FARM                    ,PRAWN FARM-SOUTH FARM                             ,FAACQ               
0071-0008969000001  ,IDS-721 6HQHI-M2/S - 16CH 1080P 1U H.265 ACUSENSE           ,     11000.00,07/21/2023,OFF. EQPT.          ,OTHERS                                            ,         3,PRAWN FARM                    ,PRAWN FARM-ICM                                    ,FAACQ               
0071-0000113100001  ,FREEZER 2 DOOR STAINLESS STEEL                              ,     89285.71,08/09/2023,STR. EQPT.          ,FREEZER                                           ,         5,PRAWN FARM                    ,PRAWN FARM-SOUTH FARM                             ,FAACQ               
0077-0003010400003  ,ASUKI DIGITAL WEIGHING SCALE #FW-30K 30KGX5G                ,     12142.85,09/05/2023,STR. EQPT.          ,WEIGHING SCALE                                    ,         3,CHARCOAL & CHOP FOODLINE INC. ,AC-PRAWN FARM                                     ,FAACQ               
0071-0008732200001  ,ASUKI WATERPROOF WEIGHING SCALE FW+30K                      ,     12142.86,09/06/2023,STR. EQPT.          ,WEIGHING SCALE                                    ,         3,PRAWN FARM                    ,PRAWN FARM-ICM                                    ,FAACQ               
0071-0008732200002  ,ASUKI WATERPROOF WEIGHING SCALE FW+30K                      ,     12142.86,09/06/2023,STR. EQPT.          ,WEIGHING SCALE                                    ,         3,PRAWN FARM                    ,PRAWN FARM-ICM                                    ,FAACQ               
0071-0008871400001  ,CHAIR WITH SLOT FLOORING NATURAL COLOR                      ,      2500.00,09/13/2023,FUR. & FIXT.        ,CHAIR                                             ,         5,PRAWN FARM                    ,PRAWN FARM-SOUTH FARM                             ,FAACQ               
0071-0008871400002  ,CHAIR WITH SLOT FLOORING NATURAL COLOR                      ,      2500.00,09/13/2023,FUR. & FIXT.        ,CHAIR                                             ,         5,PRAWN FARM                    ,PRAWN FARM-SOUTH FARM                             ,FAACQ               
0071-0008871400003  ,CHAIR WITH SLOT FLOORING NATURAL COLOR                      ,      2500.00,09/13/2023,FUR. & FIXT.        ,CHAIR                                             ,         5,PRAWN FARM                    ,PRAWN FARM-SOUTH FARM                             ,FAACQ               
0071-0008871400004  ,CHAIR WITH SLOT FLOORING NATURAL COLOR                      ,      2500.00,09/13/2023,FUR. & FIXT.        ,CHAIR                                             ,         5,PRAWN FARM                    ,PRAWN FARM-SOUTH FARM                             ,FAACQ               
0071-0008871400005  ,CHAIR WITH SLOT FLOORING NATURAL COLOR                      ,      2500.00,09/13/2023,FUR. & FIXT.        ,CHAIR                                             ,         5,PRAWN FARM                    ,PRAWN FARM-SOUTH FARM                             ,FAACQ               
0071-0008871400006  ,CHAIR WITH SLOT FLOORING NATURAL COLOR                      ,      2500.00,09/13/2023,FUR. & FIXT.        ,CHAIR                                             ,         5,PRAWN FARM                    ,PRAWN FARM-SOUTH FARM                             ,FAACQ               
0071-0008871400007  ,CHAIR WITH SLOT FLOORING NATURAL COLOR                      ,      2500.00,09/13/2023,FUR. & FIXT.        ,CHAIR                                             ,         5,PRAWN FARM                    ,PRAWN FARM-SOUTH FARM                             ,FAACQ               
0071-0008871400008  ,CHAIR WITH SLOT FLOORING NATURAL COLOR                      ,      2500.00,09/13/2023,FUR. & FIXT.        ,CHAIR                                             ,         5,PRAWN FARM                    ,PRAWN FARM-SOUTH FARM                             ,FAACQ               
0071-0008871400009  ,CHAIR WITH SLOT FLOORING NATURAL COLOR                      ,      2500.00,09/13/2023,FUR. & FIXT.        ,CHAIR                                             ,         5,PRAWN FARM                    ,PRAWN FARM-SOUTH FARM                             ,FAACQ               
0071-0008871400010  ,CHAIR WITH SLOT FLOORING NATURAL COLOR                      ,      2500.00,09/13/2023,FUR. & FIXT.        ,CHAIR                                             ,         5,PRAWN FARM                    ,PRAWN FARM-SOUTH FARM                             ,FAACQ               
0071-0008871400011  ,CHAIR WITH SLOT FLOORING NATURAL COLOR                      ,      2500.00,09/13/2023,FUR. & FIXT.        ,CHAIR                                             ,         5,PRAWN FARM                    ,PRAWN FARM-SOUTH FARM                             ,FAACQ               
0071-0008871400012  ,CHAIR WITH SLOT FLOORING NATURAL COLOR                      ,      2500.00,09/13/2023,FUR. & FIXT.        ,CHAIR                                             ,         5,PRAWN FARM                    ,PRAWN FARM-SOUTH FARM                             ,FAACQ               
0071-0008871400013  ,CHAIR WITH SLOT FLOORING NATURAL COLOR                      ,      2500.00,09/13/2023,FUR. & FIXT.        ,CHAIR                                             ,         5,PRAWN FARM                    ,PRAWN FARM-SOUTH FARM                             ,FAACQ               
0071-0008871400014  ,CHAIR WITH SLOT FLOORING NATURAL COLOR                      ,      2500.00,09/13/2023,FUR. & FIXT.        ,CHAIR                                             ,         5,PRAWN FARM                    ,PRAWN FARM-SOUTH FARM                             ,FAACQ               
0071-0008871400015  ,CHAIR WITH SLOT FLOORING NATURAL COLOR                      ,      2500.00,09/13/2023,FUR. & FIXT.        ,CHAIR                                             ,         5,PRAWN FARM                    ,PRAWN FARM-SOUTH FARM                             ,FAACQ               
0071-0008871400016  ,CHAIR WITH SLOT FLOORING NATURAL COLOR                      ,      2500.00,09/13/2023,FUR. & FIXT.        ,CHAIR                                             ,         5,PRAWN FARM                    ,PRAWN FARM-SOUTH FARM                             ,FAACQ               
0071-0008871400017  ,CHAIR WITH SLOT FLOORING NATURAL COLOR                      ,      2500.00,09/13/2023,FUR. & FIXT.        ,CHAIR                                             ,         5,PRAWN FARM                    ,PRAWN FARM-SOUTH FARM                             ,FAACQ               
0071-0008871400018  ,CHAIR WITH SLOT FLOORING NATURAL COLOR                      ,      2500.00,09/13/2023,FUR. & FIXT.        ,CHAIR                                             ,         5,PRAWN FARM                    ,PRAWN FARM-SOUTH FARM                             ,FAACQ               
0071-0008871400019  ,CHAIR WITH SLOT FLOORING NATURAL COLOR                      ,      2500.00,09/13/2023,FUR. & FIXT.        ,CHAIR                                             ,         5,PRAWN FARM                    ,PRAWN FARM-SOUTH FARM                             ,FAACQ               
0071-0008871400020  ,CHAIR WITH SLOT FLOORING NATURAL COLOR                      ,      2500.00,09/13/2023,FUR. & FIXT.        ,CHAIR                                             ,         5,PRAWN FARM                    ,PRAWN FARM-SOUTH FARM                             ,FAACQ               
0071-0008871600001  ,6 SEATER TABLE 180X80X76                                    ,      5726.65,09/13/2023,FUR. & FIXT.        ,CHAIR                                             ,         5,PRAWN FARM                    ,PRAWN FARM-SOUTH FARM                             ,FAACQ               
0071-0008871600002  ,6 SEATER TABLE 180X80X76                                    ,      5726.65,09/13/2023,FUR. & FIXT.        ,CHAIR                                             ,         5,PRAWN FARM                    ,PRAWN FARM-SOUTH FARM                             ,FAACQ               
0071-0008871600003  ,6 SEATER TABLE 180X80X76                                    ,      5726.65,09/13/2023,FUR. & FIXT.        ,CHAIR                                             ,         5,PRAWN FARM                    ,PRAWN FARM-SOUTH FARM                             ,FAACQ               
0071-0008871600004  ,6 SEATER TABLE 180X80X76                                    ,      5726.65,09/13/2023,FUR. & FIXT.        ,CHAIR                                             ,         5,PRAWN FARM                    ,PRAWN FARM-SOUTH FARM                             ,FAACQ               
0071-0008871600005  ,6 SEATER TABLE 180X80X76                                    ,      5726.65,09/13/2023,FUR. & FIXT.        ,CHAIR                                             ,         5,PRAWN FARM                    ,PRAWN FARM-SOUTH FARM                             ,FAACQ               
0071-0008871600006  ,6 SEATER TABLE 180X80X76                                    ,      5726.65,09/13/2023,FUR. & FIXT.        ,CHAIR                                             ,         5,PRAWN FARM                    ,PRAWN FARM-SOUTH FARM                             ,FAACQ               
0071-0008871800001  ,4 SEATER TABLE 120X80X76                                    ,      4940.00,09/13/2023,FUR. & FIXT.        ,CHAIR                                             ,         5,PRAWN FARM                    ,PRAWN FARM-SOUTH FARM                             ,FAACQ               
0071-0008871800002  ,4 SEATER TABLE 120X80X76                                    ,      4940.00,09/13/2023,FUR. & FIXT.        ,CHAIR                                             ,         5,PRAWN FARM                    ,PRAWN FARM-SOUTH FARM                             ,FAACQ               
0071-0008871800003  ,4 SEATER TABLE 120X80X76                                    ,      4940.00,09/13/2023,FUR. & FIXT.        ,CHAIR                                             ,         5,PRAWN FARM                    ,PRAWN FARM-SOUTH FARM                             ,FAACQ               
0071-0008871800004  ,4 SEATER TABLE 120X80X76                                    ,      4940.00,09/13/2023,FUR. & FIXT.        ,CHAIR                                             ,         5,PRAWN FARM                    ,PRAWN FARM-SOUTH FARM                             ,FAACQ               
0071-0004666900001  ,HAND TRUCK 10 X 1 EAGLE                                     ,      2550.00,10/12/2023,STR. EQPT.          ,HANDTRUCK                                         ,         3,PRAWN FARM                    ,PRAWN FARM-SOUTH FARM                             ,FAACQ               
0071-0007968400001  ,CPU SET CORE I3                                             ,     17550.00,10/10/2023,OFF. EQPT.          ,CPU                                               ,         3,PRAWN FARM                    ,PRAWN FARM-ICM                                    ,FAACQ               
0071-0007968400002  ,CPU SET CORE I3                                             ,     17550.00,10/10/2023,OFF. EQPT.          ,CPU                                               ,         3,PRAWN FARM                    ,PRAWN FARM-ICM                                    ,FAACQ               
0071-0008580100001  ,ACER K202HQL 19.5"" LED MONITOR                              ,      3550.00,10/10/2023,OFF. EQPT.          ,MONITOR                                           ,         3,PRAWN FARM                    ,PRAWN FARM-ICM                                    ,FAACQ               
0071-0008580100002  ,ACER K202HQL 19.5"" LED MONITOR                              ,      3550.00,10/10/2023,OFF. EQPT.          ,MONITOR                                           ,         3,PRAWN FARM                    ,PRAWN FARM-ICM                                    ,FAACQ               
0077-0008569700001  ,FCU-1 42BHC600 5.0 TR                                       ,     49307.15,10/18/2023,MACH. & EQPT.       ,OTHERS                                            ,         7,CHARCOAL & CHOP FOODLINE INC. ,AC-PRAWN FARM                                     ,FAACQ               
0077-0008569700002  ,FCU-1 42BHC600 5.0 TR                                       ,     49307.15,10/18/2023,MACH. & EQPT.       ,OTHERS                                            ,         7,ROAST & TOAST FOODLINE INC.   ,AC-JOLLIBEE                                       ,FA_TRAN             
0071-0008166300001  ,EPSON ECOTANK L3210 AIO PRINTER                             ,      7852.68,12/07/2023,OFF. EQPT.          ,PRINTER                                           ,         3,PRAWN FARM                    ,PRAWN FARM-ICM                                    ,FAACQ               
0071-0001224100001  ,RICE COOKER(ROSEWOOD BIG)                                   ,      7857.14,11/25/2023,STR. EQPT.          ,RICE COOKER                                       ,         3,PRAWN FARM                    ,PRAWN FARM-SOUTH FARM                             ,FAACQ               
0077-0007472200001  ,EMBRACO COMPRESSOR NUE 2155 GK                              ,      9821.43,01/22/2024,MACH. & EQPT.       ,COMPRESSOR                                        ,         3,CHARCOAL & CHOP FOODLINE INC. ,AC-PRAWN FARM                                     ,FAACQ               
0071-0006561200001  ,APSOFT POS V750 ALL-IN-ONE (TOUCH   SCREEN) TERMIN          ,     58035.71,01/22/2024,OFF. EQPT.          ,POS                                               ,         3,PRAWN FARM                    ,PRAWN FARM-ICM                                    ,FAACQ               
0077-0009501400001  ,EUROSTAR DJM-40                                             ,      7410.49,01/08/2024,MACH. & EQPT.       ,PUMP                                              ,         5,CHARCOAL & CHOP FOODLINE INC. ,AC-PRAWN FARM                                     ,FAACQ               
0071-0009459900001  ,BOLZANO WATER PUMP                                          ,      2321.21,12/18/2023,MACH. & EQPT.       ,PUMP                                              ,         5,PRAWN FARM                    ,PRAWN FARM-ICM                                    ,FAACQ               
0071-0002067600001  ,HAND TRUCK                                                  ,      3930.54,01/31/2024,MACH. & EQPT.       ,HANDTRUCK                                         ,         4,PRAWN FARM                    ,PRAWN FARM-ICM                                    ,FAACQ               
0071-0007477900001  ,TAB SAMSUNG GALAXY A7 LITE (SM-T225)                        ,      8473.22,01/29/2024,OFF. EQPT.          ,TABLET                                            ,         2,PRAWN FARM                    ,PRAWN FARM-SOUTH FARM                             ,FAACQ               
0071-0008756600001  ,ILLUME ALPHA WHITE (INSECT LIGHT TRAP)                      ,      5357.15,02/13/2024,ELEC. INTS. & EQPT. ,OTHERS                                            ,         3,PRAWN FARM                    ,PRAWN FARM-SOUTH FARM                             ,FAACQ               
0071-0008756600002  ,ILLUME ALPHA WHITE (INSECT LIGHT TRAP)                      ,      5357.15,02/13/2024,ELEC. INTS. & EQPT. ,OTHERS                                            ,         3,PRAWN FARM                    ,PRAWN FARM-SOUTH FARM                             ,FAACQ               
0077-0009238900001  ,CELLPHONE REALME C53 RMX3760 6GB/128GB                      ,      7141.96,02/21/2024,OFF. EQPT.          ,CELLPHONE                                         ,         3,CHARCOAL & CHOP FOODLINE INC. ,AC-PRAWN FARM                                     ,FAACQ               
0071-0009688500001  ,KONZERT SPEAKER BULILIT DOS                                 ,      9299.00,02/22/2024,STR. EQPT.          ,SPEAKER                                           ,         3,PRAWN FARM                    ,PRAWN FARM-SOUTH FARM                             ,FAACQ               
0071-0008532800001  ,ASAHI WALL FAN WF-629 BLACK                                 ,      3112.95,04/13/2023,OFF. EQPT.          ,FAN                                               ,         3,PRAWN FARM                    ,PRAWN FARM-SOUTH FARM                             ,FAACQ               
0071-0008532800002  ,ASAHI WALL FAN WF-629 BLACK                                 ,      3112.95,04/13/2023,OFF. EQPT.          ,FAN                                               ,         3,PRAWN FARM                    ,PRAWN FARM-SOUTH FARM                             ,FAACQ               
0071-0008532800003  ,ASAHI WALL FAN WF-629 BLACK                                 ,      3112.95,04/13/2023,OFF. EQPT.          ,FAN                                               ,         3,PRAWN FARM                    ,PRAWN FARM-SOUTH FARM                             ,FAACQ               
0071-0008532800004  ,ASAHI WALL FAN WF-629 BLACK                                 ,      3112.95,04/13/2023,OFF. EQPT.          ,FAN                                               ,         3,PRAWN FARM                    ,PRAWN FARM-SOUTH FARM                             ,FAACQ               
0071-0008532800005  ,ASAHI WALL FAN WF-629 BLACK                                 ,      3112.95,04/13/2023,OFF. EQPT.          ,FAN                                               ,         3,PRAWN FARM                    ,PRAWN FARM-SOUTH FARM                             ,FAACQ               
0071-0008532800006  ,ASAHI WALL FAN WF-629 BLACK                                 ,      3112.95,04/13/2023,OFF. EQPT.          ,FAN                                               ,         3,PRAWN FARM                    ,PRAWN FARM-SOUTH FARM                             ,FAACQ               
0071-0008532800007  ,ASAHI WALL FAN WF-629 BLACK                                 ,      3112.95,04/13/2023,OFF. EQPT.          ,FAN                                               ,         3,PRAWN FARM                    ,PRAWN FARM-SOUTH FARM                             ,FAACQ               
0077-0000497200001  ,BLENDER OMNI BLEND 1 HEAVY DUTY JTC-767                     ,      8839.29,02/22/2024,STR. EQPT.          ,BLENDER                                           ,         3,CHARCOAL & CHOP FOODLINE INC. ,AC-PRAWN FARM                                     ,FAACQ               
0077-0006561200002  ,APSOFT POS V750 ALL-IN-ONE (TOUCH   SCREEN) TERMIN          ,     53571.43,02/22/2024,OFF. EQPT.          ,POS                                               ,         3,CHARCOAL & CHOP FOODLINE INC. ,AC-PRAWN FARM                                     ,FAACQ               
0071-0007472200002  ,EMBRACO COMPRESSOR NUE 2155 GK                              ,     10714.29,02/22/2024,MACH. & EQPT.       ,COMPRESSOR                                        ,         3,PRAWN FARM                    ,PRAWN FARM-ICM                                    ,FAACQ               
0071-0009238900002  ,CELLPHONE REALME C53 RMX3760 6GB/128GB                      ,      7141.96,03/06/2024,OFF. EQPT.          ,CELLPHONE                                         ,         3,PRAWN FARM                    ,PRAWN FARM-ICM                                    ,FAACQ               
0071-0000497200002  ,BLENDER OMNI BLEND 1 HEAVY DUTY JTC-767                     ,      8839.29,03/14/2024,STR. EQPT.          ,BLENDER                                           ,         3,PRAWN FARM                    ,PRAWN FARM-SOUTH FARM                             ,FAACQ               
0071-0004589000001  ,BURNER 2 OPEN TOP HIGH PRESSURE TUBULAR BRACING             ,     46000.00,03/19/2024,STR. EQPT.          ,BURNER                                            ,         5,PRAWN FARM                    ,PRAWN FARM-SOUTH FARM                             ,FAACQ               
0071-0007322500001  ,DELONGHI ECAM 110 MAGNIFICA S                               ,     41392.86,03/19/2024,STR. EQPT.          ,STORE EQUIPMENT                                   ,         3,PRAWN FARM                    ,PRAWN FARM-ICM                                    ,FAACQ               
0077-0007472200003  ,EMBRACO COMPRESSOR NUE 2155 GK                              ,      9821.43,03/19/2024,MACH. & EQPT.       ,COMPRESSOR                                        ,         3,CHARCOAL & CHOP FOODLINE INC. ,AC-PRAWN FARM                                     ,FAACQ               
0071-0004846300001  ,WOODEN TRAY STAND                                           ,      3823.66,03/19/2024,FUR. & FIXT.        ,STAND                                             ,         3,PRAWN FARM                    ,PRAWN FARM-SOUTH FARM                             ,FAACQ               
0071-0004846300002  ,WOODEN TRAY STAND                                           ,      3823.66,03/19/2024,FUR. & FIXT.        ,STAND                                             ,         3,PRAWN FARM                    ,PRAWN FARM-SOUTH FARM                             ,FAACQ               
0071-0009699400001  ,HP LAPTOP 15S-FQ5216TU (8W8R5PA)                            ,     31241.07,04/02/2024,OFF. EQPT.          ,LAPTOP                                            ,         3,PRAWN FARM                    ,PRAWN FARM-ICM                                    ,FAACQ               
0071-0005744600001  ,PUMP BOOSTER 0.14KW 3102561                                 ,     28030.32,02/20/2020,MACH. & EQPT.       ,PUMP                                              ,         5,PRAWN FARM                    ,PRAWN FARM-ICM                                    ,FAACQ               
0071-0009974200001  ,EPSON LQ-310 DOT MATRIX PRINTER                             ,     13495.54,05/08/2024,OFF. EQPT.          ,PRINTER                                           ,         3,PRAWN FARM                    ,PRAWN FARM-ICM                                    ,FAACQ               
0071-0000760300001  ,FUJIDENZO USHOWCASE SU110A                                  ,     20937.50,06/19/2024,MACH. & EQPT.       ,SHOWCASE                                          ,         3,PRAWN FARM                    ,PRAWN FARM-SOUTH FARM                             ,FAACQ               
0071-0010083600001  ,RICE WARMER                                                 ,      5803.57,06/21/2024,STR. EQPT.          ,WARMER                                            ,         5,CHARCOAL & CHOP FOODLINE INC. ,ICM-MEALTIME EXPRESS                              ,FA_TRAN             
0071-0007444400001  ,PRESSURE COOKER 21QTS                                       ,     23000.00,03/12/2022,STR. EQPT.          ,PRESSURE COOKER                                   ,         3,PRAWN FARM                    ,PRAWN FARM-ICM                                    ,FAACQ               
0077-0005293200001  ,DINING TABLE SET                                            ,      3346.88,07/26/2019,FUR. & FIXT.        ,TABLE                                             ,         5,CHARCOAL & CHOP FOODLINE INC. ,AC-PRAWN FARM                                     ,FABB                
0077-0005293200002  ,DINING TABLE SET                                            ,      3346.88,07/26/2019,FUR. & FIXT.        ,TABLE                                             ,         5,CHARCOAL & CHOP FOODLINE INC. ,AC-PRAWN FARM                                     ,FABB                
0077-0005293200003  ,DINING TABLE SET                                            ,      3346.88,07/26/2019,FUR. & FIXT.        ,TABLE                                             ,         5,CHARCOAL & CHOP FOODLINE INC. ,AC-PRAWN FARM                                     ,FABB                
0077-0005293200004  ,DINING TABLE SET                                            ,      3346.88,07/26/2019,FUR. & FIXT.        ,TABLE                                             ,         5,CHARCOAL & CHOP FOODLINE INC. ,AC-PRAWN FARM                                     ,FABB                
0077-0005293200005  ,DINING TABLE SET                                            ,      3346.88,07/26/2019,FUR. & FIXT.        ,TABLE                                             ,         5,CHARCOAL & CHOP FOODLINE INC. ,AC-PRAWN FARM                                     ,FABB                
0077-0005293200006  ,DINING TABLE SET                                            ,      3346.88,07/26/2019,FUR. & FIXT.        ,TABLE                                             ,         5,CHARCOAL & CHOP FOODLINE INC. ,AC-PRAWN FARM                                     ,FABB                
0077-0005293200007  ,DINING TABLE SET                                            ,      3346.88,07/26/2019,FUR. & FIXT.        ,TABLE                                             ,         5,CHARCOAL & CHOP FOODLINE INC. ,AC-PRAWN FARM                                     ,FABB                
0077-0005293200008  ,DINING TABLE SET                                            ,      3346.88,07/26/2019,FUR. & FIXT.        ,TABLE                                             ,         5,CHARCOAL & CHOP FOODLINE INC. ,AC-PRAWN FARM                                     ,FABB                
0077-0005293200009  ,DINING TABLE SET                                            ,      3346.88,07/26/2019,FUR. & FIXT.        ,TABLE                                             ,         5,CHARCOAL & CHOP FOODLINE INC. ,AC-PRAWN FARM                                     ,FABB                
0077-0005293200010  ,DINING TABLE SET                                            ,      3346.88,07/26/2019,FUR. & FIXT.        ,TABLE                                             ,         5,CHARCOAL & CHOP FOODLINE INC. ,AC-PRAWN FARM                                     ,FABB                
0077-0005293200011  ,DINING TABLE SET                                            ,      3346.88,07/26/2019,FUR. & FIXT.        ,TABLE                                             ,         5,CHARCOAL & CHOP FOODLINE INC. ,AC-PRAWN FARM                                     ,FABB                
0077-0005293200012  ,DINING TABLE SET                                            ,      3346.88,07/26/2019,FUR. & FIXT.        ,TABLE                                             ,         5,CHARCOAL & CHOP FOODLINE INC. ,AC-PRAWN FARM                                     ,FABB                
0077-0005293200013  ,DINING TABLE SET                                            ,      3346.88,07/26/2019,FUR. & FIXT.        ,TABLE                                             ,         5,CHARCOAL & CHOP FOODLINE INC. ,AC-PRAWN FARM                                     ,FABB                
0077-0010161300001  ,SPENCER CHAIR (METAL WIRE) BLACK                            ,      2756.25,07/26/2019,FUR. & FIXT.        ,CHAIR                                             ,         5,CHARCOAL & CHOP FOODLINE INC. ,AC-PRAWN FARM                                     ,FABB                
0077-0010161300002  ,SPENCER CHAIR (METAL WIRE) BLACK                            ,      2756.25,07/26/2019,FUR. & FIXT.        ,CHAIR                                             ,         5,CHARCOAL & CHOP FOODLINE INC. ,AC-PRAWN FARM                                     ,FABB                
0077-0010161300003  ,SPENCER CHAIR (METAL WIRE) BLACK                            ,      2756.25,07/26/2019,FUR. & FIXT.        ,CHAIR                                             ,         5,CHARCOAL & CHOP FOODLINE INC. ,AC-PRAWN FARM                                     ,FABB                
0077-0010161300004  ,SPENCER CHAIR (METAL WIRE) BLACK                            ,      2756.25,07/26/2019,FUR. & FIXT.        ,CHAIR                                             ,         5,CHARCOAL & CHOP FOODLINE INC. ,AC-PRAWN FARM                                     ,FABB                
0077-0010161300005  ,SPENCER CHAIR (METAL WIRE) BLACK                            ,      2756.25,07/26/2019,FUR. & FIXT.        ,CHAIR                                             ,         5,CHARCOAL & CHOP FOODLINE INC. ,AC-PRAWN FARM                                     ,FABB                
0077-0010161300006  ,SPENCER CHAIR (METAL WIRE) BLACK                            ,      2756.25,07/26/2019,FUR. & FIXT.        ,CHAIR                                             ,         5,CHARCOAL & CHOP FOODLINE INC. ,AC-PRAWN FARM                                     ,FABB                
0077-0010161300007  ,SPENCER CHAIR (METAL WIRE) BLACK                            ,      2756.25,07/26/2019,FUR. & FIXT.        ,CHAIR                                             ,         5,CHARCOAL & CHOP FOODLINE INC. ,AC-PRAWN FARM                                     ,FABB                
0077-0010161300008  ,SPENCER CHAIR (METAL WIRE) BLACK                            ,      2756.25,07/26/2019,FUR. & FIXT.        ,CHAIR                                             ,         5,CHARCOAL & CHOP FOODLINE INC. ,AC-PRAWN FARM                                     ,FABB                
0077-0010161300009  ,SPENCER CHAIR (METAL WIRE) BLACK                            ,      2756.25,07/26/2019,FUR. & FIXT.        ,CHAIR                                             ,         5,CHARCOAL & CHOP FOODLINE INC. ,AC-PRAWN FARM                                     ,FABB                
0077-0010161300010  ,SPENCER CHAIR (METAL WIRE) BLACK                            ,      2756.25,07/26/2019,FUR. & FIXT.        ,CHAIR                                             ,         5,CHARCOAL & CHOP FOODLINE INC. ,AC-PRAWN FARM                                     ,FABB                
0077-0010161300011  ,SPENCER CHAIR (METAL WIRE) BLACK                            ,      2756.25,07/26/2019,FUR. & FIXT.        ,CHAIR                                             ,         5,CHARCOAL & CHOP FOODLINE INC. ,AC-PRAWN FARM                                     ,FABB                
0077-0010161300012  ,SPENCER CHAIR (METAL WIRE) BLACK                            ,      2756.25,07/26/2019,FUR. & FIXT.        ,CHAIR                                             ,         5,CHARCOAL & CHOP FOODLINE INC. ,AC-PRAWN FARM                                     ,FABB                
0077-0010161300013  ,SPENCER CHAIR (METAL WIRE) BLACK                            ,      2756.25,07/26/2019,FUR. & FIXT.        ,CHAIR                                             ,         5,CHARCOAL & CHOP FOODLINE INC. ,AC-PRAWN FARM                                     ,FABB                
0077-0010161300014  ,SPENCER CHAIR (METAL WIRE) BLACK                            ,      2756.25,07/26/2019,FUR. & FIXT.        ,CHAIR                                             ,         5,CHARCOAL & CHOP FOODLINE INC. ,AC-PRAWN FARM                                     ,FABB                
0077-0010161300015  ,SPENCER CHAIR (METAL WIRE) BLACK                            ,      2756.25,07/26/2019,FUR. & FIXT.        ,CHAIR                                             ,         5,CHARCOAL & CHOP FOODLINE INC. ,AC-PRAWN FARM                                     ,FABB                
0077-0010161300016  ,SPENCER CHAIR (METAL WIRE) BLACK                            ,      2756.25,07/26/2019,FUR. & FIXT.        ,CHAIR                                             ,         5,CHARCOAL & CHOP FOODLINE INC. ,AC-PRAWN FARM                                     ,FABB                
0077-0010161300017  ,SPENCER CHAIR (METAL WIRE) BLACK                            ,      2756.25,07/26/2019,FUR. & FIXT.        ,CHAIR                                             ,         5,CHARCOAL & CHOP FOODLINE INC. ,AC-PRAWN FARM                                     ,FABB                
0077-0010161300018  ,SPENCER CHAIR (METAL WIRE) BLACK                            ,      2756.25,07/26/2019,FUR. & FIXT.        ,CHAIR                                             ,         5,CHARCOAL & CHOP FOODLINE INC. ,AC-PRAWN FARM                                     ,FABB                
0077-0010161300019  ,SPENCER CHAIR (METAL WIRE) BLACK                            ,      2756.25,07/26/2019,FUR. & FIXT.        ,CHAIR                                             ,         5,CHARCOAL & CHOP FOODLINE INC. ,AC-PRAWN FARM                                     ,FABB                
0077-0010161300020  ,SPENCER CHAIR (METAL WIRE) BLACK                            ,      2756.25,07/26/2019,FUR. & FIXT.        ,CHAIR                                             ,         5,CHARCOAL & CHOP FOODLINE INC. ,AC-PRAWN FARM                                     ,FABB                
0077-0010161300021  ,SPENCER CHAIR (METAL WIRE) BLACK                            ,      2756.25,07/26/2019,FUR. & FIXT.        ,CHAIR                                             ,         5,CHARCOAL & CHOP FOODLINE INC. ,AC-PRAWN FARM                                     ,FABB                
0077-0010161300022  ,SPENCER CHAIR (METAL WIRE) BLACK                            ,      2756.25,07/26/2019,FUR. & FIXT.        ,CHAIR                                             ,         5,CHARCOAL & CHOP FOODLINE INC. ,AC-PRAWN FARM                                     ,FABB                
0077-0010161300023  ,SPENCER CHAIR (METAL WIRE) BLACK                            ,      2756.25,07/26/2019,FUR. & FIXT.        ,CHAIR                                             ,         5,CHARCOAL & CHOP FOODLINE INC. ,AC-PRAWN FARM                                     ,FABB                
0077-0010161300024  ,SPENCER CHAIR (METAL WIRE) BLACK                            ,      2756.25,07/26/2019,FUR. & FIXT.        ,CHAIR                                             ,         5,CHARCOAL & CHOP FOODLINE INC. ,AC-PRAWN FARM                                     ,FABB                
0077-0010161300025  ,SPENCER CHAIR (METAL WIRE) BLACK                            ,      2756.25,07/26/2019,FUR. & FIXT.        ,CHAIR                                             ,         5,CHARCOAL & CHOP FOODLINE INC. ,AC-PRAWN FARM                                     ,FABB                
0077-0010161300026  ,SPENCER CHAIR (METAL WIRE) BLACK                            ,      2756.25,07/26/2019,FUR. & FIXT.        ,CHAIR                                             ,         5,CHARCOAL & CHOP FOODLINE INC. ,AC-PRAWN FARM                                     ,FABB                
0077-0010161300027  ,SPENCER CHAIR (METAL WIRE) BLACK                            ,      2756.25,07/26/2019,FUR. & FIXT.        ,CHAIR                                             ,         5,CHARCOAL & CHOP FOODLINE INC. ,AC-PRAWN FARM                                     ,FABB                
0077-0010161300028  ,SPENCER CHAIR (METAL WIRE) BLACK                            ,      2756.25,07/26/2019,FUR. & FIXT.        ,CHAIR                                             ,         5,CHARCOAL & CHOP FOODLINE INC. ,AC-PRAWN FARM                                     ,FABB                
0077-0010161300029  ,SPENCER CHAIR (METAL WIRE) BLACK                            ,      2756.25,07/26/2019,FUR. & FIXT.        ,CHAIR                                             ,         5,CHARCOAL & CHOP FOODLINE INC. ,AC-PRAWN FARM                                     ,FABB                
0077-0010162100001  ,ROYCE CHAIR (METAL WIRE) GRAY                               ,      1968.75,07/26/2019,FUR. & FIXT.        ,CHAIR                                             ,         5,CHARCOAL & CHOP FOODLINE INC. ,AC-PRAWN FARM                                     ,FABB                
0077-0010162100002  ,ROYCE CHAIR (METAL WIRE) GRAY                               ,      1968.75,07/26/2019,FUR. & FIXT.        ,CHAIR                                             ,         5,CHARCOAL & CHOP FOODLINE INC. ,AC-PRAWN FARM                                     ,FABB                
0077-0010162100003  ,ROYCE CHAIR (METAL WIRE) GRAY                               ,      1968.75,07/26/2019,FUR. & FIXT.        ,CHAIR                                             ,         5,CHARCOAL & CHOP FOODLINE INC. ,AC-PRAWN FARM                                     ,FABB                
0077-0010162100004  ,ROYCE CHAIR (METAL WIRE) GRAY                               ,      1968.75,07/26/2019,FUR. & FIXT.        ,CHAIR                                             ,         5,CHARCOAL & CHOP FOODLINE INC. ,AC-PRAWN FARM                                     ,FABB                
0077-0010162100005  ,ROYCE CHAIR (METAL WIRE) GRAY                               ,      1968.75,07/26/2019,FUR. & FIXT.        ,CHAIR                                             ,         5,CHARCOAL & CHOP FOODLINE INC. ,AC-PRAWN FARM                                     ,FABB                
0077-0010162100006  ,ROYCE CHAIR (METAL WIRE) GRAY                               ,      1968.75,07/26/2019,FUR. & FIXT.        ,CHAIR                                             ,         5,CHARCOAL & CHOP FOODLINE INC. ,AC-PRAWN FARM                                     ,FABB                
0077-0010162100007  ,ROYCE CHAIR (METAL WIRE) GRAY                               ,      1968.75,07/26/2019,FUR. & FIXT.        ,CHAIR                                             ,         5,CHARCOAL & CHOP FOODLINE INC. ,AC-PRAWN FARM                                     ,FABB                
0077-0010162100008  ,ROYCE CHAIR (METAL WIRE) GRAY                               ,      1968.75,07/26/2019,FUR. & FIXT.        ,CHAIR                                             ,         5,CHARCOAL & CHOP FOODLINE INC. ,AC-PRAWN FARM                                     ,FABB                
0077-0010162100009  ,ROYCE CHAIR (METAL WIRE) GRAY                               ,      1968.75,07/26/2019,FUR. & FIXT.        ,CHAIR                                             ,         5,CHARCOAL & CHOP FOODLINE INC. ,AC-PRAWN FARM                                     ,FABB                
0077-0010162100010  ,ROYCE CHAIR (METAL WIRE) GRAY                               ,      1968.75,07/26/2019,FUR. & FIXT.        ,CHAIR                                             ,         5,CHARCOAL & CHOP FOODLINE INC. ,AC-PRAWN FARM                                     ,FABB                
0077-0010162100011  ,ROYCE CHAIR (METAL WIRE) GRAY                               ,      1968.75,07/26/2019,FUR. & FIXT.        ,CHAIR                                             ,         5,CHARCOAL & CHOP FOODLINE INC. ,AC-PRAWN FARM                                     ,FABB                
0077-0010162100012  ,ROYCE CHAIR (METAL WIRE) GRAY                               ,      1968.75,07/26/2019,FUR. & FIXT.        ,CHAIR                                             ,         5,CHARCOAL & CHOP FOODLINE INC. ,AC-PRAWN FARM                                     ,FABB                
0077-0010162100013  ,ROYCE CHAIR (METAL WIRE) GRAY                               ,      1968.75,07/26/2019,FUR. & FIXT.        ,CHAIR                                             ,         5,CHARCOAL & CHOP FOODLINE INC. ,AC-PRAWN FARM                                     ,FABB                
0077-0010162100014  ,ROYCE CHAIR (METAL WIRE) GRAY                               ,      1968.75,07/26/2019,FUR. & FIXT.        ,CHAIR                                             ,         5,CHARCOAL & CHOP FOODLINE INC. ,AC-PRAWN FARM                                     ,FABB                
0077-0010162100015  ,ROYCE CHAIR (METAL WIRE) GRAY                               ,      1968.75,07/26/2019,FUR. & FIXT.        ,CHAIR                                             ,         5,CHARCOAL & CHOP FOODLINE INC. ,AC-PRAWN FARM                                     ,FABB                
0077-0010162100016  ,ROYCE CHAIR (METAL WIRE) GRAY                               ,      1968.75,07/26/2019,FUR. & FIXT.        ,CHAIR                                             ,         5,CHARCOAL & CHOP FOODLINE INC. ,AC-PRAWN FARM                                     ,FABB                
0077-0010162100017  ,ROYCE CHAIR (METAL WIRE) GRAY                               ,      1968.75,07/26/2019,FUR. & FIXT.        ,CHAIR                                             ,         5,CHARCOAL & CHOP FOODLINE INC. ,AC-PRAWN FARM                                     ,FABB                
0077-0010162100018  ,ROYCE CHAIR (METAL WIRE) GRAY                               ,      1968.75,07/26/2019,FUR. & FIXT.        ,CHAIR                                             ,         5,CHARCOAL & CHOP FOODLINE INC. ,AC-PRAWN FARM                                     ,FABB                
0077-0010162600001  ,ROYCE CHAIR (METAL WIRE) BLACK                              ,      1968.75,07/26/2019,FUR. & FIXT.        ,CHAIR                                             ,         5,CHARCOAL & CHOP FOODLINE INC. ,AC-PRAWN FARM                                     ,FABB                
0077-0010162600002  ,ROYCE CHAIR (METAL WIRE) BLACK                              ,      1968.75,07/26/2019,FUR. & FIXT.        ,CHAIR                                             ,         5,CHARCOAL & CHOP FOODLINE INC. ,AC-PRAWN FARM                                     ,FABB                
0077-0010162600003  ,ROYCE CHAIR (METAL WIRE) BLACK                              ,      1968.75,07/26/2019,FUR. & FIXT.        ,CHAIR                                             ,         5,CHARCOAL & CHOP FOODLINE INC. ,AC-PRAWN FARM                                     ,FABB                
0077-0010162600004  ,ROYCE CHAIR (METAL WIRE) BLACK                              ,      1968.75,07/26/2019,FUR. & FIXT.        ,CHAIR                                             ,         5,CHARCOAL & CHOP FOODLINE INC. ,AC-PRAWN FARM                                     ,FABB                
0077-0010162600005  ,ROYCE CHAIR (METAL WIRE) BLACK                              ,      1968.75,07/26/2019,FUR. & FIXT.        ,CHAIR                                             ,         5,CHARCOAL & CHOP FOODLINE INC. ,AC-PRAWN FARM                                     ,FABB                
0077-0010162600006  ,ROYCE CHAIR (METAL WIRE) BLACK                              ,      1968.75,07/26/2019,FUR. & FIXT.        ,CHAIR                                             ,         5,CHARCOAL & CHOP FOODLINE INC. ,AC-PRAWN FARM                                     ,FABB                
0077-0010162600007  ,ROYCE CHAIR (METAL WIRE) BLACK                              ,      1968.75,07/26/2019,FUR. & FIXT.        ,CHAIR                                             ,         5,CHARCOAL & CHOP FOODLINE INC. ,AC-PRAWN FARM                                     ,FABB                
0077-0010162600008  ,ROYCE CHAIR (METAL WIRE) BLACK                              ,      1968.75,07/26/2019,FUR. & FIXT.        ,CHAIR                                             ,         5,CHARCOAL & CHOP FOODLINE INC. ,AC-PRAWN FARM                                     ,FABB                
0077-0010162600009  ,ROYCE CHAIR (METAL WIRE) BLACK                              ,      1968.75,07/26/2019,FUR. & FIXT.        ,CHAIR                                             ,         5,CHARCOAL & CHOP FOODLINE INC. ,AC-PRAWN FARM                                     ,FABB                
0077-0010162600010  ,ROYCE CHAIR (METAL WIRE) BLACK                              ,      1968.75,07/26/2019,FUR. & FIXT.        ,CHAIR                                             ,         5,CHARCOAL & CHOP FOODLINE INC. ,AC-PRAWN FARM                                     ,FABB                
0077-0010162600011  ,ROYCE CHAIR (METAL WIRE) BLACK                              ,      1968.75,07/26/2019,FUR. & FIXT.        ,CHAIR                                             ,         5,CHARCOAL & CHOP FOODLINE INC. ,AC-PRAWN FARM                                     ,FABB                
0077-0010162600012  ,ROYCE CHAIR (METAL WIRE) BLACK                              ,      1968.75,07/26/2019,FUR. & FIXT.        ,CHAIR                                             ,         5,CHARCOAL & CHOP FOODLINE INC. ,AC-PRAWN FARM                                     ,FABB                
0077-0010162600013  ,ROYCE CHAIR (METAL WIRE) BLACK                              ,      1968.75,07/26/2019,FUR. & FIXT.        ,CHAIR                                             ,         5,CHARCOAL & CHOP FOODLINE INC. ,AC-PRAWN FARM                                     ,FABB                
0077-0010162600014  ,ROYCE CHAIR (METAL WIRE) BLACK                              ,      1968.75,07/26/2019,FUR. & FIXT.        ,CHAIR                                             ,         5,CHARCOAL & CHOP FOODLINE INC. ,AC-PRAWN FARM                                     ,FABB                
0077-0010162600015  ,ROYCE CHAIR (METAL WIRE) BLACK                              ,      1968.75,07/26/2019,FUR. & FIXT.        ,CHAIR                                             ,         5,CHARCOAL & CHOP FOODLINE INC. ,AC-PRAWN FARM                                     ,FABB                
0077-0010162600016  ,ROYCE CHAIR (METAL WIRE) BLACK                              ,      1968.75,07/26/2019,FUR. & FIXT.        ,CHAIR                                             ,         5,CHARCOAL & CHOP FOODLINE INC. ,AC-PRAWN FARM                                     ,FABB                
0077-0010162600017  ,ROYCE CHAIR (METAL WIRE) BLACK                              ,      1968.75,07/26/2019,FUR. & FIXT.        ,CHAIR                                             ,         5,CHARCOAL & CHOP FOODLINE INC. ,AC-PRAWN FARM                                     ,FABB                
0077-0010162600018  ,ROYCE CHAIR (METAL WIRE) BLACK                              ,      1968.75,07/26/2019,FUR. & FIXT.        ,CHAIR                                             ,         5,CHARCOAL & CHOP FOODLINE INC. ,AC-PRAWN FARM                                     ,FABB                
0077-0010162600019  ,ROYCE CHAIR (METAL WIRE) BLACK                              ,      1968.75,07/26/2019,FUR. & FIXT.        ,CHAIR                                             ,         5,CHARCOAL & CHOP FOODLINE INC. ,AC-PRAWN FARM                                     ,FABB                
0077-0010163200001  ,DINING TABLE 70X70 (SMOOTH)                                 ,      2953.13,07/26/2019,FUR. & FIXT.        ,TABLE                                             ,         5,CHARCOAL & CHOP FOODLINE INC. ,AC-PRAWN FARM                                     ,FABB                
0077-0010163200002  ,DINING TABLE 70X70 (SMOOTH)                                 ,      2953.13,07/26/2019,FUR. & FIXT.        ,TABLE                                             ,         5,CHARCOAL & CHOP FOODLINE INC. ,AC-PRAWN FARM                                     ,FABB                
0077-0010163200003  ,DINING TABLE 70X70 (SMOOTH)                                 ,      2953.13,07/26/2019,FUR. & FIXT.        ,TABLE                                             ,         5,CHARCOAL & CHOP FOODLINE INC. ,AC-PRAWN FARM                                     ,FABB                
0077-0010163200004  ,DINING TABLE 70X70 (SMOOTH)                                 ,      2953.13,07/26/2019,FUR. & FIXT.        ,TABLE                                             ,         5,CHARCOAL & CHOP FOODLINE INC. ,AC-PRAWN FARM                                     ,FABB                
0077-0010163200005  ,DINING TABLE 70X70 (SMOOTH)                                 ,      2953.13,07/26/2019,FUR. & FIXT.        ,TABLE                                             ,         5,CHARCOAL & CHOP FOODLINE INC. ,AC-PRAWN FARM                                     ,FABB                
0077-0010163200006  ,DINING TABLE 70X70 (SMOOTH)                                 ,      2953.13,07/26/2019,FUR. & FIXT.        ,TABLE                                             ,         5,CHARCOAL & CHOP FOODLINE INC. ,AC-PRAWN FARM                                     ,FABB                
0077-0010163200007  ,DINING TABLE 70X70 (SMOOTH)                                 ,      2953.13,07/26/2019,FUR. & FIXT.        ,TABLE                                             ,         5,CHARCOAL & CHOP FOODLINE INC. ,AC-PRAWN FARM                                     ,FABB                
0077-0010163200008  ,DINING TABLE 70X70 (SMOOTH)                                 ,      2953.13,07/26/2019,FUR. & FIXT.        ,TABLE                                             ,         5,CHARCOAL & CHOP FOODLINE INC. ,AC-PRAWN FARM                                     ,FABB                
0077-0010163200009  ,DINING TABLE 70X70 (SMOOTH)                                 ,      2953.13,07/26/2019,FUR. & FIXT.        ,TABLE                                             ,         5,CHARCOAL & CHOP FOODLINE INC. ,AC-PRAWN FARM                                     ,FABB                
0077-0010163200010  ,DINING TABLE 70X70 (SMOOTH)                                 ,      2953.13,07/26/2019,FUR. & FIXT.        ,TABLE                                             ,         5,CHARCOAL & CHOP FOODLINE INC. ,AC-PRAWN FARM                                     ,FABB                
0077-0010163200011  ,DINING TABLE 70X70 (SMOOTH)                                 ,      2953.13,07/26/2019,FUR. & FIXT.        ,TABLE                                             ,         5,CHARCOAL & CHOP FOODLINE INC. ,AC-PRAWN FARM                                     ,FABB                
0077-0010163200012  ,DINING TABLE 70X70 (SMOOTH)                                 ,      2953.13,07/26/2019,FUR. & FIXT.        ,TABLE                                             ,         5,CHARCOAL & CHOP FOODLINE INC. ,AC-PRAWN FARM                                     ,FABB                
0077-0010163200013  ,DINING TABLE 70X70 (SMOOTH)                                 ,      2953.13,07/26/2019,FUR. & FIXT.        ,TABLE                                             ,         5,CHARCOAL & CHOP FOODLINE INC. ,AC-PRAWN FARM                                     ,FABB                
0077-0010163200014  ,DINING TABLE 70X70 (SMOOTH)                                 ,      2953.13,07/26/2019,FUR. & FIXT.        ,TABLE                                             ,         5,CHARCOAL & CHOP FOODLINE INC. ,AC-PRAWN FARM                                     ,FABB                
0077-0010163200015  ,DINING TABLE 70X70 (SMOOTH)                                 ,      2953.13,07/26/2019,FUR. & FIXT.        ,TABLE                                             ,         5,CHARCOAL & CHOP FOODLINE INC. ,AC-PRAWN FARM                                     ,FABB                
0077-0010163200016  ,DINING TABLE 70X70 (SMOOTH)                                 ,      2953.13,07/26/2019,FUR. & FIXT.        ,TABLE                                             ,         5,CHARCOAL & CHOP FOODLINE INC. ,AC-PRAWN FARM                                     ,FABB                
0077-0010163200017  ,DINING TABLE 70X70 (SMOOTH)                                 ,      2953.13,07/26/2019,FUR. & FIXT.        ,TABLE                                             ,         5,CHARCOAL & CHOP FOODLINE INC. ,AC-PRAWN FARM                                     ,FABB                
0077-0010163200018  ,DINING TABLE 70X70 (SMOOTH)                                 ,      2953.13,07/26/2019,FUR. & FIXT.        ,TABLE                                             ,         5,CHARCOAL & CHOP FOODLINE INC. ,AC-PRAWN FARM                                     ,FABB                
0077-0010163400001  ,COMO ARM ALUMINUM CHAIR                                     ,      4178.57,07/26/2019,FUR. & FIXT.        ,CHAIR                                             ,         5,CHARCOAL & CHOP FOODLINE INC. ,AC-PRAWN FARM                                     ,FABB                
0077-0010163400002  ,COMO ARM ALUMINUM CHAIR                                     ,      4178.57,07/26/2019,FUR. & FIXT.        ,CHAIR                                             ,         5,CHARCOAL & CHOP FOODLINE INC. ,AC-PRAWN FARM                                     ,FABB                
0077-0010163400003  ,COMO ARM ALUMINUM CHAIR                                     ,      4178.57,07/26/2019,FUR. & FIXT.        ,CHAIR                                             ,         5,CHARCOAL & CHOP FOODLINE INC. ,AC-PRAWN FARM                                     ,FABB                
0077-0010163400004  ,COMO ARM ALUMINUM CHAIR                                     ,      4178.57,07/26/2019,FUR. & FIXT.        ,CHAIR                                             ,         5,CHARCOAL & CHOP FOODLINE INC. ,AC-PRAWN FARM                                     ,FABB                
0077-0010163400005  ,COMO ARM ALUMINUM CHAIR                                     ,      4178.57,07/26/2019,FUR. & FIXT.        ,CHAIR                                             ,         5,CHARCOAL & CHOP FOODLINE INC. ,AC-PRAWN FARM                                     ,FABB                
0077-0010163400006  ,COMO ARM ALUMINUM CHAIR                                     ,      4178.57,07/26/2019,FUR. & FIXT.        ,CHAIR                                             ,         5,CHARCOAL & CHOP FOODLINE INC. ,AC-PRAWN FARM                                     ,FABB                
0077-0010163400007  ,COMO ARM ALUMINUM CHAIR                                     ,      4178.57,07/26/2019,FUR. & FIXT.        ,CHAIR                                             ,         5,CHARCOAL & CHOP FOODLINE INC. ,AC-PRAWN FARM                                     ,FABB                
0077-0010163400008  ,COMO ARM ALUMINUM CHAIR                                     ,      4178.57,07/26/2019,FUR. & FIXT.        ,CHAIR                                             ,         5,CHARCOAL & CHOP FOODLINE INC. ,AC-PRAWN FARM                                     ,FABB                
0077-0010163400009  ,COMO ARM ALUMINUM CHAIR                                     ,      4178.57,07/26/2019,FUR. & FIXT.        ,CHAIR                                             ,         5,CHARCOAL & CHOP FOODLINE INC. ,AC-PRAWN FARM                                     ,FABB                
0077-0010163400010  ,COMO ARM ALUMINUM CHAIR                                     ,      4178.57,07/26/2019,FUR. & FIXT.        ,CHAIR                                             ,         5,CHARCOAL & CHOP FOODLINE INC. ,AC-PRAWN FARM                                     ,FABB                
0077-0010163400011  ,COMO ARM ALUMINUM CHAIR                                     ,      4178.57,07/26/2019,FUR. & FIXT.        ,CHAIR                                             ,         5,CHARCOAL & CHOP FOODLINE INC. ,AC-PRAWN FARM                                     ,FABB                
0077-0010163400012  ,COMO ARM ALUMINUM CHAIR                                     ,      4178.57,07/26/2019,FUR. & FIXT.        ,CHAIR                                             ,         5,CHARCOAL & CHOP FOODLINE INC. ,AC-PRAWN FARM                                     ,FABB                
0077-0010163400013  ,COMO ARM ALUMINUM CHAIR                                     ,      4178.57,07/26/2019,FUR. & FIXT.        ,CHAIR                                             ,         5,CHARCOAL & CHOP FOODLINE INC. ,AC-PRAWN FARM                                     ,FABB                
0077-0010163400014  ,COMO ARM ALUMINUM CHAIR                                     ,      4178.57,07/26/2019,FUR. & FIXT.        ,CHAIR                                             ,         5,CHARCOAL & CHOP FOODLINE INC. ,AC-PRAWN FARM                                     ,FABB                
0077-0010163400015  ,COMO ARM ALUMINUM CHAIR                                     ,      4178.57,07/26/2019,FUR. & FIXT.        ,CHAIR                                             ,         5,CHARCOAL & CHOP FOODLINE INC. ,AC-PRAWN FARM                                     ,FABB                
0077-0010163400016  ,COMO ARM ALUMINUM CHAIR                                     ,      4178.57,07/26/2019,FUR. & FIXT.        ,CHAIR                                             ,         5,CHARCOAL & CHOP FOODLINE INC. ,AC-PRAWN FARM                                     ,FABB                
0077-0010163400017  ,COMO ARM ALUMINUM CHAIR                                     ,      4178.57,07/26/2019,FUR. & FIXT.        ,CHAIR                                             ,         5,CHARCOAL & CHOP FOODLINE INC. ,AC-PRAWN FARM                                     ,FABB                
0077-0010163400018  ,COMO ARM ALUMINUM CHAIR                                     ,      4178.57,07/26/2019,FUR. & FIXT.        ,CHAIR                                             ,         5,CHARCOAL & CHOP FOODLINE INC. ,AC-PRAWN FARM                                     ,FABB                
0077-0010163400019  ,COMO ARM ALUMINUM CHAIR                                     ,      4178.57,07/26/2019,FUR. & FIXT.        ,CHAIR                                             ,         5,CHARCOAL & CHOP FOODLINE INC. ,AC-PRAWN FARM                                     ,FABB                
0077-0010163400020  ,COMO ARM ALUMINUM CHAIR                                     ,      4178.57,07/26/2019,FUR. & FIXT.        ,CHAIR                                             ,         5,CHARCOAL & CHOP FOODLINE INC. ,AC-PRAWN FARM                                     ,FABB                
0077-0010163400021  ,COMO ARM ALUMINUM CHAIR                                     ,      4178.57,07/26/2019,FUR. & FIXT.        ,CHAIR                                             ,         5,CHARCOAL & CHOP FOODLINE INC. ,AC-PRAWN FARM                                     ,FABB                
0077-0010163400022  ,COMO ARM ALUMINUM CHAIR                                     ,      4178.57,07/26/2019,FUR. & FIXT.        ,CHAIR                                             ,         5,CHARCOAL & CHOP FOODLINE INC. ,AC-PRAWN FARM                                     ,FABB                
0077-0010163400023  ,COMO ARM ALUMINUM CHAIR                                     ,      4178.57,07/26/2019,FUR. & FIXT.        ,CHAIR                                             ,         5,CHARCOAL & CHOP FOODLINE INC. ,AC-PRAWN FARM                                     ,FABB                
0077-0010163400024  ,COMO ARM ALUMINUM CHAIR                                     ,      4178.57,07/26/2019,FUR. & FIXT.        ,CHAIR                                             ,         5,CHARCOAL & CHOP FOODLINE INC. ,AC-PRAWN FARM                                     ,FABB                
0077-0010163400025  ,COMO ARM ALUMINUM CHAIR                                     ,      4178.57,07/26/2019,FUR. & FIXT.        ,CHAIR                                             ,         5,CHARCOAL & CHOP FOODLINE INC. ,AC-PRAWN FARM                                     ,FABB                
0077-0010163400026  ,COMO ARM ALUMINUM CHAIR                                     ,      4178.57,07/26/2019,FUR. & FIXT.        ,CHAIR                                             ,         5,CHARCOAL & CHOP FOODLINE INC. ,AC-PRAWN FARM                                     ,FABB                
0077-0010163400027  ,COMO ARM ALUMINUM CHAIR                                     ,      4178.57,07/26/2019,FUR. & FIXT.        ,CHAIR                                             ,         5,CHARCOAL & CHOP FOODLINE INC. ,AC-PRAWN FARM                                     ,FABB                
0077-0010163400028  ,COMO ARM ALUMINUM CHAIR                                     ,      4178.57,07/26/2019,FUR. & FIXT.        ,CHAIR                                             ,         5,CHARCOAL & CHOP FOODLINE INC. ,AC-PRAWN FARM                                     ,FABB                
0077-0010163400029  ,COMO ARM ALUMINUM CHAIR                                     ,      4178.57,07/26/2019,FUR. & FIXT.        ,CHAIR                                             ,         5,CHARCOAL & CHOP FOODLINE INC. ,AC-PRAWN FARM                                     ,FABB                
0077-0010163400030  ,COMO ARM ALUMINUM CHAIR                                     ,      4178.57,07/26/2019,FUR. & FIXT.        ,CHAIR                                             ,         5,CHARCOAL & CHOP FOODLINE INC. ,AC-PRAWN FARM                                     ,FABB                
0077-0010163400031  ,COMO ARM ALUMINUM CHAIR                                     ,      4178.57,07/26/2019,FUR. & FIXT.        ,CHAIR                                             ,         5,CHARCOAL & CHOP FOODLINE INC. ,AC-PRAWN FARM                                     ,FABB                
0077-0010163400032  ,COMO ARM ALUMINUM CHAIR                                     ,      4178.57,07/26/2019,FUR. & FIXT.        ,CHAIR                                             ,         5,CHARCOAL & CHOP FOODLINE INC. ,AC-PRAWN FARM                                     ,FABB                
0077-0010163400033  ,COMO ARM ALUMINUM CHAIR                                     ,      4178.57,07/26/2019,FUR. & FIXT.        ,CHAIR                                             ,         5,CHARCOAL & CHOP FOODLINE INC. ,AC-PRAWN FARM                                     ,FABB                
0077-0010163400034  ,COMO ARM ALUMINUM CHAIR                                     ,      4178.57,07/26/2019,FUR. & FIXT.        ,CHAIR                                             ,         5,CHARCOAL & CHOP FOODLINE INC. ,AC-PRAWN FARM                                     ,FABB                
0077-0010163400035  ,COMO ARM ALUMINUM CHAIR                                     ,      4178.57,07/26/2019,FUR. & FIXT.        ,CHAIR                                             ,         5,CHARCOAL & CHOP FOODLINE INC. ,AC-PRAWN FARM                                     ,FABB                
0077-0010163400036  ,COMO ARM ALUMINUM CHAIR                                     ,      4178.57,07/26/2019,FUR. & FIXT.        ,CHAIR                                             ,         5,CHARCOAL & CHOP FOODLINE INC. ,AC-PRAWN FARM                                     ,FABB                
0077-0010163400037  ,COMO ARM ALUMINUM CHAIR                                     ,      4178.57,07/26/2019,FUR. & FIXT.        ,CHAIR                                             ,         5,CHARCOAL & CHOP FOODLINE INC. ,AC-PRAWN FARM                                     ,FABB                
0077-0010163400038  ,COMO ARM ALUMINUM CHAIR                                     ,      4178.57,07/26/2019,FUR. & FIXT.        ,CHAIR                                             ,         5,CHARCOAL & CHOP FOODLINE INC. ,AC-PRAWN FARM                                     ,FABB                
0077-0010163400039  ,COMO ARM ALUMINUM CHAIR                                     ,      4178.57,07/26/2019,FUR. & FIXT.        ,CHAIR                                             ,         5,CHARCOAL & CHOP FOODLINE INC. ,AC-PRAWN FARM                                     ,FABB                
0077-0010163400040  ,COMO ARM ALUMINUM CHAIR                                     ,      4178.57,07/26/2019,FUR. & FIXT.        ,CHAIR                                             ,         5,CHARCOAL & CHOP FOODLINE INC. ,AC-PRAWN FARM                                     ,FABB                
0077-0010163400041  ,COMO ARM ALUMINUM CHAIR                                     ,      4178.57,07/26/2019,FUR. & FIXT.        ,CHAIR                                             ,         5,CHARCOAL & CHOP FOODLINE INC. ,AC-PRAWN FARM                                     ,FABB                
0077-0010163400042  ,COMO ARM ALUMINUM CHAIR                                     ,      4178.57,07/26/2019,FUR. & FIXT.        ,CHAIR                                             ,         5,CHARCOAL & CHOP FOODLINE INC. ,AC-PRAWN FARM                                     ,FABB                
0077-0010163400043  ,COMO ARM ALUMINUM CHAIR                                     ,      4178.57,07/26/2019,FUR. & FIXT.        ,CHAIR                                             ,         5,CHARCOAL & CHOP FOODLINE INC. ,AC-PRAWN FARM                                     ,FABB                
0077-0010163400044  ,COMO ARM ALUMINUM CHAIR                                     ,      4178.57,07/26/2019,FUR. & FIXT.        ,CHAIR                                             ,         5,CHARCOAL & CHOP FOODLINE INC. ,AC-PRAWN FARM                                     ,FABB                
0077-0010163400045  ,COMO ARM ALUMINUM CHAIR                                     ,      4178.57,07/26/2019,FUR. & FIXT.        ,CHAIR                                             ,         5,CHARCOAL & CHOP FOODLINE INC. ,AC-PRAWN FARM                                     ,FABB                
0077-0010163400046  ,COMO ARM ALUMINUM CHAIR                                     ,      4178.57,07/26/2019,FUR. & FIXT.        ,CHAIR                                             ,         5,CHARCOAL & CHOP FOODLINE INC. ,AC-PRAWN FARM                                     ,FABB                
0077-0010163400047  ,COMO ARM ALUMINUM CHAIR                                     ,      4178.57,07/26/2019,FUR. & FIXT.        ,CHAIR                                             ,         5,CHARCOAL & CHOP FOODLINE INC. ,AC-PRAWN FARM                                     ,FABB                
0077-0010163400048  ,COMO ARM ALUMINUM CHAIR                                     ,      4178.57,07/26/2019,FUR. & FIXT.        ,CHAIR                                             ,         5,CHARCOAL & CHOP FOODLINE INC. ,AC-PRAWN FARM                                     ,FABB                
0077-0010163400049  ,COMO ARM ALUMINUM CHAIR                                     ,      4178.57,07/26/2019,FUR. & FIXT.        ,CHAIR                                             ,         5,CHARCOAL & CHOP FOODLINE INC. ,AC-PRAWN FARM                                     ,FABB                
0077-0010163400050  ,COMO ARM ALUMINUM CHAIR                                     ,      4178.57,07/26/2019,FUR. & FIXT.        ,CHAIR                                             ,         5,CHARCOAL & CHOP FOODLINE INC. ,AC-PRAWN FARM                                     ,FABB                
0077-0010163400051  ,COMO ARM ALUMINUM CHAIR                                     ,      4178.57,07/26/2019,FUR. & FIXT.        ,CHAIR                                             ,         5,CHARCOAL & CHOP FOODLINE INC. ,AC-PRAWN FARM                                     ,FABB                
0077-0010163400052  ,COMO ARM ALUMINUM CHAIR                                     ,      4178.57,07/26/2019,FUR. & FIXT.        ,CHAIR                                             ,         5,CHARCOAL & CHOP FOODLINE INC. ,AC-PRAWN FARM                                     ,FABB                
0077-0010163400053  ,COMO ARM ALUMINUM CHAIR                                     ,      4178.57,07/26/2019,FUR. & FIXT.        ,CHAIR                                             ,         5,CHARCOAL & CHOP FOODLINE INC. ,AC-PRAWN FARM                                     ,FABB                
0077-0010163400054  ,COMO ARM ALUMINUM CHAIR                                     ,      4178.57,07/26/2019,FUR. & FIXT.        ,CHAIR                                             ,         5,CHARCOAL & CHOP FOODLINE INC. ,AC-PRAWN FARM                                     ,FABB                
0077-0010163400055  ,COMO ARM ALUMINUM CHAIR                                     ,      4178.57,07/26/2019,FUR. & FIXT.        ,CHAIR                                             ,         5,CHARCOAL & CHOP FOODLINE INC. ,AC-PRAWN FARM                                     ,FABB                
0077-0010163400056  ,COMO ARM ALUMINUM CHAIR                                     ,      4178.57,07/26/2019,FUR. & FIXT.        ,CHAIR                                             ,         5,CHARCOAL & CHOP FOODLINE INC. ,AC-PRAWN FARM                                     ,FABB                
0077-0010163400057  ,COMO ARM ALUMINUM CHAIR                                     ,      4178.57,07/26/2019,FUR. & FIXT.        ,CHAIR                                             ,         5,CHARCOAL & CHOP FOODLINE INC. ,AC-PRAWN FARM                                     ,FABB                
0077-0010163400058  ,COMO ARM ALUMINUM CHAIR                                     ,      4178.57,07/26/2019,FUR. & FIXT.        ,CHAIR                                             ,         5,CHARCOAL & CHOP FOODLINE INC. ,AC-PRAWN FARM                                     ,FABB                
0077-0010163400059  ,COMO ARM ALUMINUM CHAIR                                     ,      4178.57,07/26/2019,FUR. & FIXT.        ,CHAIR                                             ,         5,CHARCOAL & CHOP FOODLINE INC. ,AC-PRAWN FARM                                     ,FABB                
0077-0010163400060  ,COMO ARM ALUMINUM CHAIR                                     ,      4178.57,07/26/2019,FUR. & FIXT.        ,CHAIR                                             ,         5,CHARCOAL & CHOP FOODLINE INC. ,AC-PRAWN FARM                                     ,FABB                
0077-0010163400061  ,COMO ARM ALUMINUM CHAIR                                     ,      4178.57,07/26/2019,FUR. & FIXT.        ,CHAIR                                             ,         5,CHARCOAL & CHOP FOODLINE INC. ,AC-PRAWN FARM                                     ,FABB                
0077-0010163400062  ,COMO ARM ALUMINUM CHAIR                                     ,      4178.57,07/26/2019,FUR. & FIXT.        ,CHAIR                                             ,         5,CHARCOAL & CHOP FOODLINE INC. ,AC-PRAWN FARM                                     ,FABB                
0077-0010163400063  ,COMO ARM ALUMINUM CHAIR                                     ,      4178.57,07/26/2019,FUR. & FIXT.        ,CHAIR                                             ,         5,CHARCOAL & CHOP FOODLINE INC. ,AC-PRAWN FARM                                     ,FABB                
0077-0010163400064  ,COMO ARM ALUMINUM CHAIR                                     ,      4178.57,07/26/2019,FUR. & FIXT.        ,CHAIR                                             ,         5,CHARCOAL & CHOP FOODLINE INC. ,AC-PRAWN FARM                                     ,FABB                
0077-0010163400065  ,COMO ARM ALUMINUM CHAIR                                     ,      4178.57,07/26/2019,FUR. & FIXT.        ,CHAIR                                             ,         5,CHARCOAL & CHOP FOODLINE INC. ,AC-PRAWN FARM                                     ,FABB                
0077-0010163400066  ,COMO ARM ALUMINUM CHAIR                                     ,      4178.57,07/26/2019,FUR. & FIXT.        ,CHAIR                                             ,         5,CHARCOAL & CHOP FOODLINE INC. ,AC-PRAWN FARM                                     ,FABB                
0077-0010163400067  ,COMO ARM ALUMINUM CHAIR                                     ,      4178.57,07/26/2019,FUR. & FIXT.        ,CHAIR                                             ,         5,CHARCOAL & CHOP FOODLINE INC. ,AC-PRAWN FARM                                     ,FABB                
0077-0010163400068  ,COMO ARM ALUMINUM CHAIR                                     ,      4178.57,07/26/2019,FUR. & FIXT.        ,CHAIR                                             ,         5,CHARCOAL & CHOP FOODLINE INC. ,AC-PRAWN FARM                                     ,FABB                
0077-0010163400069  ,COMO ARM ALUMINUM CHAIR                                     ,      4178.57,07/26/2019,FUR. & FIXT.        ,CHAIR                                             ,         5,CHARCOAL & CHOP FOODLINE INC. ,AC-PRAWN FARM                                     ,FABB                
0077-0010163400070  ,COMO ARM ALUMINUM CHAIR                                     ,      4178.57,07/26/2019,FUR. & FIXT.        ,CHAIR                                             ,         5,CHARCOAL & CHOP FOODLINE INC. ,AC-PRAWN FARM                                     ,FABB                
0077-0010163400071  ,COMO ARM ALUMINUM CHAIR                                     ,      4178.57,07/26/2019,FUR. & FIXT.        ,CHAIR                                             ,         5,CHARCOAL & CHOP FOODLINE INC. ,AC-PRAWN FARM                                     ,FABB                
0077-0010163400072  ,COMO ARM ALUMINUM CHAIR                                     ,      4178.57,07/26/2019,FUR. & FIXT.        ,CHAIR                                             ,         5,CHARCOAL & CHOP FOODLINE INC. ,AC-PRAWN FARM                                     ,FABB                
0077-0010163400073  ,COMO ARM ALUMINUM CHAIR                                     ,      4178.57,07/26/2019,FUR. & FIXT.        ,CHAIR                                             ,         5,CHARCOAL & CHOP FOODLINE INC. ,AC-PRAWN FARM                                     ,FABB                
0077-0010163400074  ,COMO ARM ALUMINUM CHAIR                                     ,      4178.57,07/26/2019,FUR. & FIXT.        ,CHAIR                                             ,         5,CHARCOAL & CHOP FOODLINE INC. ,AC-PRAWN FARM                                     ,FABB                
0077-0010163400075  ,COMO ARM ALUMINUM CHAIR                                     ,      4178.57,07/26/2019,FUR. & FIXT.        ,CHAIR                                             ,         5,CHARCOAL & CHOP FOODLINE INC. ,AC-PRAWN FARM                                     ,FABB                
0077-0010163400076  ,COMO ARM ALUMINUM CHAIR                                     ,      4178.57,07/26/2019,FUR. & FIXT.        ,CHAIR                                             ,         5,CHARCOAL & CHOP FOODLINE INC. ,AC-PRAWN FARM                                     ,FABB                
0077-0010163400077  ,COMO ARM ALUMINUM CHAIR                                     ,      4178.57,07/26/2019,FUR. & FIXT.        ,CHAIR                                             ,         5,CHARCOAL & CHOP FOODLINE INC. ,AC-PRAWN FARM                                     ,FABB                
0077-0010163400078  ,COMO ARM ALUMINUM CHAIR                                     ,      4178.57,07/26/2019,FUR. & FIXT.        ,CHAIR                                             ,         5,CHARCOAL & CHOP FOODLINE INC. ,AC-PRAWN FARM                                     ,FABB                
0077-0010163400079  ,COMO ARM ALUMINUM CHAIR                                     ,      4178.57,07/26/2019,FUR. & FIXT.        ,CHAIR                                             ,         5,CHARCOAL & CHOP FOODLINE INC. ,AC-PRAWN FARM                                     ,FABB                
0077-0010163400080  ,COMO ARM ALUMINUM CHAIR                                     ,      4178.57,07/26/2019,FUR. & FIXT.        ,CHAIR                                             ,         5,CHARCOAL & CHOP FOODLINE INC. ,AC-PRAWN FARM                                     ,FABB                
0077-0010163900001  ,DINING TABLE 120X70 (SMOOTH)                                ,      2531.25,07/26/2019,FUR. & FIXT.        ,TABLE                                             ,         5,CHARCOAL & CHOP FOODLINE INC. ,AC-PRAWN FARM                                     ,FABB                
0077-0010163900002  ,DINING TABLE 120X70 (SMOOTH)                                ,      2531.25,07/26/2019,FUR. & FIXT.        ,TABLE                                             ,         5,CHARCOAL & CHOP FOODLINE INC. ,AC-PRAWN FARM                                     ,FABB                
0077-0010163900003  ,DINING TABLE 120X70 (SMOOTH)                                ,      2531.25,07/26/2019,FUR. & FIXT.        ,TABLE                                             ,         5,CHARCOAL & CHOP FOODLINE INC. ,AC-PRAWN FARM                                     ,FABB                
0077-0010163900004  ,DINING TABLE 120X70 (SMOOTH)                                ,      2531.25,07/26/2019,FUR. & FIXT.        ,TABLE                                             ,         5,CHARCOAL & CHOP FOODLINE INC. ,AC-PRAWN FARM                                     ,FABB                
0077-0010163900005  ,DINING TABLE 120X70 (SMOOTH)                                ,      2531.25,07/26/2019,FUR. & FIXT.        ,TABLE                                             ,         5,CHARCOAL & CHOP FOODLINE INC. ,AC-PRAWN FARM                                     ,FABB                
0077-0010163900006  ,DINING TABLE 120X70 (SMOOTH)                                ,      2531.25,07/26/2019,FUR. & FIXT.        ,TABLE                                             ,         5,CHARCOAL & CHOP FOODLINE INC. ,AC-PRAWN FARM                                     ,FABB                
0077-0010163900007  ,DINING TABLE 120X70 (SMOOTH)                                ,      2531.25,07/26/2019,FUR. & FIXT.        ,TABLE                                             ,         5,CHARCOAL & CHOP FOODLINE INC. ,AC-PRAWN FARM                                     ,FABB                
0077-0010163900008  ,DINING TABLE 120X70 (SMOOTH)                                ,      2531.25,07/26/2019,FUR. & FIXT.        ,TABLE                                             ,         5,CHARCOAL & CHOP FOODLINE INC. ,AC-PRAWN FARM                                     ,FABB                
0077-0010163900009  ,DINING TABLE 120X70 (SMOOTH)                                ,      2531.25,07/26/2019,FUR. & FIXT.        ,TABLE                                             ,         5,CHARCOAL & CHOP FOODLINE INC. ,AC-PRAWN FARM                                     ,FABB                
0077-0010163900010  ,DINING TABLE 120X70 (SMOOTH)                                ,      2531.25,07/26/2019,FUR. & FIXT.        ,TABLE                                             ,         5,CHARCOAL & CHOP FOODLINE INC. ,AC-PRAWN FARM                                     ,FABB                
0077-0010164100001  ,TABLE BASE FOR DINING TABLE 120X70                          ,      1631.25,07/26/2019,FUR. & FIXT.        ,TABLE                                             ,         5,CHARCOAL & CHOP FOODLINE INC. ,AC-PRAWN FARM                                     ,FABB                
0077-0010164100002  ,TABLE BASE FOR DINING TABLE 120X70                          ,      1631.25,07/26/2019,FUR. & FIXT.        ,TABLE                                             ,         5,CHARCOAL & CHOP FOODLINE INC. ,AC-PRAWN FARM                                     ,FABB                
0077-0010164100003  ,TABLE BASE FOR DINING TABLE 120X70                          ,      1631.25,07/26/2019,FUR. & FIXT.        ,TABLE                                             ,         5,CHARCOAL & CHOP FOODLINE INC. ,AC-PRAWN FARM                                     ,FABB                
0077-0010164100004  ,TABLE BASE FOR DINING TABLE 120X70                          ,      1631.25,07/26/2019,FUR. & FIXT.        ,TABLE                                             ,         5,CHARCOAL & CHOP FOODLINE INC. ,AC-PRAWN FARM                                     ,FABB                
0077-0010164100005  ,TABLE BASE FOR DINING TABLE 120X70                          ,      1631.25,07/26/2019,FUR. & FIXT.        ,TABLE                                             ,         5,CHARCOAL & CHOP FOODLINE INC. ,AC-PRAWN FARM                                     ,FABB                
0077-0010164100006  ,TABLE BASE FOR DINING TABLE 120X70                          ,      1631.25,07/26/2019,FUR. & FIXT.        ,TABLE                                             ,         5,CHARCOAL & CHOP FOODLINE INC. ,AC-PRAWN FARM                                     ,FABB                
0077-0010164100007  ,TABLE BASE FOR DINING TABLE 120X70                          ,      1631.25,07/26/2019,FUR. & FIXT.        ,TABLE                                             ,         5,CHARCOAL & CHOP FOODLINE INC. ,AC-PRAWN FARM                                     ,FABB                
0077-0010164100008  ,TABLE BASE FOR DINING TABLE 120X70                          ,      1631.25,07/26/2019,FUR. & FIXT.        ,TABLE                                             ,         5,CHARCOAL & CHOP FOODLINE INC. ,AC-PRAWN FARM                                     ,FABB                
0077-0010164100009  ,TABLE BASE FOR DINING TABLE 120X70                          ,      1631.25,07/26/2019,FUR. & FIXT.        ,TABLE                                             ,         5,CHARCOAL & CHOP FOODLINE INC. ,AC-PRAWN FARM                                     ,FABB                
0077-0010164100010  ,TABLE BASE FOR DINING TABLE 120X70                          ,      1631.25,07/26/2019,FUR. & FIXT.        ,TABLE                                             ,         5,CHARCOAL & CHOP FOODLINE INC. ,AC-PRAWN FARM                                     ,FABB                
0077-0010164100011  ,TABLE BASE FOR DINING TABLE 120X70                          ,      1631.25,07/26/2019,FUR. & FIXT.        ,TABLE                                             ,         5,CHARCOAL & CHOP FOODLINE INC. ,AC-PRAWN FARM                                     ,FABB                
0077-0010164100012  ,TABLE BASE FOR DINING TABLE 120X70                          ,      1631.25,07/26/2019,FUR. & FIXT.        ,TABLE                                             ,         5,CHARCOAL & CHOP FOODLINE INC. ,AC-PRAWN FARM                                     ,FABB                
0077-0010164100013  ,TABLE BASE FOR DINING TABLE 120X70                          ,      1631.25,07/26/2019,FUR. & FIXT.        ,TABLE                                             ,         5,CHARCOAL & CHOP FOODLINE INC. ,AC-PRAWN FARM                                     ,FABB                
0077-0010164100014  ,TABLE BASE FOR DINING TABLE 120X70                          ,      1631.25,07/26/2019,FUR. & FIXT.        ,TABLE                                             ,         5,CHARCOAL & CHOP FOODLINE INC. ,AC-PRAWN FARM                                     ,FABB                
0077-0010164100015  ,TABLE BASE FOR DINING TABLE 120X70                          ,      1631.25,07/26/2019,FUR. & FIXT.        ,TABLE                                             ,         5,CHARCOAL & CHOP FOODLINE INC. ,AC-PRAWN FARM                                     ,FABB                
0077-0010164100016  ,TABLE BASE FOR DINING TABLE 120X70                          ,      1631.25,07/26/2019,FUR. & FIXT.        ,TABLE                                             ,         5,CHARCOAL & CHOP FOODLINE INC. ,AC-PRAWN FARM                                     ,FABB                
0077-0010164100017  ,TABLE BASE FOR DINING TABLE 120X70                          ,      1631.25,07/26/2019,FUR. & FIXT.        ,TABLE                                             ,         5,CHARCOAL & CHOP FOODLINE INC. ,AC-PRAWN FARM                                     ,FABB                
0077-0010164100018  ,TABLE BASE FOR DINING TABLE 120X70                          ,      1631.25,07/26/2019,FUR. & FIXT.        ,TABLE                                             ,         5,CHARCOAL & CHOP FOODLINE INC. ,AC-PRAWN FARM                                     ,FABB                
0077-0010164100019  ,TABLE BASE FOR DINING TABLE 120X70                          ,      1631.25,07/26/2019,FUR. & FIXT.        ,TABLE                                             ,         5,CHARCOAL & CHOP FOODLINE INC. ,AC-PRAWN FARM                                     ,FABB                
0077-0010164100020  ,TABLE BASE FOR DINING TABLE 120X70                          ,      1631.25,07/26/2019,FUR. & FIXT.        ,TABLE                                             ,         5,CHARCOAL & CHOP FOODLINE INC. ,AC-PRAWN FARM                                     ,FABB                
0077-0010164100021  ,TABLE BASE FOR DINING TABLE 120X70                          ,      1631.25,07/26/2019,FUR. & FIXT.        ,TABLE                                             ,         5,CHARCOAL & CHOP FOODLINE INC. ,AC-PRAWN FARM                                     ,FABB                
0077-0010164100022  ,TABLE BASE FOR DINING TABLE 120X70                          ,      1631.25,07/26/2019,FUR. & FIXT.        ,TABLE                                             ,         5,CHARCOAL & CHOP FOODLINE INC. ,AC-PRAWN FARM                                     ,FABB                
0077-0010164100023  ,TABLE BASE FOR DINING TABLE 120X70                          ,      1631.25,07/26/2019,FUR. & FIXT.        ,TABLE                                             ,         5,CHARCOAL & CHOP FOODLINE INC. ,AC-PRAWN FARM                                     ,FABB                
0077-0010164100024  ,TABLE BASE FOR DINING TABLE 120X70                          ,      1631.25,07/26/2019,FUR. & FIXT.        ,TABLE                                             ,         5,CHARCOAL & CHOP FOODLINE INC. ,AC-PRAWN FARM                                     ,FABB                
0077-0010164100025  ,TABLE BASE FOR DINING TABLE 120X70                          ,      1631.25,07/26/2019,FUR. & FIXT.        ,TABLE                                             ,         5,CHARCOAL & CHOP FOODLINE INC. ,AC-PRAWN FARM                                     ,FABB                
0077-0010164100026  ,TABLE BASE FOR DINING TABLE 120X70                          ,      1631.25,07/26/2019,FUR. & FIXT.        ,TABLE                                             ,         5,CHARCOAL & CHOP FOODLINE INC. ,AC-PRAWN FARM                                     ,FABB                
0077-0010164100027  ,TABLE BASE FOR DINING TABLE 120X70                          ,      1631.25,07/26/2019,FUR. & FIXT.        ,TABLE                                             ,         5,CHARCOAL & CHOP FOODLINE INC. ,AC-PRAWN FARM                                     ,FABB                
0077-0010164100028  ,TABLE BASE FOR DINING TABLE 120X70                          ,      1631.25,07/26/2019,FUR. & FIXT.        ,TABLE                                             ,         5,CHARCOAL & CHOP FOODLINE INC. ,AC-PRAWN FARM                                     ,FABB                
0077-0010164100029  ,TABLE BASE FOR DINING TABLE 120X70                          ,      1631.25,07/26/2019,FUR. & FIXT.        ,TABLE                                             ,         5,CHARCOAL & CHOP FOODLINE INC. ,AC-PRAWN FARM                                     ,FABB                
0077-0010164100030  ,TABLE BASE FOR DINING TABLE 120X70                          ,      1631.25,07/26/2019,FUR. & FIXT.        ,TABLE                                             ,         5,CHARCOAL & CHOP FOODLINE INC. ,AC-PRAWN FARM                                     ,FABB                
0077-0010164100031  ,TABLE BASE FOR DINING TABLE 120X70                          ,      1631.25,07/26/2019,FUR. & FIXT.        ,TABLE                                             ,         5,CHARCOAL & CHOP FOODLINE INC. ,AC-PRAWN FARM                                     ,FABB                
0077-0010164100032  ,TABLE BASE FOR DINING TABLE 120X70                          ,      1631.25,07/26/2019,FUR. & FIXT.        ,TABLE                                             ,         5,CHARCOAL & CHOP FOODLINE INC. ,AC-PRAWN FARM                                     ,FABB                
0077-0010164100033  ,TABLE BASE FOR DINING TABLE 120X70                          ,      1631.25,07/26/2019,FUR. & FIXT.        ,TABLE                                             ,         5,CHARCOAL & CHOP FOODLINE INC. ,AC-PRAWN FARM                                     ,FABB                
0077-0010164100034  ,TABLE BASE FOR DINING TABLE 120X70                          ,      1631.25,07/26/2019,FUR. & FIXT.        ,TABLE                                             ,         5,CHARCOAL & CHOP FOODLINE INC. ,AC-PRAWN FARM                                     ,FABB                
0077-0010164100035  ,TABLE BASE FOR DINING TABLE 120X70                          ,      1631.25,07/26/2019,FUR. & FIXT.        ,TABLE                                             ,         5,CHARCOAL & CHOP FOODLINE INC. ,AC-PRAWN FARM                                     ,FABB                
0077-0010164100036  ,TABLE BASE FOR DINING TABLE 120X70                          ,      1631.25,07/26/2019,FUR. & FIXT.        ,TABLE                                             ,         5,CHARCOAL & CHOP FOODLINE INC. ,AC-PRAWN FARM                                     ,FABB                
0077-0010164100037  ,TABLE BASE FOR DINING TABLE 120X70                          ,      1631.25,07/26/2019,FUR. & FIXT.        ,TABLE                                             ,         5,CHARCOAL & CHOP FOODLINE INC. ,AC-PRAWN FARM                                     ,FABB                
0077-0010164100038  ,TABLE BASE FOR DINING TABLE 120X70                          ,      1631.25,07/26/2019,FUR. & FIXT.        ,TABLE                                             ,         5,CHARCOAL & CHOP FOODLINE INC. ,AC-PRAWN FARM                                     ,FABB                
0077-0010164100039  ,TABLE BASE FOR DINING TABLE 120X70                          ,      1631.25,07/26/2019,FUR. & FIXT.        ,TABLE                                             ,         5,CHARCOAL & CHOP FOODLINE INC. ,AC-PRAWN FARM                                     ,FABB                
0077-0010164100040  ,TABLE BASE FOR DINING TABLE 120X70                          ,      1631.25,07/26/2019,FUR. & FIXT.        ,TABLE                                             ,         5,CHARCOAL & CHOP FOODLINE INC. ,AC-PRAWN FARM                                     ,FABB                
0077-0010164100041  ,TABLE BASE FOR DINING TABLE 120X70                          ,      1631.25,07/26/2019,FUR. & FIXT.        ,TABLE                                             ,         5,CHARCOAL & CHOP FOODLINE INC. ,AC-PRAWN FARM                                     ,FABB                
0077-0010164100042  ,TABLE BASE FOR DINING TABLE 120X70                          ,      1631.25,07/26/2019,FUR. & FIXT.        ,TABLE                                             ,         5,CHARCOAL & CHOP FOODLINE INC. ,AC-PRAWN FARM                                     ,FABB                
0077-0010164100043  ,TABLE BASE FOR DINING TABLE 120X70                          ,      1631.25,07/26/2019,FUR. & FIXT.        ,TABLE                                             ,         5,CHARCOAL & CHOP FOODLINE INC. ,AC-PRAWN FARM                                     ,FABB                
0077-0010164100044  ,TABLE BASE FOR DINING TABLE 120X70                          ,      1631.25,07/26/2019,FUR. & FIXT.        ,TABLE                                             ,         5,CHARCOAL & CHOP FOODLINE INC. ,AC-PRAWN FARM                                     ,FABB                
0077-0010164700001  ,DINING TABLE 120X70 (SMOOTH)                                ,      2531.25,07/26/2019,FUR. & FIXT.        ,TABLE                                             ,         5,CHARCOAL & CHOP FOODLINE INC. ,AC-PRAWN FARM                                     ,FABB                
0077-0010164700002  ,DINING TABLE 120X70 (SMOOTH)                                ,      2531.25,07/26/2019,FUR. & FIXT.        ,TABLE                                             ,         5,CHARCOAL & CHOP FOODLINE INC. ,AC-PRAWN FARM                                     ,FABB                
0077-0010164700003  ,DINING TABLE 120X70 (SMOOTH)                                ,      2531.25,07/26/2019,FUR. & FIXT.        ,TABLE                                             ,         5,CHARCOAL & CHOP FOODLINE INC. ,AC-PRAWN FARM                                     ,FABB                
0077-0010164700004  ,DINING TABLE 120X70 (SMOOTH)                                ,      2531.25,07/26/2019,FUR. & FIXT.        ,TABLE                                             ,         5,CHARCOAL & CHOP FOODLINE INC. ,AC-PRAWN FARM                                     ,FABB                
0077-0010164700005  ,DINING TABLE 120X70 (SMOOTH)                                ,      2531.25,07/26/2019,FUR. & FIXT.        ,TABLE                                             ,         5,CHARCOAL & CHOP FOODLINE INC. ,AC-PRAWN FARM                                     ,FABB                
0077-0010164700006  ,DINING TABLE 120X70 (SMOOTH)                                ,      2531.25,07/26/2019,FUR. & FIXT.        ,TABLE                                             ,         5,CHARCOAL & CHOP FOODLINE INC. ,AC-PRAWN FARM                                     ,FABB                
0077-0010164700007  ,DINING TABLE 120X70 (SMOOTH)                                ,      2531.25,07/26/2019,FUR. & FIXT.        ,TABLE                                             ,         5,CHARCOAL & CHOP FOODLINE INC. ,AC-PRAWN FARM                                     ,FABB                
0077-0010164700008  ,DINING TABLE 120X70 (SMOOTH)                                ,      2531.25,07/26/2019,FUR. & FIXT.        ,TABLE                                             ,         5,CHARCOAL & CHOP FOODLINE INC. ,AC-PRAWN FARM                                     ,FABB                
0077-0010164700009  ,DINING TABLE 120X70 (SMOOTH)                                ,      2531.25,07/26/2019,FUR. & FIXT.        ,TABLE                                             ,         5,CHARCOAL & CHOP FOODLINE INC. ,AC-PRAWN FARM                                     ,FABB                
0077-0010164700010  ,DINING TABLE 120X70 (SMOOTH)                                ,      2531.25,07/26/2019,FUR. & FIXT.        ,TABLE                                             ,         5,CHARCOAL & CHOP FOODLINE INC. ,AC-PRAWN FARM                                     ,FABB                
0077-0010164700011  ,DINING TABLE 120X70 (SMOOTH)                                ,      2531.25,07/26/2019,FUR. & FIXT.        ,TABLE                                             ,         5,CHARCOAL & CHOP FOODLINE INC. ,AC-PRAWN FARM                                     ,FABB                
0077-0010164700012  ,DINING TABLE 120X70 (SMOOTH)                                ,      2531.25,07/26/2019,FUR. & FIXT.        ,TABLE                                             ,         5,CHARCOAL & CHOP FOODLINE INC. ,AC-PRAWN FARM                                     ,FABB                
0071-0009991700001  ,MITS. FUSO CANTER FE71 CS#:B5F299 PL#:GAM-9118              ,   1512000.00,07/09/2019,TRNS. EQPT.         ,VEHICLE                                           ,        10,PRAWN FARM                    ,PRAWN FARM-ICM                                    ,FABB                
0071-0008892200002  ,EPSON TM-T82X THERMAL RECEIPT PRINTER                       ,      9107.14,07/20/2024,MACH. & EQPT.       ,PRINTER                                           ,         3,PRAWN FARM                    ,PRAWN FARM-ICM                                    ,FAACQ               
0071-0009905900001  ,SUBMERSIBLE ELECTRIC WATER PUMP                             ,     13035.71,09/03/2024,MACH. & EQPT.       ,PUMP                                              ,         5,PRAWN FARM                    ,PRAWN FARM-SOUTH FARM                             ,FAACQ               
0071-0004703300001  ,PRESSURE WASHER LOTUS                                       ,      4282.14,09/06/2024,STR. EQPT.          ,PRESSURE WASHER                                   ,         2,PRAWN FARM                    ,PRAWN FARM-ICM                                    ,FAACQ               
0077-0004703300002  ,PRESSURE WASHER LOTUS                                       ,      4282.14,09/09/2024,STR. EQPT.          ,PRESSURE WASHER                                   ,         2,CHARCOAL & CHOP FOODLINE INC. ,AC-PRAWN FARM                                     ,FAACQ               
0071-0010477200001  ,APRAIT MINI LAMINATOR                                       ,      2053.00,09/24/2024,STR. EQPT.          ,LAMINATING MACHINE                                ,         3,PRAWN FARM                    ,PRAWN FARM-ICM                                    ,FAACQ               
0071-0009148900001  ,APSOFT CASH DRAWER RJ11 CABLE                               ,      3571.43,10/17/2024,STR. EQPT.          ,CASH DRAWER                                       ,         3,PRAWN FARM                    ,PRAWN FARM-ICM                                    ,FAACQ               
0071-0010587400001  ,NEWSTAR NDVS 3000 W                                         ,     13561.61,10/22/2024,OFF. EQPT.          ,AVR                                               ,         3,PRAWN FARM                    ,PRAWN FARM-SOUTH FARM                             ,FAACQ               
0077-0010562700001  ,FUJIDENZO USHOWCASE ISUP-85H                                ,     21339.29,10/28/2024,OFF. EQPT.          ,REFRIGERATOR                                      ,         3,CHARCOAL & CHOP FOODLINE INC. ,AC-PRAWN FARM                                     ,FAACQ               
0071-0008489500003  ,TP-LINK TAPO C310 OUTDOOR CAMERA                            ,      2000.00,04/18/2023,OFF. EQPT.          ,CALIBRATOR                                        ,         5,PRAWN FARM                    ,PRAWN FARM-SOUTH FARM                             ,FAACQ               
0071-0008489500004  ,TP-LINK TAPO C310 OUTDOOR CAMERA                            ,      2000.00,04/18/2023,OFF. EQPT.          ,CALIBRATOR                                        ,         5,PRAWN FARM                    ,PRAWN FARM-SOUTH FARM                             ,FAACQ               
0071-0008489500005  ,TP-LINK TAPO C310 OUTDOOR CAMERA                            ,      2000.00,04/18/2023,OFF. EQPT.          ,CALIBRATOR                                        ,         5,PRAWN FARM                    ,PRAWN FARM-SOUTH FARM                             ,FAACQ               
0071-0008489500006  ,TP-LINK TAPO C310 OUTDOOR CAMERA                            ,      2000.00,04/18/2023,OFF. EQPT.          ,CALIBRATOR                                        ,         5,PRAWN FARM                    ,PRAWN FARM-SOUTH FARM                             ,FAACQ               
0071-0008489500007  ,TP-LINK TAPO C310 OUTDOOR CAMERA                            ,      2000.00,04/18/2023,OFF. EQPT.          ,CALIBRATOR                                        ,         5,PRAWN FARM                    ,PRAWN FARM-SOUTH FARM                             ,FAACQ               
0071-0006610000001  ,BOILER HEATER 30002768                                      ,     11118.63,08/02/2021,STR. EQPT.          ,HEATER                                            ,         5,PRAWN FARM                    ,PRAWN FARM-ICM                                    ,FAACQ               
0071-0004665400002  ,A.O SMITH RESIDENTIAL ELECTRIC WATER HEATER                 ,     34821.43,11/12/2024,STR. EQPT.          ,HEATER                                            ,         5,PRAWN FARM                    ,PRAWN FARM-ICM                                    ,FAACQ               
0077-0000496300001  ,RICE COOKER ASAHI RC-500-50 CUPS                            ,      1891.07,12/03/2024,STR. EQPT.          ,RICE COOKER                                       ,         3,CHARCOAL & CHOP FOODLINE INC. ,ICM-MEALTIME EXPRESS                              ,FAACQ               
0071-0010848500001  ,CELLPHONE REALME NOTE 60 4+64G                              ,      5356.25,12/17/2024,OFF. EQPT.          ,CELLPHONE                                         ,         3,PRAWN FARM                    ,PRAWN FARM-ICM                                    ,FAACQ               
0077-0010830300001  ,CUP RACKS CART                                              ,      5565.62,01/10/2025,STR. EQPT.          ,CART                                              ,         3,CHARCOAL & CHOP FOODLINE INC. ,AC-PRAWN FARM                                     ,FAACQ               
0077-0010830400001  ,STAINLESS STEEL TRAY STAND W/4PC BELT SUPPORT               ,      2256.70,01/10/2025,STR. EQPT.          ,TRAY                                              ,         3,CHARCOAL & CHOP FOODLINE INC. ,AC-PRAWN FARM                                     ,FAACQ               
0077-0010830400002  ,STAINLESS STEEL TRAY STAND W/4PC BELT SUPPORT               ,      2256.70,01/10/2025,STR. EQPT.          ,TRAY                                              ,         3,CHARCOAL & CHOP FOODLINE INC. ,AC-PRAWN FARM                                     ,FAACQ               
0077-0010830400003  ,STAINLESS STEEL TRAY STAND W/4PC BELT SUPPORT               ,      2256.70,01/10/2025,STR. EQPT.          ,TRAY                                              ,         3,CHARCOAL & CHOP FOODLINE INC. ,AC-PRAWN FARM                                     ,FAACQ               
0077-0010830400004  ,STAINLESS STEEL TRAY STAND W/4PC BELT SUPPORT               ,      2256.70,01/10/2025,STR. EQPT.          ,TRAY                                              ,         3,CHARCOAL & CHOP FOODLINE INC. ,AC-PRAWN FARM                                     ,FAACQ               
0077-0010830400005  ,STAINLESS STEEL TRAY STAND W/4PC BELT SUPPORT               ,      2256.70,01/10/2025,STR. EQPT.          ,TRAY                                              ,         3,CHARCOAL & CHOP FOODLINE INC. ,AC-PRAWN FARM                                     ,FAACQ               
0071-0008955800001  ,33L GRANDMAID SIDE PRESS COMBO (MAP SQUEEZER)               ,      3392.86,01/13/2025,STR. EQPT.          ,MOP SQUEEZER                                      ,         2,PRAWN FARM                    ,PRAWN FARM-ICM                                    ,FAACQ               
0071-0008955800002  ,33L GRANDMAID SIDE PRESS COMBO (MAP SQUEEZER)               ,      3392.86,01/13/2025,STR. EQPT.          ,MOP SQUEEZER                                      ,         2,PRAWN FARM                    ,PRAWN FARM-ICM                                    ,FAACQ               
0071-0011250600001  ,KYK ELECTRIC IMPACT DRILL                                   ,      6874.11,01/03/2025,TOOLS               ,DRILL                                             ,         5,PRAWN FARM                    ,PRAWN FARM-ICM                                    ,FAACQ               
0071-0000881000001  ,EURO STAR WATER PUMP                                        ,      6428.35,01/27/2025,MACH. & EQPT.       ,PUMP                                              ,         4,PRAWN FARM                    ,PRAWN FARM-ICM                                    ,FAACQ               
0071-0008843100001  ,LOTUS BLOWER 600W                                           ,      1782.14,01/21/2025,MACH. & EQPT.       ,BLOWER                                            ,         3,PRAWN FARM                    ,PRAWN FARM-ICM                                    ,FAACQ               
0077-0010132800001  ,SECURE 650VA UPS (450W)WITH AVR                             ,      1517.86,02/21/2025,OFF. EQPT.          ,AVR                                               ,         3,CHARCOAL & CHOP FOODLINE INC. ,ICM-MEALTIME EXPRESS                              ,FAACQ               
0071-0010562700002  ,USHOWCASE FUJIDENZO ISUP-85H                                ,     20781.25,03/11/2025,OFF. EQPT.          ,REFRIGERATOR                                      ,         3,PRAWN FARM                    ,PRAWN FARM-ICM                                    ,FAACQ               
0071-0011579600001  ,EMBRACO COMPRESSOR MODEL: NT 2180 GK 220 VOLTS              ,     16517.86,04/03/2025,MACH. & EQPT.       ,COMPRESSOR                                        ,         3,PRAWN FARM                    ,PRAWN FARM-SOUTH FARM                             ,FAACQ               
0071-0007472200004  ,EMBRACO COMPRESSOR NUE 2155 GK                              ,     13392.86,04/07/2025,MACH. & EQPT.       ,COMPRESSOR                                        ,         3,PRAWN FARM                    ,PRAWN FARM-ICM                                    ,FAACQ               
0071-0009183900001  ,CLAMP TESTER                                                ,      3389.75,12/27/2024,TOOLS               ,TEST KIT                                          ,         5,PRAWN FARM                    ,PRAWN FARM-ICM                                    ,FAACQ               
0071-0010834200001  ,RANSOME BURNER 3/4'' W/ AIR MIXER                           ,      2200.00,05/13/2025,STR. EQPT.          ,BURNER                                            ,         5,PRAWN FARM                    ,PRAWN FARM-SOUTH FARM                             ,FAACQ               
0071-0010834200002  ,RANSOME BURNER 3/4'' W/ AIR MIXER                           ,      2200.00,05/13/2025,STR. EQPT.          ,BURNER                                            ,         5,PRAWN FARM                    ,PRAWN FARM-SOUTH FARM                             ,FAACQ               
0071-0010834200003  ,RANSOME BURNER 3/4'' W/ AIR MIXER                           ,      2200.00,05/13/2025,STR. EQPT.          ,BURNER                                            ,         5,PRAWN FARM                    ,PRAWN FARM-SOUTH FARM                             ,FAACQ               
0071-0010978000001  ,NIKEN DIGITAL WATERPROOF TABLETOP SCALE MODEL               ,     10267.86,05/23/2025,STR. EQPT.          ,SCALE                                             ,         3,PRAWN FARM                    ,PRAWN FARM-ICM                                    ,FAACQ               
0071-0010978000002  ,NIKEN DIGITAL WATERPROOF TABLETOP SCALE MODEL               ,     10267.86,05/23/2025,STR. EQPT.          ,SCALE                                             ,         3,PRAWN FARM                    ,PRAWN FARM-ICM                                    ,FAACQ               
0077-0011395100001  ,VAREM -80- VERTICAL WATER TANK                              ,     16963.39,05/23/2025,MACH. & EQPT.       ,TANK                                              ,         5,CHARCOAL & CHOP FOODLINE INC. ,AC-PRAWN FARM                                     ,FAACQ               
0077-0010977400001  ,NIKEN DIGITAL WATERPROOF TABLE SCALE MODEL                  ,      9821.43,05/23/2025,STR. EQPT.          ,SCALE                                             ,         3,CHARCOAL & CHOP FOODLINE INC. ,AC-PRAWN FARM                                     ,FAACQ               
0077-0010978000003  ,NIKEN DIGITAL WATERPROOF TABLETOP SCALE MODEL               ,     11250.00,05/23/2025,STR. EQPT.          ,SCALE                                             ,         3,CHARCOAL & CHOP FOODLINE INC. ,AC-PRAWN FARM                                     ,FAACQ               
0071-0011117000001  ,CCTV CENTRALIZED POWER SUPPLY 12V 5AMPS 8PORTS              ,      2232.14,07/03/2025,STR. EQPT.          ,CCTV                                              ,         3,PRAWN FARM                    ,PRAWN FARM-ICM                                    ,FAACQ               
0071-0012125400001  ,16 CHANNEL DVR 720P IU((HIKVISON)                           ,      5258.93,07/18/2025,OFF. EQPT.          ,OTHERS                                            ,         5,PRAWN FARM                    ,PRAWN FARM-ICM                                    ,FAACQ               
0071-0012098900001  ,LOTUS PRESSURE WASHER 1400W                                 ,      4282.14,07/21/2025,STR. EQPT.          ,PRESSURE WASHER                                   ,         2,PRAWN FARM                    ,PRAWN FARM-SOUTH FARM                             ,FAACQ               
0071-0009043200001  ,FUJIDENZO CFZR 1FC 90GDF 9CF                                ,     15089.29,07/31/2025,STR. EQPT.          ,FREEZER/CHILLER                                   ,         5,PRAWN FARM                    ,PRAWN FARM-ICM                                    ,FAACQ               
0071-0009043200002  ,FUJIDENZO CFZR 1FC 90GDF 9CF                                ,     15089.29,07/31/2025,STR. EQPT.          ,FREEZER/CHILLER                                   ,         5,PRAWN FARM                    ,PRAWN FARM-ICM                                    ,FAACQ               
0071-0001067500001  ,RICE COOKER                                                 ,      8303.57,09/12/2025,STR. EQPT.          ,RICE COOKER                                       ,         3,PRAWN FARM                    ,PRAWN FARM-SOUTH FARM                             ,FAACQ               
0077-0012147200001  ,R2U109 KB ROSSETTI COFFE                                    ,      4910.49,09/26/2025,STR. EQPT.          ,COFFEE MAKER                                      ,         3,CHARCOAL & CHOP FOODLINE INC. ,AC-PRAWN FARM                                     ,FAACQ               
0077-0011618800001  ,PANASONIC UPRIGHT FREEZER NR AQ301FB 10.8CF                 ,     20356.25,09/25/2025,STR. EQPT.          ,FREEZER/CHILLER                                   ,         5,CHARCOAL & CHOP FOODLINE INC. ,ICM-MEALTIME EXPRESS                              ,FAACQ               
0071-0007472200005  ,EMBRACO COMPRESSOR NUE 2155 GK                              ,     12053.57,09/30/2025,MACH. & EQPT.       ,COMPRESSOR                                        ,         3,PRAWN FARM                    ,PRAWN FARM-ICM                                    ,FAACQ               
0077-0000899600002  ,STEAMER                                                     ,      2043.75,10/02/2025,STR. EQPT.          ,STEAMER                                           ,         3,CHARCOAL & CHOP FOODLINE INC. ,AC-PRAWN FARM                                     ,FAACQ               
0071-0005099700001  ,STAINLESS GREASE TRAP 25 GPM                                ,     10739.20,03/17/2025,FUR. & FIXT.        ,GREASE TRAP                                       ,         5,PRAWN FARM                    ,PRAWN FARM-ICM                                    ,FAACQ               
0071-0005099700002  ,STAINLESS GREASE TRAP 25 GPM                                ,     10739.20,03/17/2025,FUR. & FIXT.        ,GREASE TRAP                                       ,         5,PRAWN FARM                    ,PRAWN FARM-ICM                                    ,FAACQ               
0071-0000090900001  ,ELECTRIC FRYER                                              ,      3748.21,10/16/2025,STR. EQPT.          ,FRYER                                             ,         3,PRAWN FARM                    ,PRAWN FARM-ICM                                    ,FAACQ               
0071-0008577200001  ,CARRIER A/C 53CFE ASC REM 6HP                               ,     77187.50,11/06/2025,MACH. & EQPT.       ,AIRCON                                            ,         5,PRAWN FARM                    ,PRAWN FARM-ICM                                    ,FAACQ               
0071-0007589300001  ,RICEWOOD LPG GAS RICE COOKER 50/60 CUPS                     ,      8214.29,11/13/2025,STR. EQPT.          ,RICE COOKER                                       ,         3,PRAWN FARM                    ,PRAWN FARM-ICM                                    ,FAACQ               
0071-0012677700001  ,UV WONDERLIGHT 6GPM MODEL #:270669                          ,     20775.22,11/21/2025,STR. EQPT.          ,OTHERS                                            ,         1,PRAWN FARM                    ,PRAWN FARM-ICM                                    ,FAACQ               
0071-0007589300002  ,RICEWOOD LPG GAS RICE COOKER 50/60 CUPS                     ,      8482.14,01/21/2026,STR. EQPT.          ,RICE COOKER                                       ,         3,PRAWN FARM                    ,PRAWN FARM-ICM                                    ,FAACQ               
0071-0012991000001  ,CELLPHONE REALME C71 6+128GB                                ,      5802.68,02/05/2026,OFF. EQPT.          ,CELLPHONE                                         ,         3,PRAWN FARM                    ,PRAWN FARM-SOUTH FARM                             ,FAACQ               
0071-0000899600003  ,STEAMER                                                     ,      1856.25,03/02/2026,STR. EQPT.          ,STEAMER                                           ,         3,PRAWN FARM                    ,PRAWN FARM-ICM                                    ,FAACQ               
0071-0009861000001  ,MEAT MINCER/ MEAT GRINDER MM-12                             ,      1532.14,03/02/2026,MACH. & EQPT.       ,MEAT GRINDER                                      ,        10,PRAWN FARM                    ,PRAWN FARM-ICM                                    ,FAACQ               
0071-0011506200001  ,HANABISHI RICE COOKER HRC-28FS                              ,      2023.21,03/02/2026,STR. EQPT.          ,RICE COOKER                                       ,         3,PRAWN FARM                    ,PRAWN FARM-SOUTH FARM                             ,FAACQ               
0071-0001232400001  ,ICE CRUSHER                                                 ,      4600.00,02/28/2026,STR. EQPT.          ,OTHERS                                            ,         3,PRAWN FARM                    ,PRAWN FARM-ICM                                    ,FAACQ               
0071-0007699300006  ,KID&COOL MICROBAN YOUTH                                     ,      5446.43,03/10/2026,STR. EQPT.          ,CHAIR                                             ,         5,PRAWN FARM                    ,PRAWN FARM-ICM                                    ,FAACQ               
0071-0007699300007  ,KID&COOL MICROBAN YOUTH                                     ,      5446.43,03/10/2026,STR. EQPT.          ,CHAIR                                             ,         5,PRAWN FARM                    ,PRAWN FARM-ICM                                    ,FAACQ               
0071-0007699300008  ,KID&COOL MICROBAN YOUTH                                     ,      5446.43,03/10/2026,STR. EQPT.          ,CHAIR                                             ,         5,PRAWN FARM                    ,PRAWN FARM-ICM                                    ,FAACQ               
0071-0010537600001  ,BIOMETRICS ZKTECO K14                                       ,      7410.72,04/27/2026,STR. EQPT.          ,BIOMETRICS                                        ,         3,PRAWN FARM                    ,PRAWN FARM-ICM                                    ,FAACQ               
0077-0009323900001  ,AMH MICROWAVE OVEN                                          ,      7734.82,04/15/2026,STR. EQPT.          ,OVEN                                              ,         5,CHARCOAL & CHOP FOODLINE INC. ,AC-PRAWN FARM                                     ,FAACQ               
0077-0008048300001  ,EPSON PRINTER L3210 AI0                                     ,      7852.68,04/29/2026,OFF. EQPT.          ,PRINTER                                           ,         3,CHARCOAL & CHOP FOODLINE INC. ,AC-PRAWN FARM                                     ,FAACQ               
0077-0007607100001  ,ICE CRUSHER                                                 ,      4600.00,06/01/2026,STR. EQPT.          ,OTHERS                                            ,         3,CHARCOAL & CHOP FOODLINE INC. ,AC-PRAWN FARM                                     ,FAACQ               
0077-0002703400001  ,CPU INTEL CORE I3                                           ,     23839.29,06/01/2026,OFF. EQPT.          ,CPU                                               ,         3,CHARCOAL & CHOP FOODLINE INC. ,AC-PRAWN FARM                                     ,FAACQ               
0065-0013191800001  ,SAMSUNG GLX A17 5G 256GB BLK                                ,     13383.93,07/09/2026,STR. EQPT.          ,CELLPHONE                                         ,         3,PRAWN FARM                    ,PRAWN FARM-ICM                                    ,FAACQ               
0065-0007968400003  ,CPU SET CORE I3                                             ,     22500.00,08/14/2026,OFF. EQPT.          ,CPU                                               ,         3,PRAWN FARM                    ,PRAWN FARM-ICM                                    ,FAACQ               
0065-0013802900001  ,AOC 22B15H2 21.5"" IPS MON 120H                              ,      3526.79,08/14/2026,OFF. EQPT.          ,MONITOR                                           ,         3,PRAWN FARM                    ,PRAWN FARM-ICM                                    ,FAACQ               
0077-0012210100001  ,ZKTECO K14 FINGERPRINT & RFID BIOMETRICS                    ,      7709.82,09/04/2026,OFF. EQPT.          ,BIOMETRICS                                        ,         3,CHARCOAL & CHOP FOODLINE INC. ,AC-PRAWN FARM                                     ,FAACQ               
