barcode,desc,acost,adate,ast_type,cat_type,est_life,locname,dept,status
0110-0006744800001  ,PANEL BOARD NEMA-1 MCCB RATED AT 60AT 3P 25KA @230          ,     15696.00,07/14/2021,ELEC. INTS. & EQPT. ,PANEL BOARD                                       ,         5,ASC-TECH (ICM)                ,AT-ASC TECH ICM                                   ,FA_TRAN             
0033-0008343200001  ,FABRICATION & INSTALLATION OF ACRYLIC 3D BUILD              ,    183333.33,01/14/2023,BLDG. IMPVT.        ,SIGNAGE                                           ,         3,FIXRITE PANGLAO               ,FIXRITE PANGLAO-ADMIN                             ,FAACQ               
0033-0008343200002  ,FABRICATION & INSTALLATION OF ACRYLIC 3D BUILD              ,    183333.33,01/14/2023,BLDG. IMPVT.        ,SIGNAGE                                           ,         3,FIXRITE PANGLAO               ,FIXRITE PANGLAO-ADMIN                             ,FAACQ               
0033-0008343200003  ,FABRICATION & INSTALLATION OF ACRYLIC 3D BUILD              ,    183333.33,01/14/2023,BLDG. IMPVT.        ,SIGNAGE                                           ,         3,FIXRITE PANGLAO               ,FIXRITE PANGLAO-ADMIN                             ,FAACQ               
0033-0001065700001  ,PRESSURE WASHER                                             ,     12499.75,01/04/2023,MACH. & EQPT.       ,PRESSURE WASHER                                   ,         3,FIXRITE PANGLAO               ,FIXRITE PANGLAO-ADMIN                             ,FAACQ               
0007-0007303500001  ,BGS-002 BAUDOUIN  INDUSTRIAL GENERATING SET                 ,   2218160.38,01/06/2022,MACH. & EQPT.       ,GENERATOR                                         ,         5,FIXRITE PANGLAO               ,FIXRITE PANGLAO-ADMIN                             ,FA_TRAN             
0026-0007296100001  ,EXTERNAL HDD 2 TB SEAGATE STHN2000400 2.5""                  ,      4350.00,01/18/2022,OFF. EQPT.          ,HARD DISK                                         ,         2,FIXRITE PANGLAO               ,FIXRITE PANGLAO-ADMIN                             ,FA_TRAN             
0026-0007379900001  ,MITS. FUSO CANTER FE85 CS#:H0C575 PL#:GAR-5323              ,   1517857.00,07/16/2022,TRNS. EQPT.         ,VEHICLE                                           ,        10,FIXRITE PANGLAO               ,FIXRITE PANGLAO-ADMIN                             ,FA_TRAN             
0110-0007351600001  ,TRANSFORMER 300KVA                                          ,    782000.00,07/11/2022,ELEC. INTS. & EQPT. ,TRANSFORMER                                       ,         5,FIXRITE PANGLAO               ,FIXRITE PANGLAO-ADMIN                             ,FA_TRAN             
0110-0003531700001  ,EF-1 CENTRIFUGAL IN LINE FAN BACKWARD INCLINED              ,     24480.00,07/08/2022,STR. EQPT.          ,EXHAUST FAN                                       ,         3,FIXRITE PANGLAO               ,FIXRITE PANGLAO-ADMIN                             ,FA_TRAN             
0110-0007329500001  ,EF-2 WALL MOUNTED FAN W/ SHUTTER PROPELLER                  ,      5850.00,07/08/2022,STR. EQPT.          ,EXHAUST FAN                                       ,         3,FIXRITE PANGLAO               ,FIXRITE PANGLAO-ADMIN                             ,FA_TRAN             
0110-0007329700001  ,TF 1 CEILING CASSETTE FAN                                   ,      3420.00,07/08/2022,STR. EQPT.          ,EXHAUST FAN                                       ,         3,FIXRITE PANGLAO               ,FIXRITE PANGLAO-ADMIN                             ,FA_TRAN             
0110-0007329800001  ,TEF 1 CEILING CASSETTE FAN                                  ,      2880.00,07/08/2022,STR. EQPT.          ,EXHAUST FAN                                       ,         3,FIXRITE PANGLAO               ,FIXRITE PANGLAO-ADMIN                             ,FA_TRAN             
0110-0007329900001  ,TEF 2 CEILING CASSETTE FAN                                  ,      3420.00,07/08/2022,STR. EQPT.          ,EXHAUST FAN                                       ,         3,FIXRITE PANGLAO               ,FIXRITE PANGLAO-ADMIN                             ,FA_TRAN             
0110-0007329900002  ,TEF 2 CEILING CASSETTE FAN                                  ,      3420.00,07/08/2022,STR. EQPT.          ,EXHAUST FAN                                       ,         3,FIXRITE PANGLAO               ,FIXRITE PANGLAO-ADMIN                             ,FA_TRAN             
0110-0007658000001  ,EF-1 WALL MOUNTED FAN W/ SHUTTER PROPELLER                  ,      6750.00,06/17/2022,MACH. & EQPT.       ,FAN                                               ,         3,FIXRITE PANGLAO               ,FIXRITE PANGLAO-ADMIN                             ,FA_TRAN             
0110-0007658000002  ,EF-1 WALL MOUNTED FAN W/ SHUTTER PROPELLER                  ,      6750.00,06/17/2022,MACH. & EQPT.       ,FAN                                               ,         3,FIXRITE PANGLAO               ,FIXRITE PANGLAO-ADMIN                             ,FA_TRAN             
0110-0007658000003  ,EF-1 WALL MOUNTED FAN W/ SHUTTER PROPELLER                  ,      6750.00,06/17/2022,MACH. & EQPT.       ,FAN                                               ,         3,FIXRITE PANGLAO               ,FIXRITE PANGLAO-ADMIN                             ,FA_TRAN             
0110-0007658100001  ,SF-1 WALL MOUNTED FAN W/ SHUTTER PROPELLER                  ,      6750.00,06/17/2022,MACH. & EQPT.       ,FAN                                               ,         3,FIXRITE PANGLAO               ,FIXRITE PANGLAO-ADMIN                             ,FA_TRAN             
0110-0007658100002  ,SF-1 WALL MOUNTED FAN W/ SHUTTER PROPELLER                  ,      6750.00,06/17/2022,MACH. & EQPT.       ,FAN                                               ,         3,FIXRITE PANGLAO               ,FIXRITE PANGLAO-ADMIN                             ,FA_TRAN             
0110-0007658100003  ,SF-1 WALL MOUNTED FAN W/ SHUTTER PROPELLER                  ,      6750.00,06/17/2022,MACH. & EQPT.       ,FAN                                               ,         3,FIXRITE PANGLAO               ,FIXRITE PANGLAO-ADMIN                             ,FA_TRAN             
0110-0007658200001  ,TEF 2 CEILING CASSETTE FAN BRAND:AIR BLOW                   ,      3780.00,06/17/2022,MACH. & EQPT.       ,FAN                                               ,         3,FIXRITE PANGLAO               ,FIXRITE PANGLAO-ADMIN                             ,FA_TRAN             
0110-0007328000001  ,CARRIER STANDARD FCU-1/ACCU-1                               ,     59990.00,03/24/2022,MACH. & EQPT.       ,AIRCON                                            ,         5,FIXRITE PANGLAO               ,FIXRITE PANGLAO-ADMIN                             ,FA_TRAN             
0110-0007328300001  ,CARRIER STANDARD FCU-2/ACCU-2                               ,     59990.00,03/24/2022,MACH. & EQPT.       ,AIRCON                                            ,         5,FIXRITE PANGLAO               ,FIXRITE PANGLAO-ADMIN                             ,FA_TRAN             
0110-0007328500001  ,CARRIER STANDARD FCU-3/ACCU-3                               ,     25270.00,03/24/2022,MACH. & EQPT.       ,AIRCON                                            ,         5,FIXRITE PANGLAO               ,FIXRITE PANGLAO-ADMIN                             ,FA_TRAN             
0110-0007328600001  ,CARRIER STANDARD WAC 1 M:WCARJ008EE 0.75HP                  ,     13720.00,03/24/2022,MACH. & EQPT.       ,AIRCON                                            ,         5,FIXRITE PANGLAO               ,FIXRITE PANGLAO-ADMIN                             ,FA_TRAN             
0110-0007328700001  ,CARRIER STANDARD WAC 2 M:WCARJ010EE 1.0HP                   ,     15050.00,03/24/2022,MACH. & EQPT.       ,AIRCON                                            ,         5,FIXRITE PANGLAO               ,FIXRITE PANGLAO-ADMIN                             ,FA_TRAN             
0110-0007328800001  ,CARRIER STANDARD WAC 3 M:WCARJ014EE 1.5HP                   ,     17640.00,03/24/2022,MACH. & EQPT.       ,AIRCON                                            ,         5,FIXRITE PANGLAO               ,FIXRITE PANGLAO-ADMIN                             ,FA_TRAN             
0110-0007328900001  ,CARRIER STANDARD WAC 4 M:WCARJ014EE 1.5HP                   ,     17640.00,03/24/2022,MACH. & EQPT.       ,AIRCON                                            ,         5,FIXRITE PANGLAO               ,FIXRITE PANGLAO-ADMIN                             ,FA_TRAN             
0110-0007329000001  ,CARRIER STANDARD WAC 5 M:WCARJ008EE 0.75HP                  ,     13720.00,03/24/2022,MACH. & EQPT.       ,AIRCON                                            ,         5,FIXRITE PANGLAO               ,FIXRITE PANGLAO-ADMIN                             ,FA_TRAN             
0110-0006461000001  ,PANEL BOARD NEMA 1400V (MDP-FIXRITE PANGLAO)                ,     60614.48,01/31/2022,ELEC. INTS. & EQPT. ,PANEL BOARD                                       ,         5,FIXRITE PANGLAO               ,FIXRITE PANGLAO-ADMIN                             ,FA_TRAN             
0110-0006463500002  ,PANEL BOARD NEMA 1400V (DP-PUMPS)                           ,     32367.35,01/31/2022,ELEC. INTS. & EQPT. ,PANEL BOARD                                       ,         5,FIXRITE PANGLAO               ,FIXRITE PANGLAO-ADMIN                             ,FA_TRAN             
0110-0003248900004  ,PANEL BOARD NEMA 1400V (DP ADMIN)                           ,      9412.50,02/02/2022,ELEC. INTS. & EQPT. ,PANEL BOARD                                       ,         5,FIXRITE PANGLAO               ,FIXRITE PANGLAO-ADMIN                             ,FA_TRAN             
0026-0007303500002  ,BGS-002 BAUDOUIN  INDUSTRIAL GENERATING SET                 ,   2218160.38,01/03/2022,MACH. & EQPT.       ,GENERATOR                                         ,         5,FIXRITE PANGLAO               ,FIXRITE PANGLAO-ADMIN                             ,FA_TRAN             
0026-0007380800001  ,FUSO CANTER FE85 DUMP BODY PL#:GAR-5323                     ,    553571.00,08/18/2022,TRNS. EQPT.         ,VEHICLE                                           ,        10,FIXRITE PANGLAO               ,FIXRITE PANGLAO-ADMIN                             ,FA_TRAN             
0033-0005381900001  ,LSNAV POS TERMINAL LICENSE (SOFTWARE LICENSE)               ,     31660.50,08/31/2022,SOFTWARE            ,OTHERS                                            ,         1,FIXRITE PANGLAO               ,FIXRITE PANGLAO-ADMIN                             ,FAACQ               
0033-0005381900002  ,LSNAV POS TERMINAL LICENSE (SOFTWARE LICENSE)               ,     31660.50,08/31/2022,SOFTWARE            ,OTHERS                                            ,         1,FIXRITE PANGLAO               ,FIXRITE PANGLAO-ADMIN                             ,FAACQ               
0033-0005381900003  ,LSNAV POS TERMINAL LICENSE (SOFTWARE LICENSE)               ,     31660.50,08/31/2022,SOFTWARE            ,OTHERS                                            ,         1,FIXRITE PANGLAO               ,FIXRITE PANGLAO-ADMIN                             ,FAACQ               
0033-0005462700001  ,VERIPRICE PRICE VERIFIER 15"" DISPLAY                        ,     24107.14,08/31/2022,STR. EQPT.          ,PRICE VERIFIER                                    ,         5,FIXRITE PANGLAO               ,FIXRITE PANGLAO-ADMIN                             ,FAACQ               
0033-0005537400001  ,HANDHELD SCANNER USB ZEBRA DS2208 1D/2D                     ,      4017.86,08/31/2022,STR. EQPT.          ,SCANNER                                           ,         3,FIXRITE PANGLAO               ,FIXRITE PANGLAO-ADMIN                             ,FAACQ               
0033-0005537400002  ,HANDHELD SCANNER USB ZEBRA DS2208 1D/2D                     ,      4017.86,08/31/2022,STR. EQPT.          ,SCANNER                                           ,         3,FIXRITE PANGLAO               ,FIXRITE PANGLAO-ADMIN                             ,FAACQ               
0033-0005537400003  ,HANDHELD SCANNER USB ZEBRA DS2208 1D/2D                     ,      4017.86,08/31/2022,STR. EQPT.          ,SCANNER                                           ,         3,FIXRITE PANGLAO               ,FIXRITE PANGLAO-ADMIN                             ,FAACQ               
0033-0006098600001  ,TOSHIBA D10 POS TERMINAL                                    ,     71428.57,08/31/2022,STR. EQPT.          ,POS                                               ,         3,FIXRITE PANGLAO               ,FIXRITE PANGLAO-ADMIN                             ,FAACQ               
0033-0006098600002  ,TOSHIBA D10 POS TERMINAL                                    ,     71428.57,08/31/2022,STR. EQPT.          ,POS                                               ,         3,FIXRITE PANGLAO               ,FIXRITE PANGLAO-ADMIN                             ,FAACQ               
0033-0006098600003  ,TOSHIBA D10 POS TERMINAL                                    ,     71428.57,08/31/2022,STR. EQPT.          ,POS                                               ,         3,FIXRITE PANGLAO               ,FIXRITE PANGLAO-ADMIN                             ,FAACQ               
0033-0007886700001  ,3 TONS HAND PALLET HAKU BRAND                               ,     19500.00,08/25/2022,MACH. & EQPT.       ,PALLET TRUCK                                      ,         4,FIXRITE PANGLAO               ,FIXRITE PANGLAO-ADMIN                             ,FAACQ               
0033-0007886700002  ,3 TONS HAND PALLET HAKU BRAND                               ,     19500.00,08/25/2022,MACH. & EQPT.       ,PALLET TRUCK                                      ,         4,FIXRITE PANGLAO               ,FIXRITE PANGLAO-ADMIN                             ,FAACQ               
0033-0007925300001  ,BIOMETRICS ZKTECO UA400 FINGERPRINT                         ,     13616.07,09/02/2022,STR. EQPT.          ,BIOMETRICS                                        ,         3,FIXRITE PANGLAO               ,FIXRITE PANGLAO-ADMIN                             ,FAACQ               
0033-0007925300002  ,BIOMETRICS ZKTECO UA400 FINGERPRINT                         ,     13616.07,09/02/2022,STR. EQPT.          ,BIOMETRICS                                        ,         3,FIXRITE PANGLAO               ,FIXRITE PANGLAO-ADMIN                             ,FAACQ               
0033-0007925300003  ,BIOMETRICS ZKTECO UA400 FINGERPRINT                         ,     13616.07,09/02/2022,STR. EQPT.          ,BIOMETRICS                                        ,         3,FIXRITE PANGLAO               ,FIXRITE PANGLAO-ADMIN                             ,FAACQ               
0033-0003926400002  ,TOA SYSTEM MANAGEMENT AMP. 240W                             ,     41368.75,08/31/2022,STR. EQPT.          ,OTHERS                                            ,         3,FIXRITE PANGLAO               ,FIXRITE PANGLAO-ADMIN                             ,FAACQ               
0033-0003926500002  ,TOA REMOTE MICROPHONE :RM-200M                              ,     19025.89,08/31/2022,STR. EQPT.          ,MICROPHONE                                        ,         3,FIXRITE PANGLAO               ,FIXRITE PANGLAO-ADMIN                             ,FAACQ               
0033-0005093900004  ,SC-630M TOA HORN SPEAKER 30W WHITE 70/100V ALUMINU          ,      3403.57,08/31/2022,STR. EQPT.          ,SPEAKER                                           ,         3,FIXRITE PANGLAO               ,FIXRITE PANGLAO-ADMIN                             ,FAACQ               
0033-0005093900005  ,SC-630M TOA HORN SPEAKER 30W WHITE 70/100V ALUMINU          ,      3403.57,08/31/2022,STR. EQPT.          ,SPEAKER                                           ,         3,FIXRITE PANGLAO               ,FIXRITE PANGLAO-ADMIN                             ,FAACQ               
0033-0005093900006  ,SC-630M TOA HORN SPEAKER 30W WHITE 70/100V ALUMINU          ,      3403.57,08/31/2022,STR. EQPT.          ,SPEAKER                                           ,         3,FIXRITE PANGLAO               ,FIXRITE PANGLAO-ADMIN                             ,FAACQ               
0033-0001972000001  ,SAMSUNG GALAXY TAB                                          ,      9490.00,09/06/2022,STR. EQPT.          ,TABLET                                            ,         3,FIXRITE PANGLAO               ,FIXRITE PANGLAO-ADMIN                             ,FAACQ               
0033-0001972000002  ,SAMSUNG GALAXY TAB                                          ,      9490.00,09/06/2022,STR. EQPT.          ,TABLET                                            ,         3,FIXRITE PANGLAO               ,FIXRITE PANGLAO-ADMIN                             ,FAACQ               
0033-0001972000003  ,SAMSUNG GALAXY TAB                                          ,      9490.00,09/06/2022,STR. EQPT.          ,TABLET                                            ,         3,FIXRITE PANGLAO               ,FIXRITE PANGLAO-ADMIN                             ,FAACQ               
0033-0007886500001  ,PLASTIC PALLET BLACK D4S-1012.16                            ,      3150.00,09/07/2022,FUR. & FIXT.        ,PALLET                                            ,         4,FIXRITE PANGLAO               ,FIXRITE PANGLAO-ADMIN                             ,FAACQ               
0033-0007886500002  ,PLASTIC PALLET BLACK D4S-1012.16                            ,      3150.00,09/07/2022,FUR. & FIXT.        ,PALLET                                            ,         4,FIXRITE PANGLAO               ,FIXRITE PANGLAO-ADMIN                             ,FAACQ               
0033-0007886500003  ,PLASTIC PALLET BLACK D4S-1012.16                            ,      3150.00,09/07/2022,FUR. & FIXT.        ,PALLET                                            ,         4,FIXRITE PANGLAO               ,FIXRITE PANGLAO-ADMIN                             ,FAACQ               
0033-0007886500004  ,PLASTIC PALLET BLACK D4S-1012.16                            ,      3150.00,09/07/2022,FUR. & FIXT.        ,PALLET                                            ,         4,FIXRITE PANGLAO               ,FIXRITE PANGLAO-ADMIN                             ,FAACQ               
0033-0007886500005  ,PLASTIC PALLET BLACK D4S-1012.16                            ,      3150.00,09/07/2022,FUR. & FIXT.        ,PALLET                                            ,         4,FIXRITE PANGLAO               ,FIXRITE PANGLAO-ADMIN                             ,FAACQ               
0033-0007886500006  ,PLASTIC PALLET BLACK D4S-1012.16                            ,      3150.00,09/07/2022,FUR. & FIXT.        ,PALLET                                            ,         4,FIXRITE PANGLAO               ,FIXRITE PANGLAO-ADMIN                             ,FAACQ               
0033-0007886500007  ,PLASTIC PALLET BLACK D4S-1012.16                            ,      3150.00,09/07/2022,FUR. & FIXT.        ,PALLET                                            ,         4,FIXRITE PANGLAO               ,FIXRITE PANGLAO-ADMIN                             ,FAACQ               
0033-0007886500008  ,PLASTIC PALLET BLACK D4S-1012.16                            ,      3150.00,09/07/2022,FUR. & FIXT.        ,PALLET                                            ,         4,FIXRITE PANGLAO               ,FIXRITE PANGLAO-ADMIN                             ,FAACQ               
0033-0007886500009  ,PLASTIC PALLET BLACK D4S-1012.16                            ,      3150.00,09/07/2022,FUR. & FIXT.        ,PALLET                                            ,         4,FIXRITE PANGLAO               ,FIXRITE PANGLAO-ADMIN                             ,FAACQ               
0033-0007886500010  ,PLASTIC PALLET BLACK D4S-1012.16                            ,      3150.00,09/07/2022,FUR. & FIXT.        ,PALLET                                            ,         4,FIXRITE PANGLAO               ,FIXRITE PANGLAO-ADMIN                             ,FAACQ               
0033-0007886500011  ,PLASTIC PALLET BLACK D4S-1012.16                            ,      3150.00,09/07/2022,FUR. & FIXT.        ,PALLET                                            ,         4,FIXRITE PANGLAO               ,FIXRITE PANGLAO-ADMIN                             ,FAACQ               
0033-0007886500012  ,PLASTIC PALLET BLACK D4S-1012.16                            ,      3150.00,09/07/2022,FUR. & FIXT.        ,PALLET                                            ,         4,FIXRITE PANGLAO               ,FIXRITE PANGLAO-ADMIN                             ,FAACQ               
0033-0007886500013  ,PLASTIC PALLET BLACK D4S-1012.16                            ,      3150.00,09/07/2022,FUR. & FIXT.        ,PALLET                                            ,         4,FIXRITE PANGLAO               ,FIXRITE PANGLAO-ADMIN                             ,FAACQ               
0033-0007886500014  ,PLASTIC PALLET BLACK D4S-1012.16                            ,      3150.00,09/07/2022,FUR. & FIXT.        ,PALLET                                            ,         4,FIXRITE PANGLAO               ,FIXRITE PANGLAO-ADMIN                             ,FAACQ               
0033-0007886500015  ,PLASTIC PALLET BLACK D4S-1012.16                            ,      3150.00,09/07/2022,FUR. & FIXT.        ,PALLET                                            ,         4,FIXRITE PANGLAO               ,FIXRITE PANGLAO-ADMIN                             ,FAACQ               
0033-0007886500016  ,PLASTIC PALLET BLACK D4S-1012.16                            ,      3150.00,09/07/2022,FUR. & FIXT.        ,PALLET                                            ,         4,FIXRITE PANGLAO               ,FIXRITE PANGLAO-ADMIN                             ,FAACQ               
0033-0007886500017  ,PLASTIC PALLET BLACK D4S-1012.16                            ,      3150.00,09/07/2022,FUR. & FIXT.        ,PALLET                                            ,         4,FIXRITE PANGLAO               ,FIXRITE PANGLAO-ADMIN                             ,FAACQ               
0033-0007886500018  ,PLASTIC PALLET BLACK D4S-1012.16                            ,      3150.00,09/07/2022,FUR. & FIXT.        ,PALLET                                            ,         4,FIXRITE PANGLAO               ,FIXRITE PANGLAO-ADMIN                             ,FAACQ               
0033-0007886500019  ,PLASTIC PALLET BLACK D4S-1012.16                            ,      3150.00,09/07/2022,FUR. & FIXT.        ,PALLET                                            ,         4,FIXRITE PANGLAO               ,FIXRITE PANGLAO-ADMIN                             ,FAACQ               
0033-0007886500020  ,PLASTIC PALLET BLACK D4S-1012.16                            ,      3150.00,09/07/2022,FUR. & FIXT.        ,PALLET                                            ,         4,FIXRITE PANGLAO               ,FIXRITE PANGLAO-ADMIN                             ,FAACQ               
0033-0007886500021  ,PLASTIC PALLET BLACK D4S-1012.16                            ,      3150.00,09/07/2022,FUR. & FIXT.        ,PALLET                                            ,         4,FIXRITE PANGLAO               ,FIXRITE PANGLAO-ADMIN                             ,FAACQ               
0033-0007886500022  ,PLASTIC PALLET BLACK D4S-1012.16                            ,      3150.00,09/07/2022,FUR. & FIXT.        ,PALLET                                            ,         4,FIXRITE PANGLAO               ,FIXRITE PANGLAO-ADMIN                             ,FAACQ               
0033-0007886500023  ,PLASTIC PALLET BLACK D4S-1012.16                            ,      3150.00,09/07/2022,FUR. & FIXT.        ,PALLET                                            ,         4,FIXRITE PANGLAO               ,FIXRITE PANGLAO-ADMIN                             ,FAACQ               
0033-0007886500024  ,PLASTIC PALLET BLACK D4S-1012.16                            ,      3150.00,09/07/2022,FUR. & FIXT.        ,PALLET                                            ,         4,FIXRITE PANGLAO               ,FIXRITE PANGLAO-ADMIN                             ,FAACQ               
0033-0007886500025  ,PLASTIC PALLET BLACK D4S-1012.16                            ,      3150.00,09/07/2022,FUR. & FIXT.        ,PALLET                                            ,         4,FIXRITE PANGLAO               ,FIXRITE PANGLAO-ADMIN                             ,FAACQ               
0033-0007886500026  ,PLASTIC PALLET BLACK D4S-1012.16                            ,      3150.00,09/07/2022,FUR. & FIXT.        ,PALLET                                            ,         4,FIXRITE PANGLAO               ,FIXRITE PANGLAO-ADMIN                             ,FAACQ               
0033-0007886500027  ,PLASTIC PALLET BLACK D4S-1012.16                            ,      3150.00,09/07/2022,FUR. & FIXT.        ,PALLET                                            ,         4,FIXRITE PANGLAO               ,FIXRITE PANGLAO-ADMIN                             ,FAACQ               
0033-0007886500028  ,PLASTIC PALLET BLACK D4S-1012.16                            ,      3150.00,09/07/2022,FUR. & FIXT.        ,PALLET                                            ,         4,FIXRITE PANGLAO               ,FIXRITE PANGLAO-ADMIN                             ,FAACQ               
0033-0007886500029  ,PLASTIC PALLET BLACK D4S-1012.16                            ,      3150.00,09/07/2022,FUR. & FIXT.        ,PALLET                                            ,         4,FIXRITE PANGLAO               ,FIXRITE PANGLAO-ADMIN                             ,FAACQ               
0033-0007886500030  ,PLASTIC PALLET BLACK D4S-1012.16                            ,      3150.00,09/07/2022,FUR. & FIXT.        ,PALLET                                            ,         4,FIXRITE PANGLAO               ,FIXRITE PANGLAO-ADMIN                             ,FAACQ               
0033-0007886500031  ,PLASTIC PALLET BLACK D4S-1012.16                            ,      3150.00,09/07/2022,FUR. & FIXT.        ,PALLET                                            ,         4,FIXRITE PANGLAO               ,FIXRITE PANGLAO-ADMIN                             ,FAACQ               
0033-0007886500032  ,PLASTIC PALLET BLACK D4S-1012.16                            ,      3150.00,09/07/2022,FUR. & FIXT.        ,PALLET                                            ,         4,FIXRITE PANGLAO               ,FIXRITE PANGLAO-ADMIN                             ,FAACQ               
0033-0007886500033  ,PLASTIC PALLET BLACK D4S-1012.16                            ,      3150.00,09/07/2022,FUR. & FIXT.        ,PALLET                                            ,         4,FIXRITE PANGLAO               ,FIXRITE PANGLAO-ADMIN                             ,FAACQ               
0033-0007886500034  ,PLASTIC PALLET BLACK D4S-1012.16                            ,      3150.00,09/07/2022,FUR. & FIXT.        ,PALLET                                            ,         4,FIXRITE PANGLAO               ,FIXRITE PANGLAO-ADMIN                             ,FAACQ               
0033-0007886500035  ,PLASTIC PALLET BLACK D4S-1012.16                            ,      3150.00,09/07/2022,FUR. & FIXT.        ,PALLET                                            ,         4,FIXRITE PANGLAO               ,FIXRITE PANGLAO-ADMIN                             ,FAACQ               
0033-0007886500036  ,PLASTIC PALLET BLACK D4S-1012.16                            ,      3150.00,09/07/2022,FUR. & FIXT.        ,PALLET                                            ,         4,FIXRITE PANGLAO               ,FIXRITE PANGLAO-ADMIN                             ,FAACQ               
0033-0007886500037  ,PLASTIC PALLET BLACK D4S-1012.16                            ,      3150.00,09/07/2022,FUR. & FIXT.        ,PALLET                                            ,         4,FIXRITE PANGLAO               ,FIXRITE PANGLAO-ADMIN                             ,FAACQ               
0033-0007886500038  ,PLASTIC PALLET BLACK D4S-1012.16                            ,      3150.00,09/07/2022,FUR. & FIXT.        ,PALLET                                            ,         4,FIXRITE PANGLAO               ,FIXRITE PANGLAO-ADMIN                             ,FAACQ               
0033-0007886500039  ,PLASTIC PALLET BLACK D4S-1012.16                            ,      3150.00,09/07/2022,FUR. & FIXT.        ,PALLET                                            ,         4,FIXRITE PANGLAO               ,FIXRITE PANGLAO-ADMIN                             ,FAACQ               
0033-0007886500040  ,PLASTIC PALLET BLACK D4S-1012.16                            ,      3150.00,09/07/2022,FUR. & FIXT.        ,PALLET                                            ,         4,FIXRITE PANGLAO               ,FIXRITE PANGLAO-ADMIN                             ,FAACQ               
0033-0007886500041  ,PLASTIC PALLET BLACK D4S-1012.16                            ,      3150.00,09/07/2022,FUR. & FIXT.        ,PALLET                                            ,         4,FIXRITE PANGLAO               ,FIXRITE PANGLAO-ADMIN                             ,FAACQ               
0033-0007886500042  ,PLASTIC PALLET BLACK D4S-1012.16                            ,      3150.00,09/07/2022,FUR. & FIXT.        ,PALLET                                            ,         4,FIXRITE PANGLAO               ,FIXRITE PANGLAO-ADMIN                             ,FAACQ               
0033-0007886500043  ,PLASTIC PALLET BLACK D4S-1012.16                            ,      3150.00,09/07/2022,FUR. & FIXT.        ,PALLET                                            ,         4,FIXRITE PANGLAO               ,FIXRITE PANGLAO-ADMIN                             ,FAACQ               
0033-0007886500044  ,PLASTIC PALLET BLACK D4S-1012.16                            ,      3150.00,09/07/2022,FUR. & FIXT.        ,PALLET                                            ,         4,FIXRITE PANGLAO               ,FIXRITE PANGLAO-ADMIN                             ,FAACQ               
0033-0007886500045  ,PLASTIC PALLET BLACK D4S-1012.16                            ,      3150.00,09/07/2022,FUR. & FIXT.        ,PALLET                                            ,         4,FIXRITE PANGLAO               ,FIXRITE PANGLAO-ADMIN                             ,FAACQ               
0033-0007886500046  ,PLASTIC PALLET BLACK D4S-1012.16                            ,      3150.00,09/07/2022,FUR. & FIXT.        ,PALLET                                            ,         4,FIXRITE PANGLAO               ,FIXRITE PANGLAO-ADMIN                             ,FAACQ               
0033-0007886500047  ,PLASTIC PALLET BLACK D4S-1012.16                            ,      3150.00,09/07/2022,FUR. & FIXT.        ,PALLET                                            ,         4,FIXRITE PANGLAO               ,FIXRITE PANGLAO-ADMIN                             ,FAACQ               
0033-0007886500048  ,PLASTIC PALLET BLACK D4S-1012.16                            ,      3150.00,09/07/2022,FUR. & FIXT.        ,PALLET                                            ,         4,FIXRITE PANGLAO               ,FIXRITE PANGLAO-ADMIN                             ,FAACQ               
0033-0007886500049  ,PLASTIC PALLET BLACK D4S-1012.16                            ,      3150.00,09/07/2022,FUR. & FIXT.        ,PALLET                                            ,         4,FIXRITE PANGLAO               ,FIXRITE PANGLAO-ADMIN                             ,FAACQ               
0033-0007886500050  ,PLASTIC PALLET BLACK D4S-1012.16                            ,      3150.00,09/07/2022,FUR. & FIXT.        ,PALLET                                            ,         4,FIXRITE PANGLAO               ,FIXRITE PANGLAO-ADMIN                             ,FAACQ               
0033-0007886500051  ,PLASTIC PALLET BLACK D4S-1012.16                            ,      3150.00,09/07/2022,FUR. & FIXT.        ,PALLET                                            ,         4,FIXRITE PANGLAO               ,FIXRITE PANGLAO-ADMIN                             ,FAACQ               
0033-0007886500052  ,PLASTIC PALLET BLACK D4S-1012.16                            ,      3150.00,09/07/2022,FUR. & FIXT.        ,PALLET                                            ,         4,FIXRITE PANGLAO               ,FIXRITE PANGLAO-ADMIN                             ,FAACQ               
0033-0007886500053  ,PLASTIC PALLET BLACK D4S-1012.16                            ,      3150.00,09/07/2022,FUR. & FIXT.        ,PALLET                                            ,         4,FIXRITE PANGLAO               ,FIXRITE PANGLAO-ADMIN                             ,FAACQ               
0033-0007886500054  ,PLASTIC PALLET BLACK D4S-1012.16                            ,      3150.00,09/07/2022,FUR. & FIXT.        ,PALLET                                            ,         4,FIXRITE PANGLAO               ,FIXRITE PANGLAO-ADMIN                             ,FAACQ               
0033-0007886500055  ,PLASTIC PALLET BLACK D4S-1012.16                            ,      3150.00,09/07/2022,FUR. & FIXT.        ,PALLET                                            ,         4,FIXRITE PANGLAO               ,FIXRITE PANGLAO-ADMIN                             ,FAACQ               
0033-0007886500056  ,PLASTIC PALLET BLACK D4S-1012.16                            ,      3150.00,09/07/2022,FUR. & FIXT.        ,PALLET                                            ,         4,FIXRITE PANGLAO               ,FIXRITE PANGLAO-ADMIN                             ,FAACQ               
0033-0007886500057  ,PLASTIC PALLET BLACK D4S-1012.16                            ,      3150.00,09/07/2022,FUR. & FIXT.        ,PALLET                                            ,         4,FIXRITE PANGLAO               ,FIXRITE PANGLAO-ADMIN                             ,FAACQ               
0033-0007886500058  ,PLASTIC PALLET BLACK D4S-1012.16                            ,      3150.00,09/07/2022,FUR. & FIXT.        ,PALLET                                            ,         4,FIXRITE PANGLAO               ,FIXRITE PANGLAO-ADMIN                             ,FAACQ               
0033-0007886500059  ,PLASTIC PALLET BLACK D4S-1012.16                            ,      3150.00,09/07/2022,FUR. & FIXT.        ,PALLET                                            ,         4,FIXRITE PANGLAO               ,FIXRITE PANGLAO-ADMIN                             ,FAACQ               
0033-0007886500060  ,PLASTIC PALLET BLACK D4S-1012.16                            ,      3150.00,09/07/2022,FUR. & FIXT.        ,PALLET                                            ,         4,FIXRITE PANGLAO               ,FIXRITE PANGLAO-ADMIN                             ,FAACQ               
0033-0007886500061  ,PLASTIC PALLET BLACK D4S-1012.16                            ,      3150.00,09/07/2022,FUR. & FIXT.        ,PALLET                                            ,         4,FIXRITE PANGLAO               ,FIXRITE PANGLAO-ADMIN                             ,FAACQ               
0033-0007886500062  ,PLASTIC PALLET BLACK D4S-1012.16                            ,      3150.00,09/07/2022,FUR. & FIXT.        ,PALLET                                            ,         4,FIXRITE PANGLAO               ,FIXRITE PANGLAO-ADMIN                             ,FAACQ               
0033-0007886500063  ,PLASTIC PALLET BLACK D4S-1012.16                            ,      3150.00,09/07/2022,FUR. & FIXT.        ,PALLET                                            ,         4,FIXRITE PANGLAO               ,FIXRITE PANGLAO-ADMIN                             ,FAACQ               
0033-0007886500064  ,PLASTIC PALLET BLACK D4S-1012.16                            ,      3150.00,09/07/2022,FUR. & FIXT.        ,PALLET                                            ,         4,FIXRITE PANGLAO               ,FIXRITE PANGLAO-ADMIN                             ,FAACQ               
0033-0007886500065  ,PLASTIC PALLET BLACK D4S-1012.16                            ,      3150.00,09/07/2022,FUR. & FIXT.        ,PALLET                                            ,         4,FIXRITE PANGLAO               ,FIXRITE PANGLAO-ADMIN                             ,FAACQ               
0033-0007886500066  ,PLASTIC PALLET BLACK D4S-1012.16                            ,      3150.00,09/07/2022,FUR. & FIXT.        ,PALLET                                            ,         4,FIXRITE PANGLAO               ,FIXRITE PANGLAO-ADMIN                             ,FAACQ               
0033-0007886500067  ,PLASTIC PALLET BLACK D4S-1012.16                            ,      3150.00,09/07/2022,FUR. & FIXT.        ,PALLET                                            ,         4,FIXRITE PANGLAO               ,FIXRITE PANGLAO-ADMIN                             ,FAACQ               
0033-0007886500068  ,PLASTIC PALLET BLACK D4S-1012.16                            ,      3150.00,09/07/2022,FUR. & FIXT.        ,PALLET                                            ,         4,FIXRITE PANGLAO               ,FIXRITE PANGLAO-ADMIN                             ,FAACQ               
0033-0007886500069  ,PLASTIC PALLET BLACK D4S-1012.16                            ,      3150.00,09/07/2022,FUR. & FIXT.        ,PALLET                                            ,         4,FIXRITE PANGLAO               ,FIXRITE PANGLAO-ADMIN                             ,FAACQ               
0033-0007886500070  ,PLASTIC PALLET BLACK D4S-1012.16                            ,      3150.00,09/07/2022,FUR. & FIXT.        ,PALLET                                            ,         4,FIXRITE PANGLAO               ,FIXRITE PANGLAO-ADMIN                             ,FAACQ               
0033-0007886500071  ,PLASTIC PALLET BLACK D4S-1012.16                            ,      3150.00,09/07/2022,FUR. & FIXT.        ,PALLET                                            ,         4,FIXRITE PANGLAO               ,FIXRITE PANGLAO-ADMIN                             ,FAACQ               
0033-0007886500072  ,PLASTIC PALLET BLACK D4S-1012.16                            ,      3150.00,09/07/2022,FUR. & FIXT.        ,PALLET                                            ,         4,FIXRITE PANGLAO               ,FIXRITE PANGLAO-ADMIN                             ,FAACQ               
0033-0007886500073  ,PLASTIC PALLET BLACK D4S-1012.16                            ,      3150.00,09/07/2022,FUR. & FIXT.        ,PALLET                                            ,         4,FIXRITE PANGLAO               ,FIXRITE PANGLAO-ADMIN                             ,FAACQ               
0033-0007886500074  ,PLASTIC PALLET BLACK D4S-1012.16                            ,      3150.00,09/07/2022,FUR. & FIXT.        ,PALLET                                            ,         4,FIXRITE PANGLAO               ,FIXRITE PANGLAO-ADMIN                             ,FAACQ               
0033-0007886500075  ,PLASTIC PALLET BLACK D4S-1012.16                            ,      3150.00,09/07/2022,FUR. & FIXT.        ,PALLET                                            ,         4,FIXRITE PANGLAO               ,FIXRITE PANGLAO-ADMIN                             ,FAACQ               
0033-0007886500076  ,PLASTIC PALLET BLACK D4S-1012.16                            ,      3150.00,09/07/2022,FUR. & FIXT.        ,PALLET                                            ,         4,FIXRITE PANGLAO               ,FIXRITE PANGLAO-ADMIN                             ,FAACQ               
0033-0007886500077  ,PLASTIC PALLET BLACK D4S-1012.16                            ,      3150.00,09/07/2022,FUR. & FIXT.        ,PALLET                                            ,         4,FIXRITE PANGLAO               ,FIXRITE PANGLAO-ADMIN                             ,FAACQ               
0033-0007886500078  ,PLASTIC PALLET BLACK D4S-1012.16                            ,      3150.00,09/07/2022,FUR. & FIXT.        ,PALLET                                            ,         4,FIXRITE PANGLAO               ,FIXRITE PANGLAO-ADMIN                             ,FAACQ               
0033-0007886500079  ,PLASTIC PALLET BLACK D4S-1012.16                            ,      3150.00,09/07/2022,FUR. & FIXT.        ,PALLET                                            ,         4,FIXRITE PANGLAO               ,FIXRITE PANGLAO-ADMIN                             ,FAACQ               
0033-0007886500080  ,PLASTIC PALLET BLACK D4S-1012.16                            ,      3150.00,09/07/2022,FUR. & FIXT.        ,PALLET                                            ,         4,FIXRITE PANGLAO               ,FIXRITE PANGLAO-ADMIN                             ,FAACQ               
0033-0007886500081  ,PLASTIC PALLET BLACK D4S-1012.16                            ,      3150.00,09/07/2022,FUR. & FIXT.        ,PALLET                                            ,         4,FIXRITE PANGLAO               ,FIXRITE PANGLAO-ADMIN                             ,FAACQ               
0033-0007886500082  ,PLASTIC PALLET BLACK D4S-1012.16                            ,      3150.00,09/07/2022,FUR. & FIXT.        ,PALLET                                            ,         4,FIXRITE PANGLAO               ,FIXRITE PANGLAO-ADMIN                             ,FAACQ               
0033-0007886500083  ,PLASTIC PALLET BLACK D4S-1012.16                            ,      3150.00,09/07/2022,FUR. & FIXT.        ,PALLET                                            ,         4,FIXRITE PANGLAO               ,FIXRITE PANGLAO-ADMIN                             ,FAACQ               
0033-0007886500084  ,PLASTIC PALLET BLACK D4S-1012.16                            ,      3150.00,09/07/2022,FUR. & FIXT.        ,PALLET                                            ,         4,FIXRITE PANGLAO               ,FIXRITE PANGLAO-ADMIN                             ,FAACQ               
0033-0007886500085  ,PLASTIC PALLET BLACK D4S-1012.16                            ,      3150.00,09/07/2022,FUR. & FIXT.        ,PALLET                                            ,         4,FIXRITE PANGLAO               ,FIXRITE PANGLAO-ADMIN                             ,FAACQ               
0033-0007886500086  ,PLASTIC PALLET BLACK D4S-1012.16                            ,      3150.00,09/07/2022,FUR. & FIXT.        ,PALLET                                            ,         4,FIXRITE PANGLAO               ,FIXRITE PANGLAO-ADMIN                             ,FAACQ               
0033-0007886500087  ,PLASTIC PALLET BLACK D4S-1012.16                            ,      3150.00,09/07/2022,FUR. & FIXT.        ,PALLET                                            ,         4,FIXRITE PANGLAO               ,FIXRITE PANGLAO-ADMIN                             ,FAACQ               
0033-0007886500088  ,PLASTIC PALLET BLACK D4S-1012.16                            ,      3150.00,09/07/2022,FUR. & FIXT.        ,PALLET                                            ,         4,FIXRITE PANGLAO               ,FIXRITE PANGLAO-ADMIN                             ,FAACQ               
0033-0007886500089  ,PLASTIC PALLET BLACK D4S-1012.16                            ,      3150.00,09/07/2022,FUR. & FIXT.        ,PALLET                                            ,         4,FIXRITE PANGLAO               ,FIXRITE PANGLAO-ADMIN                             ,FAACQ               
0033-0007886500090  ,PLASTIC PALLET BLACK D4S-1012.16                            ,      3150.00,09/07/2022,FUR. & FIXT.        ,PALLET                                            ,         4,FIXRITE PANGLAO               ,FIXRITE PANGLAO-ADMIN                             ,FAACQ               
0033-0007886500091  ,PLASTIC PALLET BLACK D4S-1012.16                            ,      3150.00,09/07/2022,FUR. & FIXT.        ,PALLET                                            ,         4,FIXRITE PANGLAO               ,FIXRITE PANGLAO-ADMIN                             ,FAACQ               
0033-0007886500092  ,PLASTIC PALLET BLACK D4S-1012.16                            ,      3150.00,09/07/2022,FUR. & FIXT.        ,PALLET                                            ,         4,FIXRITE PANGLAO               ,FIXRITE PANGLAO-ADMIN                             ,FAACQ               
0033-0007886500093  ,PLASTIC PALLET BLACK D4S-1012.16                            ,      3150.00,09/07/2022,FUR. & FIXT.        ,PALLET                                            ,         4,FIXRITE PANGLAO               ,FIXRITE PANGLAO-ADMIN                             ,FAACQ               
0033-0007886500094  ,PLASTIC PALLET BLACK D4S-1012.16                            ,      3150.00,09/07/2022,FUR. & FIXT.        ,PALLET                                            ,         4,FIXRITE PANGLAO               ,FIXRITE PANGLAO-ADMIN                             ,FAACQ               
0033-0007886500095  ,PLASTIC PALLET BLACK D4S-1012.16                            ,      3150.00,09/07/2022,FUR. & FIXT.        ,PALLET                                            ,         4,FIXRITE PANGLAO               ,FIXRITE PANGLAO-ADMIN                             ,FAACQ               
0033-0007886500096  ,PLASTIC PALLET BLACK D4S-1012.16                            ,      3150.00,09/07/2022,FUR. & FIXT.        ,PALLET                                            ,         4,FIXRITE PANGLAO               ,FIXRITE PANGLAO-ADMIN                             ,FAACQ               
0033-0007886500097  ,PLASTIC PALLET BLACK D4S-1012.16                            ,      3150.00,09/07/2022,FUR. & FIXT.        ,PALLET                                            ,         4,FIXRITE PANGLAO               ,FIXRITE PANGLAO-ADMIN                             ,FAACQ               
0033-0007886500098  ,PLASTIC PALLET BLACK D4S-1012.16                            ,      3150.00,09/07/2022,FUR. & FIXT.        ,PALLET                                            ,         4,FIXRITE PANGLAO               ,FIXRITE PANGLAO-ADMIN                             ,FAACQ               
0033-0007886500099  ,PLASTIC PALLET BLACK D4S-1012.16                            ,      3150.00,09/07/2022,FUR. & FIXT.        ,PALLET                                            ,         4,FIXRITE PANGLAO               ,FIXRITE PANGLAO-ADMIN                             ,FAACQ               
0033-0007886500100  ,PLASTIC PALLET BLACK D4S-1012.16                            ,      3150.00,09/07/2022,FUR. & FIXT.        ,PALLET                                            ,         4,FIXRITE PANGLAO               ,FIXRITE PANGLAO-ADMIN                             ,FAACQ               
0033-0007886500101  ,PLASTIC PALLET BLACK D4S-1012.16                            ,      3150.00,09/07/2022,FUR. & FIXT.        ,PALLET                                            ,         4,ALTA CITTA                    ,AC-GROCERY RECEIVING                              ,FA_TRAN             
0033-0007886500102  ,PLASTIC PALLET BLACK D4S-1012.16                            ,      3150.00,09/07/2022,FUR. & FIXT.        ,PALLET                                            ,         4,ALTA CITTA                    ,AC-GROCERY RECEIVING                              ,FA_TRAN             
0033-0007886500103  ,PLASTIC PALLET BLACK D4S-1012.16                            ,      3150.00,09/07/2022,FUR. & FIXT.        ,PALLET                                            ,         4,ALTA CITTA                    ,AC-GROCERY RECEIVING                              ,FA_TRAN             
0033-0007886500104  ,PLASTIC PALLET BLACK D4S-1012.16                            ,      3150.00,09/07/2022,FUR. & FIXT.        ,PALLET                                            ,         4,ALTA CITTA                    ,AC-GROCERY RECEIVING                              ,FA_TRAN             
0033-0007886500105  ,PLASTIC PALLET BLACK D4S-1012.16                            ,      3150.00,09/07/2022,FUR. & FIXT.        ,PALLET                                            ,         4,FIXRITE PANGLAO               ,FIXRITE PANGLAO-ADMIN                             ,FAACQ               
0033-0007886500106  ,PLASTIC PALLET BLACK D4S-1012.16                            ,      3150.00,09/07/2022,FUR. & FIXT.        ,PALLET                                            ,         4,FIXRITE PANGLAO               ,FIXRITE PANGLAO-ADMIN                             ,FAACQ               
0033-0007886500107  ,PLASTIC PALLET BLACK D4S-1012.16                            ,      3150.00,09/07/2022,FUR. & FIXT.        ,PALLET                                            ,         4,FIXRITE PANGLAO               ,FIXRITE PANGLAO-ADMIN                             ,FAACQ               
0033-0007886500108  ,PLASTIC PALLET BLACK D4S-1012.16                            ,      3150.00,09/07/2022,FUR. & FIXT.        ,PALLET                                            ,         4,FIXRITE PANGLAO               ,FIXRITE PANGLAO-ADMIN                             ,FAACQ               
0033-0007886500109  ,PLASTIC PALLET BLACK D4S-1012.16                            ,      3150.00,09/07/2022,FUR. & FIXT.        ,PALLET                                            ,         4,FIXRITE PANGLAO               ,FIXRITE PANGLAO-ADMIN                             ,FAACQ               
0033-0007886500110  ,PLASTIC PALLET BLACK D4S-1012.16                            ,      3150.00,09/07/2022,FUR. & FIXT.        ,PALLET                                            ,         4,FIXRITE PANGLAO               ,FIXRITE PANGLAO-ADMIN                             ,FAACQ               
0033-0007886500111  ,PLASTIC PALLET BLACK D4S-1012.16                            ,      3150.00,09/07/2022,FUR. & FIXT.        ,PALLET                                            ,         4,FIXRITE PANGLAO               ,FIXRITE PANGLAO-ADMIN                             ,FAACQ               
0033-0007886500112  ,PLASTIC PALLET BLACK D4S-1012.16                            ,      3150.00,09/07/2022,FUR. & FIXT.        ,PALLET                                            ,         4,FIXRITE PANGLAO               ,FIXRITE PANGLAO-ADMIN                             ,FAACQ               
0033-0007886500113  ,PLASTIC PALLET BLACK D4S-1012.16                            ,      3150.00,09/07/2022,FUR. & FIXT.        ,PALLET                                            ,         4,FIXRITE PANGLAO               ,FIXRITE PANGLAO-ADMIN                             ,FAACQ               
0033-0007886500114  ,PLASTIC PALLET BLACK D4S-1012.16                            ,      3150.00,09/07/2022,FUR. & FIXT.        ,PALLET                                            ,         4,FIXRITE PANGLAO               ,FIXRITE PANGLAO-ADMIN                             ,FAACQ               
0033-0007886500115  ,PLASTIC PALLET BLACK D4S-1012.16                            ,      3150.00,09/07/2022,FUR. & FIXT.        ,PALLET                                            ,         4,FIXRITE PANGLAO               ,FIXRITE PANGLAO-ADMIN                             ,FAACQ               
0033-0007886500116  ,PLASTIC PALLET BLACK D4S-1012.16                            ,      3150.00,09/07/2022,FUR. & FIXT.        ,PALLET                                            ,         4,FIXRITE PANGLAO               ,FIXRITE PANGLAO-ADMIN                             ,FAACQ               
0033-0007886500117  ,PLASTIC PALLET BLACK D4S-1012.16                            ,      3150.00,09/07/2022,FUR. & FIXT.        ,PALLET                                            ,         4,FIXRITE PANGLAO               ,FIXRITE PANGLAO-ADMIN                             ,FAACQ               
0033-0007886500118  ,PLASTIC PALLET BLACK D4S-1012.16                            ,      3150.00,09/07/2022,FUR. & FIXT.        ,PALLET                                            ,         4,FIXRITE PANGLAO               ,FIXRITE PANGLAO-ADMIN                             ,FAACQ               
0033-0007886500119  ,PLASTIC PALLET BLACK D4S-1012.16                            ,      3150.00,09/07/2022,FUR. & FIXT.        ,PALLET                                            ,         4,FIXRITE PANGLAO               ,FIXRITE PANGLAO-ADMIN                             ,FAACQ               
0033-0007886500120  ,PLASTIC PALLET BLACK D4S-1012.16                            ,      3150.00,09/07/2022,FUR. & FIXT.        ,PALLET                                            ,         4,FIXRITE PANGLAO               ,FIXRITE PANGLAO-ADMIN                             ,FAACQ               
0033-0007886500121  ,PLASTIC PALLET BLACK D4S-1012.16                            ,      3150.00,09/07/2022,FUR. & FIXT.        ,PALLET                                            ,         4,FIXRITE PANGLAO               ,FIXRITE PANGLAO-ADMIN                             ,FAACQ               
0033-0007886500122  ,PLASTIC PALLET BLACK D4S-1012.16                            ,      3150.00,09/07/2022,FUR. & FIXT.        ,PALLET                                            ,         4,FIXRITE PANGLAO               ,FIXRITE PANGLAO-ADMIN                             ,FAACQ               
0033-0007886500123  ,PLASTIC PALLET BLACK D4S-1012.16                            ,      3150.00,09/07/2022,FUR. & FIXT.        ,PALLET                                            ,         4,FIXRITE PANGLAO               ,FIXRITE PANGLAO-ADMIN                             ,FAACQ               
0033-0007886500124  ,PLASTIC PALLET BLACK D4S-1012.16                            ,      3150.00,09/07/2022,FUR. & FIXT.        ,PALLET                                            ,         4,FIXRITE PANGLAO               ,FIXRITE PANGLAO-ADMIN                             ,FAACQ               
0033-0007886500125  ,PLASTIC PALLET BLACK D4S-1012.16                            ,      3150.00,09/07/2022,FUR. & FIXT.        ,PALLET                                            ,         4,FIXRITE PANGLAO               ,FIXRITE PANGLAO-ADMIN                             ,FAACQ               
0033-0007886500126  ,PLASTIC PALLET BLACK D4S-1012.16                            ,      3150.00,09/07/2022,FUR. & FIXT.        ,PALLET                                            ,         4,FIXRITE PANGLAO               ,FIXRITE PANGLAO-ADMIN                             ,FAACQ               
0033-0007886500127  ,PLASTIC PALLET BLACK D4S-1012.16                            ,      3150.00,09/07/2022,FUR. & FIXT.        ,PALLET                                            ,         4,FIXRITE PANGLAO               ,FIXRITE PANGLAO-ADMIN                             ,FAACQ               
0033-0007886500128  ,PLASTIC PALLET BLACK D4S-1012.16                            ,      3150.00,09/07/2022,FUR. & FIXT.        ,PALLET                                            ,         4,FIXRITE PANGLAO               ,FIXRITE PANGLAO-ADMIN                             ,FAACQ               
0033-0007886500129  ,PLASTIC PALLET BLACK D4S-1012.16                            ,      3150.00,09/07/2022,FUR. & FIXT.        ,PALLET                                            ,         4,FIXRITE PANGLAO               ,FIXRITE PANGLAO-ADMIN                             ,FAACQ               
0033-0007886500130  ,PLASTIC PALLET BLACK D4S-1012.16                            ,      3150.00,09/07/2022,FUR. & FIXT.        ,PALLET                                            ,         4,FIXRITE PANGLAO               ,FIXRITE PANGLAO-ADMIN                             ,FAACQ               
0033-0007886500131  ,PLASTIC PALLET BLACK D4S-1012.16                            ,      3150.00,09/07/2022,FUR. & FIXT.        ,PALLET                                            ,         4,FIXRITE PANGLAO               ,FIXRITE PANGLAO-ADMIN                             ,FAACQ               
0033-0007886500132  ,PLASTIC PALLET BLACK D4S-1012.16                            ,      3150.00,09/07/2022,FUR. & FIXT.        ,PALLET                                            ,         4,FIXRITE PANGLAO               ,FIXRITE PANGLAO-ADMIN                             ,FAACQ               
0033-0007886500133  ,PLASTIC PALLET BLACK D4S-1012.16                            ,      3150.00,09/07/2022,FUR. & FIXT.        ,PALLET                                            ,         4,FIXRITE PANGLAO               ,FIXRITE PANGLAO-ADMIN                             ,FAACQ               
0033-0007886500134  ,PLASTIC PALLET BLACK D4S-1012.16                            ,      3150.00,09/07/2022,FUR. & FIXT.        ,PALLET                                            ,         4,FIXRITE PANGLAO               ,FIXRITE PANGLAO-ADMIN                             ,FAACQ               
0033-0007886500135  ,PLASTIC PALLET BLACK D4S-1012.16                            ,      3150.00,09/07/2022,FUR. & FIXT.        ,PALLET                                            ,         4,FIXRITE PANGLAO               ,FIXRITE PANGLAO-ADMIN                             ,FAACQ               
0033-0007886500136  ,PLASTIC PALLET BLACK D4S-1012.16                            ,      3150.00,09/07/2022,FUR. & FIXT.        ,PALLET                                            ,         4,FIXRITE PANGLAO               ,FIXRITE PANGLAO-ADMIN                             ,FAACQ               
0033-0007886500137  ,PLASTIC PALLET BLACK D4S-1012.16                            ,      3150.00,09/07/2022,FUR. & FIXT.        ,PALLET                                            ,         4,FIXRITE PANGLAO               ,FIXRITE PANGLAO-ADMIN                             ,FAACQ               
0033-0007886500138  ,PLASTIC PALLET BLACK D4S-1012.16                            ,      3150.00,09/07/2022,FUR. & FIXT.        ,PALLET                                            ,         4,FIXRITE PANGLAO               ,FIXRITE PANGLAO-ADMIN                             ,FAACQ               
0033-0007886500139  ,PLASTIC PALLET BLACK D4S-1012.16                            ,      3150.00,09/07/2022,FUR. & FIXT.        ,PALLET                                            ,         4,FIXRITE PANGLAO               ,FIXRITE PANGLAO-ADMIN                             ,FAACQ               
0033-0007886500140  ,PLASTIC PALLET BLACK D4S-1012.16                            ,      3150.00,09/07/2022,FUR. & FIXT.        ,PALLET                                            ,         4,FIXRITE PANGLAO               ,FIXRITE PANGLAO-ADMIN                             ,FAACQ               
0033-0007886500141  ,PLASTIC PALLET BLACK D4S-1012.16                            ,      3150.00,09/07/2022,FUR. & FIXT.        ,PALLET                                            ,         4,FIXRITE PANGLAO               ,FIXRITE PANGLAO-ADMIN                             ,FAACQ               
0033-0007886500142  ,PLASTIC PALLET BLACK D4S-1012.16                            ,      3150.00,09/07/2022,FUR. & FIXT.        ,PALLET                                            ,         4,FIXRITE PANGLAO               ,FIXRITE PANGLAO-ADMIN                             ,FAACQ               
0033-0007886500143  ,PLASTIC PALLET BLACK D4S-1012.16                            ,      3150.00,09/07/2022,FUR. & FIXT.        ,PALLET                                            ,         4,FIXRITE PANGLAO               ,FIXRITE PANGLAO-ADMIN                             ,FAACQ               
0033-0007886500144  ,PLASTIC PALLET BLACK D4S-1012.16                            ,      3150.00,09/07/2022,FUR. & FIXT.        ,PALLET                                            ,         4,FIXRITE PANGLAO               ,FIXRITE PANGLAO-ADMIN                             ,FAACQ               
0033-0007886500145  ,PLASTIC PALLET BLACK D4S-1012.16                            ,      3150.00,09/07/2022,FUR. & FIXT.        ,PALLET                                            ,         4,FIXRITE PANGLAO               ,FIXRITE PANGLAO-ADMIN                             ,FAACQ               
0033-0007886500146  ,PLASTIC PALLET BLACK D4S-1012.16                            ,      3150.00,09/07/2022,FUR. & FIXT.        ,PALLET                                            ,         4,FIXRITE PANGLAO               ,FIXRITE PANGLAO-ADMIN                             ,FAACQ               
0033-0007886500147  ,PLASTIC PALLET BLACK D4S-1012.16                            ,      3150.00,09/07/2022,FUR. & FIXT.        ,PALLET                                            ,         4,FIXRITE PANGLAO               ,FIXRITE PANGLAO-ADMIN                             ,FAACQ               
0033-0007886500148  ,PLASTIC PALLET BLACK D4S-1012.16                            ,      3150.00,09/07/2022,FUR. & FIXT.        ,PALLET                                            ,         4,FIXRITE PANGLAO               ,FIXRITE PANGLAO-ADMIN                             ,FAACQ               
0033-0007886500149  ,PLASTIC PALLET BLACK D4S-1012.16                            ,      3150.00,09/07/2022,FUR. & FIXT.        ,PALLET                                            ,         4,FIXRITE PANGLAO               ,FIXRITE PANGLAO-ADMIN                             ,FAACQ               
0033-0007886500150  ,PLASTIC PALLET BLACK D4S-1012.16                            ,      3150.00,09/07/2022,FUR. & FIXT.        ,PALLET                                            ,         4,FIXRITE PANGLAO               ,FIXRITE PANGLAO-ADMIN                             ,FAACQ               
0033-0007886500151  ,PLASTIC PALLET BLACK D4S-1012.16                            ,      3150.00,09/07/2022,FUR. & FIXT.        ,PALLET                                            ,         4,FIXRITE PANGLAO               ,FIXRITE PANGLAO-ADMIN                             ,FAACQ               
0033-0007886500152  ,PLASTIC PALLET BLACK D4S-1012.16                            ,      3150.00,09/07/2022,FUR. & FIXT.        ,PALLET                                            ,         4,FIXRITE PANGLAO               ,FIXRITE PANGLAO-ADMIN                             ,FAACQ               
0033-0007886500153  ,PLASTIC PALLET BLACK D4S-1012.16                            ,      3150.00,09/07/2022,FUR. & FIXT.        ,PALLET                                            ,         4,FIXRITE PANGLAO               ,FIXRITE PANGLAO-ADMIN                             ,FAACQ               
0033-0007886500154  ,PLASTIC PALLET BLACK D4S-1012.16                            ,      3150.00,09/07/2022,FUR. & FIXT.        ,PALLET                                            ,         4,FIXRITE PANGLAO               ,FIXRITE PANGLAO-ADMIN                             ,FAACQ               
0033-0007886500155  ,PLASTIC PALLET BLACK D4S-1012.16                            ,      3150.00,09/07/2022,FUR. & FIXT.        ,PALLET                                            ,         4,FIXRITE PANGLAO               ,FIXRITE PANGLAO-ADMIN                             ,FAACQ               
0033-0007886500156  ,PLASTIC PALLET BLACK D4S-1012.16                            ,      3150.00,09/07/2022,FUR. & FIXT.        ,PALLET                                            ,         4,FIXRITE PANGLAO               ,FIXRITE PANGLAO-ADMIN                             ,FAACQ               
0033-0007886500157  ,PLASTIC PALLET BLACK D4S-1012.16                            ,      3150.00,09/07/2022,FUR. & FIXT.        ,PALLET                                            ,         4,FIXRITE PANGLAO               ,FIXRITE PANGLAO-ADMIN                             ,FAACQ               
0033-0007886500158  ,PLASTIC PALLET BLACK D4S-1012.16                            ,      3150.00,09/07/2022,FUR. & FIXT.        ,PALLET                                            ,         4,FIXRITE PANGLAO               ,FIXRITE PANGLAO-ADMIN                             ,FAACQ               
0033-0007886500159  ,PLASTIC PALLET BLACK D4S-1012.16                            ,      3150.00,09/07/2022,FUR. & FIXT.        ,PALLET                                            ,         4,FIXRITE PANGLAO               ,FIXRITE PANGLAO-ADMIN                             ,FAACQ               
0033-0007886500160  ,PLASTIC PALLET BLACK D4S-1012.16                            ,      3150.00,09/07/2022,FUR. & FIXT.        ,PALLET                                            ,         4,FIXRITE PANGLAO               ,FIXRITE PANGLAO-ADMIN                             ,FAACQ               
0033-0007886500161  ,PLASTIC PALLET BLACK D4S-1012.16                            ,      3150.00,09/07/2022,FUR. & FIXT.        ,PALLET                                            ,         4,FIXRITE PANGLAO               ,FIXRITE PANGLAO-ADMIN                             ,FAACQ               
0033-0007886500162  ,PLASTIC PALLET BLACK D4S-1012.16                            ,      3150.00,09/07/2022,FUR. & FIXT.        ,PALLET                                            ,         4,FIXRITE PANGLAO               ,FIXRITE PANGLAO-ADMIN                             ,FAACQ               
0033-0007886500163  ,PLASTIC PALLET BLACK D4S-1012.16                            ,      3150.00,09/07/2022,FUR. & FIXT.        ,PALLET                                            ,         4,FIXRITE PANGLAO               ,FIXRITE PANGLAO-ADMIN                             ,FAACQ               
0033-0007886500164  ,PLASTIC PALLET BLACK D4S-1012.16                            ,      3150.00,09/07/2022,FUR. & FIXT.        ,PALLET                                            ,         4,FIXRITE PANGLAO               ,FIXRITE PANGLAO-ADMIN                             ,FAACQ               
0033-0007886500165  ,PLASTIC PALLET BLACK D4S-1012.16                            ,      3150.00,09/07/2022,FUR. & FIXT.        ,PALLET                                            ,         4,FIXRITE PANGLAO               ,FIXRITE PANGLAO-ADMIN                             ,FAACQ               
0033-0007886500166  ,PLASTIC PALLET BLACK D4S-1012.16                            ,      3150.00,09/07/2022,FUR. & FIXT.        ,PALLET                                            ,         4,FIXRITE PANGLAO               ,FIXRITE PANGLAO-ADMIN                             ,FAACQ               
0033-0007886500167  ,PLASTIC PALLET BLACK D4S-1012.16                            ,      3150.00,09/07/2022,FUR. & FIXT.        ,PALLET                                            ,         4,FIXRITE PANGLAO               ,FIXRITE PANGLAO-ADMIN                             ,FAACQ               
0033-0007886500168  ,PLASTIC PALLET BLACK D4S-1012.16                            ,      3150.00,09/07/2022,FUR. & FIXT.        ,PALLET                                            ,         4,FIXRITE PANGLAO               ,FIXRITE PANGLAO-ADMIN                             ,FAACQ               
0033-0007886500169  ,PLASTIC PALLET BLACK D4S-1012.16                            ,      3150.00,09/07/2022,FUR. & FIXT.        ,PALLET                                            ,         4,FIXRITE PANGLAO               ,FIXRITE PANGLAO-ADMIN                             ,FAACQ               
0033-0007886500170  ,PLASTIC PALLET BLACK D4S-1012.16                            ,      3150.00,09/07/2022,FUR. & FIXT.        ,PALLET                                            ,         4,FIXRITE PANGLAO               ,FIXRITE PANGLAO-ADMIN                             ,FAACQ               
0033-0007886500171  ,PLASTIC PALLET BLACK D4S-1012.16                            ,      3150.00,09/07/2022,FUR. & FIXT.        ,PALLET                                            ,         4,FIXRITE PANGLAO               ,FIXRITE PANGLAO-ADMIN                             ,FAACQ               
0033-0007886500172  ,PLASTIC PALLET BLACK D4S-1012.16                            ,      3150.00,09/07/2022,FUR. & FIXT.        ,PALLET                                            ,         4,FIXRITE PANGLAO               ,FIXRITE PANGLAO-ADMIN                             ,FAACQ               
0033-0007886500173  ,PLASTIC PALLET BLACK D4S-1012.16                            ,      3150.00,09/07/2022,FUR. & FIXT.        ,PALLET                                            ,         4,FIXRITE PANGLAO               ,FIXRITE PANGLAO-ADMIN                             ,FAACQ               
0033-0007886500174  ,PLASTIC PALLET BLACK D4S-1012.16                            ,      3150.00,09/07/2022,FUR. & FIXT.        ,PALLET                                            ,         4,FIXRITE PANGLAO               ,FIXRITE PANGLAO-ADMIN                             ,FAACQ               
0033-0007886500175  ,PLASTIC PALLET BLACK D4S-1012.16                            ,      3150.00,09/07/2022,FUR. & FIXT.        ,PALLET                                            ,         4,FIXRITE PANGLAO               ,FIXRITE PANGLAO-ADMIN                             ,FAACQ               
0033-0007886500176  ,PLASTIC PALLET BLACK D4S-1012.16                            ,      3150.00,09/07/2022,FUR. & FIXT.        ,PALLET                                            ,         4,FIXRITE PANGLAO               ,FIXRITE PANGLAO-ADMIN                             ,FAACQ               
0033-0007886500177  ,PLASTIC PALLET BLACK D4S-1012.16                            ,      3150.00,09/07/2022,FUR. & FIXT.        ,PALLET                                            ,         4,FIXRITE PANGLAO               ,FIXRITE PANGLAO-ADMIN                             ,FAACQ               
0033-0007886500178  ,PLASTIC PALLET BLACK D4S-1012.16                            ,      3150.00,09/07/2022,FUR. & FIXT.        ,PALLET                                            ,         4,FIXRITE PANGLAO               ,FIXRITE PANGLAO-ADMIN                             ,FAACQ               
0033-0007886500179  ,PLASTIC PALLET BLACK D4S-1012.16                            ,      3150.00,09/07/2022,FUR. & FIXT.        ,PALLET                                            ,         4,FIXRITE PANGLAO               ,FIXRITE PANGLAO-ADMIN                             ,FAACQ               
0033-0007886500180  ,PLASTIC PALLET BLACK D4S-1012.16                            ,      3150.00,09/07/2022,FUR. & FIXT.        ,PALLET                                            ,         4,FIXRITE PANGLAO               ,FIXRITE PANGLAO-ADMIN                             ,FAACQ               
0033-0007886500181  ,PLASTIC PALLET BLACK D4S-1012.16                            ,      3150.00,09/07/2022,FUR. & FIXT.        ,PALLET                                            ,         4,FIXRITE PANGLAO               ,FIXRITE PANGLAO-ADMIN                             ,FAACQ               
0033-0007886500182  ,PLASTIC PALLET BLACK D4S-1012.16                            ,      3150.00,09/07/2022,FUR. & FIXT.        ,PALLET                                            ,         4,FIXRITE PANGLAO               ,FIXRITE PANGLAO-ADMIN                             ,FAACQ               
0033-0007886500183  ,PLASTIC PALLET BLACK D4S-1012.16                            ,      3150.00,09/07/2022,FUR. & FIXT.        ,PALLET                                            ,         4,FIXRITE PANGLAO               ,FIXRITE PANGLAO-ADMIN                             ,FAACQ               
0033-0007886500184  ,PLASTIC PALLET BLACK D4S-1012.16                            ,      3150.00,09/07/2022,FUR. & FIXT.        ,PALLET                                            ,         4,FIXRITE PANGLAO               ,FIXRITE PANGLAO-ADMIN                             ,FAACQ               
0033-0007886500185  ,PLASTIC PALLET BLACK D4S-1012.16                            ,      3150.00,09/07/2022,FUR. & FIXT.        ,PALLET                                            ,         4,FIXRITE PANGLAO               ,FIXRITE PANGLAO-ADMIN                             ,FAACQ               
0033-0007886500186  ,PLASTIC PALLET BLACK D4S-1012.16                            ,      3150.00,09/07/2022,FUR. & FIXT.        ,PALLET                                            ,         4,FIXRITE PANGLAO               ,FIXRITE PANGLAO-ADMIN                             ,FAACQ               
0033-0007886500187  ,PLASTIC PALLET BLACK D4S-1012.16                            ,      3150.00,09/07/2022,FUR. & FIXT.        ,PALLET                                            ,         4,FIXRITE PANGLAO               ,FIXRITE PANGLAO-ADMIN                             ,FAACQ               
0033-0007886500188  ,PLASTIC PALLET BLACK D4S-1012.16                            ,      3150.00,09/07/2022,FUR. & FIXT.        ,PALLET                                            ,         4,FIXRITE PANGLAO               ,FIXRITE PANGLAO-ADMIN                             ,FAACQ               
0033-0007886500189  ,PLASTIC PALLET BLACK D4S-1012.16                            ,      3150.00,09/07/2022,FUR. & FIXT.        ,PALLET                                            ,         4,FIXRITE PANGLAO               ,FIXRITE PANGLAO-ADMIN                             ,FAACQ               
0033-0007886500190  ,PLASTIC PALLET BLACK D4S-1012.16                            ,      3150.00,09/07/2022,FUR. & FIXT.        ,PALLET                                            ,         4,FIXRITE PANGLAO               ,FIXRITE PANGLAO-ADMIN                             ,FAACQ               
0033-0007886500191  ,PLASTIC PALLET BLACK D4S-1012.16                            ,      3150.00,09/07/2022,FUR. & FIXT.        ,PALLET                                            ,         4,FIXRITE PANGLAO               ,FIXRITE PANGLAO-ADMIN                             ,FAACQ               
0033-0007886500192  ,PLASTIC PALLET BLACK D4S-1012.16                            ,      3150.00,09/07/2022,FUR. & FIXT.        ,PALLET                                            ,         4,FIXRITE PANGLAO               ,FIXRITE PANGLAO-ADMIN                             ,FAACQ               
0033-0007886500193  ,PLASTIC PALLET BLACK D4S-1012.16                            ,      3150.00,09/07/2022,FUR. & FIXT.        ,PALLET                                            ,         4,FIXRITE PANGLAO               ,FIXRITE PANGLAO-ADMIN                             ,FAACQ               
0033-0007886500194  ,PLASTIC PALLET BLACK D4S-1012.16                            ,      3150.00,09/07/2022,FUR. & FIXT.        ,PALLET                                            ,         4,FIXRITE PANGLAO               ,FIXRITE PANGLAO-ADMIN                             ,FAACQ               
0033-0007886500195  ,PLASTIC PALLET BLACK D4S-1012.16                            ,      3150.00,09/07/2022,FUR. & FIXT.        ,PALLET                                            ,         4,FIXRITE PANGLAO               ,FIXRITE PANGLAO-ADMIN                             ,FAACQ               
0033-0007886500196  ,PLASTIC PALLET BLACK D4S-1012.16                            ,      3150.00,09/07/2022,FUR. & FIXT.        ,PALLET                                            ,         4,FIXRITE PANGLAO               ,FIXRITE PANGLAO-ADMIN                             ,FAACQ               
0033-0007886500197  ,PLASTIC PALLET BLACK D4S-1012.16                            ,      3150.00,09/07/2022,FUR. & FIXT.        ,PALLET                                            ,         4,FIXRITE PANGLAO               ,FIXRITE PANGLAO-ADMIN                             ,FAACQ               
0033-0007886500198  ,PLASTIC PALLET BLACK D4S-1012.16                            ,      3150.00,09/07/2022,FUR. & FIXT.        ,PALLET                                            ,         4,FIXRITE PANGLAO               ,FIXRITE PANGLAO-ADMIN                             ,FAACQ               
0033-0007886500199  ,PLASTIC PALLET BLACK D4S-1012.16                            ,      3150.00,09/07/2022,FUR. & FIXT.        ,PALLET                                            ,         4,FIXRITE PANGLAO               ,FIXRITE PANGLAO-ADMIN                             ,FAACQ               
0033-0007886500200  ,PLASTIC PALLET BLACK D4S-1012.16                            ,      3150.00,09/07/2022,FUR. & FIXT.        ,PALLET                                            ,         4,FIXRITE PANGLAO               ,FIXRITE PANGLAO-ADMIN                             ,FAACQ               
0033-0007886500201  ,PLASTIC PALLET BLACK D4S-1012.16                            ,      3150.00,09/07/2022,FUR. & FIXT.        ,PALLET                                            ,         4,FIXRITE PANGLAO               ,FIXRITE PANGLAO-ADMIN                             ,FAACQ               
0033-0007886500202  ,PLASTIC PALLET BLACK D4S-1012.16                            ,      3150.00,09/07/2022,FUR. & FIXT.        ,PALLET                                            ,         4,FIXRITE PANGLAO               ,FIXRITE PANGLAO-ADMIN                             ,FAACQ               
0033-0007886500203  ,PLASTIC PALLET BLACK D4S-1012.16                            ,      3150.00,09/07/2022,FUR. & FIXT.        ,PALLET                                            ,         4,FIXRITE PANGLAO               ,FIXRITE PANGLAO-ADMIN                             ,FAACQ               
0033-0007886500204  ,PLASTIC PALLET BLACK D4S-1012.16                            ,      3150.00,09/07/2022,FUR. & FIXT.        ,PALLET                                            ,         4,FIXRITE PANGLAO               ,FIXRITE PANGLAO-ADMIN                             ,FAACQ               
0033-0007886500205  ,PLASTIC PALLET BLACK D4S-1012.16                            ,      3150.00,09/07/2022,FUR. & FIXT.        ,PALLET                                            ,         4,FIXRITE PANGLAO               ,FIXRITE PANGLAO-ADMIN                             ,FAACQ               
0033-0007886500206  ,PLASTIC PALLET BLACK D4S-1012.16                            ,      3150.00,09/07/2022,FUR. & FIXT.        ,PALLET                                            ,         4,FIXRITE PANGLAO               ,FIXRITE PANGLAO-ADMIN                             ,FAACQ               
0033-0007886500207  ,PLASTIC PALLET BLACK D4S-1012.16                            ,      3150.00,09/07/2022,FUR. & FIXT.        ,PALLET                                            ,         4,FIXRITE PANGLAO               ,FIXRITE PANGLAO-ADMIN                             ,FAACQ               
0033-0007886500208  ,PLASTIC PALLET BLACK D4S-1012.16                            ,      3150.00,09/07/2022,FUR. & FIXT.        ,PALLET                                            ,         4,FIXRITE PANGLAO               ,FIXRITE PANGLAO-ADMIN                             ,FAACQ               
0033-0007886500209  ,PLASTIC PALLET BLACK D4S-1012.16                            ,      3150.00,09/07/2022,FUR. & FIXT.        ,PALLET                                            ,         4,FIXRITE PANGLAO               ,FIXRITE PANGLAO-ADMIN                             ,FAACQ               
0033-0007886500210  ,PLASTIC PALLET BLACK D4S-1012.16                            ,      3150.00,09/07/2022,FUR. & FIXT.        ,PALLET                                            ,         4,FIXRITE PANGLAO               ,FIXRITE PANGLAO-ADMIN                             ,FAACQ               
0033-0007886500211  ,PLASTIC PALLET BLACK D4S-1012.16                            ,      3150.00,09/07/2022,FUR. & FIXT.        ,PALLET                                            ,         4,FIXRITE PANGLAO               ,FIXRITE PANGLAO-ADMIN                             ,FAACQ               
0033-0007886500212  ,PLASTIC PALLET BLACK D4S-1012.16                            ,      3150.00,09/07/2022,FUR. & FIXT.        ,PALLET                                            ,         4,FIXRITE PANGLAO               ,FIXRITE PANGLAO-ADMIN                             ,FAACQ               
0033-0007886500213  ,PLASTIC PALLET BLACK D4S-1012.16                            ,      3150.00,09/07/2022,FUR. & FIXT.        ,PALLET                                            ,         4,FIXRITE PANGLAO               ,FIXRITE PANGLAO-ADMIN                             ,FAACQ               
0033-0007886500214  ,PLASTIC PALLET BLACK D4S-1012.16                            ,      3150.00,09/07/2022,FUR. & FIXT.        ,PALLET                                            ,         4,FIXRITE PANGLAO               ,FIXRITE PANGLAO-ADMIN                             ,FAACQ               
0033-0007886500215  ,PLASTIC PALLET BLACK D4S-1012.16                            ,      3150.00,09/07/2022,FUR. & FIXT.        ,PALLET                                            ,         4,FIXRITE PANGLAO               ,FIXRITE PANGLAO-ADMIN                             ,FAACQ               
0033-0007886500216  ,PLASTIC PALLET BLACK D4S-1012.16                            ,      3150.00,09/07/2022,FUR. & FIXT.        ,PALLET                                            ,         4,FIXRITE PANGLAO               ,FIXRITE PANGLAO-ADMIN                             ,FAACQ               
0033-0007886500217  ,PLASTIC PALLET BLACK D4S-1012.16                            ,      3150.00,09/07/2022,FUR. & FIXT.        ,PALLET                                            ,         4,FIXRITE PANGLAO               ,FIXRITE PANGLAO-ADMIN                             ,FAACQ               
0033-0007886500218  ,PLASTIC PALLET BLACK D4S-1012.16                            ,      3150.00,09/07/2022,FUR. & FIXT.        ,PALLET                                            ,         4,FIXRITE PANGLAO               ,FIXRITE PANGLAO-ADMIN                             ,FAACQ               
0033-0007886500219  ,PLASTIC PALLET BLACK D4S-1012.16                            ,      3150.00,09/07/2022,FUR. & FIXT.        ,PALLET                                            ,         4,FIXRITE PANGLAO               ,FIXRITE PANGLAO-ADMIN                             ,FAACQ               
0033-0007886500220  ,PLASTIC PALLET BLACK D4S-1012.16                            ,      3150.00,09/07/2022,FUR. & FIXT.        ,PALLET                                            ,         4,FIXRITE PANGLAO               ,FIXRITE PANGLAO-ADMIN                             ,FAACQ               
0033-0007886500221  ,PLASTIC PALLET BLACK D4S-1012.16                            ,      3150.00,09/07/2022,FUR. & FIXT.        ,PALLET                                            ,         4,FIXRITE PANGLAO               ,FIXRITE PANGLAO-ADMIN                             ,FAACQ               
0033-0007886500222  ,PLASTIC PALLET BLACK D4S-1012.16                            ,      3150.00,09/07/2022,FUR. & FIXT.        ,PALLET                                            ,         4,FIXRITE PANGLAO               ,FIXRITE PANGLAO-ADMIN                             ,FAACQ               
0033-0007886500223  ,PLASTIC PALLET BLACK D4S-1012.16                            ,      3150.00,09/07/2022,FUR. & FIXT.        ,PALLET                                            ,         4,FIXRITE PANGLAO               ,FIXRITE PANGLAO-ADMIN                             ,FAACQ               
0033-0007886500224  ,PLASTIC PALLET BLACK D4S-1012.16                            ,      3150.00,09/07/2022,FUR. & FIXT.        ,PALLET                                            ,         4,FIXRITE PANGLAO               ,FIXRITE PANGLAO-ADMIN                             ,FAACQ               
0033-0007886500225  ,PLASTIC PALLET BLACK D4S-1012.16                            ,      3150.00,09/07/2022,FUR. & FIXT.        ,PALLET                                            ,         4,FIXRITE PANGLAO               ,FIXRITE PANGLAO-ADMIN                             ,FAACQ               
0033-0007886500226  ,PLASTIC PALLET BLACK D4S-1012.16                            ,      3150.00,09/07/2022,FUR. & FIXT.        ,PALLET                                            ,         4,FIXRITE PANGLAO               ,FIXRITE PANGLAO-ADMIN                             ,FAACQ               
0033-0007886500227  ,PLASTIC PALLET BLACK D4S-1012.16                            ,      3150.00,09/07/2022,FUR. & FIXT.        ,PALLET                                            ,         4,FIXRITE PANGLAO               ,FIXRITE PANGLAO-ADMIN                             ,FAACQ               
0033-0007886500228  ,PLASTIC PALLET BLACK D4S-1012.16                            ,      3150.00,09/07/2022,FUR. & FIXT.        ,PALLET                                            ,         4,FIXRITE PANGLAO               ,FIXRITE PANGLAO-ADMIN                             ,FAACQ               
0033-0007886500229  ,PLASTIC PALLET BLACK D4S-1012.16                            ,      3150.00,09/07/2022,FUR. & FIXT.        ,PALLET                                            ,         4,FIXRITE PANGLAO               ,FIXRITE PANGLAO-ADMIN                             ,FAACQ               
0033-0007886500230  ,PLASTIC PALLET BLACK D4S-1012.16                            ,      3150.00,09/07/2022,FUR. & FIXT.        ,PALLET                                            ,         4,FIXRITE PANGLAO               ,FIXRITE PANGLAO-ADMIN                             ,FAACQ               
0033-0007886500231  ,PLASTIC PALLET BLACK D4S-1012.16                            ,      3150.00,09/07/2022,FUR. & FIXT.        ,PALLET                                            ,         4,FIXRITE PANGLAO               ,FIXRITE PANGLAO-ADMIN                             ,FAACQ               
0033-0007886500232  ,PLASTIC PALLET BLACK D4S-1012.16                            ,      3150.00,09/07/2022,FUR. & FIXT.        ,PALLET                                            ,         4,FIXRITE PANGLAO               ,FIXRITE PANGLAO-ADMIN                             ,FAACQ               
0033-0007886500233  ,PLASTIC PALLET BLACK D4S-1012.16                            ,      3150.00,09/07/2022,FUR. & FIXT.        ,PALLET                                            ,         4,FIXRITE PANGLAO               ,FIXRITE PANGLAO-ADMIN                             ,FAACQ               
0033-0007886500234  ,PLASTIC PALLET BLACK D4S-1012.16                            ,      3150.00,09/07/2022,FUR. & FIXT.        ,PALLET                                            ,         4,FIXRITE PANGLAO               ,FIXRITE PANGLAO-ADMIN                             ,FAACQ               
0033-0007886500235  ,PLASTIC PALLET BLACK D4S-1012.16                            ,      3150.00,09/07/2022,FUR. & FIXT.        ,PALLET                                            ,         4,FIXRITE PANGLAO               ,FIXRITE PANGLAO-ADMIN                             ,FAACQ               
0033-0007886500236  ,PLASTIC PALLET BLACK D4S-1012.16                            ,      3150.00,09/07/2022,FUR. & FIXT.        ,PALLET                                            ,         4,FIXRITE PANGLAO               ,FIXRITE PANGLAO-ADMIN                             ,FAACQ               
0033-0007886500237  ,PLASTIC PALLET BLACK D4S-1012.16                            ,      3150.00,09/07/2022,FUR. & FIXT.        ,PALLET                                            ,         4,FIXRITE PANGLAO               ,FIXRITE PANGLAO-ADMIN                             ,FAACQ               
0033-0007886500238  ,PLASTIC PALLET BLACK D4S-1012.16                            ,      3150.00,09/07/2022,FUR. & FIXT.        ,PALLET                                            ,         4,FIXRITE PANGLAO               ,FIXRITE PANGLAO-ADMIN                             ,FAACQ               
0033-0007886500239  ,PLASTIC PALLET BLACK D4S-1012.16                            ,      3150.00,09/07/2022,FUR. & FIXT.        ,PALLET                                            ,         4,FIXRITE PANGLAO               ,FIXRITE PANGLAO-ADMIN                             ,FAACQ               
0033-0007886500240  ,PLASTIC PALLET BLACK D4S-1012.16                            ,      3150.00,09/07/2022,FUR. & FIXT.        ,PALLET                                            ,         4,FIXRITE PANGLAO               ,FIXRITE PANGLAO-ADMIN                             ,FAACQ               
0033-0007886500241  ,PLASTIC PALLET BLACK D4S-1012.16                            ,      3150.00,09/07/2022,FUR. & FIXT.        ,PALLET                                            ,         4,FIXRITE PANGLAO               ,FIXRITE PANGLAO-ADMIN                             ,FAACQ               
0033-0007886500242  ,PLASTIC PALLET BLACK D4S-1012.16                            ,      3150.00,09/07/2022,FUR. & FIXT.        ,PALLET                                            ,         4,FIXRITE PANGLAO               ,FIXRITE PANGLAO-ADMIN                             ,FAACQ               
0033-0007886500243  ,PLASTIC PALLET BLACK D4S-1012.16                            ,      3150.00,09/07/2022,FUR. & FIXT.        ,PALLET                                            ,         4,FIXRITE PANGLAO               ,FIXRITE PANGLAO-ADMIN                             ,FAACQ               
0033-0007886500244  ,PLASTIC PALLET BLACK D4S-1012.16                            ,      3150.00,09/07/2022,FUR. & FIXT.        ,PALLET                                            ,         4,FIXRITE PANGLAO               ,FIXRITE PANGLAO-ADMIN                             ,FAACQ               
0033-0007886500245  ,PLASTIC PALLET BLACK D4S-1012.16                            ,      3150.00,09/07/2022,FUR. & FIXT.        ,PALLET                                            ,         4,FIXRITE PANGLAO               ,FIXRITE PANGLAO-ADMIN                             ,FAACQ               
0033-0007886500246  ,PLASTIC PALLET BLACK D4S-1012.16                            ,      3150.00,09/07/2022,FUR. & FIXT.        ,PALLET                                            ,         4,FIXRITE PANGLAO               ,FIXRITE PANGLAO-ADMIN                             ,FAACQ               
0033-0007886500247  ,PLASTIC PALLET BLACK D4S-1012.16                            ,      3150.00,09/07/2022,FUR. & FIXT.        ,PALLET                                            ,         4,FIXRITE PANGLAO               ,FIXRITE PANGLAO-ADMIN                             ,FAACQ               
0033-0007886500248  ,PLASTIC PALLET BLACK D4S-1012.16                            ,      3150.00,09/07/2022,FUR. & FIXT.        ,PALLET                                            ,         4,FIXRITE PANGLAO               ,FIXRITE PANGLAO-ADMIN                             ,FAACQ               
0033-0007886500249  ,PLASTIC PALLET BLACK D4S-1012.16                            ,      3150.00,09/07/2022,FUR. & FIXT.        ,PALLET                                            ,         4,FIXRITE PANGLAO               ,FIXRITE PANGLAO-ADMIN                             ,FAACQ               
0033-0007886500250  ,PLASTIC PALLET BLACK D4S-1012.16                            ,      3150.00,09/07/2022,FUR. & FIXT.        ,PALLET                                            ,         4,FIXRITE PANGLAO               ,FIXRITE PANGLAO-ADMIN                             ,FAACQ               
0033-0007886500251  ,PLASTIC PALLET BLACK D4S-1012.16                            ,      3150.00,09/07/2022,FUR. & FIXT.        ,PALLET                                            ,         4,FIXRITE PANGLAO               ,FIXRITE PANGLAO-ADMIN                             ,FAACQ               
0033-0007886500252  ,PLASTIC PALLET BLACK D4S-1012.16                            ,      3150.00,09/07/2022,FUR. & FIXT.        ,PALLET                                            ,         4,FIXRITE PANGLAO               ,FIXRITE PANGLAO-ADMIN                             ,FAACQ               
0033-0007886500253  ,PLASTIC PALLET BLACK D4S-1012.16                            ,      3150.00,09/07/2022,FUR. & FIXT.        ,PALLET                                            ,         4,FIXRITE PANGLAO               ,FIXRITE PANGLAO-ADMIN                             ,FAACQ               
0033-0007886500254  ,PLASTIC PALLET BLACK D4S-1012.16                            ,      3150.00,09/07/2022,FUR. & FIXT.        ,PALLET                                            ,         4,FIXRITE PANGLAO               ,FIXRITE PANGLAO-ADMIN                             ,FAACQ               
0033-0007886500255  ,PLASTIC PALLET BLACK D4S-1012.16                            ,      3150.00,09/07/2022,FUR. & FIXT.        ,PALLET                                            ,         4,FIXRITE PANGLAO               ,FIXRITE PANGLAO-ADMIN                             ,FAACQ               
0033-0007886500256  ,PLASTIC PALLET BLACK D4S-1012.16                            ,      3150.00,09/07/2022,FUR. & FIXT.        ,PALLET                                            ,         4,FIXRITE PANGLAO               ,FIXRITE PANGLAO-ADMIN                             ,FAACQ               
0033-0007886500257  ,PLASTIC PALLET BLACK D4S-1012.16                            ,      3150.00,09/07/2022,FUR. & FIXT.        ,PALLET                                            ,         4,FIXRITE PANGLAO               ,FIXRITE PANGLAO-ADMIN                             ,FAACQ               
0033-0007886500258  ,PLASTIC PALLET BLACK D4S-1012.16                            ,      3150.00,09/07/2022,FUR. & FIXT.        ,PALLET                                            ,         4,FIXRITE PANGLAO               ,FIXRITE PANGLAO-ADMIN                             ,FAACQ               
0033-0007886500259  ,PLASTIC PALLET BLACK D4S-1012.16                            ,      3150.00,09/07/2022,FUR. & FIXT.        ,PALLET                                            ,         4,FIXRITE PANGLAO               ,FIXRITE PANGLAO-ADMIN                             ,FAACQ               
0033-0007886500260  ,PLASTIC PALLET BLACK D4S-1012.16                            ,      3150.00,09/07/2022,FUR. & FIXT.        ,PALLET                                            ,         4,FIXRITE PANGLAO               ,FIXRITE PANGLAO-ADMIN                             ,FAACQ               
0033-0007886500261  ,PLASTIC PALLET BLACK D4S-1012.16                            ,      3150.00,09/07/2022,FUR. & FIXT.        ,PALLET                                            ,         4,FIXRITE PANGLAO               ,FIXRITE PANGLAO-ADMIN                             ,FAACQ               
0033-0007886500262  ,PLASTIC PALLET BLACK D4S-1012.16                            ,      3150.00,09/07/2022,FUR. & FIXT.        ,PALLET                                            ,         4,FIXRITE PANGLAO               ,FIXRITE PANGLAO-ADMIN                             ,FAACQ               
0033-0007886500263  ,PLASTIC PALLET BLACK D4S-1012.16                            ,      3150.00,09/07/2022,FUR. & FIXT.        ,PALLET                                            ,         4,FIXRITE PANGLAO               ,FIXRITE PANGLAO-ADMIN                             ,FAACQ               
0033-0007886500264  ,PLASTIC PALLET BLACK D4S-1012.16                            ,      3150.00,09/07/2022,FUR. & FIXT.        ,PALLET                                            ,         4,FIXRITE PANGLAO               ,FIXRITE PANGLAO-ADMIN                             ,FAACQ               
0033-0007886500265  ,PLASTIC PALLET BLACK D4S-1012.16                            ,      3150.00,09/07/2022,FUR. & FIXT.        ,PALLET                                            ,         4,FIXRITE PANGLAO               ,FIXRITE PANGLAO-ADMIN                             ,FAACQ               
0033-0007886500266  ,PLASTIC PALLET BLACK D4S-1012.16                            ,      3150.00,09/07/2022,FUR. & FIXT.        ,PALLET                                            ,         4,FIXRITE PANGLAO               ,FIXRITE PANGLAO-ADMIN                             ,FAACQ               
0033-0007886500267  ,PLASTIC PALLET BLACK D4S-1012.16                            ,      3150.00,09/07/2022,FUR. & FIXT.        ,PALLET                                            ,         4,FIXRITE PANGLAO               ,FIXRITE PANGLAO-ADMIN                             ,FAACQ               
0033-0007886500268  ,PLASTIC PALLET BLACK D4S-1012.16                            ,      3150.00,09/07/2022,FUR. & FIXT.        ,PALLET                                            ,         4,FIXRITE PANGLAO               ,FIXRITE PANGLAO-ADMIN                             ,FAACQ               
0033-0007886500269  ,PLASTIC PALLET BLACK D4S-1012.16                            ,      3150.00,09/07/2022,FUR. & FIXT.        ,PALLET                                            ,         4,FIXRITE PANGLAO               ,FIXRITE PANGLAO-ADMIN                             ,FAACQ               
0033-0007886500270  ,PLASTIC PALLET BLACK D4S-1012.16                            ,      3150.00,09/07/2022,FUR. & FIXT.        ,PALLET                                            ,         4,FIXRITE PANGLAO               ,FIXRITE PANGLAO-ADMIN                             ,FAACQ               
0033-0007886500271  ,PLASTIC PALLET BLACK D4S-1012.16                            ,      3150.00,09/07/2022,FUR. & FIXT.        ,PALLET                                            ,         4,FIXRITE PANGLAO               ,FIXRITE PANGLAO-ADMIN                             ,FAACQ               
0033-0007886500272  ,PLASTIC PALLET BLACK D4S-1012.16                            ,      3150.00,09/07/2022,FUR. & FIXT.        ,PALLET                                            ,         4,FIXRITE PANGLAO               ,FIXRITE PANGLAO-ADMIN                             ,FAACQ               
0033-0007886500273  ,PLASTIC PALLET BLACK D4S-1012.16                            ,      3150.00,09/07/2022,FUR. & FIXT.        ,PALLET                                            ,         4,FIXRITE PANGLAO               ,FIXRITE PANGLAO-ADMIN                             ,FAACQ               
0033-0007886500274  ,PLASTIC PALLET BLACK D4S-1012.16                            ,      3150.00,09/07/2022,FUR. & FIXT.        ,PALLET                                            ,         4,FIXRITE PANGLAO               ,FIXRITE PANGLAO-ADMIN                             ,FAACQ               
0033-0007886500275  ,PLASTIC PALLET BLACK D4S-1012.16                            ,      3150.00,09/07/2022,FUR. & FIXT.        ,PALLET                                            ,         4,FIXRITE PANGLAO               ,FIXRITE PANGLAO-ADMIN                             ,FAACQ               
0033-0007886500276  ,PLASTIC PALLET BLACK D4S-1012.16                            ,      3150.00,09/07/2022,FUR. & FIXT.        ,PALLET                                            ,         4,FIXRITE PANGLAO               ,FIXRITE PANGLAO-ADMIN                             ,FAACQ               
0033-0007886500277  ,PLASTIC PALLET BLACK D4S-1012.16                            ,      3150.00,09/07/2022,FUR. & FIXT.        ,PALLET                                            ,         4,FIXRITE PANGLAO               ,FIXRITE PANGLAO-ADMIN                             ,FAACQ               
0033-0007886500278  ,PLASTIC PALLET BLACK D4S-1012.16                            ,      3150.00,09/07/2022,FUR. & FIXT.        ,PALLET                                            ,         4,FIXRITE PANGLAO               ,FIXRITE PANGLAO-ADMIN                             ,FAACQ               
0033-0007886500279  ,PLASTIC PALLET BLACK D4S-1012.16                            ,      3150.00,09/07/2022,FUR. & FIXT.        ,PALLET                                            ,         4,FIXRITE PANGLAO               ,FIXRITE PANGLAO-ADMIN                             ,FAACQ               
0033-0007886500280  ,PLASTIC PALLET BLACK D4S-1012.16                            ,      3150.00,09/07/2022,FUR. & FIXT.        ,PALLET                                            ,         4,FIXRITE PANGLAO               ,FIXRITE PANGLAO-ADMIN                             ,FAACQ               
0033-0007886500281  ,PLASTIC PALLET BLACK D4S-1012.16                            ,      3150.00,09/07/2022,FUR. & FIXT.        ,PALLET                                            ,         4,FIXRITE PANGLAO               ,FIXRITE PANGLAO-ADMIN                             ,FAACQ               
0033-0007886500282  ,PLASTIC PALLET BLACK D4S-1012.16                            ,      3150.00,09/07/2022,FUR. & FIXT.        ,PALLET                                            ,         4,FIXRITE PANGLAO               ,FIXRITE PANGLAO-ADMIN                             ,FAACQ               
0033-0007886500283  ,PLASTIC PALLET BLACK D4S-1012.16                            ,      3150.00,09/07/2022,FUR. & FIXT.        ,PALLET                                            ,         4,FIXRITE PANGLAO               ,FIXRITE PANGLAO-ADMIN                             ,FAACQ               
0033-0007886500284  ,PLASTIC PALLET BLACK D4S-1012.16                            ,      3150.00,09/07/2022,FUR. & FIXT.        ,PALLET                                            ,         4,FIXRITE PANGLAO               ,FIXRITE PANGLAO-ADMIN                             ,FAACQ               
0033-0007886500285  ,PLASTIC PALLET BLACK D4S-1012.16                            ,      3150.00,09/07/2022,FUR. & FIXT.        ,PALLET                                            ,         4,FIXRITE PANGLAO               ,FIXRITE PANGLAO-ADMIN                             ,FAACQ               
0033-0007886500286  ,PLASTIC PALLET BLACK D4S-1012.16                            ,      3150.00,09/07/2022,FUR. & FIXT.        ,PALLET                                            ,         4,FIXRITE PANGLAO               ,FIXRITE PANGLAO-ADMIN                             ,FAACQ               
0033-0007886500287  ,PLASTIC PALLET BLACK D4S-1012.16                            ,      3150.00,09/07/2022,FUR. & FIXT.        ,PALLET                                            ,         4,FIXRITE PANGLAO               ,FIXRITE PANGLAO-ADMIN                             ,FAACQ               
0033-0007886500288  ,PLASTIC PALLET BLACK D4S-1012.16                            ,      3150.00,09/07/2022,FUR. & FIXT.        ,PALLET                                            ,         4,FIXRITE PANGLAO               ,FIXRITE PANGLAO-ADMIN                             ,FAACQ               
0033-0007886500289  ,PLASTIC PALLET BLACK D4S-1012.16                            ,      3150.00,09/07/2022,FUR. & FIXT.        ,PALLET                                            ,         4,FIXRITE PANGLAO               ,FIXRITE PANGLAO-ADMIN                             ,FAACQ               
0033-0007886500290  ,PLASTIC PALLET BLACK D4S-1012.16                            ,      3150.00,09/07/2022,FUR. & FIXT.        ,PALLET                                            ,         4,FIXRITE PANGLAO               ,FIXRITE PANGLAO-ADMIN                             ,FAACQ               
0033-0007886500291  ,PLASTIC PALLET BLACK D4S-1012.16                            ,      3150.00,09/07/2022,FUR. & FIXT.        ,PALLET                                            ,         4,FIXRITE PANGLAO               ,FIXRITE PANGLAO-ADMIN                             ,FAACQ               
0033-0007886500292  ,PLASTIC PALLET BLACK D4S-1012.16                            ,      3150.00,09/07/2022,FUR. & FIXT.        ,PALLET                                            ,         4,FIXRITE PANGLAO               ,FIXRITE PANGLAO-ADMIN                             ,FAACQ               
0033-0007886500293  ,PLASTIC PALLET BLACK D4S-1012.16                            ,      3150.00,09/07/2022,FUR. & FIXT.        ,PALLET                                            ,         4,FIXRITE PANGLAO               ,FIXRITE PANGLAO-ADMIN                             ,FAACQ               
0033-0007886500294  ,PLASTIC PALLET BLACK D4S-1012.16                            ,      3150.00,09/07/2022,FUR. & FIXT.        ,PALLET                                            ,         4,FIXRITE PANGLAO               ,FIXRITE PANGLAO-ADMIN                             ,FAACQ               
0033-0007886500295  ,PLASTIC PALLET BLACK D4S-1012.16                            ,      3150.00,09/07/2022,FUR. & FIXT.        ,PALLET                                            ,         4,FIXRITE PANGLAO               ,FIXRITE PANGLAO-ADMIN                             ,FAACQ               
0033-0007886500296  ,PLASTIC PALLET BLACK D4S-1012.16                            ,      3150.00,09/07/2022,FUR. & FIXT.        ,PALLET                                            ,         4,FIXRITE PANGLAO               ,FIXRITE PANGLAO-ADMIN                             ,FAACQ               
0033-0007886500297  ,PLASTIC PALLET BLACK D4S-1012.16                            ,      3150.00,09/07/2022,FUR. & FIXT.        ,PALLET                                            ,         4,FIXRITE PANGLAO               ,FIXRITE PANGLAO-ADMIN                             ,FAACQ               
0033-0007886500298  ,PLASTIC PALLET BLACK D4S-1012.16                            ,      3150.00,09/07/2022,FUR. & FIXT.        ,PALLET                                            ,         4,FIXRITE PANGLAO               ,FIXRITE PANGLAO-ADMIN                             ,FAACQ               
0033-0007886500299  ,PLASTIC PALLET BLACK D4S-1012.16                            ,      3150.00,09/07/2022,FUR. & FIXT.        ,PALLET                                            ,         4,FIXRITE PANGLAO               ,FIXRITE PANGLAO-ADMIN                             ,FAACQ               
0033-0007886500300  ,PLASTIC PALLET BLACK D4S-1012.16                            ,      3150.00,09/07/2022,FUR. & FIXT.        ,PALLET                                            ,         4,FIXRITE PANGLAO               ,FIXRITE PANGLAO-ADMIN                             ,FAACQ               
0033-0007886500301  ,PLASTIC PALLET BLACK D4S-1012.16                            ,      3150.00,09/07/2022,FUR. & FIXT.        ,PALLET                                            ,         4,FIXRITE PANGLAO               ,FIXRITE PANGLAO-ADMIN                             ,FAACQ               
0033-0007886500302  ,PLASTIC PALLET BLACK D4S-1012.16                            ,      3150.00,09/07/2022,FUR. & FIXT.        ,PALLET                                            ,         4,FIXRITE PANGLAO               ,FIXRITE PANGLAO-ADMIN                             ,FAACQ               
0033-0007886500303  ,PLASTIC PALLET BLACK D4S-1012.16                            ,      3150.00,09/07/2022,FUR. & FIXT.        ,PALLET                                            ,         4,FIXRITE PANGLAO               ,FIXRITE PANGLAO-ADMIN                             ,FAACQ               
0033-0007886500304  ,PLASTIC PALLET BLACK D4S-1012.16                            ,      3150.00,09/07/2022,FUR. & FIXT.        ,PALLET                                            ,         4,FIXRITE PANGLAO               ,FIXRITE PANGLAO-ADMIN                             ,FAACQ               
0033-0007886500305  ,PLASTIC PALLET BLACK D4S-1012.16                            ,      3150.00,09/07/2022,FUR. & FIXT.        ,PALLET                                            ,         4,FIXRITE PANGLAO               ,FIXRITE PANGLAO-ADMIN                             ,FAACQ               
0033-0007886500306  ,PLASTIC PALLET BLACK D4S-1012.16                            ,      3150.00,09/07/2022,FUR. & FIXT.        ,PALLET                                            ,         4,FIXRITE PANGLAO               ,FIXRITE PANGLAO-ADMIN                             ,FAACQ               
0033-0007886500307  ,PLASTIC PALLET BLACK D4S-1012.16                            ,      3150.00,09/07/2022,FUR. & FIXT.        ,PALLET                                            ,         4,FIXRITE PANGLAO               ,FIXRITE PANGLAO-ADMIN                             ,FAACQ               
0033-0007886500308  ,PLASTIC PALLET BLACK D4S-1012.16                            ,      3150.00,09/07/2022,FUR. & FIXT.        ,PALLET                                            ,         4,FIXRITE PANGLAO               ,FIXRITE PANGLAO-ADMIN                             ,FAACQ               
0033-0007886500309  ,PLASTIC PALLET BLACK D4S-1012.16                            ,      3150.00,09/07/2022,FUR. & FIXT.        ,PALLET                                            ,         4,FIXRITE PANGLAO               ,FIXRITE PANGLAO-ADMIN                             ,FAACQ               
0033-0007886500310  ,PLASTIC PALLET BLACK D4S-1012.16                            ,      3150.00,09/07/2022,FUR. & FIXT.        ,PALLET                                            ,         4,FIXRITE PANGLAO               ,FIXRITE PANGLAO-ADMIN                             ,FAACQ               
0033-0007886500311  ,PLASTIC PALLET BLACK D4S-1012.16                            ,      3150.00,09/07/2022,FUR. & FIXT.        ,PALLET                                            ,         4,FIXRITE PANGLAO               ,FIXRITE PANGLAO-ADMIN                             ,FAACQ               
0033-0007886500312  ,PLASTIC PALLET BLACK D4S-1012.16                            ,      3150.00,09/07/2022,FUR. & FIXT.        ,PALLET                                            ,         4,FIXRITE PANGLAO               ,FIXRITE PANGLAO-ADMIN                             ,FAACQ               
0033-0007886500313  ,PLASTIC PALLET BLACK D4S-1012.16                            ,      3150.00,09/07/2022,FUR. & FIXT.        ,PALLET                                            ,         4,FIXRITE PANGLAO               ,FIXRITE PANGLAO-ADMIN                             ,FAACQ               
0033-0007886500314  ,PLASTIC PALLET BLACK D4S-1012.16                            ,      3150.00,09/07/2022,FUR. & FIXT.        ,PALLET                                            ,         4,FIXRITE PANGLAO               ,FIXRITE PANGLAO-ADMIN                             ,FAACQ               
0033-0007886500315  ,PLASTIC PALLET BLACK D4S-1012.16                            ,      3150.00,09/07/2022,FUR. & FIXT.        ,PALLET                                            ,         4,FIXRITE PANGLAO               ,FIXRITE PANGLAO-ADMIN                             ,FAACQ               
0033-0007886500316  ,PLASTIC PALLET BLACK D4S-1012.16                            ,      3150.00,09/07/2022,FUR. & FIXT.        ,PALLET                                            ,         4,FIXRITE PANGLAO               ,FIXRITE PANGLAO-ADMIN                             ,FAACQ               
0033-0007886500317  ,PLASTIC PALLET BLACK D4S-1012.16                            ,      3150.00,09/07/2022,FUR. & FIXT.        ,PALLET                                            ,         4,FIXRITE PANGLAO               ,FIXRITE PANGLAO-ADMIN                             ,FAACQ               
0033-0007886500318  ,PLASTIC PALLET BLACK D4S-1012.16                            ,      3150.00,09/07/2022,FUR. & FIXT.        ,PALLET                                            ,         4,FIXRITE PANGLAO               ,FIXRITE PANGLAO-ADMIN                             ,FAACQ               
0033-0007886500319  ,PLASTIC PALLET BLACK D4S-1012.16                            ,      3150.00,09/07/2022,FUR. & FIXT.        ,PALLET                                            ,         4,FIXRITE PANGLAO               ,FIXRITE PANGLAO-ADMIN                             ,FAACQ               
0033-0007886500320  ,PLASTIC PALLET BLACK D4S-1012.16                            ,      3150.00,09/07/2022,FUR. & FIXT.        ,PALLET                                            ,         4,FIXRITE PANGLAO               ,FIXRITE PANGLAO-ADMIN                             ,FAACQ               
0033-0007886500321  ,PLASTIC PALLET BLACK D4S-1012.16                            ,      3150.00,09/07/2022,FUR. & FIXT.        ,PALLET                                            ,         4,FIXRITE PANGLAO               ,FIXRITE PANGLAO-ADMIN                             ,FAACQ               
0033-0007886500322  ,PLASTIC PALLET BLACK D4S-1012.16                            ,      3150.00,09/07/2022,FUR. & FIXT.        ,PALLET                                            ,         4,FIXRITE PANGLAO               ,FIXRITE PANGLAO-ADMIN                             ,FAACQ               
0033-0007886500323  ,PLASTIC PALLET BLACK D4S-1012.16                            ,      3150.00,09/07/2022,FUR. & FIXT.        ,PALLET                                            ,         4,FIXRITE PANGLAO               ,FIXRITE PANGLAO-ADMIN                             ,FAACQ               
0033-0007886500324  ,PLASTIC PALLET BLACK D4S-1012.16                            ,      3150.00,09/07/2022,FUR. & FIXT.        ,PALLET                                            ,         4,FIXRITE PANGLAO               ,FIXRITE PANGLAO-ADMIN                             ,FAACQ               
0033-0007886500325  ,PLASTIC PALLET BLACK D4S-1012.16                            ,      3150.00,09/07/2022,FUR. & FIXT.        ,PALLET                                            ,         4,FIXRITE PANGLAO               ,FIXRITE PANGLAO-ADMIN                             ,FAACQ               
0033-0007886500326  ,PLASTIC PALLET BLACK D4S-1012.16                            ,      3150.00,09/07/2022,FUR. & FIXT.        ,PALLET                                            ,         4,FIXRITE PANGLAO               ,FIXRITE PANGLAO-ADMIN                             ,FAACQ               
0033-0007886500327  ,PLASTIC PALLET BLACK D4S-1012.16                            ,      3150.00,09/07/2022,FUR. & FIXT.        ,PALLET                                            ,         4,FIXRITE PANGLAO               ,FIXRITE PANGLAO-ADMIN                             ,FAACQ               
0033-0007886500328  ,PLASTIC PALLET BLACK D4S-1012.16                            ,      3150.00,09/07/2022,FUR. & FIXT.        ,PALLET                                            ,         4,FIXRITE PANGLAO               ,FIXRITE PANGLAO-ADMIN                             ,FAACQ               
0033-0007886500329  ,PLASTIC PALLET BLACK D4S-1012.16                            ,      3150.00,09/07/2022,FUR. & FIXT.        ,PALLET                                            ,         4,FIXRITE PANGLAO               ,FIXRITE PANGLAO-ADMIN                             ,FAACQ               
0033-0007886500330  ,PLASTIC PALLET BLACK D4S-1012.16                            ,      3150.00,09/07/2022,FUR. & FIXT.        ,PALLET                                            ,         4,FIXRITE PANGLAO               ,FIXRITE PANGLAO-ADMIN                             ,FAACQ               
0033-0007886500331  ,PLASTIC PALLET BLACK D4S-1012.16                            ,      3150.00,09/07/2022,FUR. & FIXT.        ,PALLET                                            ,         4,FIXRITE PANGLAO               ,FIXRITE PANGLAO-ADMIN                             ,FAACQ               
0033-0007886500332  ,PLASTIC PALLET BLACK D4S-1012.16                            ,      3150.00,09/07/2022,FUR. & FIXT.        ,PALLET                                            ,         4,FIXRITE PANGLAO               ,FIXRITE PANGLAO-ADMIN                             ,FAACQ               
0033-0007886500333  ,PLASTIC PALLET BLACK D4S-1012.16                            ,      3150.00,09/07/2022,FUR. & FIXT.        ,PALLET                                            ,         4,FIXRITE PANGLAO               ,FIXRITE PANGLAO-ADMIN                             ,FAACQ               
0033-0007886500334  ,PLASTIC PALLET BLACK D4S-1012.16                            ,      3150.00,09/07/2022,FUR. & FIXT.        ,PALLET                                            ,         4,FIXRITE PANGLAO               ,FIXRITE PANGLAO-ADMIN                             ,FAACQ               
0033-0007886500335  ,PLASTIC PALLET BLACK D4S-1012.16                            ,      3150.00,09/07/2022,FUR. & FIXT.        ,PALLET                                            ,         4,FIXRITE PANGLAO               ,FIXRITE PANGLAO-ADMIN                             ,FAACQ               
0033-0007886500336  ,PLASTIC PALLET BLACK D4S-1012.16                            ,      3150.00,09/07/2022,FUR. & FIXT.        ,PALLET                                            ,         4,FIXRITE PANGLAO               ,FIXRITE PANGLAO-ADMIN                             ,FAACQ               
0033-0007886500337  ,PLASTIC PALLET BLACK D4S-1012.16                            ,      3150.00,09/07/2022,FUR. & FIXT.        ,PALLET                                            ,         4,FIXRITE PANGLAO               ,FIXRITE PANGLAO-ADMIN                             ,FAACQ               
0033-0007886500338  ,PLASTIC PALLET BLACK D4S-1012.16                            ,      3150.00,09/07/2022,FUR. & FIXT.        ,PALLET                                            ,         4,FIXRITE PANGLAO               ,FIXRITE PANGLAO-ADMIN                             ,FAACQ               
0033-0007886500339  ,PLASTIC PALLET BLACK D4S-1012.16                            ,      3150.00,09/07/2022,FUR. & FIXT.        ,PALLET                                            ,         4,FIXRITE PANGLAO               ,FIXRITE PANGLAO-ADMIN                             ,FAACQ               
0033-0007886500340  ,PLASTIC PALLET BLACK D4S-1012.16                            ,      3150.00,09/07/2022,FUR. & FIXT.        ,PALLET                                            ,         4,FIXRITE PANGLAO               ,FIXRITE PANGLAO-ADMIN                             ,FAACQ               
0033-0007886500341  ,PLASTIC PALLET BLACK D4S-1012.16                            ,      3150.00,09/07/2022,FUR. & FIXT.        ,PALLET                                            ,         4,FIXRITE PANGLAO               ,FIXRITE PANGLAO-ADMIN                             ,FAACQ               
0033-0007886500342  ,PLASTIC PALLET BLACK D4S-1012.16                            ,      3150.00,09/07/2022,FUR. & FIXT.        ,PALLET                                            ,         4,FIXRITE PANGLAO               ,FIXRITE PANGLAO-ADMIN                             ,FAACQ               
0033-0007886500343  ,PLASTIC PALLET BLACK D4S-1012.16                            ,      3150.00,09/07/2022,FUR. & FIXT.        ,PALLET                                            ,         4,FIXRITE PANGLAO               ,FIXRITE PANGLAO-ADMIN                             ,FAACQ               
0033-0007886500344  ,PLASTIC PALLET BLACK D4S-1012.16                            ,      3150.00,09/07/2022,FUR. & FIXT.        ,PALLET                                            ,         4,FIXRITE PANGLAO               ,FIXRITE PANGLAO-ADMIN                             ,FAACQ               
0033-0007886500345  ,PLASTIC PALLET BLACK D4S-1012.16                            ,      3150.00,09/07/2022,FUR. & FIXT.        ,PALLET                                            ,         4,FIXRITE PANGLAO               ,FIXRITE PANGLAO-ADMIN                             ,FAACQ               
0033-0007886500346  ,PLASTIC PALLET BLACK D4S-1012.16                            ,      3150.00,09/07/2022,FUR. & FIXT.        ,PALLET                                            ,         4,FIXRITE PANGLAO               ,FIXRITE PANGLAO-ADMIN                             ,FAACQ               
0033-0007886500347  ,PLASTIC PALLET BLACK D4S-1012.16                            ,      3150.00,09/07/2022,FUR. & FIXT.        ,PALLET                                            ,         4,FIXRITE PANGLAO               ,FIXRITE PANGLAO-ADMIN                             ,FAACQ               
0033-0007886500348  ,PLASTIC PALLET BLACK D4S-1012.16                            ,      3150.00,09/07/2022,FUR. & FIXT.        ,PALLET                                            ,         4,FIXRITE PANGLAO               ,FIXRITE PANGLAO-ADMIN                             ,FAACQ               
0033-0007886500349  ,PLASTIC PALLET BLACK D4S-1012.16                            ,      3150.00,09/07/2022,FUR. & FIXT.        ,PALLET                                            ,         4,FIXRITE PANGLAO               ,FIXRITE PANGLAO-ADMIN                             ,FAACQ               
0033-0007886500350  ,PLASTIC PALLET BLACK D4S-1012.16                            ,      3150.00,09/07/2022,FUR. & FIXT.        ,PALLET                                            ,         4,FIXRITE PANGLAO               ,FIXRITE PANGLAO-ADMIN                             ,FAACQ               
0033-0007886500351  ,PLASTIC PALLET BLACK D4S-1012.16                            ,      3150.00,09/07/2022,FUR. & FIXT.        ,PALLET                                            ,         4,FIXRITE PANGLAO               ,FIXRITE PANGLAO-ADMIN                             ,FAACQ               
0033-0007886500352  ,PLASTIC PALLET BLACK D4S-1012.16                            ,      3150.00,09/07/2022,FUR. & FIXT.        ,PALLET                                            ,         4,FIXRITE PANGLAO               ,FIXRITE PANGLAO-ADMIN                             ,FAACQ               
0033-0007886500353  ,PLASTIC PALLET BLACK D4S-1012.16                            ,      3150.00,09/07/2022,FUR. & FIXT.        ,PALLET                                            ,         4,FIXRITE PANGLAO               ,FIXRITE PANGLAO-ADMIN                             ,FAACQ               
0033-0007886500354  ,PLASTIC PALLET BLACK D4S-1012.16                            ,      3150.00,09/07/2022,FUR. & FIXT.        ,PALLET                                            ,         4,FIXRITE PANGLAO               ,FIXRITE PANGLAO-ADMIN                             ,FAACQ               
0033-0007886500355  ,PLASTIC PALLET BLACK D4S-1012.16                            ,      3150.00,09/07/2022,FUR. & FIXT.        ,PALLET                                            ,         4,FIXRITE PANGLAO               ,FIXRITE PANGLAO-ADMIN                             ,FAACQ               
0033-0007886500356  ,PLASTIC PALLET BLACK D4S-1012.16                            ,      3150.00,09/07/2022,FUR. & FIXT.        ,PALLET                                            ,         4,FIXRITE PANGLAO               ,FIXRITE PANGLAO-ADMIN                             ,FAACQ               
0033-0007886500357  ,PLASTIC PALLET BLACK D4S-1012.16                            ,      3150.00,09/07/2022,FUR. & FIXT.        ,PALLET                                            ,         4,FIXRITE PANGLAO               ,FIXRITE PANGLAO-ADMIN                             ,FAACQ               
0033-0007886500358  ,PLASTIC PALLET BLACK D4S-1012.16                            ,      3150.00,09/07/2022,FUR. & FIXT.        ,PALLET                                            ,         4,FIXRITE PANGLAO               ,FIXRITE PANGLAO-ADMIN                             ,FAACQ               
0033-0007886500359  ,PLASTIC PALLET BLACK D4S-1012.16                            ,      3150.00,09/07/2022,FUR. & FIXT.        ,PALLET                                            ,         4,FIXRITE PANGLAO               ,FIXRITE PANGLAO-ADMIN                             ,FAACQ               
0033-0007886500360  ,PLASTIC PALLET BLACK D4S-1012.16                            ,      3150.00,09/07/2022,FUR. & FIXT.        ,PALLET                                            ,         4,FIXRITE PANGLAO               ,FIXRITE PANGLAO-ADMIN                             ,FAACQ               
0033-0007886500361  ,PLASTIC PALLET BLACK D4S-1012.16                            ,      3150.00,09/07/2022,FUR. & FIXT.        ,PALLET                                            ,         4,FIXRITE PANGLAO               ,FIXRITE PANGLAO-ADMIN                             ,FAACQ               
0033-0007886500362  ,PLASTIC PALLET BLACK D4S-1012.16                            ,      3150.00,09/07/2022,FUR. & FIXT.        ,PALLET                                            ,         4,FIXRITE PANGLAO               ,FIXRITE PANGLAO-ADMIN                             ,FAACQ               
0033-0007886500363  ,PLASTIC PALLET BLACK D4S-1012.16                            ,      3150.00,09/07/2022,FUR. & FIXT.        ,PALLET                                            ,         4,FIXRITE PANGLAO               ,FIXRITE PANGLAO-ADMIN                             ,FAACQ               
0033-0007886500364  ,PLASTIC PALLET BLACK D4S-1012.16                            ,      3150.00,09/07/2022,FUR. & FIXT.        ,PALLET                                            ,         4,FIXRITE PANGLAO               ,FIXRITE PANGLAO-ADMIN                             ,FAACQ               
0033-0007886500365  ,PLASTIC PALLET BLACK D4S-1012.16                            ,      3150.00,09/07/2022,FUR. & FIXT.        ,PALLET                                            ,         4,FIXRITE PANGLAO               ,FIXRITE PANGLAO-ADMIN                             ,FAACQ               
0033-0007886500366  ,PLASTIC PALLET BLACK D4S-1012.16                            ,      3150.00,09/07/2022,FUR. & FIXT.        ,PALLET                                            ,         4,FIXRITE PANGLAO               ,FIXRITE PANGLAO-ADMIN                             ,FAACQ               
0033-0007886500367  ,PLASTIC PALLET BLACK D4S-1012.16                            ,      3150.00,09/07/2022,FUR. & FIXT.        ,PALLET                                            ,         4,FIXRITE PANGLAO               ,FIXRITE PANGLAO-ADMIN                             ,FAACQ               
0033-0007886500368  ,PLASTIC PALLET BLACK D4S-1012.16                            ,      3150.00,09/07/2022,FUR. & FIXT.        ,PALLET                                            ,         4,FIXRITE PANGLAO               ,FIXRITE PANGLAO-ADMIN                             ,FAACQ               
0033-0007886500369  ,PLASTIC PALLET BLACK D4S-1012.16                            ,      3150.00,09/07/2022,FUR. & FIXT.        ,PALLET                                            ,         4,FIXRITE PANGLAO               ,FIXRITE PANGLAO-ADMIN                             ,FAACQ               
0033-0007886500370  ,PLASTIC PALLET BLACK D4S-1012.16                            ,      3150.00,09/07/2022,FUR. & FIXT.        ,PALLET                                            ,         4,FIXRITE PANGLAO               ,FIXRITE PANGLAO-ADMIN                             ,FAACQ               
0033-0007886500371  ,PLASTIC PALLET BLACK D4S-1012.16                            ,      3150.00,09/07/2022,FUR. & FIXT.        ,PALLET                                            ,         4,FIXRITE PANGLAO               ,FIXRITE PANGLAO-ADMIN                             ,FAACQ               
0033-0007886500372  ,PLASTIC PALLET BLACK D4S-1012.16                            ,      3150.00,09/07/2022,FUR. & FIXT.        ,PALLET                                            ,         4,FIXRITE PANGLAO               ,FIXRITE PANGLAO-ADMIN                             ,FAACQ               
0033-0007886500373  ,PLASTIC PALLET BLACK D4S-1012.16                            ,      3150.00,09/07/2022,FUR. & FIXT.        ,PALLET                                            ,         4,FIXRITE PANGLAO               ,FIXRITE PANGLAO-ADMIN                             ,FAACQ               
0033-0007886500374  ,PLASTIC PALLET BLACK D4S-1012.16                            ,      3150.00,09/07/2022,FUR. & FIXT.        ,PALLET                                            ,         4,FIXRITE PANGLAO               ,FIXRITE PANGLAO-ADMIN                             ,FAACQ               
0033-0007886500375  ,PLASTIC PALLET BLACK D4S-1012.16                            ,      3150.00,09/07/2022,FUR. & FIXT.        ,PALLET                                            ,         4,FIXRITE PANGLAO               ,FIXRITE PANGLAO-ADMIN                             ,FAACQ               
0033-0007886500376  ,PLASTIC PALLET BLACK D4S-1012.16                            ,      3150.00,09/07/2022,FUR. & FIXT.        ,PALLET                                            ,         4,FIXRITE PANGLAO               ,FIXRITE PANGLAO-ADMIN                             ,FAACQ               
0033-0007886500377  ,PLASTIC PALLET BLACK D4S-1012.16                            ,      3150.00,09/07/2022,FUR. & FIXT.        ,PALLET                                            ,         4,FIXRITE PANGLAO               ,FIXRITE PANGLAO-ADMIN                             ,FAACQ               
0033-0007886500378  ,PLASTIC PALLET BLACK D4S-1012.16                            ,      3150.00,09/07/2022,FUR. & FIXT.        ,PALLET                                            ,         4,FIXRITE PANGLAO               ,FIXRITE PANGLAO-ADMIN                             ,FAACQ               
0033-0007886500379  ,PLASTIC PALLET BLACK D4S-1012.16                            ,      3150.00,09/07/2022,FUR. & FIXT.        ,PALLET                                            ,         4,FIXRITE PANGLAO               ,FIXRITE PANGLAO-ADMIN                             ,FAACQ               
0033-0007886500380  ,PLASTIC PALLET BLACK D4S-1012.16                            ,      3150.00,09/07/2022,FUR. & FIXT.        ,PALLET                                            ,         4,FIXRITE PANGLAO               ,FIXRITE PANGLAO-ADMIN                             ,FAACQ               
0033-0007886500381  ,PLASTIC PALLET BLACK D4S-1012.16                            ,      3150.00,09/07/2022,FUR. & FIXT.        ,PALLET                                            ,         4,FIXRITE PANGLAO               ,FIXRITE PANGLAO-ADMIN                             ,FAACQ               
0033-0007886500382  ,PLASTIC PALLET BLACK D4S-1012.16                            ,      3150.00,09/07/2022,FUR. & FIXT.        ,PALLET                                            ,         4,FIXRITE PANGLAO               ,FIXRITE PANGLAO-ADMIN                             ,FAACQ               
0033-0007886500383  ,PLASTIC PALLET BLACK D4S-1012.16                            ,      3150.00,09/07/2022,FUR. & FIXT.        ,PALLET                                            ,         4,FIXRITE PANGLAO               ,FIXRITE PANGLAO-ADMIN                             ,FAACQ               
0033-0007886500384  ,PLASTIC PALLET BLACK D4S-1012.16                            ,      3150.00,09/07/2022,FUR. & FIXT.        ,PALLET                                            ,         4,FIXRITE PANGLAO               ,FIXRITE PANGLAO-ADMIN                             ,FAACQ               
0033-0007886500385  ,PLASTIC PALLET BLACK D4S-1012.16                            ,      3150.00,09/07/2022,FUR. & FIXT.        ,PALLET                                            ,         4,FIXRITE PANGLAO               ,FIXRITE PANGLAO-ADMIN                             ,FAACQ               
0033-0007886500386  ,PLASTIC PALLET BLACK D4S-1012.16                            ,      3150.00,09/07/2022,FUR. & FIXT.        ,PALLET                                            ,         4,FIXRITE PANGLAO               ,FIXRITE PANGLAO-ADMIN                             ,FAACQ               
0033-0007886500387  ,PLASTIC PALLET BLACK D4S-1012.16                            ,      3150.00,09/07/2022,FUR. & FIXT.        ,PALLET                                            ,         4,FIXRITE PANGLAO               ,FIXRITE PANGLAO-ADMIN                             ,FAACQ               
0033-0007886500388  ,PLASTIC PALLET BLACK D4S-1012.16                            ,      3150.00,09/07/2022,FUR. & FIXT.        ,PALLET                                            ,         4,FIXRITE PANGLAO               ,FIXRITE PANGLAO-ADMIN                             ,FAACQ               
0033-0007886500389  ,PLASTIC PALLET BLACK D4S-1012.16                            ,      3150.00,09/07/2022,FUR. & FIXT.        ,PALLET                                            ,         4,FIXRITE PANGLAO               ,FIXRITE PANGLAO-ADMIN                             ,FAACQ               
0033-0007886500390  ,PLASTIC PALLET BLACK D4S-1012.16                            ,      3150.00,09/07/2022,FUR. & FIXT.        ,PALLET                                            ,         4,FIXRITE PANGLAO               ,FIXRITE PANGLAO-ADMIN                             ,FAACQ               
0033-0007886500391  ,PLASTIC PALLET BLACK D4S-1012.16                            ,      3150.00,09/07/2022,FUR. & FIXT.        ,PALLET                                            ,         4,FIXRITE PANGLAO               ,FIXRITE PANGLAO-ADMIN                             ,FAACQ               
0033-0007886500392  ,PLASTIC PALLET BLACK D4S-1012.16                            ,      3150.00,09/07/2022,FUR. & FIXT.        ,PALLET                                            ,         4,FIXRITE PANGLAO               ,FIXRITE PANGLAO-ADMIN                             ,FAACQ               
0033-0007886500393  ,PLASTIC PALLET BLACK D4S-1012.16                            ,      3150.00,09/07/2022,FUR. & FIXT.        ,PALLET                                            ,         4,FIXRITE PANGLAO               ,FIXRITE PANGLAO-ADMIN                             ,FAACQ               
0033-0007886500394  ,PLASTIC PALLET BLACK D4S-1012.16                            ,      3150.00,09/07/2022,FUR. & FIXT.        ,PALLET                                            ,         4,FIXRITE PANGLAO               ,FIXRITE PANGLAO-ADMIN                             ,FAACQ               
0033-0007886500395  ,PLASTIC PALLET BLACK D4S-1012.16                            ,      3150.00,09/07/2022,FUR. & FIXT.        ,PALLET                                            ,         4,FIXRITE PANGLAO               ,FIXRITE PANGLAO-ADMIN                             ,FAACQ               
0033-0007886500396  ,PLASTIC PALLET BLACK D4S-1012.16                            ,      3150.00,09/07/2022,FUR. & FIXT.        ,PALLET                                            ,         4,FIXRITE PANGLAO               ,FIXRITE PANGLAO-ADMIN                             ,FAACQ               
0033-0007886500397  ,PLASTIC PALLET BLACK D4S-1012.16                            ,      3150.00,09/07/2022,FUR. & FIXT.        ,PALLET                                            ,         4,FIXRITE PANGLAO               ,FIXRITE PANGLAO-ADMIN                             ,FAACQ               
0033-0007886500398  ,PLASTIC PALLET BLACK D4S-1012.16                            ,      3150.00,09/07/2022,FUR. & FIXT.        ,PALLET                                            ,         4,FIXRITE PANGLAO               ,FIXRITE PANGLAO-ADMIN                             ,FAACQ               
0033-0007886500399  ,PLASTIC PALLET BLACK D4S-1012.16                            ,      3150.00,09/07/2022,FUR. & FIXT.        ,PALLET                                            ,         4,FIXRITE PANGLAO               ,FIXRITE PANGLAO-ADMIN                             ,FAACQ               
0033-0007886500400  ,PLASTIC PALLET BLACK D4S-1012.16                            ,      3150.00,09/07/2022,FUR. & FIXT.        ,PALLET                                            ,         4,FIXRITE PANGLAO               ,FIXRITE PANGLAO-ADMIN                             ,FAACQ               
0033-0007886500401  ,PLASTIC PALLET BLACK D4S-1012.16                            ,      3150.00,09/07/2022,FUR. & FIXT.        ,PALLET                                            ,         4,FIXRITE PANGLAO               ,FIXRITE PANGLAO-ADMIN                             ,FAACQ               
0033-0007886500402  ,PLASTIC PALLET BLACK D4S-1012.16                            ,      3150.00,09/07/2022,FUR. & FIXT.        ,PALLET                                            ,         4,FIXRITE PANGLAO               ,FIXRITE PANGLAO-ADMIN                             ,FAACQ               
0033-0007886500403  ,PLASTIC PALLET BLACK D4S-1012.16                            ,      3150.00,09/07/2022,FUR. & FIXT.        ,PALLET                                            ,         4,FIXRITE PANGLAO               ,FIXRITE PANGLAO-ADMIN                             ,FAACQ               
0033-0007886500404  ,PLASTIC PALLET BLACK D4S-1012.16                            ,      3150.00,09/07/2022,FUR. & FIXT.        ,PALLET                                            ,         4,FIXRITE PANGLAO               ,FIXRITE PANGLAO-ADMIN                             ,FAACQ               
0033-0007886500405  ,PLASTIC PALLET BLACK D4S-1012.16                            ,      3150.00,09/07/2022,FUR. & FIXT.        ,PALLET                                            ,         4,FIXRITE PANGLAO               ,FIXRITE PANGLAO-ADMIN                             ,FAACQ               
0033-0007886500406  ,PLASTIC PALLET BLACK D4S-1012.16                            ,      3150.00,09/07/2022,FUR. & FIXT.        ,PALLET                                            ,         4,FIXRITE PANGLAO               ,FIXRITE PANGLAO-ADMIN                             ,FAACQ               
0033-0007886500407  ,PLASTIC PALLET BLACK D4S-1012.16                            ,      3150.00,09/07/2022,FUR. & FIXT.        ,PALLET                                            ,         4,FIXRITE PANGLAO               ,FIXRITE PANGLAO-ADMIN                             ,FAACQ               
0033-0007886500408  ,PLASTIC PALLET BLACK D4S-1012.16                            ,      3150.00,09/07/2022,FUR. & FIXT.        ,PALLET                                            ,         4,FIXRITE PANGLAO               ,FIXRITE PANGLAO-ADMIN                             ,FAACQ               
0033-0007886500409  ,PLASTIC PALLET BLACK D4S-1012.16                            ,      3150.00,09/07/2022,FUR. & FIXT.        ,PALLET                                            ,         4,FIXRITE PANGLAO               ,FIXRITE PANGLAO-ADMIN                             ,FAACQ               
0033-0007886500410  ,PLASTIC PALLET BLACK D4S-1012.16                            ,      3150.00,09/07/2022,FUR. & FIXT.        ,PALLET                                            ,         4,FIXRITE PANGLAO               ,FIXRITE PANGLAO-ADMIN                             ,FAACQ               
0033-0007886500411  ,PLASTIC PALLET BLACK D4S-1012.16                            ,      3150.00,09/07/2022,FUR. & FIXT.        ,PALLET                                            ,         4,FIXRITE PANGLAO               ,FIXRITE PANGLAO-ADMIN                             ,FAACQ               
0033-0007886500412  ,PLASTIC PALLET BLACK D4S-1012.16                            ,      3150.00,09/07/2022,FUR. & FIXT.        ,PALLET                                            ,         4,FIXRITE PANGLAO               ,FIXRITE PANGLAO-ADMIN                             ,FAACQ               
0033-0007886500413  ,PLASTIC PALLET BLACK D4S-1012.16                            ,      3150.00,09/07/2022,FUR. & FIXT.        ,PALLET                                            ,         4,FIXRITE PANGLAO               ,FIXRITE PANGLAO-ADMIN                             ,FAACQ               
0033-0007886500414  ,PLASTIC PALLET BLACK D4S-1012.16                            ,      3150.00,09/07/2022,FUR. & FIXT.        ,PALLET                                            ,         4,FIXRITE PANGLAO               ,FIXRITE PANGLAO-ADMIN                             ,FAACQ               
0033-0007886500415  ,PLASTIC PALLET BLACK D4S-1012.16                            ,      3150.00,09/07/2022,FUR. & FIXT.        ,PALLET                                            ,         4,FIXRITE PANGLAO               ,FIXRITE PANGLAO-ADMIN                             ,FAACQ               
0033-0007886500416  ,PLASTIC PALLET BLACK D4S-1012.16                            ,      3150.00,09/07/2022,FUR. & FIXT.        ,PALLET                                            ,         4,FIXRITE PANGLAO               ,FIXRITE PANGLAO-ADMIN                             ,FAACQ               
0033-0007886500417  ,PLASTIC PALLET BLACK D4S-1012.16                            ,      3150.00,09/07/2022,FUR. & FIXT.        ,PALLET                                            ,         4,FIXRITE PANGLAO               ,FIXRITE PANGLAO-ADMIN                             ,FAACQ               
0033-0007886500418  ,PLASTIC PALLET BLACK D4S-1012.16                            ,      3150.00,09/07/2022,FUR. & FIXT.        ,PALLET                                            ,         4,FIXRITE PANGLAO               ,FIXRITE PANGLAO-ADMIN                             ,FAACQ               
0033-0007886500419  ,PLASTIC PALLET BLACK D4S-1012.16                            ,      3150.00,09/07/2022,FUR. & FIXT.        ,PALLET                                            ,         4,FIXRITE PANGLAO               ,FIXRITE PANGLAO-ADMIN                             ,FAACQ               
0033-0007886500420  ,PLASTIC PALLET BLACK D4S-1012.16                            ,      3150.00,09/07/2022,FUR. & FIXT.        ,PALLET                                            ,         4,FIXRITE PANGLAO               ,FIXRITE PANGLAO-ADMIN                             ,FAACQ               
0033-0007886500421  ,PLASTIC PALLET BLACK D4S-1012.16                            ,      3150.00,09/07/2022,FUR. & FIXT.        ,PALLET                                            ,         4,FIXRITE PANGLAO               ,FIXRITE PANGLAO-ADMIN                             ,FAACQ               
0033-0007886500422  ,PLASTIC PALLET BLACK D4S-1012.16                            ,      3150.00,09/07/2022,FUR. & FIXT.        ,PALLET                                            ,         4,FIXRITE PANGLAO               ,FIXRITE PANGLAO-ADMIN                             ,FAACQ               
0033-0007886500423  ,PLASTIC PALLET BLACK D4S-1012.16                            ,      3150.00,09/07/2022,FUR. & FIXT.        ,PALLET                                            ,         4,FIXRITE PANGLAO               ,FIXRITE PANGLAO-ADMIN                             ,FAACQ               
0033-0007886500424  ,PLASTIC PALLET BLACK D4S-1012.16                            ,      3150.00,09/07/2022,FUR. & FIXT.        ,PALLET                                            ,         4,FIXRITE PANGLAO               ,FIXRITE PANGLAO-ADMIN                             ,FAACQ               
0033-0007886500425  ,PLASTIC PALLET BLACK D4S-1012.16                            ,      3150.00,09/07/2022,FUR. & FIXT.        ,PALLET                                            ,         4,FIXRITE PANGLAO               ,FIXRITE PANGLAO-ADMIN                             ,FAACQ               
0033-0007886500426  ,PLASTIC PALLET BLACK D4S-1012.16                            ,      3150.00,09/07/2022,FUR. & FIXT.        ,PALLET                                            ,         4,FIXRITE PANGLAO               ,FIXRITE PANGLAO-ADMIN                             ,FAACQ               
0033-0007886500427  ,PLASTIC PALLET BLACK D4S-1012.16                            ,      3150.00,09/07/2022,FUR. & FIXT.        ,PALLET                                            ,         4,FIXRITE PANGLAO               ,FIXRITE PANGLAO-ADMIN                             ,FAACQ               
0033-0007886500428  ,PLASTIC PALLET BLACK D4S-1012.16                            ,      3150.00,09/07/2022,FUR. & FIXT.        ,PALLET                                            ,         4,FIXRITE PANGLAO               ,FIXRITE PANGLAO-ADMIN                             ,FAACQ               
0033-0007886500429  ,PLASTIC PALLET BLACK D4S-1012.16                            ,      3150.00,09/07/2022,FUR. & FIXT.        ,PALLET                                            ,         4,FIXRITE PANGLAO               ,FIXRITE PANGLAO-ADMIN                             ,FAACQ               
0033-0007886500430  ,PLASTIC PALLET BLACK D4S-1012.16                            ,      3150.00,09/07/2022,FUR. & FIXT.        ,PALLET                                            ,         4,FIXRITE PANGLAO               ,FIXRITE PANGLAO-ADMIN                             ,FAACQ               
0033-0007886500431  ,PLASTIC PALLET BLACK D4S-1012.16                            ,      3150.00,09/07/2022,FUR. & FIXT.        ,PALLET                                            ,         4,FIXRITE PANGLAO               ,FIXRITE PANGLAO-ADMIN                             ,FAACQ               
0033-0007886500432  ,PLASTIC PALLET BLACK D4S-1012.16                            ,      3150.00,09/07/2022,FUR. & FIXT.        ,PALLET                                            ,         4,FIXRITE PANGLAO               ,FIXRITE PANGLAO-ADMIN                             ,FAACQ               
0033-0007886500433  ,PLASTIC PALLET BLACK D4S-1012.16                            ,      3150.00,09/07/2022,FUR. & FIXT.        ,PALLET                                            ,         4,FIXRITE PANGLAO               ,FIXRITE PANGLAO-ADMIN                             ,FAACQ               
0033-0007886500434  ,PLASTIC PALLET BLACK D4S-1012.16                            ,      3150.00,09/07/2022,FUR. & FIXT.        ,PALLET                                            ,         4,FIXRITE PANGLAO               ,FIXRITE PANGLAO-ADMIN                             ,FAACQ               
0033-0007886500435  ,PLASTIC PALLET BLACK D4S-1012.16                            ,      3150.00,09/07/2022,FUR. & FIXT.        ,PALLET                                            ,         4,FIXRITE PANGLAO               ,FIXRITE PANGLAO-ADMIN                             ,FAACQ               
0033-0007886500436  ,PLASTIC PALLET BLACK D4S-1012.16                            ,      3150.00,09/07/2022,FUR. & FIXT.        ,PALLET                                            ,         4,FIXRITE PANGLAO               ,FIXRITE PANGLAO-ADMIN                             ,FAACQ               
0033-0007886500437  ,PLASTIC PALLET BLACK D4S-1012.16                            ,      3150.00,09/07/2022,FUR. & FIXT.        ,PALLET                                            ,         4,FIXRITE PANGLAO               ,FIXRITE PANGLAO-ADMIN                             ,FAACQ               
0033-0007886500438  ,PLASTIC PALLET BLACK D4S-1012.16                            ,      3150.00,09/07/2022,FUR. & FIXT.        ,PALLET                                            ,         4,FIXRITE PANGLAO               ,FIXRITE PANGLAO-ADMIN                             ,FAACQ               
0033-0007886500439  ,PLASTIC PALLET BLACK D4S-1012.16                            ,      3150.00,09/07/2022,FUR. & FIXT.        ,PALLET                                            ,         4,FIXRITE PANGLAO               ,FIXRITE PANGLAO-ADMIN                             ,FAACQ               
0033-0007886500440  ,PLASTIC PALLET BLACK D4S-1012.16                            ,      3150.00,09/07/2022,FUR. & FIXT.        ,PALLET                                            ,         4,FIXRITE PANGLAO               ,FIXRITE PANGLAO-ADMIN                             ,FAACQ               
0033-0007886500441  ,PLASTIC PALLET BLACK D4S-1012.16                            ,      3150.00,09/07/2022,FUR. & FIXT.        ,PALLET                                            ,         4,FIXRITE PANGLAO               ,FIXRITE PANGLAO-ADMIN                             ,FAACQ               
0033-0007886500442  ,PLASTIC PALLET BLACK D4S-1012.16                            ,      3150.00,09/07/2022,FUR. & FIXT.        ,PALLET                                            ,         4,FIXRITE PANGLAO               ,FIXRITE PANGLAO-ADMIN                             ,FAACQ               
0033-0007886500443  ,PLASTIC PALLET BLACK D4S-1012.16                            ,      3150.00,09/07/2022,FUR. & FIXT.        ,PALLET                                            ,         4,FIXRITE PANGLAO               ,FIXRITE PANGLAO-ADMIN                             ,FAACQ               
0033-0007886500444  ,PLASTIC PALLET BLACK D4S-1012.16                            ,      3150.00,09/07/2022,FUR. & FIXT.        ,PALLET                                            ,         4,FIXRITE PANGLAO               ,FIXRITE PANGLAO-ADMIN                             ,FAACQ               
0033-0007886500445  ,PLASTIC PALLET BLACK D4S-1012.16                            ,      3150.00,09/07/2022,FUR. & FIXT.        ,PALLET                                            ,         4,FIXRITE PANGLAO               ,FIXRITE PANGLAO-ADMIN                             ,FAACQ               
0033-0007886500446  ,PLASTIC PALLET BLACK D4S-1012.16                            ,      3150.00,09/07/2022,FUR. & FIXT.        ,PALLET                                            ,         4,FIXRITE PANGLAO               ,FIXRITE PANGLAO-ADMIN                             ,FAACQ               
0033-0007886500447  ,PLASTIC PALLET BLACK D4S-1012.16                            ,      3150.00,09/07/2022,FUR. & FIXT.        ,PALLET                                            ,         4,FIXRITE PANGLAO               ,FIXRITE PANGLAO-ADMIN                             ,FAACQ               
0033-0007886500448  ,PLASTIC PALLET BLACK D4S-1012.16                            ,      3150.00,09/07/2022,FUR. & FIXT.        ,PALLET                                            ,         4,FIXRITE PANGLAO               ,FIXRITE PANGLAO-ADMIN                             ,FAACQ               
0033-0007886500449  ,PLASTIC PALLET BLACK D4S-1012.16                            ,      3150.00,09/07/2022,FUR. & FIXT.        ,PALLET                                            ,         4,FIXRITE PANGLAO               ,FIXRITE PANGLAO-ADMIN                             ,FAACQ               
0033-0007886500450  ,PLASTIC PALLET BLACK D4S-1012.16                            ,      3150.00,09/07/2022,FUR. & FIXT.        ,PALLET                                            ,         4,FIXRITE PANGLAO               ,FIXRITE PANGLAO-ADMIN                             ,FAACQ               
0033-0007886500451  ,PLASTIC PALLET BLACK D4S-1012.16                            ,      3150.00,09/07/2022,FUR. & FIXT.        ,PALLET                                            ,         4,FIXRITE PANGLAO               ,FIXRITE PANGLAO-ADMIN                             ,FAACQ               
0033-0007886500452  ,PLASTIC PALLET BLACK D4S-1012.16                            ,      3150.00,09/07/2022,FUR. & FIXT.        ,PALLET                                            ,         4,FIXRITE PANGLAO               ,FIXRITE PANGLAO-ADMIN                             ,FAACQ               
0033-0007886500453  ,PLASTIC PALLET BLACK D4S-1012.16                            ,      3150.00,09/07/2022,FUR. & FIXT.        ,PALLET                                            ,         4,FIXRITE PANGLAO               ,FIXRITE PANGLAO-ADMIN                             ,FAACQ               
0033-0007886500454  ,PLASTIC PALLET BLACK D4S-1012.16                            ,      3150.00,09/07/2022,FUR. & FIXT.        ,PALLET                                            ,         4,FIXRITE PANGLAO               ,FIXRITE PANGLAO-ADMIN                             ,FAACQ               
0033-0007886500455  ,PLASTIC PALLET BLACK D4S-1012.16                            ,      3150.00,09/07/2022,FUR. & FIXT.        ,PALLET                                            ,         4,FIXRITE PANGLAO               ,FIXRITE PANGLAO-ADMIN                             ,FAACQ               
0033-0007886500456  ,PLASTIC PALLET BLACK D4S-1012.16                            ,      3150.00,09/07/2022,FUR. & FIXT.        ,PALLET                                            ,         4,FIXRITE PANGLAO               ,FIXRITE PANGLAO-ADMIN                             ,FAACQ               
0033-0007886500457  ,PLASTIC PALLET BLACK D4S-1012.16                            ,      3150.00,09/07/2022,FUR. & FIXT.        ,PALLET                                            ,         4,FIXRITE PANGLAO               ,FIXRITE PANGLAO-ADMIN                             ,FAACQ               
0033-0007886500458  ,PLASTIC PALLET BLACK D4S-1012.16                            ,      3150.00,09/07/2022,FUR. & FIXT.        ,PALLET                                            ,         4,FIXRITE PANGLAO               ,FIXRITE PANGLAO-ADMIN                             ,FAACQ               
0033-0007886500459  ,PLASTIC PALLET BLACK D4S-1012.16                            ,      3150.00,09/07/2022,FUR. & FIXT.        ,PALLET                                            ,         4,FIXRITE PANGLAO               ,FIXRITE PANGLAO-ADMIN                             ,FAACQ               
0033-0007886500460  ,PLASTIC PALLET BLACK D4S-1012.16                            ,      3150.00,09/07/2022,FUR. & FIXT.        ,PALLET                                            ,         4,FIXRITE PANGLAO               ,FIXRITE PANGLAO-ADMIN                             ,FAACQ               
0033-0007886500461  ,PLASTIC PALLET BLACK D4S-1012.16                            ,      3150.00,09/07/2022,FUR. & FIXT.        ,PALLET                                            ,         4,FIXRITE PANGLAO               ,FIXRITE PANGLAO-ADMIN                             ,FAACQ               
0033-0007886500462  ,PLASTIC PALLET BLACK D4S-1012.16                            ,      3150.00,09/07/2022,FUR. & FIXT.        ,PALLET                                            ,         4,FIXRITE PANGLAO               ,FIXRITE PANGLAO-ADMIN                             ,FAACQ               
0033-0007886500463  ,PLASTIC PALLET BLACK D4S-1012.16                            ,      3150.00,09/07/2022,FUR. & FIXT.        ,PALLET                                            ,         4,FIXRITE PANGLAO               ,FIXRITE PANGLAO-ADMIN                             ,FAACQ               
0033-0007886500464  ,PLASTIC PALLET BLACK D4S-1012.16                            ,      3150.00,09/07/2022,FUR. & FIXT.        ,PALLET                                            ,         4,FIXRITE PANGLAO               ,FIXRITE PANGLAO-ADMIN                             ,FAACQ               
0033-0007886500465  ,PLASTIC PALLET BLACK D4S-1012.16                            ,      3150.00,09/07/2022,FUR. & FIXT.        ,PALLET                                            ,         4,FIXRITE PANGLAO               ,FIXRITE PANGLAO-ADMIN                             ,FAACQ               
0033-0007886500466  ,PLASTIC PALLET BLACK D4S-1012.16                            ,      3150.00,09/07/2022,FUR. & FIXT.        ,PALLET                                            ,         4,FIXRITE PANGLAO               ,FIXRITE PANGLAO-ADMIN                             ,FAACQ               
0033-0007886500467  ,PLASTIC PALLET BLACK D4S-1012.16                            ,      3150.00,09/07/2022,FUR. & FIXT.        ,PALLET                                            ,         4,FIXRITE PANGLAO               ,FIXRITE PANGLAO-ADMIN                             ,FAACQ               
0033-0007886500468  ,PLASTIC PALLET BLACK D4S-1012.16                            ,      3150.00,09/07/2022,FUR. & FIXT.        ,PALLET                                            ,         4,FIXRITE PANGLAO               ,FIXRITE PANGLAO-ADMIN                             ,FAACQ               
0033-0007886500469  ,PLASTIC PALLET BLACK D4S-1012.16                            ,      3150.00,09/07/2022,FUR. & FIXT.        ,PALLET                                            ,         4,FIXRITE PANGLAO               ,FIXRITE PANGLAO-ADMIN                             ,FAACQ               
0033-0007886500470  ,PLASTIC PALLET BLACK D4S-1012.16                            ,      3150.00,09/07/2022,FUR. & FIXT.        ,PALLET                                            ,         4,FIXRITE PANGLAO               ,FIXRITE PANGLAO-ADMIN                             ,FAACQ               
0033-0007886500471  ,PLASTIC PALLET BLACK D4S-1012.16                            ,      3150.00,09/07/2022,FUR. & FIXT.        ,PALLET                                            ,         4,FIXRITE PANGLAO               ,FIXRITE PANGLAO-ADMIN                             ,FAACQ               
0033-0007886500472  ,PLASTIC PALLET BLACK D4S-1012.16                            ,      3150.00,09/07/2022,FUR. & FIXT.        ,PALLET                                            ,         4,FIXRITE PANGLAO               ,FIXRITE PANGLAO-ADMIN                             ,FAACQ               
0033-0007886500473  ,PLASTIC PALLET BLACK D4S-1012.16                            ,      3150.00,09/07/2022,FUR. & FIXT.        ,PALLET                                            ,         4,FIXRITE PANGLAO               ,FIXRITE PANGLAO-ADMIN                             ,FAACQ               
0033-0007886500474  ,PLASTIC PALLET BLACK D4S-1012.16                            ,      3150.00,09/07/2022,FUR. & FIXT.        ,PALLET                                            ,         4,FIXRITE PANGLAO               ,FIXRITE PANGLAO-ADMIN                             ,FAACQ               
0033-0007886500475  ,PLASTIC PALLET BLACK D4S-1012.16                            ,      3150.00,09/07/2022,FUR. & FIXT.        ,PALLET                                            ,         4,FIXRITE PANGLAO               ,FIXRITE PANGLAO-ADMIN                             ,FAACQ               
0033-0007886500476  ,PLASTIC PALLET BLACK D4S-1012.16                            ,      3150.00,09/07/2022,FUR. & FIXT.        ,PALLET                                            ,         4,FIXRITE PANGLAO               ,FIXRITE PANGLAO-ADMIN                             ,FAACQ               
0033-0007886500477  ,PLASTIC PALLET BLACK D4S-1012.16                            ,      3150.00,09/07/2022,FUR. & FIXT.        ,PALLET                                            ,         4,FIXRITE PANGLAO               ,FIXRITE PANGLAO-ADMIN                             ,FAACQ               
0033-0007886500478  ,PLASTIC PALLET BLACK D4S-1012.16                            ,      3150.00,09/07/2022,FUR. & FIXT.        ,PALLET                                            ,         4,FIXRITE PANGLAO               ,FIXRITE PANGLAO-ADMIN                             ,FAACQ               
0033-0007886500479  ,PLASTIC PALLET BLACK D4S-1012.16                            ,      3150.00,09/07/2022,FUR. & FIXT.        ,PALLET                                            ,         4,FIXRITE PANGLAO               ,FIXRITE PANGLAO-ADMIN                             ,FAACQ               
0033-0007886500480  ,PLASTIC PALLET BLACK D4S-1012.16                            ,      3150.00,09/07/2022,FUR. & FIXT.        ,PALLET                                            ,         4,FIXRITE PANGLAO               ,FIXRITE PANGLAO-ADMIN                             ,FAACQ               
0033-0007886500481  ,PLASTIC PALLET BLACK D4S-1012.16                            ,      3150.00,09/07/2022,FUR. & FIXT.        ,PALLET                                            ,         4,FIXRITE PANGLAO               ,FIXRITE PANGLAO-ADMIN                             ,FAACQ               
0033-0007886500482  ,PLASTIC PALLET BLACK D4S-1012.16                            ,      3150.00,09/07/2022,FUR. & FIXT.        ,PALLET                                            ,         4,FIXRITE PANGLAO               ,FIXRITE PANGLAO-ADMIN                             ,FAACQ               
0033-0007886500483  ,PLASTIC PALLET BLACK D4S-1012.16                            ,      3150.00,09/07/2022,FUR. & FIXT.        ,PALLET                                            ,         4,FIXRITE PANGLAO               ,FIXRITE PANGLAO-ADMIN                             ,FAACQ               
0033-0007886500484  ,PLASTIC PALLET BLACK D4S-1012.16                            ,      3150.00,09/07/2022,FUR. & FIXT.        ,PALLET                                            ,         4,FIXRITE PANGLAO               ,FIXRITE PANGLAO-ADMIN                             ,FAACQ               
0033-0007886500485  ,PLASTIC PALLET BLACK D4S-1012.16                            ,      3150.00,09/07/2022,FUR. & FIXT.        ,PALLET                                            ,         4,FIXRITE PANGLAO               ,FIXRITE PANGLAO-ADMIN                             ,FAACQ               
0033-0007886500486  ,PLASTIC PALLET BLACK D4S-1012.16                            ,      3150.00,09/07/2022,FUR. & FIXT.        ,PALLET                                            ,         4,FIXRITE PANGLAO               ,FIXRITE PANGLAO-ADMIN                             ,FAACQ               
0033-0007886500487  ,PLASTIC PALLET BLACK D4S-1012.16                            ,      3150.00,09/07/2022,FUR. & FIXT.        ,PALLET                                            ,         4,FIXRITE PANGLAO               ,FIXRITE PANGLAO-ADMIN                             ,FAACQ               
0033-0007886500488  ,PLASTIC PALLET BLACK D4S-1012.16                            ,      3150.00,09/07/2022,FUR. & FIXT.        ,PALLET                                            ,         4,FIXRITE PANGLAO               ,FIXRITE PANGLAO-ADMIN                             ,FAACQ               
0033-0007886500489  ,PLASTIC PALLET BLACK D4S-1012.16                            ,      3150.00,09/07/2022,FUR. & FIXT.        ,PALLET                                            ,         4,FIXRITE PANGLAO               ,FIXRITE PANGLAO-ADMIN                             ,FAACQ               
0033-0007886500490  ,PLASTIC PALLET BLACK D4S-1012.16                            ,      3150.00,09/07/2022,FUR. & FIXT.        ,PALLET                                            ,         4,FIXRITE PANGLAO               ,FIXRITE PANGLAO-ADMIN                             ,FAACQ               
0033-0007886500491  ,PLASTIC PALLET BLACK D4S-1012.16                            ,      3150.00,09/07/2022,FUR. & FIXT.        ,PALLET                                            ,         4,FIXRITE PANGLAO               ,FIXRITE PANGLAO-ADMIN                             ,FAACQ               
0033-0007886500492  ,PLASTIC PALLET BLACK D4S-1012.16                            ,      3150.00,09/07/2022,FUR. & FIXT.        ,PALLET                                            ,         4,FIXRITE PANGLAO               ,FIXRITE PANGLAO-ADMIN                             ,FAACQ               
0033-0007886500493  ,PLASTIC PALLET BLACK D4S-1012.16                            ,      3150.00,09/07/2022,FUR. & FIXT.        ,PALLET                                            ,         4,FIXRITE PANGLAO               ,FIXRITE PANGLAO-ADMIN                             ,FAACQ               
0033-0007886500494  ,PLASTIC PALLET BLACK D4S-1012.16                            ,      3150.00,09/07/2022,FUR. & FIXT.        ,PALLET                                            ,         4,FIXRITE PANGLAO               ,FIXRITE PANGLAO-ADMIN                             ,FAACQ               
0033-0007886500495  ,PLASTIC PALLET BLACK D4S-1012.16                            ,      3150.00,09/07/2022,FUR. & FIXT.        ,PALLET                                            ,         4,FIXRITE PANGLAO               ,FIXRITE PANGLAO-ADMIN                             ,FAACQ               
0033-0007886500496  ,PLASTIC PALLET BLACK D4S-1012.16                            ,      3150.00,09/07/2022,FUR. & FIXT.        ,PALLET                                            ,         4,FIXRITE PANGLAO               ,FIXRITE PANGLAO-ADMIN                             ,FAACQ               
0033-0007886500497  ,PLASTIC PALLET BLACK D4S-1012.16                            ,      3150.00,09/07/2022,FUR. & FIXT.        ,PALLET                                            ,         4,FIXRITE PANGLAO               ,FIXRITE PANGLAO-ADMIN                             ,FAACQ               
0033-0007886500498  ,PLASTIC PALLET BLACK D4S-1012.16                            ,      3150.00,09/07/2022,FUR. & FIXT.        ,PALLET                                            ,         4,FIXRITE PANGLAO               ,FIXRITE PANGLAO-ADMIN                             ,FAACQ               
0033-0007886500499  ,PLASTIC PALLET BLACK D4S-1012.16                            ,      3150.00,09/07/2022,FUR. & FIXT.        ,PALLET                                            ,         4,FIXRITE PANGLAO               ,FIXRITE PANGLAO-ADMIN                             ,FAACQ               
0033-0007886500500  ,PLASTIC PALLET BLACK D4S-1012.16                            ,      3150.00,09/07/2022,FUR. & FIXT.        ,PALLET                                            ,         4,FIXRITE PANGLAO               ,FIXRITE PANGLAO-ADMIN                             ,FAACQ               
0033-0007886500501  ,PLASTIC PALLET BLACK D4S-1012.16                            ,      3150.00,09/07/2022,FUR. & FIXT.        ,PALLET                                            ,         4,FIXRITE PANGLAO               ,FIXRITE PANGLAO-ADMIN                             ,FAACQ               
0033-0007886500502  ,PLASTIC PALLET BLACK D4S-1012.16                            ,      3150.00,09/07/2022,FUR. & FIXT.        ,PALLET                                            ,         4,FIXRITE PANGLAO               ,FIXRITE PANGLAO-ADMIN                             ,FAACQ               
0033-0007886500503  ,PLASTIC PALLET BLACK D4S-1012.16                            ,      3150.00,09/07/2022,FUR. & FIXT.        ,PALLET                                            ,         4,FIXRITE PANGLAO               ,FIXRITE PANGLAO-ADMIN                             ,FAACQ               
0033-0007886500504  ,PLASTIC PALLET BLACK D4S-1012.16                            ,      3150.00,09/07/2022,FUR. & FIXT.        ,PALLET                                            ,         4,FIXRITE PANGLAO               ,FIXRITE PANGLAO-ADMIN                             ,FAACQ               
0033-0007886500505  ,PLASTIC PALLET BLACK D4S-1012.16                            ,      3150.00,09/07/2022,FUR. & FIXT.        ,PALLET                                            ,         4,FIXRITE PANGLAO               ,FIXRITE PANGLAO-ADMIN                             ,FAACQ               
0033-0007886500506  ,PLASTIC PALLET BLACK D4S-1012.16                            ,      3150.00,09/07/2022,FUR. & FIXT.        ,PALLET                                            ,         4,FIXRITE PANGLAO               ,FIXRITE PANGLAO-ADMIN                             ,FAACQ               
0033-0007886500507  ,PLASTIC PALLET BLACK D4S-1012.16                            ,      3150.00,09/07/2022,FUR. & FIXT.        ,PALLET                                            ,         4,FIXRITE PANGLAO               ,FIXRITE PANGLAO-ADMIN                             ,FAACQ               
0033-0007886500508  ,PLASTIC PALLET BLACK D4S-1012.16                            ,      3150.00,09/07/2022,FUR. & FIXT.        ,PALLET                                            ,         4,FIXRITE PANGLAO               ,FIXRITE PANGLAO-ADMIN                             ,FAACQ               
0033-0007886500509  ,PLASTIC PALLET BLACK D4S-1012.16                            ,      3150.00,09/07/2022,FUR. & FIXT.        ,PALLET                                            ,         4,FIXRITE PANGLAO               ,FIXRITE PANGLAO-ADMIN                             ,FAACQ               
0033-0007886500510  ,PLASTIC PALLET BLACK D4S-1012.16                            ,      3150.00,09/07/2022,FUR. & FIXT.        ,PALLET                                            ,         4,FIXRITE PANGLAO               ,FIXRITE PANGLAO-ADMIN                             ,FAACQ               
0033-0007886500511  ,PLASTIC PALLET BLACK D4S-1012.16                            ,      3150.00,09/07/2022,FUR. & FIXT.        ,PALLET                                            ,         4,FIXRITE PANGLAO               ,FIXRITE PANGLAO-ADMIN                             ,FAACQ               
0033-0007886500512  ,PLASTIC PALLET BLACK D4S-1012.16                            ,      3150.00,09/07/2022,FUR. & FIXT.        ,PALLET                                            ,         4,FIXRITE PANGLAO               ,FIXRITE PANGLAO-ADMIN                             ,FAACQ               
0033-0007886500513  ,PLASTIC PALLET BLACK D4S-1012.16                            ,      3150.00,09/07/2022,FUR. & FIXT.        ,PALLET                                            ,         4,FIXRITE PANGLAO               ,FIXRITE PANGLAO-ADMIN                             ,FAACQ               
0033-0007886500514  ,PLASTIC PALLET BLACK D4S-1012.16                            ,      3150.00,09/07/2022,FUR. & FIXT.        ,PALLET                                            ,         4,FIXRITE PANGLAO               ,FIXRITE PANGLAO-ADMIN                             ,FAACQ               
0033-0007886500515  ,PLASTIC PALLET BLACK D4S-1012.16                            ,      3150.00,09/07/2022,FUR. & FIXT.        ,PALLET                                            ,         4,FIXRITE PANGLAO               ,FIXRITE PANGLAO-ADMIN                             ,FAACQ               
0033-0007886500516  ,PLASTIC PALLET BLACK D4S-1012.16                            ,      3150.00,09/07/2022,FUR. & FIXT.        ,PALLET                                            ,         4,FIXRITE PANGLAO               ,FIXRITE PANGLAO-ADMIN                             ,FAACQ               
0033-0007886500517  ,PLASTIC PALLET BLACK D4S-1012.16                            ,      3150.00,09/07/2022,FUR. & FIXT.        ,PALLET                                            ,         4,FIXRITE PANGLAO               ,FIXRITE PANGLAO-ADMIN                             ,FAACQ               
0033-0007886500518  ,PLASTIC PALLET BLACK D4S-1012.16                            ,      3150.00,09/07/2022,FUR. & FIXT.        ,PALLET                                            ,         4,FIXRITE PANGLAO               ,FIXRITE PANGLAO-ADMIN                             ,FAACQ               
0033-0007886500519  ,PLASTIC PALLET BLACK D4S-1012.16                            ,      3150.00,09/07/2022,FUR. & FIXT.        ,PALLET                                            ,         4,FIXRITE PANGLAO               ,FIXRITE PANGLAO-ADMIN                             ,FAACQ               
0033-0007886500520  ,PLASTIC PALLET BLACK D4S-1012.16                            ,      3150.00,09/07/2022,FUR. & FIXT.        ,PALLET                                            ,         4,FIXRITE PANGLAO               ,FIXRITE PANGLAO-ADMIN                             ,FAACQ               
0033-0007886500521  ,PLASTIC PALLET BLACK D4S-1012.16                            ,      3150.00,09/07/2022,FUR. & FIXT.        ,PALLET                                            ,         4,FIXRITE PANGLAO               ,FIXRITE PANGLAO-ADMIN                             ,FAACQ               
0033-0007886500522  ,PLASTIC PALLET BLACK D4S-1012.16                            ,      3150.00,09/07/2022,FUR. & FIXT.        ,PALLET                                            ,         4,FIXRITE PANGLAO               ,FIXRITE PANGLAO-ADMIN                             ,FAACQ               
0033-0007886500523  ,PLASTIC PALLET BLACK D4S-1012.16                            ,      3150.00,09/07/2022,FUR. & FIXT.        ,PALLET                                            ,         4,FIXRITE PANGLAO               ,FIXRITE PANGLAO-ADMIN                             ,FAACQ               
0033-0007886500524  ,PLASTIC PALLET BLACK D4S-1012.16                            ,      3150.00,09/07/2022,FUR. & FIXT.        ,PALLET                                            ,         4,FIXRITE PANGLAO               ,FIXRITE PANGLAO-ADMIN                             ,FAACQ               
0033-0007886500525  ,PLASTIC PALLET BLACK D4S-1012.16                            ,      3150.00,09/07/2022,FUR. & FIXT.        ,PALLET                                            ,         4,FIXRITE PANGLAO               ,FIXRITE PANGLAO-ADMIN                             ,FAACQ               
0033-0007886500526  ,PLASTIC PALLET BLACK D4S-1012.16                            ,      3150.00,09/07/2022,FUR. & FIXT.        ,PALLET                                            ,         4,FIXRITE PANGLAO               ,FIXRITE PANGLAO-ADMIN                             ,FAACQ               
0033-0007886500527  ,PLASTIC PALLET BLACK D4S-1012.16                            ,      3150.00,09/07/2022,FUR. & FIXT.        ,PALLET                                            ,         4,FIXRITE PANGLAO               ,FIXRITE PANGLAO-ADMIN                             ,FAACQ               
0033-0007886500528  ,PLASTIC PALLET BLACK D4S-1012.16                            ,      3150.00,09/07/2022,FUR. & FIXT.        ,PALLET                                            ,         4,FIXRITE PANGLAO               ,FIXRITE PANGLAO-ADMIN                             ,FAACQ               
0033-0007886500529  ,PLASTIC PALLET BLACK D4S-1012.16                            ,      3150.00,09/07/2022,FUR. & FIXT.        ,PALLET                                            ,         4,FIXRITE PANGLAO               ,FIXRITE PANGLAO-ADMIN                             ,FAACQ               
0033-0007886500530  ,PLASTIC PALLET BLACK D4S-1012.16                            ,      3150.00,09/07/2022,FUR. & FIXT.        ,PALLET                                            ,         4,FIXRITE PANGLAO               ,FIXRITE PANGLAO-ADMIN                             ,FAACQ               
0033-0007886500531  ,PLASTIC PALLET BLACK D4S-1012.16                            ,      3150.00,09/07/2022,FUR. & FIXT.        ,PALLET                                            ,         4,FIXRITE PANGLAO               ,FIXRITE PANGLAO-ADMIN                             ,FAACQ               
0033-0007886500532  ,PLASTIC PALLET BLACK D4S-1012.16                            ,      3150.00,09/07/2022,FUR. & FIXT.        ,PALLET                                            ,         4,FIXRITE PANGLAO               ,FIXRITE PANGLAO-ADMIN                             ,FAACQ               
0033-0007886500533  ,PLASTIC PALLET BLACK D4S-1012.16                            ,      3150.00,09/07/2022,FUR. & FIXT.        ,PALLET                                            ,         4,FIXRITE PANGLAO               ,FIXRITE PANGLAO-ADMIN                             ,FAACQ               
0033-0007886500534  ,PLASTIC PALLET BLACK D4S-1012.16                            ,      3150.00,09/07/2022,FUR. & FIXT.        ,PALLET                                            ,         4,FIXRITE PANGLAO               ,FIXRITE PANGLAO-ADMIN                             ,FAACQ               
0033-0007886500535  ,PLASTIC PALLET BLACK D4S-1012.16                            ,      3150.00,09/07/2022,FUR. & FIXT.        ,PALLET                                            ,         4,FIXRITE PANGLAO               ,FIXRITE PANGLAO-ADMIN                             ,FAACQ               
0033-0007886500536  ,PLASTIC PALLET BLACK D4S-1012.16                            ,      3150.00,09/07/2022,FUR. & FIXT.        ,PALLET                                            ,         4,FIXRITE PANGLAO               ,FIXRITE PANGLAO-ADMIN                             ,FAACQ               
0033-0007886500537  ,PLASTIC PALLET BLACK D4S-1012.16                            ,      3150.00,09/07/2022,FUR. & FIXT.        ,PALLET                                            ,         4,FIXRITE PANGLAO               ,FIXRITE PANGLAO-ADMIN                             ,FAACQ               
0033-0007886500538  ,PLASTIC PALLET BLACK D4S-1012.16                            ,      3150.00,09/07/2022,FUR. & FIXT.        ,PALLET                                            ,         4,FIXRITE PANGLAO               ,FIXRITE PANGLAO-ADMIN                             ,FAACQ               
0033-0007886500539  ,PLASTIC PALLET BLACK D4S-1012.16                            ,      3150.00,09/07/2022,FUR. & FIXT.        ,PALLET                                            ,         4,FIXRITE PANGLAO               ,FIXRITE PANGLAO-ADMIN                             ,FAACQ               
0033-0007886500540  ,PLASTIC PALLET BLACK D4S-1012.16                            ,      3150.00,09/07/2022,FUR. & FIXT.        ,PALLET                                            ,         4,FIXRITE PANGLAO               ,FIXRITE PANGLAO-ADMIN                             ,FAACQ               
0033-0007886500541  ,PLASTIC PALLET BLACK D4S-1012.16                            ,      3150.00,09/07/2022,FUR. & FIXT.        ,PALLET                                            ,         4,FIXRITE PANGLAO               ,FIXRITE PANGLAO-ADMIN                             ,FAACQ               
0033-0007886500542  ,PLASTIC PALLET BLACK D4S-1012.16                            ,      3150.00,09/07/2022,FUR. & FIXT.        ,PALLET                                            ,         4,FIXRITE PANGLAO               ,FIXRITE PANGLAO-ADMIN                             ,FAACQ               
0033-0007886500543  ,PLASTIC PALLET BLACK D4S-1012.16                            ,      3150.00,09/07/2022,FUR. & FIXT.        ,PALLET                                            ,         4,FIXRITE PANGLAO               ,FIXRITE PANGLAO-ADMIN                             ,FAACQ               
0033-0007886500544  ,PLASTIC PALLET BLACK D4S-1012.16                            ,      3150.00,09/07/2022,FUR. & FIXT.        ,PALLET                                            ,         4,FIXRITE PANGLAO               ,FIXRITE PANGLAO-ADMIN                             ,FAACQ               
0033-0007886500545  ,PLASTIC PALLET BLACK D4S-1012.16                            ,      3150.00,09/07/2022,FUR. & FIXT.        ,PALLET                                            ,         4,FIXRITE PANGLAO               ,FIXRITE PANGLAO-ADMIN                             ,FAACQ               
0033-0007886500546  ,PLASTIC PALLET BLACK D4S-1012.16                            ,      3150.00,09/07/2022,FUR. & FIXT.        ,PALLET                                            ,         4,FIXRITE PANGLAO               ,FIXRITE PANGLAO-ADMIN                             ,FAACQ               
0033-0007886500547  ,PLASTIC PALLET BLACK D4S-1012.16                            ,      3150.00,09/07/2022,FUR. & FIXT.        ,PALLET                                            ,         4,FIXRITE PANGLAO               ,FIXRITE PANGLAO-ADMIN                             ,FAACQ               
0033-0007886500548  ,PLASTIC PALLET BLACK D4S-1012.16                            ,      3150.00,09/07/2022,FUR. & FIXT.        ,PALLET                                            ,         4,FIXRITE PANGLAO               ,FIXRITE PANGLAO-ADMIN                             ,FAACQ               
0033-0007886500549  ,PLASTIC PALLET BLACK D4S-1012.16                            ,      3150.00,09/07/2022,FUR. & FIXT.        ,PALLET                                            ,         4,FIXRITE PANGLAO               ,FIXRITE PANGLAO-ADMIN                             ,FAACQ               
0033-0007886500550  ,PLASTIC PALLET BLACK D4S-1012.16                            ,      3150.00,09/07/2022,FUR. & FIXT.        ,PALLET                                            ,         4,FIXRITE PANGLAO               ,FIXRITE PANGLAO-ADMIN                             ,FAACQ               
0033-0007886500551  ,PLASTIC PALLET BLACK D4S-1012.16                            ,      3150.00,09/07/2022,FUR. & FIXT.        ,PALLET                                            ,         4,FIXRITE PANGLAO               ,FIXRITE PANGLAO-ADMIN                             ,FAACQ               
0033-0007886500552  ,PLASTIC PALLET BLACK D4S-1012.16                            ,      3150.00,09/07/2022,FUR. & FIXT.        ,PALLET                                            ,         4,FIXRITE PANGLAO               ,FIXRITE PANGLAO-ADMIN                             ,FAACQ               
0033-0007886500553  ,PLASTIC PALLET BLACK D4S-1012.16                            ,      3150.00,09/07/2022,FUR. & FIXT.        ,PALLET                                            ,         4,FIXRITE PANGLAO               ,FIXRITE PANGLAO-ADMIN                             ,FAACQ               
0033-0007886500554  ,PLASTIC PALLET BLACK D4S-1012.16                            ,      3150.00,09/07/2022,FUR. & FIXT.        ,PALLET                                            ,         4,FIXRITE PANGLAO               ,FIXRITE PANGLAO-ADMIN                             ,FAACQ               
0033-0007886500555  ,PLASTIC PALLET BLACK D4S-1012.16                            ,      3150.00,09/07/2022,FUR. & FIXT.        ,PALLET                                            ,         4,FIXRITE PANGLAO               ,FIXRITE PANGLAO-ADMIN                             ,FAACQ               
0033-0007886500556  ,PLASTIC PALLET BLACK D4S-1012.16                            ,      3150.00,09/07/2022,FUR. & FIXT.        ,PALLET                                            ,         4,FIXRITE PANGLAO               ,FIXRITE PANGLAO-ADMIN                             ,FAACQ               
0033-0007886500557  ,PLASTIC PALLET BLACK D4S-1012.16                            ,      3150.00,09/07/2022,FUR. & FIXT.        ,PALLET                                            ,         4,FIXRITE PANGLAO               ,FIXRITE PANGLAO-ADMIN                             ,FAACQ               
0033-0007886500558  ,PLASTIC PALLET BLACK D4S-1012.16                            ,      3150.00,09/07/2022,FUR. & FIXT.        ,PALLET                                            ,         4,FIXRITE PANGLAO               ,FIXRITE PANGLAO-ADMIN                             ,FAACQ               
0033-0007886500559  ,PLASTIC PALLET BLACK D4S-1012.16                            ,      3150.00,09/07/2022,FUR. & FIXT.        ,PALLET                                            ,         4,FIXRITE PANGLAO               ,FIXRITE PANGLAO-ADMIN                             ,FAACQ               
0033-0007886500560  ,PLASTIC PALLET BLACK D4S-1012.16                            ,      3150.00,09/07/2022,FUR. & FIXT.        ,PALLET                                            ,         4,FIXRITE PANGLAO               ,FIXRITE PANGLAO-ADMIN                             ,FAACQ               
0033-0007886500561  ,PLASTIC PALLET BLACK D4S-1012.16                            ,      3150.00,09/07/2022,FUR. & FIXT.        ,PALLET                                            ,         4,FIXRITE PANGLAO               ,FIXRITE PANGLAO-ADMIN                             ,FAACQ               
0033-0007886500562  ,PLASTIC PALLET BLACK D4S-1012.16                            ,      3150.00,09/07/2022,FUR. & FIXT.        ,PALLET                                            ,         4,FIXRITE PANGLAO               ,FIXRITE PANGLAO-ADMIN                             ,FAACQ               
0033-0007886500563  ,PLASTIC PALLET BLACK D4S-1012.16                            ,      3150.00,09/07/2022,FUR. & FIXT.        ,PALLET                                            ,         4,FIXRITE PANGLAO               ,FIXRITE PANGLAO-ADMIN                             ,FAACQ               
0033-0007886500564  ,PLASTIC PALLET BLACK D4S-1012.16                            ,      3150.00,09/07/2022,FUR. & FIXT.        ,PALLET                                            ,         4,FIXRITE PANGLAO               ,FIXRITE PANGLAO-ADMIN                             ,FAACQ               
0033-0007886500565  ,PLASTIC PALLET BLACK D4S-1012.16                            ,      3150.00,09/07/2022,FUR. & FIXT.        ,PALLET                                            ,         4,FIXRITE PANGLAO               ,FIXRITE PANGLAO-ADMIN                             ,FAACQ               
0033-0007886500566  ,PLASTIC PALLET BLACK D4S-1012.16                            ,      3150.00,09/07/2022,FUR. & FIXT.        ,PALLET                                            ,         4,FIXRITE PANGLAO               ,FIXRITE PANGLAO-ADMIN                             ,FAACQ               
0033-0007886500567  ,PLASTIC PALLET BLACK D4S-1012.16                            ,      3150.00,09/07/2022,FUR. & FIXT.        ,PALLET                                            ,         4,FIXRITE PANGLAO               ,FIXRITE PANGLAO-ADMIN                             ,FAACQ               
0033-0007886500568  ,PLASTIC PALLET BLACK D4S-1012.16                            ,      3150.00,09/07/2022,FUR. & FIXT.        ,PALLET                                            ,         4,FIXRITE PANGLAO               ,FIXRITE PANGLAO-ADMIN                             ,FAACQ               
0033-0007886500569  ,PLASTIC PALLET BLACK D4S-1012.16                            ,      3150.00,09/07/2022,FUR. & FIXT.        ,PALLET                                            ,         4,FIXRITE PANGLAO               ,FIXRITE PANGLAO-ADMIN                             ,FAACQ               
0033-0007886500570  ,PLASTIC PALLET BLACK D4S-1012.16                            ,      3150.00,09/07/2022,FUR. & FIXT.        ,PALLET                                            ,         4,FIXRITE PANGLAO               ,FIXRITE PANGLAO-ADMIN                             ,FAACQ               
0033-0007886500571  ,PLASTIC PALLET BLACK D4S-1012.16                            ,      3150.00,09/07/2022,FUR. & FIXT.        ,PALLET                                            ,         4,FIXRITE PANGLAO               ,FIXRITE PANGLAO-ADMIN                             ,FAACQ               
0033-0007886500572  ,PLASTIC PALLET BLACK D4S-1012.16                            ,      3150.00,09/07/2022,FUR. & FIXT.        ,PALLET                                            ,         4,FIXRITE PANGLAO               ,FIXRITE PANGLAO-ADMIN                             ,FAACQ               
0033-0007886500573  ,PLASTIC PALLET BLACK D4S-1012.16                            ,      3150.00,09/07/2022,FUR. & FIXT.        ,PALLET                                            ,         4,FIXRITE PANGLAO               ,FIXRITE PANGLAO-ADMIN                             ,FAACQ               
0033-0007886500574  ,PLASTIC PALLET BLACK D4S-1012.16                            ,      3150.00,09/07/2022,FUR. & FIXT.        ,PALLET                                            ,         4,FIXRITE PANGLAO               ,FIXRITE PANGLAO-ADMIN                             ,FAACQ               
0033-0007886500575  ,PLASTIC PALLET BLACK D4S-1012.16                            ,      3150.00,09/07/2022,FUR. & FIXT.        ,PALLET                                            ,         4,FIXRITE PANGLAO               ,FIXRITE PANGLAO-ADMIN                             ,FAACQ               
0033-0007886500576  ,PLASTIC PALLET BLACK D4S-1012.16                            ,      3150.00,09/07/2022,FUR. & FIXT.        ,PALLET                                            ,         4,FIXRITE PANGLAO               ,FIXRITE PANGLAO-ADMIN                             ,FAACQ               
0033-0007886500577  ,PLASTIC PALLET BLACK D4S-1012.16                            ,      3150.00,09/07/2022,FUR. & FIXT.        ,PALLET                                            ,         4,FIXRITE PANGLAO               ,FIXRITE PANGLAO-ADMIN                             ,FAACQ               
0033-0007886500578  ,PLASTIC PALLET BLACK D4S-1012.16                            ,      3150.00,09/07/2022,FUR. & FIXT.        ,PALLET                                            ,         4,FIXRITE PANGLAO               ,FIXRITE PANGLAO-ADMIN                             ,FAACQ               
0033-0007886500579  ,PLASTIC PALLET BLACK D4S-1012.16                            ,      3150.00,09/07/2022,FUR. & FIXT.        ,PALLET                                            ,         4,FIXRITE PANGLAO               ,FIXRITE PANGLAO-ADMIN                             ,FAACQ               
0033-0007886500580  ,PLASTIC PALLET BLACK D4S-1012.16                            ,      3150.00,09/07/2022,FUR. & FIXT.        ,PALLET                                            ,         4,FIXRITE PANGLAO               ,FIXRITE PANGLAO-ADMIN                             ,FAACQ               
0033-0007886500581  ,PLASTIC PALLET BLACK D4S-1012.16                            ,      3150.00,09/07/2022,FUR. & FIXT.        ,PALLET                                            ,         4,FIXRITE PANGLAO               ,FIXRITE PANGLAO-ADMIN                             ,FAACQ               
0033-0007886500582  ,PLASTIC PALLET BLACK D4S-1012.16                            ,      3150.00,09/07/2022,FUR. & FIXT.        ,PALLET                                            ,         4,FIXRITE PANGLAO               ,FIXRITE PANGLAO-ADMIN                             ,FAACQ               
0033-0007886500583  ,PLASTIC PALLET BLACK D4S-1012.16                            ,      3150.00,09/07/2022,FUR. & FIXT.        ,PALLET                                            ,         4,FIXRITE PANGLAO               ,FIXRITE PANGLAO-ADMIN                             ,FAACQ               
0033-0007886500584  ,PLASTIC PALLET BLACK D4S-1012.16                            ,      3150.00,09/07/2022,FUR. & FIXT.        ,PALLET                                            ,         4,FIXRITE PANGLAO               ,FIXRITE PANGLAO-ADMIN                             ,FAACQ               
0033-0007886500585  ,PLASTIC PALLET BLACK D4S-1012.16                            ,      3150.00,09/07/2022,FUR. & FIXT.        ,PALLET                                            ,         4,FIXRITE PANGLAO               ,FIXRITE PANGLAO-ADMIN                             ,FAACQ               
0033-0007886500586  ,PLASTIC PALLET BLACK D4S-1012.16                            ,      3150.00,09/07/2022,FUR. & FIXT.        ,PALLET                                            ,         4,FIXRITE PANGLAO               ,FIXRITE PANGLAO-ADMIN                             ,FAACQ               
0033-0007886500587  ,PLASTIC PALLET BLACK D4S-1012.16                            ,      3150.00,09/07/2022,FUR. & FIXT.        ,PALLET                                            ,         4,FIXRITE PANGLAO               ,FIXRITE PANGLAO-ADMIN                             ,FAACQ               
0033-0007886500588  ,PLASTIC PALLET BLACK D4S-1012.16                            ,      3150.00,09/07/2022,FUR. & FIXT.        ,PALLET                                            ,         4,FIXRITE PANGLAO               ,FIXRITE PANGLAO-ADMIN                             ,FAACQ               
0033-0007886500589  ,PLASTIC PALLET BLACK D4S-1012.16                            ,      3150.00,09/07/2022,FUR. & FIXT.        ,PALLET                                            ,         4,FIXRITE PANGLAO               ,FIXRITE PANGLAO-ADMIN                             ,FAACQ               
0033-0007886500590  ,PLASTIC PALLET BLACK D4S-1012.16                            ,      3150.00,09/07/2022,FUR. & FIXT.        ,PALLET                                            ,         4,FIXRITE PANGLAO               ,FIXRITE PANGLAO-ADMIN                             ,FAACQ               
0033-0007886500591  ,PLASTIC PALLET BLACK D4S-1012.16                            ,      3150.00,09/07/2022,FUR. & FIXT.        ,PALLET                                            ,         4,FIXRITE PANGLAO               ,FIXRITE PANGLAO-ADMIN                             ,FAACQ               
0033-0007886500592  ,PLASTIC PALLET BLACK D4S-1012.16                            ,      3150.00,09/07/2022,FUR. & FIXT.        ,PALLET                                            ,         4,FIXRITE PANGLAO               ,FIXRITE PANGLAO-ADMIN                             ,FAACQ               
0033-0007886500593  ,PLASTIC PALLET BLACK D4S-1012.16                            ,      3150.00,09/07/2022,FUR. & FIXT.        ,PALLET                                            ,         4,FIXRITE PANGLAO               ,FIXRITE PANGLAO-ADMIN                             ,FAACQ               
0033-0007886500594  ,PLASTIC PALLET BLACK D4S-1012.16                            ,      3150.00,09/07/2022,FUR. & FIXT.        ,PALLET                                            ,         4,FIXRITE PANGLAO               ,FIXRITE PANGLAO-ADMIN                             ,FAACQ               
0033-0007886500595  ,PLASTIC PALLET BLACK D4S-1012.16                            ,      3150.00,09/07/2022,FUR. & FIXT.        ,PALLET                                            ,         4,FIXRITE PANGLAO               ,FIXRITE PANGLAO-ADMIN                             ,FAACQ               
0033-0007886500596  ,PLASTIC PALLET BLACK D4S-1012.16                            ,      3150.00,09/07/2022,FUR. & FIXT.        ,PALLET                                            ,         4,FIXRITE PANGLAO               ,FIXRITE PANGLAO-ADMIN                             ,FAACQ               
0033-0007886500597  ,PLASTIC PALLET BLACK D4S-1012.16                            ,      3150.00,09/07/2022,FUR. & FIXT.        ,PALLET                                            ,         4,FIXRITE PANGLAO               ,FIXRITE PANGLAO-ADMIN                             ,FAACQ               
0033-0007886500598  ,PLASTIC PALLET BLACK D4S-1012.16                            ,      3150.00,09/07/2022,FUR. & FIXT.        ,PALLET                                            ,         4,FIXRITE PANGLAO               ,FIXRITE PANGLAO-ADMIN                             ,FAACQ               
0033-0007886500599  ,PLASTIC PALLET BLACK D4S-1012.16                            ,      3150.00,09/07/2022,FUR. & FIXT.        ,PALLET                                            ,         4,FIXRITE PANGLAO               ,FIXRITE PANGLAO-ADMIN                             ,FAACQ               
0033-0007886500600  ,PLASTIC PALLET BLACK D4S-1012.16                            ,      3150.00,09/07/2022,FUR. & FIXT.        ,PALLET                                            ,         4,FIXRITE PANGLAO               ,FIXRITE PANGLAO-ADMIN                             ,FAACQ               
0033-0007886500601  ,PLASTIC PALLET BLACK D4S-1012.16                            ,      3150.00,09/07/2022,FUR. & FIXT.        ,PALLET                                            ,         4,FIXRITE PANGLAO               ,FIXRITE PANGLAO-ADMIN                             ,FAACQ               
0033-0007886500602  ,PLASTIC PALLET BLACK D4S-1012.16                            ,      3150.00,09/07/2022,FUR. & FIXT.        ,PALLET                                            ,         4,FIXRITE PANGLAO               ,FIXRITE PANGLAO-ADMIN                             ,FAACQ               
0033-0007886500603  ,PLASTIC PALLET BLACK D4S-1012.16                            ,      3150.00,09/07/2022,FUR. & FIXT.        ,PALLET                                            ,         4,FIXRITE PANGLAO               ,FIXRITE PANGLAO-ADMIN                             ,FAACQ               
0033-0007886500604  ,PLASTIC PALLET BLACK D4S-1012.16                            ,      3150.00,09/07/2022,FUR. & FIXT.        ,PALLET                                            ,         4,FIXRITE PANGLAO               ,FIXRITE PANGLAO-ADMIN                             ,FAACQ               
0033-0007886500605  ,PLASTIC PALLET BLACK D4S-1012.16                            ,      3150.00,09/07/2022,FUR. & FIXT.        ,PALLET                                            ,         4,FIXRITE PANGLAO               ,FIXRITE PANGLAO-ADMIN                             ,FAACQ               
0033-0007886500606  ,PLASTIC PALLET BLACK D4S-1012.16                            ,      3150.00,09/07/2022,FUR. & FIXT.        ,PALLET                                            ,         4,FIXRITE PANGLAO               ,FIXRITE PANGLAO-ADMIN                             ,FAACQ               
0033-0007886500607  ,PLASTIC PALLET BLACK D4S-1012.16                            ,      3150.00,09/07/2022,FUR. & FIXT.        ,PALLET                                            ,         4,FIXRITE PANGLAO               ,FIXRITE PANGLAO-ADMIN                             ,FAACQ               
0033-0007886500608  ,PLASTIC PALLET BLACK D4S-1012.16                            ,      3150.00,09/07/2022,FUR. & FIXT.        ,PALLET                                            ,         4,FIXRITE PANGLAO               ,FIXRITE PANGLAO-ADMIN                             ,FAACQ               
0033-0007886500609  ,PLASTIC PALLET BLACK D4S-1012.16                            ,      3150.00,09/07/2022,FUR. & FIXT.        ,PALLET                                            ,         4,FIXRITE PANGLAO               ,FIXRITE PANGLAO-ADMIN                             ,FAACQ               
0033-0007886500610  ,PLASTIC PALLET BLACK D4S-1012.16                            ,      3150.00,09/07/2022,FUR. & FIXT.        ,PALLET                                            ,         4,FIXRITE PANGLAO               ,FIXRITE PANGLAO-ADMIN                             ,FAACQ               
0033-0007886500611  ,PLASTIC PALLET BLACK D4S-1012.16                            ,      3150.00,09/07/2022,FUR. & FIXT.        ,PALLET                                            ,         4,FIXRITE PANGLAO               ,FIXRITE PANGLAO-ADMIN                             ,FAACQ               
0033-0007886500612  ,PLASTIC PALLET BLACK D4S-1012.16                            ,      3150.00,09/07/2022,FUR. & FIXT.        ,PALLET                                            ,         4,FIXRITE PANGLAO               ,FIXRITE PANGLAO-ADMIN                             ,FAACQ               
0033-0007886500613  ,PLASTIC PALLET BLACK D4S-1012.16                            ,      3150.00,09/07/2022,FUR. & FIXT.        ,PALLET                                            ,         4,FIXRITE PANGLAO               ,FIXRITE PANGLAO-ADMIN                             ,FAACQ               
0033-0007886500614  ,PLASTIC PALLET BLACK D4S-1012.16                            ,      3150.00,09/07/2022,FUR. & FIXT.        ,PALLET                                            ,         4,FIXRITE PANGLAO               ,FIXRITE PANGLAO-ADMIN                             ,FAACQ               
0033-0007886500615  ,PLASTIC PALLET BLACK D4S-1012.16                            ,      3150.00,09/07/2022,FUR. & FIXT.        ,PALLET                                            ,         4,FIXRITE PANGLAO               ,FIXRITE PANGLAO-ADMIN                             ,FAACQ               
0033-0007886500616  ,PLASTIC PALLET BLACK D4S-1012.16                            ,      3150.00,09/07/2022,FUR. & FIXT.        ,PALLET                                            ,         4,FIXRITE PANGLAO               ,FIXRITE PANGLAO-ADMIN                             ,FAACQ               
0033-0007886500617  ,PLASTIC PALLET BLACK D4S-1012.16                            ,      3150.00,09/07/2022,FUR. & FIXT.        ,PALLET                                            ,         4,FIXRITE PANGLAO               ,FIXRITE PANGLAO-ADMIN                             ,FAACQ               
0033-0007886500618  ,PLASTIC PALLET BLACK D4S-1012.16                            ,      3150.00,09/07/2022,FUR. & FIXT.        ,PALLET                                            ,         4,FIXRITE PANGLAO               ,FIXRITE PANGLAO-ADMIN                             ,FAACQ               
0033-0007886500619  ,PLASTIC PALLET BLACK D4S-1012.16                            ,      3150.00,09/07/2022,FUR. & FIXT.        ,PALLET                                            ,         4,FIXRITE PANGLAO               ,FIXRITE PANGLAO-ADMIN                             ,FAACQ               
0033-0007886500620  ,PLASTIC PALLET BLACK D4S-1012.16                            ,      3150.00,09/07/2022,FUR. & FIXT.        ,PALLET                                            ,         4,FIXRITE PANGLAO               ,FIXRITE PANGLAO-ADMIN                             ,FAACQ               
0033-0007886500621  ,PLASTIC PALLET BLACK D4S-1012.16                            ,      3150.00,09/07/2022,FUR. & FIXT.        ,PALLET                                            ,         4,FIXRITE PANGLAO               ,FIXRITE PANGLAO-ADMIN                             ,FAACQ               
0033-0007886500622  ,PLASTIC PALLET BLACK D4S-1012.16                            ,      3150.00,09/07/2022,FUR. & FIXT.        ,PALLET                                            ,         4,FIXRITE PANGLAO               ,FIXRITE PANGLAO-ADMIN                             ,FAACQ               
0033-0007886500623  ,PLASTIC PALLET BLACK D4S-1012.16                            ,      3150.00,09/07/2022,FUR. & FIXT.        ,PALLET                                            ,         4,FIXRITE PANGLAO               ,FIXRITE PANGLAO-ADMIN                             ,FAACQ               
0033-0007886500624  ,PLASTIC PALLET BLACK D4S-1012.16                            ,      3150.00,09/07/2022,FUR. & FIXT.        ,PALLET                                            ,         4,FIXRITE PANGLAO               ,FIXRITE PANGLAO-ADMIN                             ,FAACQ               
0033-0007886500625  ,PLASTIC PALLET BLACK D4S-1012.16                            ,      3150.00,09/07/2022,FUR. & FIXT.        ,PALLET                                            ,         4,FIXRITE PANGLAO               ,FIXRITE PANGLAO-ADMIN                             ,FAACQ               
0033-0007886500626  ,PLASTIC PALLET BLACK D4S-1012.16                            ,      3150.00,09/07/2022,FUR. & FIXT.        ,PALLET                                            ,         4,FIXRITE PANGLAO               ,FIXRITE PANGLAO-ADMIN                             ,FAACQ               
0033-0007886500627  ,PLASTIC PALLET BLACK D4S-1012.16                            ,      3150.00,09/07/2022,FUR. & FIXT.        ,PALLET                                            ,         4,FIXRITE PANGLAO               ,FIXRITE PANGLAO-ADMIN                             ,FAACQ               
0033-0007886500628  ,PLASTIC PALLET BLACK D4S-1012.16                            ,      3150.00,09/07/2022,FUR. & FIXT.        ,PALLET                                            ,         4,FIXRITE PANGLAO               ,FIXRITE PANGLAO-ADMIN                             ,FAACQ               
0033-0007886500629  ,PLASTIC PALLET BLACK D4S-1012.16                            ,      3150.00,09/07/2022,FUR. & FIXT.        ,PALLET                                            ,         4,FIXRITE PANGLAO               ,FIXRITE PANGLAO-ADMIN                             ,FAACQ               
0033-0007886500630  ,PLASTIC PALLET BLACK D4S-1012.16                            ,      3150.00,09/07/2022,FUR. & FIXT.        ,PALLET                                            ,         4,FIXRITE PANGLAO               ,FIXRITE PANGLAO-ADMIN                             ,FAACQ               
0033-0007886500631  ,PLASTIC PALLET BLACK D4S-1012.16                            ,      3150.00,09/07/2022,FUR. & FIXT.        ,PALLET                                            ,         4,FIXRITE PANGLAO               ,FIXRITE PANGLAO-ADMIN                             ,FAACQ               
0033-0007886500632  ,PLASTIC PALLET BLACK D4S-1012.16                            ,      3150.00,09/07/2022,FUR. & FIXT.        ,PALLET                                            ,         4,FIXRITE PANGLAO               ,FIXRITE PANGLAO-ADMIN                             ,FAACQ               
0033-0007886500633  ,PLASTIC PALLET BLACK D4S-1012.16                            ,      3150.00,09/07/2022,FUR. & FIXT.        ,PALLET                                            ,         4,FIXRITE PANGLAO               ,FIXRITE PANGLAO-ADMIN                             ,FAACQ               
0033-0007886500634  ,PLASTIC PALLET BLACK D4S-1012.16                            ,      3150.00,09/07/2022,FUR. & FIXT.        ,PALLET                                            ,         4,FIXRITE PANGLAO               ,FIXRITE PANGLAO-ADMIN                             ,FAACQ               
0033-0007886500635  ,PLASTIC PALLET BLACK D4S-1012.16                            ,      3150.00,09/07/2022,FUR. & FIXT.        ,PALLET                                            ,         4,FIXRITE PANGLAO               ,FIXRITE PANGLAO-ADMIN                             ,FAACQ               
0033-0007886500636  ,PLASTIC PALLET BLACK D4S-1012.16                            ,      3150.00,09/07/2022,FUR. & FIXT.        ,PALLET                                            ,         4,FIXRITE PANGLAO               ,FIXRITE PANGLAO-ADMIN                             ,FAACQ               
0033-0007886500637  ,PLASTIC PALLET BLACK D4S-1012.16                            ,      3150.00,09/07/2022,FUR. & FIXT.        ,PALLET                                            ,         4,FIXRITE PANGLAO               ,FIXRITE PANGLAO-ADMIN                             ,FAACQ               
0033-0007886500638  ,PLASTIC PALLET BLACK D4S-1012.16                            ,      3150.00,09/07/2022,FUR. & FIXT.        ,PALLET                                            ,         4,FIXRITE PANGLAO               ,FIXRITE PANGLAO-ADMIN                             ,FAACQ               
0033-0007886500639  ,PLASTIC PALLET BLACK D4S-1012.16                            ,      3150.00,09/07/2022,FUR. & FIXT.        ,PALLET                                            ,         4,FIXRITE PANGLAO               ,FIXRITE PANGLAO-ADMIN                             ,FAACQ               
0033-0007886500640  ,PLASTIC PALLET BLACK D4S-1012.16                            ,      3150.00,09/07/2022,FUR. & FIXT.        ,PALLET                                            ,         4,FIXRITE PANGLAO               ,FIXRITE PANGLAO-ADMIN                             ,FAACQ               
0033-0007886500641  ,PLASTIC PALLET BLACK D4S-1012.16                            ,      3150.00,09/07/2022,FUR. & FIXT.        ,PALLET                                            ,         4,FIXRITE PANGLAO               ,FIXRITE PANGLAO-ADMIN                             ,FAACQ               
0033-0007886500642  ,PLASTIC PALLET BLACK D4S-1012.16                            ,      3150.00,09/07/2022,FUR. & FIXT.        ,PALLET                                            ,         4,FIXRITE PANGLAO               ,FIXRITE PANGLAO-ADMIN                             ,FAACQ               
0033-0007886500643  ,PLASTIC PALLET BLACK D4S-1012.16                            ,      3150.00,09/07/2022,FUR. & FIXT.        ,PALLET                                            ,         4,FIXRITE PANGLAO               ,FIXRITE PANGLAO-ADMIN                             ,FAACQ               
0033-0007886500644  ,PLASTIC PALLET BLACK D4S-1012.16                            ,      3150.00,09/07/2022,FUR. & FIXT.        ,PALLET                                            ,         4,FIXRITE PANGLAO               ,FIXRITE PANGLAO-ADMIN                             ,FAACQ               
0033-0007886500645  ,PLASTIC PALLET BLACK D4S-1012.16                            ,      3150.00,09/07/2022,FUR. & FIXT.        ,PALLET                                            ,         4,FIXRITE PANGLAO               ,FIXRITE PANGLAO-ADMIN                             ,FAACQ               
0033-0007886500646  ,PLASTIC PALLET BLACK D4S-1012.16                            ,      3150.00,09/07/2022,FUR. & FIXT.        ,PALLET                                            ,         4,FIXRITE PANGLAO               ,FIXRITE PANGLAO-ADMIN                             ,FAACQ               
0033-0007886500647  ,PLASTIC PALLET BLACK D4S-1012.16                            ,      3150.00,09/07/2022,FUR. & FIXT.        ,PALLET                                            ,         4,FIXRITE PANGLAO               ,FIXRITE PANGLAO-ADMIN                             ,FAACQ               
0033-0007886500648  ,PLASTIC PALLET BLACK D4S-1012.16                            ,      3150.00,09/07/2022,FUR. & FIXT.        ,PALLET                                            ,         4,FIXRITE PANGLAO               ,FIXRITE PANGLAO-ADMIN                             ,FAACQ               
0033-0007886500649  ,PLASTIC PALLET BLACK D4S-1012.16                            ,      3150.00,09/07/2022,FUR. & FIXT.        ,PALLET                                            ,         4,FIXRITE PANGLAO               ,FIXRITE PANGLAO-ADMIN                             ,FAACQ               
0033-0007886500650  ,PLASTIC PALLET BLACK D4S-1012.16                            ,      3150.00,09/07/2022,FUR. & FIXT.        ,PALLET                                            ,         4,FIXRITE PANGLAO               ,FIXRITE PANGLAO-ADMIN                             ,FAACQ               
0033-0007886500651  ,PLASTIC PALLET BLACK D4S-1012.16                            ,      3150.00,09/07/2022,FUR. & FIXT.        ,PALLET                                            ,         4,FIXRITE PANGLAO               ,FIXRITE PANGLAO-ADMIN                             ,FAACQ               
0033-0007886500652  ,PLASTIC PALLET BLACK D4S-1012.16                            ,      3150.00,09/07/2022,FUR. & FIXT.        ,PALLET                                            ,         4,FIXRITE PANGLAO               ,FIXRITE PANGLAO-ADMIN                             ,FAACQ               
0033-0007886500653  ,PLASTIC PALLET BLACK D4S-1012.16                            ,      3150.00,09/07/2022,FUR. & FIXT.        ,PALLET                                            ,         4,FIXRITE PANGLAO               ,FIXRITE PANGLAO-ADMIN                             ,FAACQ               
0033-0007886500654  ,PLASTIC PALLET BLACK D4S-1012.16                            ,      3150.00,09/07/2022,FUR. & FIXT.        ,PALLET                                            ,         4,FIXRITE PANGLAO               ,FIXRITE PANGLAO-ADMIN                             ,FAACQ               
0033-0007886500655  ,PLASTIC PALLET BLACK D4S-1012.16                            ,      3150.00,09/07/2022,FUR. & FIXT.        ,PALLET                                            ,         4,FIXRITE PANGLAO               ,FIXRITE PANGLAO-ADMIN                             ,FAACQ               
0033-0007886500656  ,PLASTIC PALLET BLACK D4S-1012.16                            ,      3150.00,09/07/2022,FUR. & FIXT.        ,PALLET                                            ,         4,FIXRITE PANGLAO               ,FIXRITE PANGLAO-ADMIN                             ,FAACQ               
0033-0007886500657  ,PLASTIC PALLET BLACK D4S-1012.16                            ,      3150.00,09/07/2022,FUR. & FIXT.        ,PALLET                                            ,         4,FIXRITE PANGLAO               ,FIXRITE PANGLAO-ADMIN                             ,FAACQ               
0033-0007886500658  ,PLASTIC PALLET BLACK D4S-1012.16                            ,      3150.00,09/07/2022,FUR. & FIXT.        ,PALLET                                            ,         4,FIXRITE PANGLAO               ,FIXRITE PANGLAO-ADMIN                             ,FAACQ               
0033-0007886500659  ,PLASTIC PALLET BLACK D4S-1012.16                            ,      3150.00,09/07/2022,FUR. & FIXT.        ,PALLET                                            ,         4,FIXRITE PANGLAO               ,FIXRITE PANGLAO-ADMIN                             ,FAACQ               
0033-0007886500660  ,PLASTIC PALLET BLACK D4S-1012.16                            ,      3150.00,09/07/2022,FUR. & FIXT.        ,PALLET                                            ,         4,FIXRITE PANGLAO               ,FIXRITE PANGLAO-ADMIN                             ,FAACQ               
0033-0007886500661  ,PLASTIC PALLET BLACK D4S-1012.16                            ,      3150.00,09/07/2022,FUR. & FIXT.        ,PALLET                                            ,         4,FIXRITE PANGLAO               ,FIXRITE PANGLAO-ADMIN                             ,FAACQ               
0033-0007886500662  ,PLASTIC PALLET BLACK D4S-1012.16                            ,      3150.00,09/07/2022,FUR. & FIXT.        ,PALLET                                            ,         4,FIXRITE PANGLAO               ,FIXRITE PANGLAO-ADMIN                             ,FAACQ               
0033-0007886500663  ,PLASTIC PALLET BLACK D4S-1012.16                            ,      3150.00,09/07/2022,FUR. & FIXT.        ,PALLET                                            ,         4,FIXRITE PANGLAO               ,FIXRITE PANGLAO-ADMIN                             ,FAACQ               
0033-0007886500664  ,PLASTIC PALLET BLACK D4S-1012.16                            ,      3150.00,09/07/2022,FUR. & FIXT.        ,PALLET                                            ,         4,FIXRITE PANGLAO               ,FIXRITE PANGLAO-ADMIN                             ,FAACQ               
0033-0007886500665  ,PLASTIC PALLET BLACK D4S-1012.16                            ,      3150.00,09/07/2022,FUR. & FIXT.        ,PALLET                                            ,         4,FIXRITE PANGLAO               ,FIXRITE PANGLAO-ADMIN                             ,FAACQ               
0033-0007886500666  ,PLASTIC PALLET BLACK D4S-1012.16                            ,      3150.00,09/07/2022,FUR. & FIXT.        ,PALLET                                            ,         4,FIXRITE PANGLAO               ,FIXRITE PANGLAO-ADMIN                             ,FAACQ               
0033-0007886500667  ,PLASTIC PALLET BLACK D4S-1012.16                            ,      3150.00,09/07/2022,FUR. & FIXT.        ,PALLET                                            ,         4,FIXRITE PANGLAO               ,FIXRITE PANGLAO-ADMIN                             ,FAACQ               
0033-0007886500668  ,PLASTIC PALLET BLACK D4S-1012.16                            ,      3150.00,09/07/2022,FUR. & FIXT.        ,PALLET                                            ,         4,FIXRITE PANGLAO               ,FIXRITE PANGLAO-ADMIN                             ,FAACQ               
0033-0007886500669  ,PLASTIC PALLET BLACK D4S-1012.16                            ,      3150.00,09/07/2022,FUR. & FIXT.        ,PALLET                                            ,         4,FIXRITE PANGLAO               ,FIXRITE PANGLAO-ADMIN                             ,FAACQ               
0033-0007886500670  ,PLASTIC PALLET BLACK D4S-1012.16                            ,      3150.00,09/07/2022,FUR. & FIXT.        ,PALLET                                            ,         4,FIXRITE PANGLAO               ,FIXRITE PANGLAO-ADMIN                             ,FAACQ               
0033-0007886500671  ,PLASTIC PALLET BLACK D4S-1012.16                            ,      3150.00,09/07/2022,FUR. & FIXT.        ,PALLET                                            ,         4,FIXRITE PANGLAO               ,FIXRITE PANGLAO-ADMIN                             ,FAACQ               
0033-0007886500672  ,PLASTIC PALLET BLACK D4S-1012.16                            ,      3150.00,09/07/2022,FUR. & FIXT.        ,PALLET                                            ,         4,FIXRITE PANGLAO               ,FIXRITE PANGLAO-ADMIN                             ,FAACQ               
0033-0007886500673  ,PLASTIC PALLET BLACK D4S-1012.16                            ,      3150.00,09/07/2022,FUR. & FIXT.        ,PALLET                                            ,         4,FIXRITE PANGLAO               ,FIXRITE PANGLAO-ADMIN                             ,FAACQ               
0033-0007886500674  ,PLASTIC PALLET BLACK D4S-1012.16                            ,      3150.00,09/07/2022,FUR. & FIXT.        ,PALLET                                            ,         4,FIXRITE PANGLAO               ,FIXRITE PANGLAO-ADMIN                             ,FAACQ               
0033-0007886500675  ,PLASTIC PALLET BLACK D4S-1012.16                            ,      3150.00,09/07/2022,FUR. & FIXT.        ,PALLET                                            ,         4,FIXRITE PANGLAO               ,FIXRITE PANGLAO-ADMIN                             ,FAACQ               
0033-0007886500676  ,PLASTIC PALLET BLACK D4S-1012.16                            ,      3150.00,09/07/2022,FUR. & FIXT.        ,PALLET                                            ,         4,FIXRITE PANGLAO               ,FIXRITE PANGLAO-ADMIN                             ,FAACQ               
0033-0007886500677  ,PLASTIC PALLET BLACK D4S-1012.16                            ,      3150.00,09/07/2022,FUR. & FIXT.        ,PALLET                                            ,         4,FIXRITE PANGLAO               ,FIXRITE PANGLAO-ADMIN                             ,FAACQ               
0033-0007886500678  ,PLASTIC PALLET BLACK D4S-1012.16                            ,      3150.00,09/07/2022,FUR. & FIXT.        ,PALLET                                            ,         4,FIXRITE PANGLAO               ,FIXRITE PANGLAO-ADMIN                             ,FAACQ               
0033-0007886500679  ,PLASTIC PALLET BLACK D4S-1012.16                            ,      3150.00,09/07/2022,FUR. & FIXT.        ,PALLET                                            ,         4,FIXRITE PANGLAO               ,FIXRITE PANGLAO-ADMIN                             ,FAACQ               
0033-0007886500680  ,PLASTIC PALLET BLACK D4S-1012.16                            ,      3150.00,09/07/2022,FUR. & FIXT.        ,PALLET                                            ,         4,FIXRITE PANGLAO               ,FIXRITE PANGLAO-ADMIN                             ,FAACQ               
0033-0007886500681  ,PLASTIC PALLET BLACK D4S-1012.16                            ,      3150.00,09/07/2022,FUR. & FIXT.        ,PALLET                                            ,         4,FIXRITE PANGLAO               ,FIXRITE PANGLAO-ADMIN                             ,FAACQ               
0033-0007886500682  ,PLASTIC PALLET BLACK D4S-1012.16                            ,      3150.00,09/07/2022,FUR. & FIXT.        ,PALLET                                            ,         4,FIXRITE PANGLAO               ,FIXRITE PANGLAO-ADMIN                             ,FAACQ               
0033-0007886500683  ,PLASTIC PALLET BLACK D4S-1012.16                            ,      3150.00,09/07/2022,FUR. & FIXT.        ,PALLET                                            ,         4,FIXRITE PANGLAO               ,FIXRITE PANGLAO-ADMIN                             ,FAACQ               
0033-0007886500684  ,PLASTIC PALLET BLACK D4S-1012.16                            ,      3150.00,09/07/2022,FUR. & FIXT.        ,PALLET                                            ,         4,FIXRITE PANGLAO               ,FIXRITE PANGLAO-ADMIN                             ,FAACQ               
0033-0007886500685  ,PLASTIC PALLET BLACK D4S-1012.16                            ,      3150.00,09/07/2022,FUR. & FIXT.        ,PALLET                                            ,         4,FIXRITE PANGLAO               ,FIXRITE PANGLAO-ADMIN                             ,FAACQ               
0033-0007886500686  ,PLASTIC PALLET BLACK D4S-1012.16                            ,      3150.00,09/07/2022,FUR. & FIXT.        ,PALLET                                            ,         4,FIXRITE PANGLAO               ,FIXRITE PANGLAO-ADMIN                             ,FAACQ               
0033-0007886500687  ,PLASTIC PALLET BLACK D4S-1012.16                            ,      3150.00,09/07/2022,FUR. & FIXT.        ,PALLET                                            ,         4,FIXRITE PANGLAO               ,FIXRITE PANGLAO-ADMIN                             ,FAACQ               
0033-0007886500688  ,PLASTIC PALLET BLACK D4S-1012.16                            ,      3150.00,09/07/2022,FUR. & FIXT.        ,PALLET                                            ,         4,FIXRITE PANGLAO               ,FIXRITE PANGLAO-ADMIN                             ,FAACQ               
0033-0007886500689  ,PLASTIC PALLET BLACK D4S-1012.16                            ,      3150.00,09/07/2022,FUR. & FIXT.        ,PALLET                                            ,         4,FIXRITE PANGLAO               ,FIXRITE PANGLAO-ADMIN                             ,FAACQ               
0033-0007886500690  ,PLASTIC PALLET BLACK D4S-1012.16                            ,      3150.00,09/07/2022,FUR. & FIXT.        ,PALLET                                            ,         4,FIXRITE PANGLAO               ,FIXRITE PANGLAO-ADMIN                             ,FAACQ               
0033-0007886500691  ,PLASTIC PALLET BLACK D4S-1012.16                            ,      3150.00,09/07/2022,FUR. & FIXT.        ,PALLET                                            ,         4,FIXRITE PANGLAO               ,FIXRITE PANGLAO-ADMIN                             ,FAACQ               
0033-0007886500692  ,PLASTIC PALLET BLACK D4S-1012.16                            ,      3150.00,09/07/2022,FUR. & FIXT.        ,PALLET                                            ,         4,FIXRITE PANGLAO               ,FIXRITE PANGLAO-ADMIN                             ,FAACQ               
0033-0007886500693  ,PLASTIC PALLET BLACK D4S-1012.16                            ,      3150.00,09/07/2022,FUR. & FIXT.        ,PALLET                                            ,         4,FIXRITE PANGLAO               ,FIXRITE PANGLAO-ADMIN                             ,FAACQ               
0033-0007886500694  ,PLASTIC PALLET BLACK D4S-1012.16                            ,      3150.00,09/07/2022,FUR. & FIXT.        ,PALLET                                            ,         4,FIXRITE PANGLAO               ,FIXRITE PANGLAO-ADMIN                             ,FAACQ               
0033-0007886500695  ,PLASTIC PALLET BLACK D4S-1012.16                            ,      3150.00,09/07/2022,FUR. & FIXT.        ,PALLET                                            ,         4,FIXRITE PANGLAO               ,FIXRITE PANGLAO-ADMIN                             ,FAACQ               
0033-0007886500696  ,PLASTIC PALLET BLACK D4S-1012.16                            ,      3150.00,09/07/2022,FUR. & FIXT.        ,PALLET                                            ,         4,FIXRITE PANGLAO               ,FIXRITE PANGLAO-ADMIN                             ,FAACQ               
0033-0007886500697  ,PLASTIC PALLET BLACK D4S-1012.16                            ,      3150.00,09/07/2022,FUR. & FIXT.        ,PALLET                                            ,         4,FIXRITE PANGLAO               ,FIXRITE PANGLAO-ADMIN                             ,FAACQ               
0033-0007886500698  ,PLASTIC PALLET BLACK D4S-1012.16                            ,      3150.00,09/07/2022,FUR. & FIXT.        ,PALLET                                            ,         4,FIXRITE PANGLAO               ,FIXRITE PANGLAO-ADMIN                             ,FAACQ               
0033-0007886500699  ,PLASTIC PALLET BLACK D4S-1012.16                            ,      3150.00,09/07/2022,FUR. & FIXT.        ,PALLET                                            ,         4,FIXRITE PANGLAO               ,FIXRITE PANGLAO-ADMIN                             ,FAACQ               
0033-0007886500700  ,PLASTIC PALLET BLACK D4S-1012.16                            ,      3150.00,09/07/2022,FUR. & FIXT.        ,PALLET                                            ,         4,FIXRITE PANGLAO               ,FIXRITE PANGLAO-ADMIN                             ,FAACQ               
0033-0007886500701  ,PLASTIC PALLET BLACK D4S-1012.16                            ,      3150.00,09/07/2022,FUR. & FIXT.        ,PALLET                                            ,         4,FIXRITE PANGLAO               ,FIXRITE PANGLAO-ADMIN                             ,FAACQ               
0033-0007886500702  ,PLASTIC PALLET BLACK D4S-1012.16                            ,      3150.00,09/07/2022,FUR. & FIXT.        ,PALLET                                            ,         4,FIXRITE PANGLAO               ,FIXRITE PANGLAO-ADMIN                             ,FAACQ               
0033-0007886500703  ,PLASTIC PALLET BLACK D4S-1012.16                            ,      3150.00,09/07/2022,FUR. & FIXT.        ,PALLET                                            ,         4,FIXRITE PANGLAO               ,FIXRITE PANGLAO-ADMIN                             ,FAACQ               
0033-0007886500704  ,PLASTIC PALLET BLACK D4S-1012.16                            ,      3150.00,09/07/2022,FUR. & FIXT.        ,PALLET                                            ,         4,FIXRITE PANGLAO               ,FIXRITE PANGLAO-ADMIN                             ,FAACQ               
0033-0007886500705  ,PLASTIC PALLET BLACK D4S-1012.16                            ,      3150.00,09/07/2022,FUR. & FIXT.        ,PALLET                                            ,         4,FIXRITE PANGLAO               ,FIXRITE PANGLAO-ADMIN                             ,FAACQ               
0033-0007886500706  ,PLASTIC PALLET BLACK D4S-1012.16                            ,      3150.00,09/07/2022,FUR. & FIXT.        ,PALLET                                            ,         4,FIXRITE PANGLAO               ,FIXRITE PANGLAO-ADMIN                             ,FAACQ               
0033-0007886500707  ,PLASTIC PALLET BLACK D4S-1012.16                            ,      3150.00,09/07/2022,FUR. & FIXT.        ,PALLET                                            ,         4,FIXRITE PANGLAO               ,FIXRITE PANGLAO-ADMIN                             ,FAACQ               
0033-0007886500708  ,PLASTIC PALLET BLACK D4S-1012.16                            ,      3150.00,09/07/2022,FUR. & FIXT.        ,PALLET                                            ,         4,FIXRITE PANGLAO               ,FIXRITE PANGLAO-ADMIN                             ,FAACQ               
0033-0007886500709  ,PLASTIC PALLET BLACK D4S-1012.16                            ,      3150.00,09/07/2022,FUR. & FIXT.        ,PALLET                                            ,         4,FIXRITE PANGLAO               ,FIXRITE PANGLAO-ADMIN                             ,FAACQ               
0033-0007886500710  ,PLASTIC PALLET BLACK D4S-1012.16                            ,      3150.00,09/07/2022,FUR. & FIXT.        ,PALLET                                            ,         4,FIXRITE PANGLAO               ,FIXRITE PANGLAO-ADMIN                             ,FAACQ               
0033-0007886500711  ,PLASTIC PALLET BLACK D4S-1012.16                            ,      3150.00,09/07/2022,FUR. & FIXT.        ,PALLET                                            ,         4,FIXRITE PANGLAO               ,FIXRITE PANGLAO-ADMIN                             ,FAACQ               
0033-0007886500712  ,PLASTIC PALLET BLACK D4S-1012.16                            ,      3150.00,09/07/2022,FUR. & FIXT.        ,PALLET                                            ,         4,FIXRITE PANGLAO               ,FIXRITE PANGLAO-ADMIN                             ,FAACQ               
0033-0007886500713  ,PLASTIC PALLET BLACK D4S-1012.16                            ,      3150.00,09/07/2022,FUR. & FIXT.        ,PALLET                                            ,         4,FIXRITE PANGLAO               ,FIXRITE PANGLAO-ADMIN                             ,FAACQ               
0033-0007886500714  ,PLASTIC PALLET BLACK D4S-1012.16                            ,      3150.00,09/07/2022,FUR. & FIXT.        ,PALLET                                            ,         4,FIXRITE PANGLAO               ,FIXRITE PANGLAO-ADMIN                             ,FAACQ               
0033-0007886500715  ,PLASTIC PALLET BLACK D4S-1012.16                            ,      3150.00,09/07/2022,FUR. & FIXT.        ,PALLET                                            ,         4,FIXRITE PANGLAO               ,FIXRITE PANGLAO-ADMIN                             ,FAACQ               
0033-0007886500716  ,PLASTIC PALLET BLACK D4S-1012.16                            ,      3150.00,09/07/2022,FUR. & FIXT.        ,PALLET                                            ,         4,FIXRITE PANGLAO               ,FIXRITE PANGLAO-ADMIN                             ,FAACQ               
0033-0007886500717  ,PLASTIC PALLET BLACK D4S-1012.16                            ,      3150.00,09/07/2022,FUR. & FIXT.        ,PALLET                                            ,         4,FIXRITE PANGLAO               ,FIXRITE PANGLAO-ADMIN                             ,FAACQ               
0033-0007886500718  ,PLASTIC PALLET BLACK D4S-1012.16                            ,      3150.00,09/07/2022,FUR. & FIXT.        ,PALLET                                            ,         4,FIXRITE PANGLAO               ,FIXRITE PANGLAO-ADMIN                             ,FAACQ               
0033-0007886500719  ,PLASTIC PALLET BLACK D4S-1012.16                            ,      3150.00,09/07/2022,FUR. & FIXT.        ,PALLET                                            ,         4,FIXRITE PANGLAO               ,FIXRITE PANGLAO-ADMIN                             ,FAACQ               
0033-0007886500720  ,PLASTIC PALLET BLACK D4S-1012.16                            ,      3150.00,09/07/2022,FUR. & FIXT.        ,PALLET                                            ,         4,FIXRITE PANGLAO               ,FIXRITE PANGLAO-ADMIN                             ,FAACQ               
0033-0007886500721  ,PLASTIC PALLET BLACK D4S-1012.16                            ,      3150.00,09/07/2022,FUR. & FIXT.        ,PALLET                                            ,         4,FIXRITE PANGLAO               ,FIXRITE PANGLAO-ADMIN                             ,FAACQ               
0033-0007886500722  ,PLASTIC PALLET BLACK D4S-1012.16                            ,      3150.00,09/07/2022,FUR. & FIXT.        ,PALLET                                            ,         4,FIXRITE PANGLAO               ,FIXRITE PANGLAO-ADMIN                             ,FAACQ               
0033-0007886500723  ,PLASTIC PALLET BLACK D4S-1012.16                            ,      3150.00,09/07/2022,FUR. & FIXT.        ,PALLET                                            ,         4,FIXRITE PANGLAO               ,FIXRITE PANGLAO-ADMIN                             ,FAACQ               
0033-0007886500724  ,PLASTIC PALLET BLACK D4S-1012.16                            ,      3150.00,09/07/2022,FUR. & FIXT.        ,PALLET                                            ,         4,FIXRITE PANGLAO               ,FIXRITE PANGLAO-ADMIN                             ,FAACQ               
0033-0007886500725  ,PLASTIC PALLET BLACK D4S-1012.16                            ,      3150.00,09/07/2022,FUR. & FIXT.        ,PALLET                                            ,         4,FIXRITE PANGLAO               ,FIXRITE PANGLAO-ADMIN                             ,FAACQ               
0033-0007886500726  ,PLASTIC PALLET BLACK D4S-1012.16                            ,      3150.00,09/07/2022,FUR. & FIXT.        ,PALLET                                            ,         4,FIXRITE PANGLAO               ,FIXRITE PANGLAO-ADMIN                             ,FAACQ               
0033-0007886500727  ,PLASTIC PALLET BLACK D4S-1012.16                            ,      3150.00,09/07/2022,FUR. & FIXT.        ,PALLET                                            ,         4,FIXRITE PANGLAO               ,FIXRITE PANGLAO-ADMIN                             ,FAACQ               
0033-0007886500728  ,PLASTIC PALLET BLACK D4S-1012.16                            ,      3150.00,09/07/2022,FUR. & FIXT.        ,PALLET                                            ,         4,FIXRITE PANGLAO               ,FIXRITE PANGLAO-ADMIN                             ,FAACQ               
0033-0007886500729  ,PLASTIC PALLET BLACK D4S-1012.16                            ,      3150.00,09/07/2022,FUR. & FIXT.        ,PALLET                                            ,         4,FIXRITE PANGLAO               ,FIXRITE PANGLAO-ADMIN                             ,FAACQ               
0033-0007886500730  ,PLASTIC PALLET BLACK D4S-1012.16                            ,      3150.00,09/07/2022,FUR. & FIXT.        ,PALLET                                            ,         4,FIXRITE PANGLAO               ,FIXRITE PANGLAO-ADMIN                             ,FAACQ               
0033-0007886500731  ,PLASTIC PALLET BLACK D4S-1012.16                            ,      3150.00,09/07/2022,FUR. & FIXT.        ,PALLET                                            ,         4,FIXRITE PANGLAO               ,FIXRITE PANGLAO-ADMIN                             ,FAACQ               
0033-0007886500732  ,PLASTIC PALLET BLACK D4S-1012.16                            ,      3150.00,09/07/2022,FUR. & FIXT.        ,PALLET                                            ,         4,FIXRITE PANGLAO               ,FIXRITE PANGLAO-ADMIN                             ,FAACQ               
0033-0007886500733  ,PLASTIC PALLET BLACK D4S-1012.16                            ,      3150.00,09/07/2022,FUR. & FIXT.        ,PALLET                                            ,         4,FIXRITE PANGLAO               ,FIXRITE PANGLAO-ADMIN                             ,FAACQ               
0033-0007886500734  ,PLASTIC PALLET BLACK D4S-1012.16                            ,      3150.00,09/07/2022,FUR. & FIXT.        ,PALLET                                            ,         4,FIXRITE PANGLAO               ,FIXRITE PANGLAO-ADMIN                             ,FAACQ               
0033-0007886500735  ,PLASTIC PALLET BLACK D4S-1012.16                            ,      3150.00,09/07/2022,FUR. & FIXT.        ,PALLET                                            ,         4,FIXRITE PANGLAO               ,FIXRITE PANGLAO-ADMIN                             ,FAACQ               
0033-0007886500736  ,PLASTIC PALLET BLACK D4S-1012.16                            ,      3150.00,09/07/2022,FUR. & FIXT.        ,PALLET                                            ,         4,FIXRITE PANGLAO               ,FIXRITE PANGLAO-ADMIN                             ,FAACQ               
0033-0007886500737  ,PLASTIC PALLET BLACK D4S-1012.16                            ,      3150.00,09/07/2022,FUR. & FIXT.        ,PALLET                                            ,         4,FIXRITE PANGLAO               ,FIXRITE PANGLAO-ADMIN                             ,FAACQ               
0033-0007886500738  ,PLASTIC PALLET BLACK D4S-1012.16                            ,      3150.00,09/07/2022,FUR. & FIXT.        ,PALLET                                            ,         4,FIXRITE PANGLAO               ,FIXRITE PANGLAO-ADMIN                             ,FAACQ               
0033-0007886500739  ,PLASTIC PALLET BLACK D4S-1012.16                            ,      3150.00,09/07/2022,FUR. & FIXT.        ,PALLET                                            ,         4,FIXRITE PANGLAO               ,FIXRITE PANGLAO-ADMIN                             ,FAACQ               
0033-0007886500740  ,PLASTIC PALLET BLACK D4S-1012.16                            ,      3150.00,09/07/2022,FUR. & FIXT.        ,PALLET                                            ,         4,FIXRITE PANGLAO               ,FIXRITE PANGLAO-ADMIN                             ,FAACQ               
0033-0007886500741  ,PLASTIC PALLET BLACK D4S-1012.16                            ,      3150.00,09/07/2022,FUR. & FIXT.        ,PALLET                                            ,         4,FIXRITE PANGLAO               ,FIXRITE PANGLAO-ADMIN                             ,FAACQ               
0033-0007886500742  ,PLASTIC PALLET BLACK D4S-1012.16                            ,      3150.00,09/07/2022,FUR. & FIXT.        ,PALLET                                            ,         4,FIXRITE PANGLAO               ,FIXRITE PANGLAO-ADMIN                             ,FAACQ               
0033-0007886500743  ,PLASTIC PALLET BLACK D4S-1012.16                            ,      3150.00,09/07/2022,FUR. & FIXT.        ,PALLET                                            ,         4,FIXRITE PANGLAO               ,FIXRITE PANGLAO-ADMIN                             ,FAACQ               
0033-0007886500744  ,PLASTIC PALLET BLACK D4S-1012.16                            ,      3150.00,09/07/2022,FUR. & FIXT.        ,PALLET                                            ,         4,FIXRITE PANGLAO               ,FIXRITE PANGLAO-ADMIN                             ,FAACQ               
0033-0007886500745  ,PLASTIC PALLET BLACK D4S-1012.16                            ,      3150.00,09/07/2022,FUR. & FIXT.        ,PALLET                                            ,         4,FIXRITE PANGLAO               ,FIXRITE PANGLAO-ADMIN                             ,FAACQ               
0033-0007886500746  ,PLASTIC PALLET BLACK D4S-1012.16                            ,      3150.00,09/07/2022,FUR. & FIXT.        ,PALLET                                            ,         4,FIXRITE PANGLAO               ,FIXRITE PANGLAO-ADMIN                             ,FAACQ               
0033-0007886500747  ,PLASTIC PALLET BLACK D4S-1012.16                            ,      3150.00,09/07/2022,FUR. & FIXT.        ,PALLET                                            ,         4,FIXRITE PANGLAO               ,FIXRITE PANGLAO-ADMIN                             ,FAACQ               
0033-0007886500748  ,PLASTIC PALLET BLACK D4S-1012.16                            ,      3150.00,09/07/2022,FUR. & FIXT.        ,PALLET                                            ,         4,FIXRITE PANGLAO               ,FIXRITE PANGLAO-ADMIN                             ,FAACQ               
0033-0007886500749  ,PLASTIC PALLET BLACK D4S-1012.16                            ,      3150.00,09/07/2022,FUR. & FIXT.        ,PALLET                                            ,         4,FIXRITE PANGLAO               ,FIXRITE PANGLAO-ADMIN                             ,FAACQ               
0033-0007886500750  ,PLASTIC PALLET BLACK D4S-1012.16                            ,      3150.00,09/07/2022,FUR. & FIXT.        ,PALLET                                            ,         4,FIXRITE PANGLAO               ,FIXRITE PANGLAO-ADMIN                             ,FAACQ               
0033-0007886500751  ,PLASTIC PALLET BLACK D4S-1012.16                            ,      3150.00,09/07/2022,FUR. & FIXT.        ,PALLET                                            ,         4,FIXRITE PANGLAO               ,FIXRITE PANGLAO-ADMIN                             ,FAACQ               
0033-0007886500752  ,PLASTIC PALLET BLACK D4S-1012.16                            ,      3150.00,09/07/2022,FUR. & FIXT.        ,PALLET                                            ,         4,FIXRITE PANGLAO               ,FIXRITE PANGLAO-ADMIN                             ,FAACQ               
0033-0007886500753  ,PLASTIC PALLET BLACK D4S-1012.16                            ,      3150.00,09/07/2022,FUR. & FIXT.        ,PALLET                                            ,         4,FIXRITE PANGLAO               ,FIXRITE PANGLAO-ADMIN                             ,FAACQ               
0033-0007886500754  ,PLASTIC PALLET BLACK D4S-1012.16                            ,      3150.00,09/07/2022,FUR. & FIXT.        ,PALLET                                            ,         4,FIXRITE PANGLAO               ,FIXRITE PANGLAO-ADMIN                             ,FAACQ               
0033-0007886500755  ,PLASTIC PALLET BLACK D4S-1012.16                            ,      3150.00,09/07/2022,FUR. & FIXT.        ,PALLET                                            ,         4,FIXRITE PANGLAO               ,FIXRITE PANGLAO-ADMIN                             ,FAACQ               
0033-0007886500756  ,PLASTIC PALLET BLACK D4S-1012.16                            ,      3150.00,09/07/2022,FUR. & FIXT.        ,PALLET                                            ,         4,FIXRITE PANGLAO               ,FIXRITE PANGLAO-ADMIN                             ,FAACQ               
0033-0007886500757  ,PLASTIC PALLET BLACK D4S-1012.16                            ,      3150.00,09/07/2022,FUR. & FIXT.        ,PALLET                                            ,         4,FIXRITE PANGLAO               ,FIXRITE PANGLAO-ADMIN                             ,FAACQ               
0033-0007886500758  ,PLASTIC PALLET BLACK D4S-1012.16                            ,      3150.00,09/07/2022,FUR. & FIXT.        ,PALLET                                            ,         4,FIXRITE PANGLAO               ,FIXRITE PANGLAO-ADMIN                             ,FAACQ               
0033-0007886500759  ,PLASTIC PALLET BLACK D4S-1012.16                            ,      3150.00,09/07/2022,FUR. & FIXT.        ,PALLET                                            ,         4,FIXRITE PANGLAO               ,FIXRITE PANGLAO-ADMIN                             ,FAACQ               
0033-0007886500760  ,PLASTIC PALLET BLACK D4S-1012.16                            ,      3150.00,09/07/2022,FUR. & FIXT.        ,PALLET                                            ,         4,FIXRITE PANGLAO               ,FIXRITE PANGLAO-ADMIN                             ,FAACQ               
0033-0007886500761  ,PLASTIC PALLET BLACK D4S-1012.16                            ,      3150.00,09/07/2022,FUR. & FIXT.        ,PALLET                                            ,         4,FIXRITE PANGLAO               ,FIXRITE PANGLAO-ADMIN                             ,FAACQ               
0033-0007886500762  ,PLASTIC PALLET BLACK D4S-1012.16                            ,      3150.00,09/07/2022,FUR. & FIXT.        ,PALLET                                            ,         4,FIXRITE PANGLAO               ,FIXRITE PANGLAO-ADMIN                             ,FAACQ               
0033-0007886500763  ,PLASTIC PALLET BLACK D4S-1012.16                            ,      3150.00,09/07/2022,FUR. & FIXT.        ,PALLET                                            ,         4,FIXRITE PANGLAO               ,FIXRITE PANGLAO-ADMIN                             ,FAACQ               
0033-0007886500764  ,PLASTIC PALLET BLACK D4S-1012.16                            ,      3150.00,09/07/2022,FUR. & FIXT.        ,PALLET                                            ,         4,FIXRITE PANGLAO               ,FIXRITE PANGLAO-ADMIN                             ,FAACQ               
0033-0007886500765  ,PLASTIC PALLET BLACK D4S-1012.16                            ,      3150.00,09/07/2022,FUR. & FIXT.        ,PALLET                                            ,         4,FIXRITE PANGLAO               ,FIXRITE PANGLAO-ADMIN                             ,FAACQ               
0033-0007886500766  ,PLASTIC PALLET BLACK D4S-1012.16                            ,      3150.00,09/07/2022,FUR. & FIXT.        ,PALLET                                            ,         4,FIXRITE PANGLAO               ,FIXRITE PANGLAO-ADMIN                             ,FAACQ               
0033-0007886500767  ,PLASTIC PALLET BLACK D4S-1012.16                            ,      3150.00,09/07/2022,FUR. & FIXT.        ,PALLET                                            ,         4,FIXRITE PANGLAO               ,FIXRITE PANGLAO-ADMIN                             ,FAACQ               
0033-0007886500768  ,PLASTIC PALLET BLACK D4S-1012.16                            ,      3150.00,09/07/2022,FUR. & FIXT.        ,PALLET                                            ,         4,FIXRITE PANGLAO               ,FIXRITE PANGLAO-ADMIN                             ,FAACQ               
0033-0007886500769  ,PLASTIC PALLET BLACK D4S-1012.16                            ,      3150.00,09/07/2022,FUR. & FIXT.        ,PALLET                                            ,         4,FIXRITE PANGLAO               ,FIXRITE PANGLAO-ADMIN                             ,FAACQ               
0033-0007886500770  ,PLASTIC PALLET BLACK D4S-1012.16                            ,      3150.00,09/07/2022,FUR. & FIXT.        ,PALLET                                            ,         4,FIXRITE PANGLAO               ,FIXRITE PANGLAO-ADMIN                             ,FAACQ               
0033-0007886500771  ,PLASTIC PALLET BLACK D4S-1012.16                            ,      3150.00,09/07/2022,FUR. & FIXT.        ,PALLET                                            ,         4,FIXRITE PANGLAO               ,FIXRITE PANGLAO-ADMIN                             ,FAACQ               
0033-0007886500772  ,PLASTIC PALLET BLACK D4S-1012.16                            ,      3150.00,09/07/2022,FUR. & FIXT.        ,PALLET                                            ,         4,FIXRITE PANGLAO               ,FIXRITE PANGLAO-ADMIN                             ,FAACQ               
0033-0007886500773  ,PLASTIC PALLET BLACK D4S-1012.16                            ,      3150.00,09/07/2022,FUR. & FIXT.        ,PALLET                                            ,         4,FIXRITE PANGLAO               ,FIXRITE PANGLAO-ADMIN                             ,FAACQ               
0033-0007886500774  ,PLASTIC PALLET BLACK D4S-1012.16                            ,      3150.00,09/07/2022,FUR. & FIXT.        ,PALLET                                            ,         4,FIXRITE PANGLAO               ,FIXRITE PANGLAO-ADMIN                             ,FAACQ               
0033-0007886500775  ,PLASTIC PALLET BLACK D4S-1012.16                            ,      3150.00,09/07/2022,FUR. & FIXT.        ,PALLET                                            ,         4,FIXRITE PANGLAO               ,FIXRITE PANGLAO-ADMIN                             ,FAACQ               
0033-0007886500776  ,PLASTIC PALLET BLACK D4S-1012.16                            ,      3150.00,09/07/2022,FUR. & FIXT.        ,PALLET                                            ,         4,FIXRITE PANGLAO               ,FIXRITE PANGLAO-ADMIN                             ,FAACQ               
0033-0007886500777  ,PLASTIC PALLET BLACK D4S-1012.16                            ,      3150.00,09/07/2022,FUR. & FIXT.        ,PALLET                                            ,         4,FIXRITE PANGLAO               ,FIXRITE PANGLAO-ADMIN                             ,FAACQ               
0033-0007886500778  ,PLASTIC PALLET BLACK D4S-1012.16                            ,      3150.00,09/07/2022,FUR. & FIXT.        ,PALLET                                            ,         4,FIXRITE PANGLAO               ,FIXRITE PANGLAO-ADMIN                             ,FAACQ               
0033-0007886500779  ,PLASTIC PALLET BLACK D4S-1012.16                            ,      3150.00,09/07/2022,FUR. & FIXT.        ,PALLET                                            ,         4,FIXRITE PANGLAO               ,FIXRITE PANGLAO-ADMIN                             ,FAACQ               
0033-0007886500780  ,PLASTIC PALLET BLACK D4S-1012.16                            ,      3150.00,09/07/2022,FUR. & FIXT.        ,PALLET                                            ,         4,FIXRITE PANGLAO               ,FIXRITE PANGLAO-ADMIN                             ,FAACQ               
0033-0007886500781  ,PLASTIC PALLET BLACK D4S-1012.16                            ,      3150.00,09/07/2022,FUR. & FIXT.        ,PALLET                                            ,         4,FIXRITE PANGLAO               ,FIXRITE PANGLAO-ADMIN                             ,FAACQ               
0033-0007886500782  ,PLASTIC PALLET BLACK D4S-1012.16                            ,      3150.00,09/07/2022,FUR. & FIXT.        ,PALLET                                            ,         4,FIXRITE PANGLAO               ,FIXRITE PANGLAO-ADMIN                             ,FAACQ               
0033-0007886500783  ,PLASTIC PALLET BLACK D4S-1012.16                            ,      3150.00,09/07/2022,FUR. & FIXT.        ,PALLET                                            ,         4,FIXRITE PANGLAO               ,FIXRITE PANGLAO-ADMIN                             ,FAACQ               
0033-0007886500784  ,PLASTIC PALLET BLACK D4S-1012.16                            ,      3150.00,09/07/2022,FUR. & FIXT.        ,PALLET                                            ,         4,FIXRITE PANGLAO               ,FIXRITE PANGLAO-ADMIN                             ,FAACQ               
0033-0007886500785  ,PLASTIC PALLET BLACK D4S-1012.16                            ,      3150.00,09/07/2022,FUR. & FIXT.        ,PALLET                                            ,         4,FIXRITE PANGLAO               ,FIXRITE PANGLAO-ADMIN                             ,FAACQ               
0033-0007886500786  ,PLASTIC PALLET BLACK D4S-1012.16                            ,      3150.00,09/07/2022,FUR. & FIXT.        ,PALLET                                            ,         4,FIXRITE PANGLAO               ,FIXRITE PANGLAO-ADMIN                             ,FAACQ               
0033-0007886500787  ,PLASTIC PALLET BLACK D4S-1012.16                            ,      3150.00,09/07/2022,FUR. & FIXT.        ,PALLET                                            ,         4,FIXRITE PANGLAO               ,FIXRITE PANGLAO-ADMIN                             ,FAACQ               
0033-0007886500788  ,PLASTIC PALLET BLACK D4S-1012.16                            ,      3150.00,09/07/2022,FUR. & FIXT.        ,PALLET                                            ,         4,FIXRITE PANGLAO               ,FIXRITE PANGLAO-ADMIN                             ,FAACQ               
0033-0007886500789  ,PLASTIC PALLET BLACK D4S-1012.16                            ,      3150.00,09/07/2022,FUR. & FIXT.        ,PALLET                                            ,         4,FIXRITE PANGLAO               ,FIXRITE PANGLAO-ADMIN                             ,FAACQ               
0033-0007886500790  ,PLASTIC PALLET BLACK D4S-1012.16                            ,      3150.00,09/07/2022,FUR. & FIXT.        ,PALLET                                            ,         4,FIXRITE PANGLAO               ,FIXRITE PANGLAO-ADMIN                             ,FAACQ               
0033-0007886500791  ,PLASTIC PALLET BLACK D4S-1012.16                            ,      3150.00,09/07/2022,FUR. & FIXT.        ,PALLET                                            ,         4,FIXRITE PANGLAO               ,FIXRITE PANGLAO-ADMIN                             ,FAACQ               
0033-0007886500792  ,PLASTIC PALLET BLACK D4S-1012.16                            ,      3150.00,09/07/2022,FUR. & FIXT.        ,PALLET                                            ,         4,FIXRITE PANGLAO               ,FIXRITE PANGLAO-ADMIN                             ,FAACQ               
0033-0007886500793  ,PLASTIC PALLET BLACK D4S-1012.16                            ,      3150.00,09/07/2022,FUR. & FIXT.        ,PALLET                                            ,         4,FIXRITE PANGLAO               ,FIXRITE PANGLAO-ADMIN                             ,FAACQ               
0033-0007886500794  ,PLASTIC PALLET BLACK D4S-1012.16                            ,      3150.00,09/07/2022,FUR. & FIXT.        ,PALLET                                            ,         4,FIXRITE PANGLAO               ,FIXRITE PANGLAO-ADMIN                             ,FAACQ               
0033-0007886500795  ,PLASTIC PALLET BLACK D4S-1012.16                            ,      3150.00,09/07/2022,FUR. & FIXT.        ,PALLET                                            ,         4,FIXRITE PANGLAO               ,FIXRITE PANGLAO-ADMIN                             ,FAACQ               
0033-0007886500796  ,PLASTIC PALLET BLACK D4S-1012.16                            ,      3150.00,09/07/2022,FUR. & FIXT.        ,PALLET                                            ,         4,FIXRITE PANGLAO               ,FIXRITE PANGLAO-ADMIN                             ,FAACQ               
0033-0007886500797  ,PLASTIC PALLET BLACK D4S-1012.16                            ,      3150.00,09/07/2022,FUR. & FIXT.        ,PALLET                                            ,         4,FIXRITE PANGLAO               ,FIXRITE PANGLAO-ADMIN                             ,FAACQ               
0033-0007886500798  ,PLASTIC PALLET BLACK D4S-1012.16                            ,      3150.00,09/07/2022,FUR. & FIXT.        ,PALLET                                            ,         4,FIXRITE PANGLAO               ,FIXRITE PANGLAO-ADMIN                             ,FAACQ               
0033-0007886500799  ,PLASTIC PALLET BLACK D4S-1012.16                            ,      3150.00,09/07/2022,FUR. & FIXT.        ,PALLET                                            ,         4,FIXRITE PANGLAO               ,FIXRITE PANGLAO-ADMIN                             ,FAACQ               
0033-0007886500800  ,PLASTIC PALLET BLACK D4S-1012.16                            ,      3150.00,09/07/2022,FUR. & FIXT.        ,PALLET                                            ,         4,FIXRITE PANGLAO               ,FIXRITE PANGLAO-ADMIN                             ,FAACQ               
0033-0007886500801  ,PLASTIC PALLET BLACK D4S-1012.16                            ,      3150.00,09/07/2022,FUR. & FIXT.        ,PALLET                                            ,         4,FIXRITE PANGLAO               ,FIXRITE PANGLAO-ADMIN                             ,FAACQ               
0033-0007886500802  ,PLASTIC PALLET BLACK D4S-1012.16                            ,      3150.00,09/07/2022,FUR. & FIXT.        ,PALLET                                            ,         4,FIXRITE PANGLAO               ,FIXRITE PANGLAO-ADMIN                             ,FAACQ               
0033-0007886500803  ,PLASTIC PALLET BLACK D4S-1012.16                            ,      3150.00,09/07/2022,FUR. & FIXT.        ,PALLET                                            ,         4,FIXRITE PANGLAO               ,FIXRITE PANGLAO-ADMIN                             ,FAACQ               
0033-0007886500804  ,PLASTIC PALLET BLACK D4S-1012.16                            ,      3150.00,09/07/2022,FUR. & FIXT.        ,PALLET                                            ,         4,FIXRITE PANGLAO               ,FIXRITE PANGLAO-ADMIN                             ,FAACQ               
0033-0007886500805  ,PLASTIC PALLET BLACK D4S-1012.16                            ,      3150.00,09/07/2022,FUR. & FIXT.        ,PALLET                                            ,         4,FIXRITE PANGLAO               ,FIXRITE PANGLAO-ADMIN                             ,FAACQ               
0033-0007886500806  ,PLASTIC PALLET BLACK D4S-1012.16                            ,      3150.00,09/07/2022,FUR. & FIXT.        ,PALLET                                            ,         4,FIXRITE PANGLAO               ,FIXRITE PANGLAO-ADMIN                             ,FAACQ               
0033-0007886500807  ,PLASTIC PALLET BLACK D4S-1012.16                            ,      3150.00,09/07/2022,FUR. & FIXT.        ,PALLET                                            ,         4,FIXRITE PANGLAO               ,FIXRITE PANGLAO-ADMIN                             ,FAACQ               
0033-0007886500808  ,PLASTIC PALLET BLACK D4S-1012.16                            ,      3150.00,09/07/2022,FUR. & FIXT.        ,PALLET                                            ,         4,FIXRITE PANGLAO               ,FIXRITE PANGLAO-ADMIN                             ,FAACQ               
0033-0007886500809  ,PLASTIC PALLET BLACK D4S-1012.16                            ,      3150.00,09/07/2022,FUR. & FIXT.        ,PALLET                                            ,         4,FIXRITE PANGLAO               ,FIXRITE PANGLAO-ADMIN                             ,FAACQ               
0033-0007886500810  ,PLASTIC PALLET BLACK D4S-1012.16                            ,      3150.00,09/07/2022,FUR. & FIXT.        ,PALLET                                            ,         4,FIXRITE PANGLAO               ,FIXRITE PANGLAO-ADMIN                             ,FAACQ               
0033-0007886500811  ,PLASTIC PALLET BLACK D4S-1012.16                            ,      3150.00,09/07/2022,FUR. & FIXT.        ,PALLET                                            ,         4,FIXRITE PANGLAO               ,FIXRITE PANGLAO-ADMIN                             ,FAACQ               
0033-0007886500812  ,PLASTIC PALLET BLACK D4S-1012.16                            ,      3150.00,09/07/2022,FUR. & FIXT.        ,PALLET                                            ,         4,FIXRITE PANGLAO               ,FIXRITE PANGLAO-ADMIN                             ,FAACQ               
0033-0007886500813  ,PLASTIC PALLET BLACK D4S-1012.16                            ,      3150.00,09/07/2022,FUR. & FIXT.        ,PALLET                                            ,         4,FIXRITE PANGLAO               ,FIXRITE PANGLAO-ADMIN                             ,FAACQ               
0033-0007886500814  ,PLASTIC PALLET BLACK D4S-1012.16                            ,      3150.00,09/07/2022,FUR. & FIXT.        ,PALLET                                            ,         4,FIXRITE PANGLAO               ,FIXRITE PANGLAO-ADMIN                             ,FAACQ               
0033-0007886500815  ,PLASTIC PALLET BLACK D4S-1012.16                            ,      3150.00,09/07/2022,FUR. & FIXT.        ,PALLET                                            ,         4,FIXRITE PANGLAO               ,FIXRITE PANGLAO-ADMIN                             ,FAACQ               
0033-0007886500816  ,PLASTIC PALLET BLACK D4S-1012.16                            ,      3150.00,09/07/2022,FUR. & FIXT.        ,PALLET                                            ,         4,FIXRITE PANGLAO               ,FIXRITE PANGLAO-ADMIN                             ,FAACQ               
0033-0007886500817  ,PLASTIC PALLET BLACK D4S-1012.16                            ,      3150.00,09/07/2022,FUR. & FIXT.        ,PALLET                                            ,         4,FIXRITE PANGLAO               ,FIXRITE PANGLAO-ADMIN                             ,FAACQ               
0033-0007886500818  ,PLASTIC PALLET BLACK D4S-1012.16                            ,      3150.00,09/07/2022,FUR. & FIXT.        ,PALLET                                            ,         4,FIXRITE PANGLAO               ,FIXRITE PANGLAO-ADMIN                             ,FAACQ               
0033-0007886500819  ,PLASTIC PALLET BLACK D4S-1012.16                            ,      3150.00,09/07/2022,FUR. & FIXT.        ,PALLET                                            ,         4,FIXRITE PANGLAO               ,FIXRITE PANGLAO-ADMIN                             ,FAACQ               
0033-0007886500820  ,PLASTIC PALLET BLACK D4S-1012.16                            ,      3150.00,09/07/2022,FUR. & FIXT.        ,PALLET                                            ,         4,FIXRITE PANGLAO               ,FIXRITE PANGLAO-ADMIN                             ,FAACQ               
0033-0007886500821  ,PLASTIC PALLET BLACK D4S-1012.16                            ,      3150.00,09/07/2022,FUR. & FIXT.        ,PALLET                                            ,         4,FIXRITE PANGLAO               ,FIXRITE PANGLAO-ADMIN                             ,FAACQ               
0033-0007886500822  ,PLASTIC PALLET BLACK D4S-1012.16                            ,      3150.00,09/07/2022,FUR. & FIXT.        ,PALLET                                            ,         4,FIXRITE PANGLAO               ,FIXRITE PANGLAO-ADMIN                             ,FAACQ               
0033-0007886500823  ,PLASTIC PALLET BLACK D4S-1012.16                            ,      3150.00,09/07/2022,FUR. & FIXT.        ,PALLET                                            ,         4,FIXRITE PANGLAO               ,FIXRITE PANGLAO-ADMIN                             ,FAACQ               
0033-0007886500824  ,PLASTIC PALLET BLACK D4S-1012.16                            ,      3150.00,09/07/2022,FUR. & FIXT.        ,PALLET                                            ,         4,FIXRITE PANGLAO               ,FIXRITE PANGLAO-ADMIN                             ,FAACQ               
0033-0007886500825  ,PLASTIC PALLET BLACK D4S-1012.16                            ,      3150.00,09/07/2022,FUR. & FIXT.        ,PALLET                                            ,         4,FIXRITE PANGLAO               ,FIXRITE PANGLAO-ADMIN                             ,FAACQ               
0033-0007886500826  ,PLASTIC PALLET BLACK D4S-1012.16                            ,      3150.00,09/07/2022,FUR. & FIXT.        ,PALLET                                            ,         4,FIXRITE PANGLAO               ,FIXRITE PANGLAO-ADMIN                             ,FAACQ               
0033-0007886500827  ,PLASTIC PALLET BLACK D4S-1012.16                            ,      3150.00,09/07/2022,FUR. & FIXT.        ,PALLET                                            ,         4,FIXRITE PANGLAO               ,FIXRITE PANGLAO-ADMIN                             ,FAACQ               
0033-0007886500828  ,PLASTIC PALLET BLACK D4S-1012.16                            ,      3150.00,09/07/2022,FUR. & FIXT.        ,PALLET                                            ,         4,FIXRITE PANGLAO               ,FIXRITE PANGLAO-ADMIN                             ,FAACQ               
0033-0007886500829  ,PLASTIC PALLET BLACK D4S-1012.16                            ,      3150.00,09/07/2022,FUR. & FIXT.        ,PALLET                                            ,         4,FIXRITE PANGLAO               ,FIXRITE PANGLAO-ADMIN                             ,FAACQ               
0033-0007886500830  ,PLASTIC PALLET BLACK D4S-1012.16                            ,      3150.00,09/07/2022,FUR. & FIXT.        ,PALLET                                            ,         4,FIXRITE PANGLAO               ,FIXRITE PANGLAO-ADMIN                             ,FAACQ               
0033-0007886500831  ,PLASTIC PALLET BLACK D4S-1012.16                            ,      3150.00,09/07/2022,FUR. & FIXT.        ,PALLET                                            ,         4,FIXRITE PANGLAO               ,FIXRITE PANGLAO-ADMIN                             ,FAACQ               
0033-0007886500832  ,PLASTIC PALLET BLACK D4S-1012.16                            ,      3150.00,09/07/2022,FUR. & FIXT.        ,PALLET                                            ,         4,FIXRITE PANGLAO               ,FIXRITE PANGLAO-ADMIN                             ,FAACQ               
0033-0007886500833  ,PLASTIC PALLET BLACK D4S-1012.16                            ,      3150.00,09/07/2022,FUR. & FIXT.        ,PALLET                                            ,         4,FIXRITE PANGLAO               ,FIXRITE PANGLAO-ADMIN                             ,FAACQ               
0033-0007886500834  ,PLASTIC PALLET BLACK D4S-1012.16                            ,      3150.00,09/07/2022,FUR. & FIXT.        ,PALLET                                            ,         4,FIXRITE PANGLAO               ,FIXRITE PANGLAO-ADMIN                             ,FAACQ               
0033-0007886500835  ,PLASTIC PALLET BLACK D4S-1012.16                            ,      3150.00,09/07/2022,FUR. & FIXT.        ,PALLET                                            ,         4,FIXRITE PANGLAO               ,FIXRITE PANGLAO-ADMIN                             ,FAACQ               
0033-0007886500836  ,PLASTIC PALLET BLACK D4S-1012.16                            ,      3150.00,09/07/2022,FUR. & FIXT.        ,PALLET                                            ,         4,FIXRITE PANGLAO               ,FIXRITE PANGLAO-ADMIN                             ,FAACQ               
0033-0007886500837  ,PLASTIC PALLET BLACK D4S-1012.16                            ,      3150.00,09/07/2022,FUR. & FIXT.        ,PALLET                                            ,         4,FIXRITE PANGLAO               ,FIXRITE PANGLAO-ADMIN                             ,FAACQ               
0033-0007886500838  ,PLASTIC PALLET BLACK D4S-1012.16                            ,      3150.00,09/07/2022,FUR. & FIXT.        ,PALLET                                            ,         4,FIXRITE PANGLAO               ,FIXRITE PANGLAO-ADMIN                             ,FAACQ               
0033-0007886500839  ,PLASTIC PALLET BLACK D4S-1012.16                            ,      3150.00,09/07/2022,FUR. & FIXT.        ,PALLET                                            ,         4,FIXRITE PANGLAO               ,FIXRITE PANGLAO-ADMIN                             ,FAACQ               
0033-0007886500840  ,PLASTIC PALLET BLACK D4S-1012.16                            ,      3150.00,09/07/2022,FUR. & FIXT.        ,PALLET                                            ,         4,FIXRITE PANGLAO               ,FIXRITE PANGLAO-ADMIN                             ,FAACQ               
0033-0007886500841  ,PLASTIC PALLET BLACK D4S-1012.16                            ,      3150.00,09/07/2022,FUR. & FIXT.        ,PALLET                                            ,         4,FIXRITE PANGLAO               ,FIXRITE PANGLAO-ADMIN                             ,FAACQ               
0033-0007886500842  ,PLASTIC PALLET BLACK D4S-1012.16                            ,      3150.00,09/07/2022,FUR. & FIXT.        ,PALLET                                            ,         4,FIXRITE PANGLAO               ,FIXRITE PANGLAO-ADMIN                             ,FAACQ               
0033-0007886500843  ,PLASTIC PALLET BLACK D4S-1012.16                            ,      3150.00,09/07/2022,FUR. & FIXT.        ,PALLET                                            ,         4,FIXRITE PANGLAO               ,FIXRITE PANGLAO-ADMIN                             ,FAACQ               
0033-0007886500844  ,PLASTIC PALLET BLACK D4S-1012.16                            ,      3150.00,09/07/2022,FUR. & FIXT.        ,PALLET                                            ,         4,FIXRITE PANGLAO               ,FIXRITE PANGLAO-ADMIN                             ,FAACQ               
0033-0007886500845  ,PLASTIC PALLET BLACK D4S-1012.16                            ,      3150.00,09/07/2022,FUR. & FIXT.        ,PALLET                                            ,         4,FIXRITE PANGLAO               ,FIXRITE PANGLAO-ADMIN                             ,FAACQ               
0033-0007886500846  ,PLASTIC PALLET BLACK D4S-1012.16                            ,      3150.00,09/07/2022,FUR. & FIXT.        ,PALLET                                            ,         4,FIXRITE PANGLAO               ,FIXRITE PANGLAO-ADMIN                             ,FAACQ               
0033-0007886500847  ,PLASTIC PALLET BLACK D4S-1012.16                            ,      3150.00,09/07/2022,FUR. & FIXT.        ,PALLET                                            ,         4,FIXRITE PANGLAO               ,FIXRITE PANGLAO-ADMIN                             ,FAACQ               
0033-0007886500848  ,PLASTIC PALLET BLACK D4S-1012.16                            ,      3150.00,09/07/2022,FUR. & FIXT.        ,PALLET                                            ,         4,FIXRITE PANGLAO               ,FIXRITE PANGLAO-ADMIN                             ,FAACQ               
0033-0007886500849  ,PLASTIC PALLET BLACK D4S-1012.16                            ,      3150.00,09/07/2022,FUR. & FIXT.        ,PALLET                                            ,         4,FIXRITE PANGLAO               ,FIXRITE PANGLAO-ADMIN                             ,FAACQ               
0033-0007886500850  ,PLASTIC PALLET BLACK D4S-1012.16                            ,      3150.00,09/07/2022,FUR. & FIXT.        ,PALLET                                            ,         4,FIXRITE PANGLAO               ,FIXRITE PANGLAO-ADMIN                             ,FAACQ               
0033-0007886500851  ,PLASTIC PALLET BLACK D4S-1012.16                            ,      3150.00,09/07/2022,FUR. & FIXT.        ,PALLET                                            ,         4,FIXRITE PANGLAO               ,FIXRITE PANGLAO-ADMIN                             ,FAACQ               
0033-0007886500852  ,PLASTIC PALLET BLACK D4S-1012.16                            ,      3150.00,09/07/2022,FUR. & FIXT.        ,PALLET                                            ,         4,FIXRITE PANGLAO               ,FIXRITE PANGLAO-ADMIN                             ,FAACQ               
0033-0007886500853  ,PLASTIC PALLET BLACK D4S-1012.16                            ,      3150.00,09/07/2022,FUR. & FIXT.        ,PALLET                                            ,         4,FIXRITE PANGLAO               ,FIXRITE PANGLAO-ADMIN                             ,FAACQ               
0033-0007886500854  ,PLASTIC PALLET BLACK D4S-1012.16                            ,      3150.00,09/07/2022,FUR. & FIXT.        ,PALLET                                            ,         4,FIXRITE PANGLAO               ,FIXRITE PANGLAO-ADMIN                             ,FAACQ               
0033-0007886500855  ,PLASTIC PALLET BLACK D4S-1012.16                            ,      3150.00,09/07/2022,FUR. & FIXT.        ,PALLET                                            ,         4,FIXRITE PANGLAO               ,FIXRITE PANGLAO-ADMIN                             ,FAACQ               
0033-0007886500856  ,PLASTIC PALLET BLACK D4S-1012.16                            ,      3150.00,09/07/2022,FUR. & FIXT.        ,PALLET                                            ,         4,FIXRITE PANGLAO               ,FIXRITE PANGLAO-ADMIN                             ,FAACQ               
0033-0007886500857  ,PLASTIC PALLET BLACK D4S-1012.16                            ,      3150.00,09/07/2022,FUR. & FIXT.        ,PALLET                                            ,         4,FIXRITE PANGLAO               ,FIXRITE PANGLAO-ADMIN                             ,FAACQ               
0033-0007886500858  ,PLASTIC PALLET BLACK D4S-1012.16                            ,      3150.00,09/07/2022,FUR. & FIXT.        ,PALLET                                            ,         4,FIXRITE PANGLAO               ,FIXRITE PANGLAO-ADMIN                             ,FAACQ               
0033-0007886500859  ,PLASTIC PALLET BLACK D4S-1012.16                            ,      3150.00,09/07/2022,FUR. & FIXT.        ,PALLET                                            ,         4,FIXRITE PANGLAO               ,FIXRITE PANGLAO-ADMIN                             ,FAACQ               
0033-0007886500860  ,PLASTIC PALLET BLACK D4S-1012.16                            ,      3150.00,09/07/2022,FUR. & FIXT.        ,PALLET                                            ,         4,FIXRITE PANGLAO               ,FIXRITE PANGLAO-ADMIN                             ,FAACQ               
0033-0007886500861  ,PLASTIC PALLET BLACK D4S-1012.16                            ,      3150.00,09/07/2022,FUR. & FIXT.        ,PALLET                                            ,         4,FIXRITE PANGLAO               ,FIXRITE PANGLAO-ADMIN                             ,FAACQ               
0033-0007886500862  ,PLASTIC PALLET BLACK D4S-1012.16                            ,      3150.00,09/07/2022,FUR. & FIXT.        ,PALLET                                            ,         4,FIXRITE PANGLAO               ,FIXRITE PANGLAO-ADMIN                             ,FAACQ               
0033-0007886500863  ,PLASTIC PALLET BLACK D4S-1012.16                            ,      3150.00,09/07/2022,FUR. & FIXT.        ,PALLET                                            ,         4,FIXRITE PANGLAO               ,FIXRITE PANGLAO-ADMIN                             ,FAACQ               
0033-0007886500864  ,PLASTIC PALLET BLACK D4S-1012.16                            ,      3150.00,09/07/2022,FUR. & FIXT.        ,PALLET                                            ,         4,FIXRITE PANGLAO               ,FIXRITE PANGLAO-ADMIN                             ,FAACQ               
0033-0007886500865  ,PLASTIC PALLET BLACK D4S-1012.16                            ,      3150.00,09/07/2022,FUR. & FIXT.        ,PALLET                                            ,         4,FIXRITE PANGLAO               ,FIXRITE PANGLAO-ADMIN                             ,FAACQ               
0033-0007886500866  ,PLASTIC PALLET BLACK D4S-1012.16                            ,      3150.00,09/07/2022,FUR. & FIXT.        ,PALLET                                            ,         4,FIXRITE PANGLAO               ,FIXRITE PANGLAO-ADMIN                             ,FAACQ               
0033-0007886500867  ,PLASTIC PALLET BLACK D4S-1012.16                            ,      3150.00,09/07/2022,FUR. & FIXT.        ,PALLET                                            ,         4,FIXRITE PANGLAO               ,FIXRITE PANGLAO-ADMIN                             ,FAACQ               
0033-0007886500868  ,PLASTIC PALLET BLACK D4S-1012.16                            ,      3150.00,09/07/2022,FUR. & FIXT.        ,PALLET                                            ,         4,FIXRITE PANGLAO               ,FIXRITE PANGLAO-ADMIN                             ,FAACQ               
0033-0007886500869  ,PLASTIC PALLET BLACK D4S-1012.16                            ,      3150.00,09/07/2022,FUR. & FIXT.        ,PALLET                                            ,         4,FIXRITE PANGLAO               ,FIXRITE PANGLAO-ADMIN                             ,FAACQ               
0033-0007886500870  ,PLASTIC PALLET BLACK D4S-1012.16                            ,      3150.00,09/07/2022,FUR. & FIXT.        ,PALLET                                            ,         4,FIXRITE PANGLAO               ,FIXRITE PANGLAO-ADMIN                             ,FAACQ               
0033-0007886500871  ,PLASTIC PALLET BLACK D4S-1012.16                            ,      3150.00,09/07/2022,FUR. & FIXT.        ,PALLET                                            ,         4,FIXRITE PANGLAO               ,FIXRITE PANGLAO-ADMIN                             ,FAACQ               
0033-0007886500872  ,PLASTIC PALLET BLACK D4S-1012.16                            ,      3150.00,09/07/2022,FUR. & FIXT.        ,PALLET                                            ,         4,FIXRITE PANGLAO               ,FIXRITE PANGLAO-ADMIN                             ,FAACQ               
0033-0007886500873  ,PLASTIC PALLET BLACK D4S-1012.16                            ,      3150.00,09/07/2022,FUR. & FIXT.        ,PALLET                                            ,         4,FIXRITE PANGLAO               ,FIXRITE PANGLAO-ADMIN                             ,FAACQ               
0033-0007886500874  ,PLASTIC PALLET BLACK D4S-1012.16                            ,      3150.00,09/07/2022,FUR. & FIXT.        ,PALLET                                            ,         4,FIXRITE PANGLAO               ,FIXRITE PANGLAO-ADMIN                             ,FAACQ               
0033-0007886500875  ,PLASTIC PALLET BLACK D4S-1012.16                            ,      3150.00,09/07/2022,FUR. & FIXT.        ,PALLET                                            ,         4,FIXRITE PANGLAO               ,FIXRITE PANGLAO-ADMIN                             ,FAACQ               
0033-0007886500876  ,PLASTIC PALLET BLACK D4S-1012.16                            ,      3150.00,09/07/2022,FUR. & FIXT.        ,PALLET                                            ,         4,FIXRITE PANGLAO               ,FIXRITE PANGLAO-ADMIN                             ,FAACQ               
0033-0007886500877  ,PLASTIC PALLET BLACK D4S-1012.16                            ,      3150.00,09/07/2022,FUR. & FIXT.        ,PALLET                                            ,         4,FIXRITE PANGLAO               ,FIXRITE PANGLAO-ADMIN                             ,FAACQ               
0033-0007886500878  ,PLASTIC PALLET BLACK D4S-1012.16                            ,      3150.00,09/07/2022,FUR. & FIXT.        ,PALLET                                            ,         4,FIXRITE PANGLAO               ,FIXRITE PANGLAO-ADMIN                             ,FAACQ               
0033-0007886500879  ,PLASTIC PALLET BLACK D4S-1012.16                            ,      3150.00,09/07/2022,FUR. & FIXT.        ,PALLET                                            ,         4,FIXRITE PANGLAO               ,FIXRITE PANGLAO-ADMIN                             ,FAACQ               
0033-0007886500880  ,PLASTIC PALLET BLACK D4S-1012.16                            ,      3150.00,09/07/2022,FUR. & FIXT.        ,PALLET                                            ,         4,FIXRITE PANGLAO               ,FIXRITE PANGLAO-ADMIN                             ,FAACQ               
0033-0007886500881  ,PLASTIC PALLET BLACK D4S-1012.16                            ,      3150.00,09/07/2022,FUR. & FIXT.        ,PALLET                                            ,         4,FIXRITE PANGLAO               ,FIXRITE PANGLAO-ADMIN                             ,FAACQ               
0033-0007886500882  ,PLASTIC PALLET BLACK D4S-1012.16                            ,      3150.00,09/07/2022,FUR. & FIXT.        ,PALLET                                            ,         4,FIXRITE PANGLAO               ,FIXRITE PANGLAO-ADMIN                             ,FAACQ               
0033-0007886500883  ,PLASTIC PALLET BLACK D4S-1012.16                            ,      3150.00,09/07/2022,FUR. & FIXT.        ,PALLET                                            ,         4,FIXRITE PANGLAO               ,FIXRITE PANGLAO-ADMIN                             ,FAACQ               
0033-0007886500884  ,PLASTIC PALLET BLACK D4S-1012.16                            ,      3150.00,09/07/2022,FUR. & FIXT.        ,PALLET                                            ,         4,FIXRITE PANGLAO               ,FIXRITE PANGLAO-ADMIN                             ,FAACQ               
0033-0007886500885  ,PLASTIC PALLET BLACK D4S-1012.16                            ,      3150.00,09/07/2022,FUR. & FIXT.        ,PALLET                                            ,         4,FIXRITE PANGLAO               ,FIXRITE PANGLAO-ADMIN                             ,FAACQ               
0033-0007886500886  ,PLASTIC PALLET BLACK D4S-1012.16                            ,      3150.00,09/07/2022,FUR. & FIXT.        ,PALLET                                            ,         4,FIXRITE PANGLAO               ,FIXRITE PANGLAO-ADMIN                             ,FAACQ               
0033-0007886500887  ,PLASTIC PALLET BLACK D4S-1012.16                            ,      3150.00,09/07/2022,FUR. & FIXT.        ,PALLET                                            ,         4,FIXRITE PANGLAO               ,FIXRITE PANGLAO-ADMIN                             ,FAACQ               
0033-0007886500888  ,PLASTIC PALLET BLACK D4S-1012.16                            ,      3150.00,09/07/2022,FUR. & FIXT.        ,PALLET                                            ,         4,FIXRITE PANGLAO               ,FIXRITE PANGLAO-ADMIN                             ,FAACQ               
0033-0007886500889  ,PLASTIC PALLET BLACK D4S-1012.16                            ,      3150.00,09/07/2022,FUR. & FIXT.        ,PALLET                                            ,         4,FIXRITE PANGLAO               ,FIXRITE PANGLAO-ADMIN                             ,FAACQ               
0033-0007886500890  ,PLASTIC PALLET BLACK D4S-1012.16                            ,      3150.00,09/07/2022,FUR. & FIXT.        ,PALLET                                            ,         4,FIXRITE PANGLAO               ,FIXRITE PANGLAO-ADMIN                             ,FAACQ               
0033-0007886500891  ,PLASTIC PALLET BLACK D4S-1012.16                            ,      3150.00,09/07/2022,FUR. & FIXT.        ,PALLET                                            ,         4,FIXRITE PANGLAO               ,FIXRITE PANGLAO-ADMIN                             ,FAACQ               
0033-0007886500892  ,PLASTIC PALLET BLACK D4S-1012.16                            ,      3150.00,09/07/2022,FUR. & FIXT.        ,PALLET                                            ,         4,FIXRITE PANGLAO               ,FIXRITE PANGLAO-ADMIN                             ,FAACQ               
0033-0007886500893  ,PLASTIC PALLET BLACK D4S-1012.16                            ,      3150.00,09/07/2022,FUR. & FIXT.        ,PALLET                                            ,         4,FIXRITE PANGLAO               ,FIXRITE PANGLAO-ADMIN                             ,FAACQ               
0033-0007886500894  ,PLASTIC PALLET BLACK D4S-1012.16                            ,      3150.00,09/07/2022,FUR. & FIXT.        ,PALLET                                            ,         4,FIXRITE PANGLAO               ,FIXRITE PANGLAO-ADMIN                             ,FAACQ               
0033-0007886500895  ,PLASTIC PALLET BLACK D4S-1012.16                            ,      3150.00,09/07/2022,FUR. & FIXT.        ,PALLET                                            ,         4,FIXRITE PANGLAO               ,FIXRITE PANGLAO-ADMIN                             ,FAACQ               
0033-0007886500896  ,PLASTIC PALLET BLACK D4S-1012.16                            ,      3150.00,09/07/2022,FUR. & FIXT.        ,PALLET                                            ,         4,FIXRITE PANGLAO               ,FIXRITE PANGLAO-ADMIN                             ,FAACQ               
0033-0007886500897  ,PLASTIC PALLET BLACK D4S-1012.16                            ,      3150.00,09/07/2022,FUR. & FIXT.        ,PALLET                                            ,         4,FIXRITE PANGLAO               ,FIXRITE PANGLAO-ADMIN                             ,FAACQ               
0033-0007886500898  ,PLASTIC PALLET BLACK D4S-1012.16                            ,      3150.00,09/07/2022,FUR. & FIXT.        ,PALLET                                            ,         4,FIXRITE PANGLAO               ,FIXRITE PANGLAO-ADMIN                             ,FAACQ               
0033-0007886500899  ,PLASTIC PALLET BLACK D4S-1012.16                            ,      3150.00,09/07/2022,FUR. & FIXT.        ,PALLET                                            ,         4,FIXRITE PANGLAO               ,FIXRITE PANGLAO-ADMIN                             ,FAACQ               
0033-0007886500900  ,PLASTIC PALLET BLACK D4S-1012.16                            ,      3150.00,09/07/2022,FUR. & FIXT.        ,PALLET                                            ,         4,FIXRITE PANGLAO               ,FIXRITE PANGLAO-ADMIN                             ,FAACQ               
0033-0007886500901  ,PLASTIC PALLET BLACK D4S-1012.16                            ,      3150.00,09/07/2022,FUR. & FIXT.        ,PALLET                                            ,         4,FIXRITE PANGLAO               ,FIXRITE PANGLAO-ADMIN                             ,FAACQ               
0033-0007886500902  ,PLASTIC PALLET BLACK D4S-1012.16                            ,      3150.00,09/07/2022,FUR. & FIXT.        ,PALLET                                            ,         4,FIXRITE PANGLAO               ,FIXRITE PANGLAO-ADMIN                             ,FAACQ               
0033-0007886500903  ,PLASTIC PALLET BLACK D4S-1012.16                            ,      3150.00,09/07/2022,FUR. & FIXT.        ,PALLET                                            ,         4,FIXRITE PANGLAO               ,FIXRITE PANGLAO-ADMIN                             ,FAACQ               
0033-0007886500904  ,PLASTIC PALLET BLACK D4S-1012.16                            ,      3150.00,09/07/2022,FUR. & FIXT.        ,PALLET                                            ,         4,FIXRITE PANGLAO               ,FIXRITE PANGLAO-ADMIN                             ,FAACQ               
0033-0007886500905  ,PLASTIC PALLET BLACK D4S-1012.16                            ,      3150.00,09/07/2022,FUR. & FIXT.        ,PALLET                                            ,         4,FIXRITE PANGLAO               ,FIXRITE PANGLAO-ADMIN                             ,FAACQ               
0033-0007886500906  ,PLASTIC PALLET BLACK D4S-1012.16                            ,      3150.00,09/07/2022,FUR. & FIXT.        ,PALLET                                            ,         4,FIXRITE PANGLAO               ,FIXRITE PANGLAO-ADMIN                             ,FAACQ               
0033-0007886500907  ,PLASTIC PALLET BLACK D4S-1012.16                            ,      3150.00,09/07/2022,FUR. & FIXT.        ,PALLET                                            ,         4,FIXRITE PANGLAO               ,FIXRITE PANGLAO-ADMIN                             ,FAACQ               
0033-0007886500908  ,PLASTIC PALLET BLACK D4S-1012.16                            ,      3150.00,09/07/2022,FUR. & FIXT.        ,PALLET                                            ,         4,FIXRITE PANGLAO               ,FIXRITE PANGLAO-ADMIN                             ,FAACQ               
0033-0007886500909  ,PLASTIC PALLET BLACK D4S-1012.16                            ,      3150.00,09/07/2022,FUR. & FIXT.        ,PALLET                                            ,         4,FIXRITE PANGLAO               ,FIXRITE PANGLAO-ADMIN                             ,FAACQ               
0033-0007886500910  ,PLASTIC PALLET BLACK D4S-1012.16                            ,      3150.00,09/07/2022,FUR. & FIXT.        ,PALLET                                            ,         4,FIXRITE PANGLAO               ,FIXRITE PANGLAO-ADMIN                             ,FAACQ               
0033-0007886500911  ,PLASTIC PALLET BLACK D4S-1012.16                            ,      3150.00,09/07/2022,FUR. & FIXT.        ,PALLET                                            ,         4,FIXRITE PANGLAO               ,FIXRITE PANGLAO-ADMIN                             ,FAACQ               
0033-0007886500912  ,PLASTIC PALLET BLACK D4S-1012.16                            ,      3150.00,09/07/2022,FUR. & FIXT.        ,PALLET                                            ,         4,FIXRITE PANGLAO               ,FIXRITE PANGLAO-ADMIN                             ,FAACQ               
0033-0007886500913  ,PLASTIC PALLET BLACK D4S-1012.16                            ,      3150.00,09/07/2022,FUR. & FIXT.        ,PALLET                                            ,         4,FIXRITE PANGLAO               ,FIXRITE PANGLAO-ADMIN                             ,FAACQ               
0033-0007886500914  ,PLASTIC PALLET BLACK D4S-1012.16                            ,      3150.00,09/07/2022,FUR. & FIXT.        ,PALLET                                            ,         4,FIXRITE PANGLAO               ,FIXRITE PANGLAO-ADMIN                             ,FAACQ               
0033-0007886500915  ,PLASTIC PALLET BLACK D4S-1012.16                            ,      3150.00,09/07/2022,FUR. & FIXT.        ,PALLET                                            ,         4,FIXRITE PANGLAO               ,FIXRITE PANGLAO-ADMIN                             ,FAACQ               
0033-0007886500916  ,PLASTIC PALLET BLACK D4S-1012.16                            ,      3150.00,09/07/2022,FUR. & FIXT.        ,PALLET                                            ,         4,FIXRITE PANGLAO               ,FIXRITE PANGLAO-ADMIN                             ,FAACQ               
0033-0007886500917  ,PLASTIC PALLET BLACK D4S-1012.16                            ,      3150.00,09/07/2022,FUR. & FIXT.        ,PALLET                                            ,         4,FIXRITE PANGLAO               ,FIXRITE PANGLAO-ADMIN                             ,FAACQ               
0033-0007886500918  ,PLASTIC PALLET BLACK D4S-1012.16                            ,      3150.00,09/07/2022,FUR. & FIXT.        ,PALLET                                            ,         4,FIXRITE PANGLAO               ,FIXRITE PANGLAO-ADMIN                             ,FAACQ               
0033-0007886500919  ,PLASTIC PALLET BLACK D4S-1012.16                            ,      3150.00,09/07/2022,FUR. & FIXT.        ,PALLET                                            ,         4,FIXRITE PANGLAO               ,FIXRITE PANGLAO-ADMIN                             ,FAACQ               
0033-0007886500920  ,PLASTIC PALLET BLACK D4S-1012.16                            ,      3150.00,09/07/2022,FUR. & FIXT.        ,PALLET                                            ,         4,FIXRITE PANGLAO               ,FIXRITE PANGLAO-ADMIN                             ,FAACQ               
0033-0007886500921  ,PLASTIC PALLET BLACK D4S-1012.16                            ,      3150.00,09/07/2022,FUR. & FIXT.        ,PALLET                                            ,         4,FIXRITE PANGLAO               ,FIXRITE PANGLAO-ADMIN                             ,FAACQ               
0033-0007886500922  ,PLASTIC PALLET BLACK D4S-1012.16                            ,      3150.00,09/07/2022,FUR. & FIXT.        ,PALLET                                            ,         4,FIXRITE PANGLAO               ,FIXRITE PANGLAO-ADMIN                             ,FAACQ               
0033-0007886500923  ,PLASTIC PALLET BLACK D4S-1012.16                            ,      3150.00,09/07/2022,FUR. & FIXT.        ,PALLET                                            ,         4,FIXRITE PANGLAO               ,FIXRITE PANGLAO-ADMIN                             ,FAACQ               
0033-0007886500924  ,PLASTIC PALLET BLACK D4S-1012.16                            ,      3150.00,09/07/2022,FUR. & FIXT.        ,PALLET                                            ,         4,FIXRITE PANGLAO               ,FIXRITE PANGLAO-ADMIN                             ,FAACQ               
0033-0007886500925  ,PLASTIC PALLET BLACK D4S-1012.16                            ,      3150.00,09/07/2022,FUR. & FIXT.        ,PALLET                                            ,         4,FIXRITE PANGLAO               ,FIXRITE PANGLAO-ADMIN                             ,FAACQ               
0033-0007886500926  ,PLASTIC PALLET BLACK D4S-1012.16                            ,      3150.00,09/07/2022,FUR. & FIXT.        ,PALLET                                            ,         4,FIXRITE PANGLAO               ,FIXRITE PANGLAO-ADMIN                             ,FAACQ               
0033-0007886500927  ,PLASTIC PALLET BLACK D4S-1012.16                            ,      3150.00,09/07/2022,FUR. & FIXT.        ,PALLET                                            ,         4,FIXRITE PANGLAO               ,FIXRITE PANGLAO-ADMIN                             ,FAACQ               
0033-0007886500928  ,PLASTIC PALLET BLACK D4S-1012.16                            ,      3150.00,09/07/2022,FUR. & FIXT.        ,PALLET                                            ,         4,FIXRITE PANGLAO               ,FIXRITE PANGLAO-ADMIN                             ,FAACQ               
0033-0007886500929  ,PLASTIC PALLET BLACK D4S-1012.16                            ,      3150.00,09/07/2022,FUR. & FIXT.        ,PALLET                                            ,         4,FIXRITE PANGLAO               ,FIXRITE PANGLAO-ADMIN                             ,FAACQ               
0033-0007886500930  ,PLASTIC PALLET BLACK D4S-1012.16                            ,      3150.00,09/07/2022,FUR. & FIXT.        ,PALLET                                            ,         4,FIXRITE PANGLAO               ,FIXRITE PANGLAO-ADMIN                             ,FAACQ               
0033-0007886500931  ,PLASTIC PALLET BLACK D4S-1012.16                            ,      3150.00,09/07/2022,FUR. & FIXT.        ,PALLET                                            ,         4,FIXRITE PANGLAO               ,FIXRITE PANGLAO-ADMIN                             ,FAACQ               
0033-0007886500932  ,PLASTIC PALLET BLACK D4S-1012.16                            ,      3150.00,09/07/2022,FUR. & FIXT.        ,PALLET                                            ,         4,FIXRITE PANGLAO               ,FIXRITE PANGLAO-ADMIN                             ,FAACQ               
0033-0007886500933  ,PLASTIC PALLET BLACK D4S-1012.16                            ,      3150.00,09/07/2022,FUR. & FIXT.        ,PALLET                                            ,         4,FIXRITE PANGLAO               ,FIXRITE PANGLAO-ADMIN                             ,FAACQ               
0033-0007886500934  ,PLASTIC PALLET BLACK D4S-1012.16                            ,      3150.00,09/07/2022,FUR. & FIXT.        ,PALLET                                            ,         4,FIXRITE PANGLAO               ,FIXRITE PANGLAO-ADMIN                             ,FAACQ               
0033-0007886500935  ,PLASTIC PALLET BLACK D4S-1012.16                            ,      3150.00,09/07/2022,FUR. & FIXT.        ,PALLET                                            ,         4,FIXRITE PANGLAO               ,FIXRITE PANGLAO-ADMIN                             ,FAACQ               
0033-0007886500936  ,PLASTIC PALLET BLACK D4S-1012.16                            ,      3150.00,09/07/2022,FUR. & FIXT.        ,PALLET                                            ,         4,FIXRITE PANGLAO               ,FIXRITE PANGLAO-ADMIN                             ,FAACQ               
0033-0007886500937  ,PLASTIC PALLET BLACK D4S-1012.16                            ,      3150.00,09/07/2022,FUR. & FIXT.        ,PALLET                                            ,         4,FIXRITE PANGLAO               ,FIXRITE PANGLAO-ADMIN                             ,FAACQ               
0033-0007886500938  ,PLASTIC PALLET BLACK D4S-1012.16                            ,      3150.00,09/07/2022,FUR. & FIXT.        ,PALLET                                            ,         4,FIXRITE PANGLAO               ,FIXRITE PANGLAO-ADMIN                             ,FAACQ               
0033-0007886500939  ,PLASTIC PALLET BLACK D4S-1012.16                            ,      3150.00,09/07/2022,FUR. & FIXT.        ,PALLET                                            ,         4,FIXRITE PANGLAO               ,FIXRITE PANGLAO-ADMIN                             ,FAACQ               
0033-0007886500940  ,PLASTIC PALLET BLACK D4S-1012.16                            ,      3150.00,09/07/2022,FUR. & FIXT.        ,PALLET                                            ,         4,FIXRITE PANGLAO               ,FIXRITE PANGLAO-ADMIN                             ,FAACQ               
0033-0007886500941  ,PLASTIC PALLET BLACK D4S-1012.16                            ,      3150.00,09/07/2022,FUR. & FIXT.        ,PALLET                                            ,         4,FIXRITE PANGLAO               ,FIXRITE PANGLAO-ADMIN                             ,FAACQ               
0033-0007886500942  ,PLASTIC PALLET BLACK D4S-1012.16                            ,      3150.00,09/07/2022,FUR. & FIXT.        ,PALLET                                            ,         4,FIXRITE PANGLAO               ,FIXRITE PANGLAO-ADMIN                             ,FAACQ               
0033-0007886500943  ,PLASTIC PALLET BLACK D4S-1012.16                            ,      3150.00,09/07/2022,FUR. & FIXT.        ,PALLET                                            ,         4,FIXRITE PANGLAO               ,FIXRITE PANGLAO-ADMIN                             ,FAACQ               
0033-0007886500944  ,PLASTIC PALLET BLACK D4S-1012.16                            ,      3150.00,09/07/2022,FUR. & FIXT.        ,PALLET                                            ,         4,FIXRITE PANGLAO               ,FIXRITE PANGLAO-ADMIN                             ,FAACQ               
0033-0007886500945  ,PLASTIC PALLET BLACK D4S-1012.16                            ,      3150.00,09/07/2022,FUR. & FIXT.        ,PALLET                                            ,         4,FIXRITE PANGLAO               ,FIXRITE PANGLAO-ADMIN                             ,FAACQ               
0033-0007886500946  ,PLASTIC PALLET BLACK D4S-1012.16                            ,      3150.00,09/07/2022,FUR. & FIXT.        ,PALLET                                            ,         4,FIXRITE PANGLAO               ,FIXRITE PANGLAO-ADMIN                             ,FAACQ               
0033-0007886500947  ,PLASTIC PALLET BLACK D4S-1012.16                            ,      3150.00,09/07/2022,FUR. & FIXT.        ,PALLET                                            ,         4,FIXRITE PANGLAO               ,FIXRITE PANGLAO-ADMIN                             ,FAACQ               
0033-0007886500948  ,PLASTIC PALLET BLACK D4S-1012.16                            ,      3150.00,09/07/2022,FUR. & FIXT.        ,PALLET                                            ,         4,FIXRITE PANGLAO               ,FIXRITE PANGLAO-ADMIN                             ,FAACQ               
0033-0007886500949  ,PLASTIC PALLET BLACK D4S-1012.16                            ,      3150.00,09/07/2022,FUR. & FIXT.        ,PALLET                                            ,         4,FIXRITE PANGLAO               ,FIXRITE PANGLAO-ADMIN                             ,FAACQ               
0033-0007886500950  ,PLASTIC PALLET BLACK D4S-1012.16                            ,      3150.00,09/07/2022,FUR. & FIXT.        ,PALLET                                            ,         4,FIXRITE PANGLAO               ,FIXRITE PANGLAO-ADMIN                             ,FAACQ               
0033-0007886500951  ,PLASTIC PALLET BLACK D4S-1012.16                            ,      3150.00,09/07/2022,FUR. & FIXT.        ,PALLET                                            ,         4,FIXRITE PANGLAO               ,FIXRITE PANGLAO-ADMIN                             ,FAACQ               
0033-0007886500952  ,PLASTIC PALLET BLACK D4S-1012.16                            ,      3150.00,09/07/2022,FUR. & FIXT.        ,PALLET                                            ,         4,FIXRITE PANGLAO               ,FIXRITE PANGLAO-ADMIN                             ,FAACQ               
0033-0007886500953  ,PLASTIC PALLET BLACK D4S-1012.16                            ,      3150.00,09/07/2022,FUR. & FIXT.        ,PALLET                                            ,         4,FIXRITE PANGLAO               ,FIXRITE PANGLAO-ADMIN                             ,FAACQ               
0033-0007886500954  ,PLASTIC PALLET BLACK D4S-1012.16                            ,      3150.00,09/07/2022,FUR. & FIXT.        ,PALLET                                            ,         4,FIXRITE PANGLAO               ,FIXRITE PANGLAO-ADMIN                             ,FAACQ               
0033-0007886500955  ,PLASTIC PALLET BLACK D4S-1012.16                            ,      3150.00,09/07/2022,FUR. & FIXT.        ,PALLET                                            ,         4,FIXRITE PANGLAO               ,FIXRITE PANGLAO-ADMIN                             ,FAACQ               
0033-0007886500956  ,PLASTIC PALLET BLACK D4S-1012.16                            ,      3150.00,09/07/2022,FUR. & FIXT.        ,PALLET                                            ,         4,FIXRITE PANGLAO               ,FIXRITE PANGLAO-ADMIN                             ,FAACQ               
0033-0007886500957  ,PLASTIC PALLET BLACK D4S-1012.16                            ,      3150.00,09/07/2022,FUR. & FIXT.        ,PALLET                                            ,         4,FIXRITE PANGLAO               ,FIXRITE PANGLAO-ADMIN                             ,FAACQ               
0033-0007886500958  ,PLASTIC PALLET BLACK D4S-1012.16                            ,      3150.00,09/07/2022,FUR. & FIXT.        ,PALLET                                            ,         4,FIXRITE PANGLAO               ,FIXRITE PANGLAO-ADMIN                             ,FAACQ               
0033-0007886500959  ,PLASTIC PALLET BLACK D4S-1012.16                            ,      3150.00,09/07/2022,FUR. & FIXT.        ,PALLET                                            ,         4,FIXRITE PANGLAO               ,FIXRITE PANGLAO-ADMIN                             ,FAACQ               
0033-0007886500960  ,PLASTIC PALLET BLACK D4S-1012.16                            ,      3150.00,09/07/2022,FUR. & FIXT.        ,PALLET                                            ,         4,FIXRITE PANGLAO               ,FIXRITE PANGLAO-ADMIN                             ,FAACQ               
0033-0007886500961  ,PLASTIC PALLET BLACK D4S-1012.16                            ,      3150.00,09/07/2022,FUR. & FIXT.        ,PALLET                                            ,         4,FIXRITE PANGLAO               ,FIXRITE PANGLAO-ADMIN                             ,FAACQ               
0033-0007886500962  ,PLASTIC PALLET BLACK D4S-1012.16                            ,      3150.00,09/07/2022,FUR. & FIXT.        ,PALLET                                            ,         4,FIXRITE PANGLAO               ,FIXRITE PANGLAO-ADMIN                             ,FAACQ               
0033-0007886500963  ,PLASTIC PALLET BLACK D4S-1012.16                            ,      3150.00,09/07/2022,FUR. & FIXT.        ,PALLET                                            ,         4,FIXRITE PANGLAO               ,FIXRITE PANGLAO-ADMIN                             ,FAACQ               
0033-0007886500964  ,PLASTIC PALLET BLACK D4S-1012.16                            ,      3150.00,09/07/2022,FUR. & FIXT.        ,PALLET                                            ,         4,FIXRITE PANGLAO               ,FIXRITE PANGLAO-ADMIN                             ,FAACQ               
0033-0007886500965  ,PLASTIC PALLET BLACK D4S-1012.16                            ,      3150.00,09/07/2022,FUR. & FIXT.        ,PALLET                                            ,         4,FIXRITE PANGLAO               ,FIXRITE PANGLAO-ADMIN                             ,FAACQ               
0033-0007886500966  ,PLASTIC PALLET BLACK D4S-1012.16                            ,      3150.00,09/07/2022,FUR. & FIXT.        ,PALLET                                            ,         4,FIXRITE PANGLAO               ,FIXRITE PANGLAO-ADMIN                             ,FAACQ               
0033-0007886500967  ,PLASTIC PALLET BLACK D4S-1012.16                            ,      3150.00,09/07/2022,FUR. & FIXT.        ,PALLET                                            ,         4,FIXRITE PANGLAO               ,FIXRITE PANGLAO-ADMIN                             ,FAACQ               
0033-0007886500968  ,PLASTIC PALLET BLACK D4S-1012.16                            ,      3150.00,09/07/2022,FUR. & FIXT.        ,PALLET                                            ,         4,FIXRITE PANGLAO               ,FIXRITE PANGLAO-ADMIN                             ,FAACQ               
0033-0007886500969  ,PLASTIC PALLET BLACK D4S-1012.16                            ,      3150.00,09/07/2022,FUR. & FIXT.        ,PALLET                                            ,         4,FIXRITE PANGLAO               ,FIXRITE PANGLAO-ADMIN                             ,FAACQ               
0033-0007886500970  ,PLASTIC PALLET BLACK D4S-1012.16                            ,      3150.00,09/07/2022,FUR. & FIXT.        ,PALLET                                            ,         4,FIXRITE PANGLAO               ,FIXRITE PANGLAO-ADMIN                             ,FAACQ               
0033-0007886500971  ,PLASTIC PALLET BLACK D4S-1012.16                            ,      3150.00,09/07/2022,FUR. & FIXT.        ,PALLET                                            ,         4,FIXRITE PANGLAO               ,FIXRITE PANGLAO-ADMIN                             ,FAACQ               
0033-0007886500972  ,PLASTIC PALLET BLACK D4S-1012.16                            ,      3150.00,09/07/2022,FUR. & FIXT.        ,PALLET                                            ,         4,FIXRITE PANGLAO               ,FIXRITE PANGLAO-ADMIN                             ,FAACQ               
0033-0007886500973  ,PLASTIC PALLET BLACK D4S-1012.16                            ,      3150.00,09/07/2022,FUR. & FIXT.        ,PALLET                                            ,         4,FIXRITE PANGLAO               ,FIXRITE PANGLAO-ADMIN                             ,FAACQ               
0033-0007886500974  ,PLASTIC PALLET BLACK D4S-1012.16                            ,      3150.00,09/07/2022,FUR. & FIXT.        ,PALLET                                            ,         4,FIXRITE PANGLAO               ,FIXRITE PANGLAO-ADMIN                             ,FAACQ               
0033-0007886500975  ,PLASTIC PALLET BLACK D4S-1012.16                            ,      3150.00,09/07/2022,FUR. & FIXT.        ,PALLET                                            ,         4,FIXRITE PANGLAO               ,FIXRITE PANGLAO-ADMIN                             ,FAACQ               
0033-0007886500976  ,PLASTIC PALLET BLACK D4S-1012.16                            ,      3150.00,09/07/2022,FUR. & FIXT.        ,PALLET                                            ,         4,FIXRITE PANGLAO               ,FIXRITE PANGLAO-ADMIN                             ,FAACQ               
0033-0007886500977  ,PLASTIC PALLET BLACK D4S-1012.16                            ,      3150.00,09/07/2022,FUR. & FIXT.        ,PALLET                                            ,         4,FIXRITE PANGLAO               ,FIXRITE PANGLAO-ADMIN                             ,FAACQ               
0033-0007886500978  ,PLASTIC PALLET BLACK D4S-1012.16                            ,      3150.00,09/07/2022,FUR. & FIXT.        ,PALLET                                            ,         4,FIXRITE PANGLAO               ,FIXRITE PANGLAO-ADMIN                             ,FAACQ               
0033-0007886500979  ,PLASTIC PALLET BLACK D4S-1012.16                            ,      3150.00,09/07/2022,FUR. & FIXT.        ,PALLET                                            ,         4,FIXRITE PANGLAO               ,FIXRITE PANGLAO-ADMIN                             ,FAACQ               
0033-0007886500980  ,PLASTIC PALLET BLACK D4S-1012.16                            ,      3150.00,09/07/2022,FUR. & FIXT.        ,PALLET                                            ,         4,FIXRITE PANGLAO               ,FIXRITE PANGLAO-ADMIN                             ,FAACQ               
0033-0007886500981  ,PLASTIC PALLET BLACK D4S-1012.16                            ,      3150.00,09/07/2022,FUR. & FIXT.        ,PALLET                                            ,         4,FIXRITE PANGLAO               ,FIXRITE PANGLAO-ADMIN                             ,FAACQ               
0033-0007886500982  ,PLASTIC PALLET BLACK D4S-1012.16                            ,      3150.00,09/07/2022,FUR. & FIXT.        ,PALLET                                            ,         4,FIXRITE PANGLAO               ,FIXRITE PANGLAO-ADMIN                             ,FAACQ               
0033-0007886500983  ,PLASTIC PALLET BLACK D4S-1012.16                            ,      3150.00,09/07/2022,FUR. & FIXT.        ,PALLET                                            ,         4,FIXRITE PANGLAO               ,FIXRITE PANGLAO-ADMIN                             ,FAACQ               
0033-0007886500984  ,PLASTIC PALLET BLACK D4S-1012.16                            ,      3150.00,09/07/2022,FUR. & FIXT.        ,PALLET                                            ,         4,FIXRITE PANGLAO               ,FIXRITE PANGLAO-ADMIN                             ,FAACQ               
0033-0007886500985  ,PLASTIC PALLET BLACK D4S-1012.16                            ,      3150.00,09/07/2022,FUR. & FIXT.        ,PALLET                                            ,         4,FIXRITE PANGLAO               ,FIXRITE PANGLAO-ADMIN                             ,FAACQ               
0033-0007886500986  ,PLASTIC PALLET BLACK D4S-1012.16                            ,      3150.00,09/07/2022,FUR. & FIXT.        ,PALLET                                            ,         4,FIXRITE PANGLAO               ,FIXRITE PANGLAO-ADMIN                             ,FAACQ               
0033-0007886500987  ,PLASTIC PALLET BLACK D4S-1012.16                            ,      3150.00,09/07/2022,FUR. & FIXT.        ,PALLET                                            ,         4,FIXRITE PANGLAO               ,FIXRITE PANGLAO-ADMIN                             ,FAACQ               
0033-0007886500988  ,PLASTIC PALLET BLACK D4S-1012.16                            ,      3150.00,09/07/2022,FUR. & FIXT.        ,PALLET                                            ,         4,FIXRITE PANGLAO               ,FIXRITE PANGLAO-ADMIN                             ,FAACQ               
0033-0007886500989  ,PLASTIC PALLET BLACK D4S-1012.16                            ,      3150.00,09/07/2022,FUR. & FIXT.        ,PALLET                                            ,         4,FIXRITE PANGLAO               ,FIXRITE PANGLAO-ADMIN                             ,FAACQ               
0033-0007886500990  ,PLASTIC PALLET BLACK D4S-1012.16                            ,      3150.00,09/07/2022,FUR. & FIXT.        ,PALLET                                            ,         4,FIXRITE PANGLAO               ,FIXRITE PANGLAO-ADMIN                             ,FAACQ               
0033-0007886500991  ,PLASTIC PALLET BLACK D4S-1012.16                            ,      3150.00,09/07/2022,FUR. & FIXT.        ,PALLET                                            ,         4,FIXRITE PANGLAO               ,FIXRITE PANGLAO-ADMIN                             ,FAACQ               
0033-0007886500992  ,PLASTIC PALLET BLACK D4S-1012.16                            ,      3150.00,09/07/2022,FUR. & FIXT.        ,PALLET                                            ,         4,FIXRITE PANGLAO               ,FIXRITE PANGLAO-ADMIN                             ,FAACQ               
0033-0007886500993  ,PLASTIC PALLET BLACK D4S-1012.16                            ,      3150.00,09/07/2022,FUR. & FIXT.        ,PALLET                                            ,         4,FIXRITE PANGLAO               ,FIXRITE PANGLAO-ADMIN                             ,FAACQ               
0033-0007886500994  ,PLASTIC PALLET BLACK D4S-1012.16                            ,      3150.00,09/07/2022,FUR. & FIXT.        ,PALLET                                            ,         4,FIXRITE PANGLAO               ,FIXRITE PANGLAO-ADMIN                             ,FAACQ               
0033-0007886500995  ,PLASTIC PALLET BLACK D4S-1012.16                            ,      3150.00,09/07/2022,FUR. & FIXT.        ,PALLET                                            ,         4,FIXRITE PANGLAO               ,FIXRITE PANGLAO-ADMIN                             ,FAACQ               
0033-0007886500996  ,PLASTIC PALLET BLACK D4S-1012.16                            ,      3150.00,09/07/2022,FUR. & FIXT.        ,PALLET                                            ,         4,FIXRITE PANGLAO               ,FIXRITE PANGLAO-ADMIN                             ,FAACQ               
0033-0007886500997  ,PLASTIC PALLET BLACK D4S-1012.16                            ,      3150.00,09/07/2022,FUR. & FIXT.        ,PALLET                                            ,         4,FIXRITE PANGLAO               ,FIXRITE PANGLAO-ADMIN                             ,FAACQ               
0033-0007886500998  ,PLASTIC PALLET BLACK D4S-1012.16                            ,      3150.00,09/07/2022,FUR. & FIXT.        ,PALLET                                            ,         4,FIXRITE PANGLAO               ,FIXRITE PANGLAO-ADMIN                             ,FAACQ               
0033-0007886500999  ,PLASTIC PALLET BLACK D4S-1012.16                            ,      3150.00,09/07/2022,FUR. & FIXT.        ,PALLET                                            ,         4,FIXRITE PANGLAO               ,FIXRITE PANGLAO-ADMIN                             ,FAACQ               
0033-0007886501000  ,PLASTIC PALLET BLACK D4S-1012.16                            ,      3150.00,09/07/2022,FUR. & FIXT.        ,PALLET                                            ,         4,FIXRITE PANGLAO               ,FIXRITE PANGLAO-ADMIN                             ,FAACQ               
0110-0006366000001  ,LONGTECH THREE LOBES ROOTS BLOWER LT-100                    ,    180216.98,08/23/2022,MACH. & EQPT.       ,MACHINE                                           ,         5,FIXRITE PANGLAO               ,FIXRITE PANGLAO-ADMIN                             ,FA_TRAN             
0110-0006366000002  ,LONGTECH THREE LOBES ROOTS BLOWER LT-100                    ,    180216.98,08/23/2022,MACH. & EQPT.       ,MACHINE                                           ,         5,FIXRITE PANGLAO               ,FIXRITE PANGLAO-ADMIN                             ,FA_TRAN             
0110-0007323700001  ,PANEL BOARD NEMA-1 DP ATS 1                                 ,    214884.00,08/18/2022,ELEC. INTS. & EQPT. ,PANEL BOARD                                       ,         5,FIXRITE PANGLAO               ,FIXRITE PANGLAO-ADMIN                             ,FA_TRAN             
0110-0007802100001  ,FCU FAN MOTOR:220-240V1PH60HZ1100W GP/3S                    ,     50000.00,08/05/2022,MACH. & EQPT.       ,FAN                                               ,         3,FIXRITE PANGLAO               ,FIXRITE PANGLAO-ADMIN                             ,FA_TRAN             
0110-0007831300001  ,AUTOMATIC CIRCUIT RECLOSER U-SERIES SCHNEIDER               ,    669642.86,08/05/2022,ELEC. INTS. & EQPT. ,CIRCUIT BREAKER                                   ,         3,FIXRITE PANGLAO               ,FIXRITE PANGLAO-ADMIN                             ,FA_TRAN             
0110-0007779100001  ,DISTRIBUTION PANELBOARD PVC(PLASTIC)                        ,      2246.65,08/05/2022,ELEC. INTS. & EQPT. ,PANEL BOARD                                       ,         5,FIXRITE PANGLAO               ,FIXRITE PANGLAO-ADMIN                             ,FA_TRAN             
0110-0007779100002  ,DISTRIBUTION PANELBOARD PVC(PLASTIC)                        ,      2246.65,08/05/2022,ELEC. INTS. & EQPT. ,PANEL BOARD                                       ,         5,FIXRITE PANGLAO               ,FIXRITE PANGLAO-ADMIN                             ,FA_TRAN             
0110-0007779100003  ,DISTRIBUTION PANELBOARD PVC(PLASTIC)                        ,      2246.65,08/05/2022,ELEC. INTS. & EQPT. ,PANEL BOARD                                       ,         5,FIXRITE PANGLAO               ,FIXRITE PANGLAO-ADMIN                             ,FA_TRAN             
0110-0007779100004  ,DISTRIBUTION PANELBOARD PVC(PLASTIC)                        ,      2246.65,08/05/2022,ELEC. INTS. & EQPT. ,PANEL BOARD                                       ,         5,FIXRITE PANGLAO               ,FIXRITE PANGLAO-ADMIN                             ,FA_TRAN             
0110-0007779100005  ,DISTRIBUTION PANELBOARD PVC(PLASTIC)                        ,      2246.65,08/05/2022,ELEC. INTS. & EQPT. ,PANEL BOARD                                       ,         5,FIXRITE PANGLAO               ,FIXRITE PANGLAO-ADMIN                             ,FA_TRAN             
0110-0007722700001  ,SUPPLY & DELIVERY OF CPS BOOSTER PUMP SUBMERSIBLE           ,    594720.00,08/10/2022,MACH. & EQPT.       ,PUMP                                              ,         5,FIXRITE PANGLAO               ,FIXRITE PANGLAO-ADMIN                             ,FA_TRAN             
0033-0008166200001  ,SHARP SMART TV 2T C42DF1X                                   ,     16998.00,09/15/2022,OFF. EQPT.          ,TV                                                ,         3,FIXRITE PANGLAO               ,FIXRITE PANGLAO-ADMIN                             ,FAACQ               
0033-0008166200002  ,SHARP SMART TV 2T C42DF1X                                   ,     16998.00,09/15/2022,OFF. EQPT.          ,TV                                                ,         3,FIXRITE PANGLAO               ,FIXRITE PANGLAO-ADMIN                             ,FAACQ               
0033-0008166200003  ,SHARP SMART TV 2T C42DF1X                                   ,     16998.00,09/15/2022,OFF. EQPT.          ,TV                                                ,         3,FIXRITE PANGLAO               ,FIXRITE PANGLAO-ADMIN                             ,FAACQ               
0033-0008166200004  ,SHARP SMART TV 2T C42DF1X                                   ,     16998.00,09/15/2022,OFF. EQPT.          ,TV                                                ,         3,FIXRITE PANGLAO               ,FIXRITE PANGLAO-ADMIN                             ,FAACQ               
0033-0008166200005  ,SHARP SMART TV 2T C42DF1X                                   ,     16998.00,09/15/2022,OFF. EQPT.          ,TV                                                ,         3,FIXRITE PANGLAO               ,FIXRITE PANGLAO-ADMIN                             ,FAACQ               
0033-0008166200006  ,SHARP SMART TV 2T C42DF1X                                   ,     16998.00,09/15/2022,OFF. EQPT.          ,TV                                                ,         3,FIXRITE PANGLAO               ,FIXRITE PANGLAO-ADMIN                             ,FAACQ               
0110-0007329100001  ,CARRIER STANDARD AHU 1GF M:39CNE1524 48HP                   ,    823900.00,09/07/2022,MACH. & EQPT.       ,AIRCON                                            ,         5,FIXRITE PANGLAO               ,FIXRITE PANGLAO-ADMIN                             ,FA_TRAN             
0110-0007329200001  ,CARRIER STANDARD AHU 2SF 39CNE1825 60HP                     ,   1024100.00,09/07/2022,MACH. & EQPT.       ,AIRCON                                            ,         5,FIXRITE PANGLAO               ,FIXRITE PANGLAO-ADMIN                             ,FA_TRAN             
0110-0007329300001  ,CARRIER STANDARD ACCU 1GF M:MMY-AP4817T7P 48HP              ,   1130500.00,09/07/2022,MACH. & EQPT.       ,AIRCON                                            ,         5,FIXRITE PANGLAO               ,FIXRITE PANGLAO-ADMIN                             ,FA_TRAN             
0110-0007329400001  ,CARRIER STANDARD ACCU 2SF MMY-AP6017T7P 60HP                ,   1398600.00,09/07/2022,MACH. & EQPT.       ,AIRCON                                            ,         5,FIXRITE PANGLAO               ,FIXRITE PANGLAO-ADMIN                             ,FA_TRAN             
0110-0007367500001  ,SODAINA FIRE FIGHTING PUMP (NON-UL)                         ,    525178.57,07/27/2022,ELEC. INTS. & EQPT. ,PANEL BOARD                                       ,         5,FIXRITE PANGLAO               ,FIXRITE PANGLAO-ADMIN                             ,FA_TRAN             
0110-0007323800001  ,PANEL BOARD NEMA-1 GLP 1-A                                  ,     30967.20,07/21/2022,ELEC. INTS. & EQPT. ,PANEL BOARD                                       ,         5,FIXRITE PANGLAO               ,FIXRITE PANGLAO-ADMIN                             ,FA_TRAN             
0110-0007323900001  ,PANEL BOARD NEMA-1 GLP 2                                    ,     17445.60,07/21/2022,ELEC. INTS. & EQPT. ,PANEL BOARD                                       ,         5,FIXRITE PANGLAO               ,FIXRITE PANGLAO-ADMIN                             ,FA_TRAN             
0110-0007324000001  ,PANEL BOARD NEMA-1 2LP                                      ,     22860.00,07/21/2022,ELEC. INTS. & EQPT. ,PANEL BOARD                                       ,         5,FIXRITE PANGLAO               ,FIXRITE PANGLAO-ADMIN                             ,FA_TRAN             
0110-0007324100001  ,PANEL BOARD NEMA-1 LPX                                      ,     18885.60,07/21/2022,ELEC. INTS. & EQPT. ,PANEL BOARD                                       ,         5,FIXRITE PANGLAO               ,FIXRITE PANGLAO-ADMIN                             ,FA_TRAN             
0110-0007324200001  ,PANEL BOARD NEMA-1 PP1                                      ,     85392.00,07/21/2022,ELEC. INTS. & EQPT. ,PANEL BOARD                                       ,         5,FIXRITE PANGLAO               ,FIXRITE PANGLAO-ADMIN                             ,FA_TRAN             
0110-0007324300001  ,PANEL BOARD PP2 NEMA-1                                      ,     53229.60,07/21/2022,ELEC. INTS. & EQPT. ,PANEL BOARD                                       ,         5,FIXRITE PANGLAO               ,FIXRITE PANGLAO-ADMIN                             ,FA_TRAN             
0110-0007324400001  ,PANEL BOARD NEMA-1 ATS-FP                                   ,    227937.60,07/21/2022,ELEC. INTS. & EQPT. ,PANEL BOARD                                       ,         5,FIXRITE PANGLAO               ,FIXRITE PANGLAO-ADMIN                             ,FA_TRAN             
0110-0007779200001  ,PANELBOARD PP DUPLEX(SURFACE MOUNTED)                       ,     13745.75,07/27/2022,ELEC. INTS. & EQPT. ,PANEL BOARD                                       ,         5,FIXRITE PANGLAO               ,FIXRITE PANGLAO-ADMIN                             ,FA_TRAN             
0026-0007381600001  ,POWER FORKLIFT 3.0 TONS W/ CATALYTIC MUFFLER                ,   1017660.72,09/26/2022,MACH. & EQPT.       ,FORKLIFT                                          ,        10,FIXRITE PANGLAO               ,FIXRITE PANGLAO-ADMIN                             ,FA_TRAN             
0026-0007381600002  ,POWER FORKLIFT 3.0 TONS W/ CATALYTIC MUFFLER                ,   1017660.72,09/26/2022,MACH. & EQPT.       ,FORKLIFT                                          ,        10,FIXRITE PANGLAO               ,FIXRITE PANGLAO-ADMIN                             ,FA_TRAN             
0033-0007820300001  ,PABX SYSTEM                                                 ,     69363.39,10/04/2022,OFF. EQPT.          ,HUB                                               ,         3,FIXRITE PANGLAO               ,FIXRITE PANGLAO-ADMIN                             ,FAACQ               
0033-0007918100001  ,BIG ASS FANS POWERFOIL 8 24FT                               ,    348333.33,10/01/2022,FUR. & FIXT.        ,FAN                                               ,         3,FIXRITE PANGLAO               ,FIXRITE PANGLAO-ADMIN                             ,FAACQ               
0033-0007918100002  ,BIG ASS FANS POWERFOIL 8 24FT                               ,    348333.33,10/01/2022,FUR. & FIXT.        ,FAN                                               ,         3,FIXRITE PANGLAO               ,FIXRITE PANGLAO-ADMIN                             ,FAACQ               
0033-0007918100003  ,BIG ASS FANS POWERFOIL 8 24FT                               ,    348333.33,10/01/2022,FUR. & FIXT.        ,FAN                                               ,         3,FIXRITE PANGLAO               ,FIXRITE PANGLAO-ADMIN                             ,FAACQ               
0033-0007890700001  ,SQUARE TABLE RED 30"" X 30"" X 28""                            ,      2000.00,10/01/2022,FUR. & FIXT.        ,TABLE                                             ,         5,FIXRITE PANGLAO               ,FIXRITE PANGLAO-ADMIN                             ,FAACQ               
0033-0007890700002  ,SQUARE TABLE RED 30"" X 30"" X 28""                            ,      2000.00,10/01/2022,FUR. & FIXT.        ,TABLE                                             ,         5,FIXRITE PANGLAO               ,FIXRITE PANGLAO-ADMIN                             ,FAACQ               
0033-0007890700003  ,SQUARE TABLE RED 30"" X 30"" X 28""                            ,      2000.00,10/01/2022,FUR. & FIXT.        ,TABLE                                             ,         5,FIXRITE PANGLAO               ,FIXRITE PANGLAO-ADMIN                             ,FAACQ               
0033-0007890700004  ,SQUARE TABLE RED 30"" X 30"" X 28""                            ,      2000.00,10/01/2022,FUR. & FIXT.        ,TABLE                                             ,         5,FIXRITE PANGLAO               ,FIXRITE PANGLAO-ADMIN                             ,FAACQ               
0033-0007890700005  ,SQUARE TABLE RED 30"" X 30"" X 28""                            ,      2000.00,10/01/2022,FUR. & FIXT.        ,TABLE                                             ,         5,FIXRITE PANGLAO               ,FIXRITE PANGLAO-ADMIN                             ,FAACQ               
0033-0007890700006  ,SQUARE TABLE RED 30"" X 30"" X 28""                            ,      2000.00,10/01/2022,FUR. & FIXT.        ,TABLE                                             ,         5,FIXRITE PANGLAO               ,FIXRITE PANGLAO-ADMIN                             ,FAACQ               
0033-0007890700007  ,SQUARE TABLE RED 30"" X 30"" X 28""                            ,      2000.00,10/01/2022,FUR. & FIXT.        ,TABLE                                             ,         5,FIXRITE PANGLAO               ,FIXRITE PANGLAO-ADMIN                             ,FAACQ               
0033-0007890700008  ,SQUARE TABLE RED 30"" X 30"" X 28""                            ,      2000.00,10/01/2022,FUR. & FIXT.        ,TABLE                                             ,         5,FIXRITE PANGLAO               ,FIXRITE PANGLAO-ADMIN                             ,FAACQ               
0033-0007890700009  ,SQUARE TABLE RED 30"" X 30"" X 28""                            ,      2000.00,10/01/2022,FUR. & FIXT.        ,TABLE                                             ,         5,FIXRITE PANGLAO               ,FIXRITE PANGLAO-ADMIN                             ,FAACQ               
0033-0007890700010  ,SQUARE TABLE RED 30"" X 30"" X 28""                            ,      2000.00,10/01/2022,FUR. & FIXT.        ,TABLE                                             ,         5,FIXRITE PANGLAO               ,FIXRITE PANGLAO-ADMIN                             ,FAACQ               
0033-0007890700011  ,SQUARE TABLE RED 30"" X 30"" X 28""                            ,      2000.00,10/01/2022,FUR. & FIXT.        ,TABLE                                             ,         5,FIXRITE PANGLAO               ,FIXRITE PANGLAO-ADMIN                             ,FAACQ               
0033-0007890700012  ,SQUARE TABLE RED 30"" X 30"" X 28""                            ,      2000.00,10/01/2022,FUR. & FIXT.        ,TABLE                                             ,         5,FIXRITE PANGLAO               ,FIXRITE PANGLAO-ADMIN                             ,FAACQ               
0033-0007890700013  ,SQUARE TABLE RED 30"" X 30"" X 28""                            ,      2000.00,10/01/2022,FUR. & FIXT.        ,TABLE                                             ,         5,FIXRITE PANGLAO               ,FIXRITE PANGLAO-ADMIN                             ,FAACQ               
0033-0007890700014  ,SQUARE TABLE RED 30"" X 30"" X 28""                            ,      2000.00,10/01/2022,FUR. & FIXT.        ,TABLE                                             ,         5,FIXRITE PANGLAO               ,FIXRITE PANGLAO-ADMIN                             ,FAACQ               
0033-0007890700015  ,SQUARE TABLE RED 30"" X 30"" X 28""                            ,      2000.00,10/01/2022,FUR. & FIXT.        ,TABLE                                             ,         5,FIXRITE PANGLAO               ,FIXRITE PANGLAO-ADMIN                             ,FAACQ               
0033-0007891100001  ,TROLLEY 2 W/ FOLDABLE HANDLE BLACK                          ,      4700.00,10/01/2022,STR. EQPT.          ,TROLLEY-STAINLESS                                 ,         7,FIXRITE PANGLAO               ,FIXRITE PANGLAO-ADMIN                             ,FAACQ               
0033-0007891100002  ,TROLLEY 2 W/ FOLDABLE HANDLE BLACK                          ,      4700.00,10/01/2022,STR. EQPT.          ,TROLLEY-STAINLESS                                 ,         7,FIXRITE PANGLAO               ,FIXRITE PANGLAO-ADMIN                             ,FAACQ               
0033-0007210200005  ,STEEL LOCKER CABINET STANDARD 32 DOORS                      ,     13794.64,10/01/2022,FUR. & FIXT.        ,CABINET-STEEL                                     ,        10,FIXRITE PANGLAO               ,FIXRITE PANGLAO-ADMIN                             ,FAACQ               
0033-0007210200006  ,STEEL LOCKER CABINET STANDARD 32 DOORS                      ,     13794.64,10/01/2022,FUR. & FIXT.        ,CABINET-STEEL                                     ,        10,FIXRITE PANGLAO               ,FIXRITE PANGLAO-ADMIN                             ,FAACQ               
0033-0007210200007  ,STEEL LOCKER CABINET STANDARD 32 DOORS                      ,     13794.64,10/01/2022,FUR. & FIXT.        ,CABINET-STEEL                                     ,        10,FIXRITE PANGLAO               ,FIXRITE PANGLAO-ADMIN                             ,FAACQ               
0033-0007210200008  ,STEEL LOCKER CABINET STANDARD 32 DOORS                      ,     13794.64,10/01/2022,FUR. & FIXT.        ,CABINET-STEEL                                     ,        10,FIXRITE PANGLAO               ,FIXRITE PANGLAO-ADMIN                             ,FAACQ               
0033-0008242900001  ,PANEL SHEET CART TROLLEY                                    ,      4732.14,10/01/2022,FUR. & FIXT.        ,TROLLEY-STAINLESS                                 ,         7,FIXRITE PANGLAO               ,FIXRITE PANGLAO-ADMIN                             ,FAACQ               
0033-0008242900002  ,PANEL SHEET CART TROLLEY                                    ,      4732.14,10/01/2022,FUR. & FIXT.        ,TROLLEY-STAINLESS                                 ,         7,FIXRITE PANGLAO               ,FIXRITE PANGLAO-ADMIN                             ,FAACQ               
0033-0008242900003  ,PANEL SHEET CART TROLLEY                                    ,      4732.14,10/01/2022,FUR. & FIXT.        ,TROLLEY-STAINLESS                                 ,         7,FIXRITE PANGLAO               ,FIXRITE PANGLAO-ADMIN                             ,FAACQ               
0033-0008242900004  ,PANEL SHEET CART TROLLEY                                    ,      4732.14,10/01/2022,FUR. & FIXT.        ,TROLLEY-STAINLESS                                 ,         7,FIXRITE PANGLAO               ,FIXRITE PANGLAO-ADMIN                             ,FAACQ               
0110-0008219900001  ,CARRIER STANDARD FCU/ACCU-1 1.5HP                           ,     33750.00,10/20/2022,MACH. & EQPT.       ,AIRCON                                            ,         5,FIXRITE PANGLAO               ,FIXRITE PANGLAO-ADMIN                             ,FA_TRAN             
0110-0008219900002  ,CARRIER STANDARD FCU/ACCU-1 1.5HP                           ,     33750.00,10/20/2022,MACH. & EQPT.       ,AIRCON                                            ,         5,FIXRITE PANGLAO               ,FIXRITE PANGLAO-ADMIN                             ,FA_TRAN             
0110-0008281300001  ,ELECTRIC CIRCUIT BREAKER 63 AT3P400VECB                     ,      3484.00,10/26/2022,ELEC. INTS. & EQPT. ,CIRCUIT BREAKER                                   ,         3,FIXRITE PANGLAO               ,FIXRITE PANGLAO-ADMIN                             ,FA_TRAN             
0110-0008281300002  ,ELECTRIC CIRCUIT BREAKER 63 AT3P400VECB                     ,      3484.00,10/26/2022,ELEC. INTS. & EQPT. ,CIRCUIT BREAKER                                   ,         3,FIXRITE PANGLAO               ,FIXRITE PANGLAO-ADMIN                             ,FA_TRAN             
0110-0008281400001  ,ELECTRIC ROUND METER400V3PDIGITALCT TYPE                    ,     27600.00,10/26/2022,ELEC. INTS. & EQPT. ,METER                                             ,         5,FIXRITE PANGLAO               ,FIXRITE PANGLAO-ADMIN                             ,FA_TRAN             
0110-0008281400002  ,ELECTRIC ROUND METER400V3PDIGITALCT TYPE                    ,     27600.00,10/26/2022,ELEC. INTS. & EQPT. ,METER                                             ,         5,FIXRITE PANGLAO               ,FIXRITE PANGLAO-ADMIN                             ,FA_TRAN             
0110-0008281400003  ,ELECTRIC ROUND METER400V3PDIGITALCT TYPE                    ,     27600.00,10/26/2022,ELEC. INTS. & EQPT. ,METER                                             ,         5,FIXRITE PANGLAO               ,FIXRITE PANGLAO-ADMIN                             ,FA_TRAN             
0110-0008282400001  ,ELECTRIC ROUND METER230V1PDIGITALCT                         ,     27600.00,10/26/2022,ELEC. INTS. & EQPT. ,METER                                             ,         5,FIXRITE PANGLAO               ,FIXRITE PANGLAO-ADMIN                             ,FA_TRAN             
0110-0007917000001  ,GOULDS PUMP 1HP 220V SHALLOW                                ,     16540.18,10/08/2022,MACH. & EQPT.       ,PUMP                                              ,         5,MFI-PIGGERY                   ,PIGGERY-MAINTENANCE                               ,FA_TRAN             
0110-0007917000002  ,GOULDS PUMP 1HP 220V SHALLOW                                ,     16540.18,10/08/2022,MACH. & EQPT.       ,PUMP                                              ,         5,MFI-PIGGERY                   ,PIGGERY-MAINTENANCE                               ,FA_TRAN             
0110-0007975600001  ,CEILING EXHAUST FAN 12""                                     ,      1499.00,10/08/2022,STR. EQPT.          ,EXHAUST FAN                                       ,         3,FIXRITE PANGLAO               ,FIXRITE PANGLAO-ADMIN                             ,FA_TRAN             
0110-0007975600002  ,CEILING EXHAUST FAN 12""                                     ,      1499.00,10/08/2022,STR. EQPT.          ,EXHAUST FAN                                       ,         3,FIXRITE PANGLAO               ,FIXRITE PANGLAO-ADMIN                             ,FA_TRAN             
0110-0007975600003  ,CEILING EXHAUST FAN 12""                                     ,      1499.00,10/08/2022,STR. EQPT.          ,EXHAUST FAN                                       ,         3,FIXRITE PANGLAO               ,FIXRITE PANGLAO-ADMIN                             ,FA_TRAN             
0110-0008018900001  ,FJALLMA WORK DESK 120CMX60CMX75CM BLACK-BIRCH               ,      6381.28,10/04/2022,FUR. & FIXT.        ,OTHERS                                            ,         3,MARCELA FARMS INCORPORATED    ,MFI-CATAGBACAN FARM                               ,FA_TRAN             
0110-0008018900002  ,FJALLMA WORK DESK 120CMX60CMX75CM BLACK-BIRCH               ,      6381.28,10/04/2022,FUR. & FIXT.        ,OTHERS                                            ,         3,MARCELA FARMS INCORPORATED    ,MFI-CATAGBACAN FARM                               ,FA_TRAN             
0110-0008018900003  ,FJALLMA WORK DESK 120CMX60CMX75CM BLACK-BIRCH               ,      6381.28,10/04/2022,FUR. & FIXT.        ,OTHERS                                            ,         3,MARCELA FARMS INCORPORATED    ,MFI-CATAGBACAN FARM                               ,FA_TRAN             
0110-0008019000001  ,KENT WOOD CHAIR 53.5CMX57CMX89CM BIRCH-BLACK                ,      2729.62,10/04/2022,FUR. & FIXT.        ,CHAIR                                             ,         5,MARCELA FARMS INCORPORATED    ,MFI-CATAGBACAN FARM                               ,FA_TRAN             
0110-0008019000002  ,KENT WOOD CHAIR 53.5CMX57CMX89CM BIRCH-BLACK                ,      2729.62,10/04/2022,FUR. & FIXT.        ,CHAIR                                             ,         5,MARCELA FARMS INCORPORATED    ,MFI-CATAGBACAN FARM                               ,FA_TRAN             
0110-0008019000003  ,KENT WOOD CHAIR 53.5CMX57CMX89CM BIRCH-BLACK                ,      2729.62,10/04/2022,FUR. & FIXT.        ,CHAIR                                             ,         5,MARCELA FARMS INCORPORATED    ,MFI-CATAGBACAN FARM                               ,FA_TRAN             
0110-0008019200001  ,MOLLY CHEST OF 4 DRAWERS 80CMX50CMX98CM  WHITE-OAK          ,      6381.28,10/04/2022,FUR. & FIXT.        ,DRAWERS                                           ,         3,MARCELA FARMS INCORPORATED    ,MFI-CATAGBACAN FARM                               ,FA_TRAN             
0110-0008019200002  ,MOLLY CHEST OF 4 DRAWERS 80CMX50CMX98CM  WHITE-OAK          ,      6381.28,10/04/2022,FUR. & FIXT.        ,DRAWERS                                           ,         3,MARCELA FARMS INCORPORATED    ,MFI-CATAGBACAN FARM                               ,FA_TRAN             
0110-0008019200003  ,MOLLY CHEST OF 4 DRAWERS 80CMX50CMX98CM  WHITE-OAK          ,      6381.28,10/04/2022,FUR. & FIXT.        ,DRAWERS                                           ,         3,MARCELA FARMS INCORPORATED    ,MFI-CATAGBACAN FARM                               ,FA_TRAN             
0110-0008019200004  ,MOLLY CHEST OF 4 DRAWERS 80CMX50CMX98CM  WHITE-OAK          ,      6381.28,10/04/2022,FUR. & FIXT.        ,DRAWERS                                           ,         3,MARCELA FARMS INCORPORATED    ,MFI-CATAGBACAN FARM                               ,FA_TRAN             
0110-0008033800001  ,MAISON NIGHT TABLE 2-DRAWERS                                ,      2181.87,10/04/2022,FUR. & FIXT.        ,TABLE                                             ,         5,MARCELA FARMS INCORPORATED    ,MFI-CATAGBACAN FARM                               ,FA_TRAN             
0110-0008033800002  ,MAISON NIGHT TABLE 2-DRAWERS                                ,      2181.87,10/04/2022,FUR. & FIXT.        ,TABLE                                             ,         5,MARCELA FARMS INCORPORATED    ,MFI-CATAGBACAN FARM                               ,FA_TRAN             
0110-0008033800003  ,MAISON NIGHT TABLE 2-DRAWERS                                ,      2181.87,10/04/2022,FUR. & FIXT.        ,TABLE                                             ,         5,MARCELA FARMS INCORPORATED    ,MFI-CATAGBACAN FARM                               ,FA_TRAN             
0000739900001       ,MOVING LADDER 7 STEPS (FROM                                 ,       800.00,07/05/2007,FUR. & FIXT.        ,LADDER                                            ,        10,FIXRITE PANGLAO               ,FIXRITE PANGLAO-ADMIN                             ,FA_TRAN             
0000740000001       ,MOVING LADDER 10 STEPS ( FROM                               ,       800.00,07/05/2007,FUR. & FIXT.        ,LADDER                                            ,        10,FIXRITE PANGLAO               ,FIXRITE PANGLAO-ADMIN                             ,FA_TRAN             
0000740100001       ,MOVING LADDER 11 STEPS (FROM                                ,       800.00,07/05/2007,FUR. & FIXT.        ,LADDER                                            ,        10,FIXRITE PANGLAO               ,FIXRITE PANGLAO-ADMIN                             ,FA_TRAN             
0110-0007562600001  ,PANEL BOARD NEMA 1 LP-STAFFHOUSE                            ,     11287.50,09/22/2022,ELEC. INTS. & EQPT. ,PANEL BOARD                                       ,         5,MARCELA FARMS INCORPORATED    ,MFI-CATAGBACAN FARM                               ,FA_TRAN             
0110-0007562800001  ,PANEL BOARD NEMA 1 DP SLURRY (400V)                         ,    155257.50,09/22/2022,ELEC. INTS. & EQPT. ,PANEL BOARD                                       ,         5,MARCELA FARMS INCORPORATED    ,MFI-CATAGBACAN FARM                               ,FA_TRAN             
0110-0007897500001  ,CARRIER STANDARD FCU/ACCU-1                                 ,     27860.00,09/19/2022,MACH. & EQPT.       ,AIRCON                                            ,         5,FIXRITE PANGLAO               ,FIXRITE PANGLAO-ADMIN                             ,FA_TRAN             
0110-0007897500002  ,CARRIER STANDARD FCU/ACCU-1                                 ,     27860.00,09/19/2022,MACH. & EQPT.       ,AIRCON                                            ,         5,FIXRITE PANGLAO               ,FIXRITE PANGLAO-ADMIN                             ,FA_TRAN             
0110-0007897600001  ,CARRIER STANDARD WRAC-1 M:WCARH012EEV                       ,     31360.00,09/19/2022,MACH. & EQPT.       ,AIRCON                                            ,         5,FIXRITE PANGLAO               ,FIXRITE PANGLAO-ADMIN                             ,FA_TRAN             
0110-0008018600001  ,WIFI SMART THINO LG A/C LA100EL 1.0HP INV                   ,     24998.22,09/22/2022,OFF. EQPT.          ,AIRCON                                            ,         5,MARCELA FARMS INCORPORATED    ,MFI-CATAGBACAN FARM                               ,FA_TRAN             
0110-0008018600002  ,WIFI SMART THINO LG A/C LA100EL 1.0HP INV                   ,     24998.22,09/22/2022,OFF. EQPT.          ,AIRCON                                            ,         5,MARCELA FARMS INCORPORATED    ,MFI-CATAGBACAN FARM                               ,FA_TRAN             
0110-0008030000001  ,PANELBOARD DP MANURE                                        ,     54241.00,11/09/2022,ELEC. INTS. & EQPT. ,PANEL BOARD                                       ,         5,FIXRITE PANGLAO               ,FIXRITE PANGLAO-ADMIN                             ,FA_TRAN             
0110-0008032500001  ,MTS PANEL 2X630A3PW/ PILOT LIGHT                            ,     89441.07,10/20/2022,ELEC. INTS. & EQPT. ,PANEL BOARD                                       ,         5,FIXRITE PANGLAO               ,FIXRITE PANGLAO-ADMIN                             ,FA_TRAN             
0033-0008166300001  ,EPSON ECOTANK L3210 AIO PRINTER                             ,      9844.03,11/15/2022,OFF. EQPT.          ,PRINTER                                           ,         3,FIXRITE PANGLAO               ,FIXRITE PANGLAO-ADMIN                             ,FAACQ               
0033-0008166300002  ,EPSON ECOTANK L3210 AIO PRINTER                             ,      9844.03,11/15/2022,OFF. EQPT.          ,PRINTER                                           ,         3,FIXRITE PANGLAO               ,FIXRITE PANGLAO-ADMIN                             ,FAACQ               
0033-0008166300003  ,EPSON ECOTANK L3210 AIO PRINTER                             ,      9844.03,11/15/2022,OFF. EQPT.          ,PRINTER                                           ,         3,FIXRITE PANGLAO               ,FIXRITE PANGLAO-ADMIN                             ,FAACQ               
0033-0008166300004  ,EPSON ECOTANK L3210 AIO PRINTER                             ,      9844.03,11/15/2022,OFF. EQPT.          ,PRINTER                                           ,         3,FIXRITE PANGLAO               ,FIXRITE PANGLAO-ADMIN                             ,FAACQ               
0033-0008166300005  ,EPSON ECOTANK L3210 AIO PRINTER                             ,      9844.03,11/15/2022,OFF. EQPT.          ,PRINTER                                           ,         3,FIXRITE PANGLAO               ,FIXRITE PANGLAO-ADMIN                             ,FAACQ               
0033-0008166300006  ,EPSON ECOTANK L3210 AIO PRINTER                             ,      9844.03,11/15/2022,OFF. EQPT.          ,PRINTER                                           ,         3,FIXRITE PANGLAO               ,FIXRITE PANGLAO-ADMIN                             ,FAACQ               
0033-0008166300007  ,EPSON ECOTANK L3210 AIO PRINTER                             ,      9844.03,11/15/2022,OFF. EQPT.          ,PRINTER                                           ,         3,FIXRITE PANGLAO               ,FIXRITE PANGLAO-ADMIN                             ,FAACQ               
0033-0008166300008  ,EPSON ECOTANK L3210 AIO PRINTER                             ,      9844.03,11/15/2022,OFF. EQPT.          ,PRINTER                                           ,         3,FIXRITE PANGLAO               ,FIXRITE PANGLAO-ADMIN                             ,FAACQ               
0033-0008166300009  ,EPSON ECOTANK L3210 AIO PRINTER                             ,      9844.03,11/15/2022,OFF. EQPT.          ,PRINTER                                           ,         3,FIXRITE PANGLAO               ,FIXRITE PANGLAO-ADMIN                             ,FAACQ               
0033-0008166300010  ,EPSON ECOTANK L3210 AIO PRINTER                             ,      9844.03,11/15/2022,OFF. EQPT.          ,PRINTER                                           ,         3,FIXRITE PANGLAO               ,FIXRITE PANGLAO-ADMIN                             ,FAACQ               
0033-0008166300011  ,EPSON ECOTANK L3210 AIO PRINTER                             ,      9844.03,11/15/2022,OFF. EQPT.          ,PRINTER                                           ,         3,FIXRITE PANGLAO               ,FIXRITE PANGLAO-ADMIN                             ,FAACQ               
0033-0008166300012  ,EPSON ECOTANK L3210 AIO PRINTER                             ,      9844.03,11/15/2022,OFF. EQPT.          ,PRINTER                                           ,         3,FIXRITE PANGLAO               ,FIXRITE PANGLAO-ADMIN                             ,FAACQ               
0033-0008166400001  ,EPSON LQ310 DOT MATRIX PRINTER                              ,     15260.95,11/15/2022,OFF. EQPT.          ,PRINTER                                           ,         3,FIXRITE PANGLAO               ,FIXRITE PANGLAO-ADMIN                             ,FAACQ               
0033-0008166400002  ,EPSON LQ310 DOT MATRIX PRINTER                              ,     15260.95,11/15/2022,OFF. EQPT.          ,PRINTER                                           ,         3,FIXRITE PANGLAO               ,FIXRITE PANGLAO-ADMIN                             ,FAACQ               
0033-0008166400003  ,EPSON LQ310 DOT MATRIX PRINTER                              ,     15260.95,11/15/2022,OFF. EQPT.          ,PRINTER                                           ,         3,FIXRITE PANGLAO               ,FIXRITE PANGLAO-ADMIN                             ,FAACQ               
0033-0008166400004  ,EPSON LQ310 DOT MATRIX PRINTER                              ,     15260.95,11/15/2022,OFF. EQPT.          ,PRINTER                                           ,         3,FIXRITE PANGLAO               ,FIXRITE PANGLAO-ADMIN                             ,FAACQ               
0033-0008166400005  ,EPSON LQ310 DOT MATRIX PRINTER                              ,     15260.95,11/15/2022,OFF. EQPT.          ,PRINTER                                           ,         3,FIXRITE PANGLAO               ,FIXRITE PANGLAO-ADMIN                             ,FAACQ               
0033-0008166400006  ,EPSON LQ310 DOT MATRIX PRINTER                              ,     15260.95,11/15/2022,OFF. EQPT.          ,PRINTER                                           ,         3,FIXRITE PANGLAO               ,FIXRITE PANGLAO-ADMIN                             ,FAACQ               
0033-0008166400007  ,EPSON LQ310 DOT MATRIX PRINTER                              ,     15260.95,11/15/2022,OFF. EQPT.          ,PRINTER                                           ,         3,FIXRITE PANGLAO               ,FIXRITE PANGLAO-ADMIN                             ,FAACQ               
0033-0007887300001  ,IMPORTED ALUMINUM SHOWCASE 60CM DX1.50M WX1.090 H           ,     22000.00,11/25/2022,FUR. & FIXT.        ,SHOWCASE                                          ,         3,FIXRITE PANGLAO               ,FIXRITE PANGLAO-ADMIN                             ,FAACQ               
0033-0007887300002  ,IMPORTED ALUMINUM SHOWCASE 60CM DX1.50M WX1.090 H           ,     22000.00,11/25/2022,FUR. & FIXT.        ,SHOWCASE                                          ,         3,FIXRITE PANGLAO               ,FIXRITE PANGLAO-ADMIN                             ,FAACQ               
0033-0007887300003  ,IMPORTED ALUMINUM SHOWCASE 60CM DX1.50M WX1.090 H           ,     22000.00,11/25/2022,FUR. & FIXT.        ,SHOWCASE                                          ,         3,FIXRITE PANGLAO               ,FIXRITE PANGLAO-ADMIN                             ,FAACQ               
0033-0007888900001  ,IMPORTED ALUMINUM SHOWCASE 60CM DX1.50M WX1.090M H          ,     19000.00,11/25/2022,FUR. & FIXT.        ,SHOWCASE                                          ,         3,FIXRITE PANGLAO               ,FIXRITE PANGLAO-ADMIN                             ,FAACQ               
0033-0007888900002  ,IMPORTED ALUMINUM SHOWCASE 60CM DX1.50M WX1.090M H          ,     19000.00,11/25/2022,FUR. & FIXT.        ,SHOWCASE                                          ,         3,FIXRITE PANGLAO               ,FIXRITE PANGLAO-ADMIN                             ,FAACQ               
0033-0007888900003  ,IMPORTED ALUMINUM SHOWCASE 60CM DX1.50M WX1.090M H          ,     19000.00,11/25/2022,FUR. & FIXT.        ,SHOWCASE                                          ,         3,FIXRITE PANGLAO               ,FIXRITE PANGLAO-ADMIN                             ,FAACQ               
0033-0007888900004  ,IMPORTED ALUMINUM SHOWCASE 60CM DX1.50M WX1.090M H          ,     19000.00,11/25/2022,FUR. & FIXT.        ,SHOWCASE                                          ,         3,FIXRITE PANGLAO               ,FIXRITE PANGLAO-ADMIN                             ,FAACQ               
0033-0000657900001  ,LADDER                                                      ,      8004.00,11/03/2022,FUR. & FIXT.        ,LADDER                                            ,        10,FIXRITE PANGLAO               ,FIXRITE PANGLAO-ADMIN                             ,FAACQ               
0033-0006568100001  ,KYK VACUUM CLEANER WET & DRY W/BLOWER                       ,      5499.00,11/03/2022,STR. EQPT.          ,VACUUM                                            ,         3,FIXRITE PANGLAO               ,FIXRITE PANGLAO-ADMIN                             ,FAACQ               
0033-0008346300001  ,SAFEWELL SFYB530ALPC                                        ,     22399.80,11/28/2022,OFF. EQPT.          ,VAULT                                             ,        10,FIXRITE PANGLAO               ,FIXRITE PANGLAO-ADMIN                             ,FAACQ               
0033-0008170100001  ,UBIQUITY AIR FIBER AF-5XHD                                  ,     31000.00,12/06/2022,OFF. EQPT.          ,ROUTER                                            ,         5,FIXRITE PANGLAO               ,FIXRITE PANGLAO-ADMIN                             ,FAACQ               
0033-0008170100002  ,UBIQUITY AIR FIBER AF-5XHD                                  ,     31000.00,12/06/2022,OFF. EQPT.          ,ROUTER                                            ,         5,FIXRITE PANGLAO               ,FIXRITE PANGLAO-ADMIN                             ,FAACQ               
0033-0008170200001  ,UBIQUITY AF-5G30-S45                                        ,     11000.00,12/06/2022,OFF. EQPT.          ,ROUTER                                            ,         5,FIXRITE PANGLAO               ,FIXRITE PANGLAO-ADMIN                             ,FAACQ               
0033-0008170200002  ,UBIQUITY AF-5G30-S45                                        ,     11000.00,12/06/2022,OFF. EQPT.          ,ROUTER                                            ,         5,FIXRITE PANGLAO               ,FIXRITE PANGLAO-ADMIN                             ,FAACQ               
0033-0007982700001  ,NFS - FLOOR POLISHER WILSON 330 13"" 1/3 HP                  ,     29017.85,12/01/2022,STR. EQPT. & OFF. EQ,CLEANING DEVICE                                   ,         3,FIXRITE PANGLAO               ,FIXRITE PANGLAO-ADMIN                             ,FAACQ               
0033-0004411900001  ,MTO FREE STANDING TABLE 1100W X 600D X 760H                 ,      4216.50,12/05/2022,FUR. & FIXT.        ,TABLE                                             ,         5,FIXRITE PANGLAO               ,FIXRITE PANGLAO-ADMIN                             ,FAACQ               
0033-0004411900002  ,MTO FREE STANDING TABLE 1100W X 600D X 760H                 ,      4216.50,12/05/2022,FUR. & FIXT.        ,TABLE                                             ,         5,FIXRITE PANGLAO               ,FIXRITE PANGLAO-ADMIN                             ,FAACQ               
0033-0004411900003  ,MTO FREE STANDING TABLE 1100W X 600D X 760H                 ,      4216.50,12/05/2022,FUR. & FIXT.        ,TABLE                                             ,         5,FIXRITE PANGLAO               ,FIXRITE PANGLAO-ADMIN                             ,FAACQ               
0033-0004411900004  ,MTO FREE STANDING TABLE 1100W X 600D X 760H                 ,      4216.50,12/05/2022,FUR. & FIXT.        ,TABLE                                             ,         5,FIXRITE PANGLAO               ,FIXRITE PANGLAO-ADMIN                             ,FAACQ               
0033-0004411900005  ,MTO FREE STANDING TABLE 1100W X 600D X 760H                 ,      4216.50,12/05/2022,FUR. & FIXT.        ,TABLE                                             ,         5,FIXRITE PANGLAO               ,FIXRITE PANGLAO-ADMIN                             ,FAACQ               
0033-0004411900006  ,MTO FREE STANDING TABLE 1100W X 600D X 760H                 ,      4216.50,12/05/2022,FUR. & FIXT.        ,TABLE                                             ,         5,FIXRITE PANGLAO               ,FIXRITE PANGLAO-ADMIN                             ,FAACQ               
0033-0004411900007  ,MTO FREE STANDING TABLE 1100W X 600D X 760H                 ,      4216.50,12/05/2022,FUR. & FIXT.        ,TABLE                                             ,         5,FIXRITE PANGLAO               ,FIXRITE PANGLAO-ADMIN                             ,FAACQ               
0033-0004411900008  ,MTO FREE STANDING TABLE 1100W X 600D X 760H                 ,      4216.50,12/05/2022,FUR. & FIXT.        ,TABLE                                             ,         5,FIXRITE PANGLAO               ,FIXRITE PANGLAO-ADMIN                             ,FAACQ               
0033-0004411900009  ,MTO FREE STANDING TABLE 1100W X 600D X 760H                 ,      4216.50,12/05/2022,FUR. & FIXT.        ,TABLE                                             ,         5,FIXRITE PANGLAO               ,FIXRITE PANGLAO-ADMIN                             ,FAACQ               
0033-0004411900010  ,MTO FREE STANDING TABLE 1100W X 600D X 760H                 ,      4216.50,12/05/2022,FUR. & FIXT.        ,TABLE                                             ,         5,FIXRITE PANGLAO               ,FIXRITE PANGLAO-ADMIN                             ,FAACQ               
0033-0004411900011  ,MTO FREE STANDING TABLE 1100W X 600D X 760H                 ,      4216.50,12/05/2022,FUR. & FIXT.        ,TABLE                                             ,         5,FIXRITE PANGLAO               ,FIXRITE PANGLAO-ADMIN                             ,FAACQ               
0033-0004411900012  ,MTO FREE STANDING TABLE 1100W X 600D X 760H                 ,      4216.50,12/05/2022,FUR. & FIXT.        ,TABLE                                             ,         5,FIXRITE PANGLAO               ,FIXRITE PANGLAO-ADMIN                             ,FAACQ               
0033-0004411900013  ,MTO FREE STANDING TABLE 1100W X 600D X 760H                 ,      4216.50,12/05/2022,FUR. & FIXT.        ,TABLE                                             ,         5,FIXRITE PANGLAO               ,FIXRITE PANGLAO-ADMIN                             ,FAACQ               
0033-0004411900014  ,MTO FREE STANDING TABLE 1100W X 600D X 760H                 ,      4216.50,12/05/2022,FUR. & FIXT.        ,TABLE                                             ,         5,FIXRITE PANGLAO               ,FIXRITE PANGLAO-ADMIN                             ,FAACQ               
0033-0004411900015  ,MTO FREE STANDING TABLE 1100W X 600D X 760H                 ,      4216.50,12/05/2022,FUR. & FIXT.        ,TABLE                                             ,         5,FIXRITE PANGLAO               ,FIXRITE PANGLAO-ADMIN                             ,FAACQ               
0033-0004411900016  ,MTO FREE STANDING TABLE 1100W X 600D X 760H                 ,      4216.50,12/05/2022,FUR. & FIXT.        ,TABLE                                             ,         5,FIXRITE PANGLAO               ,FIXRITE PANGLAO-ADMIN                             ,FAACQ               
0033-0004411900017  ,MTO FREE STANDING TABLE 1100W X 600D X 760H                 ,      4216.50,12/05/2022,FUR. & FIXT.        ,TABLE                                             ,         5,FIXRITE PANGLAO               ,FIXRITE PANGLAO-ADMIN                             ,FAACQ               
0033-0004411900018  ,MTO FREE STANDING TABLE 1100W X 600D X 760H                 ,      4216.50,12/05/2022,FUR. & FIXT.        ,TABLE                                             ,         5,FIXRITE PANGLAO               ,FIXRITE PANGLAO-ADMIN                             ,FAACQ               
0033-0004411900019  ,MTO FREE STANDING TABLE 1100W X 600D X 760H                 ,      4216.50,12/05/2022,FUR. & FIXT.        ,TABLE                                             ,         5,FIXRITE PANGLAO               ,FIXRITE PANGLAO-ADMIN                             ,FAACQ               
0033-0004411900020  ,MTO FREE STANDING TABLE 1100W X 600D X 760H                 ,      4216.50,12/05/2022,FUR. & FIXT.        ,TABLE                                             ,         5,FIXRITE PANGLAO               ,FIXRITE PANGLAO-ADMIN                             ,FAACQ               
0033-0004411900021  ,MTO FREE STANDING TABLE 1100W X 600D X 760H                 ,      4216.50,12/05/2022,FUR. & FIXT.        ,TABLE                                             ,         5,FIXRITE PANGLAO               ,FIXRITE PANGLAO-ADMIN                             ,FAACQ               
0033-0005357100001  ,MTO FREE STANDING TABLE 1400W X 700D X 760H                 ,      6135.74,12/05/2022,FUR. & FIXT.        ,TABLE                                             ,         5,FIXRITE PANGLAO               ,FIXRITE PANGLAO-ADMIN                             ,FAACQ               
0033-0005357100002  ,MTO FREE STANDING TABLE 1400W X 700D X 760H                 ,      6135.74,12/05/2022,FUR. & FIXT.        ,TABLE                                             ,         5,FIXRITE PANGLAO               ,FIXRITE PANGLAO-ADMIN                             ,FAACQ               
0033-0005357100003  ,MTO FREE STANDING TABLE 1400W X 700D X 760H                 ,      6135.74,12/05/2022,FUR. & FIXT.        ,TABLE                                             ,         5,FIXRITE PANGLAO               ,FIXRITE PANGLAO-ADMIN                             ,FAACQ               
0033-0005357100004  ,MTO FREE STANDING TABLE 1400W X 700D X 760H                 ,      6135.74,12/05/2022,FUR. & FIXT.        ,TABLE                                             ,         5,FIXRITE PANGLAO               ,FIXRITE PANGLAO-ADMIN                             ,FAACQ               
0033-0008304500001  ,MTO MINICON BAR TABLE 2400WX1200D                           ,     28385.50,12/05/2022,FUR. & FIXT.        ,TABLE                                             ,         5,FIXRITE PANGLAO               ,FIXRITE PANGLAO-ADMIN                             ,FAACQ               
0033-0008304900001  ,MTO COUNTER TABLE                                           ,     44934.35,12/05/2022,FUR. & FIXT.        ,TABLE                                             ,         5,FIXRITE PANGLAO               ,FIXRITE PANGLAO-ADMIN                             ,FAACQ               
0033-0008305100001  ,MTO BACK CABINET                                            ,     51354.09,12/05/2022,FUR. & FIXT.        ,CABINET-STEEL                                     ,        10,FIXRITE PANGLAO               ,FIXRITE PANGLAO-ADMIN                             ,FAACQ               
0033-0008305500001  ,CASHIER COUNTER GOOD FOR 2 PERSONS 2200WX1800               ,     92032.20,12/05/2022,FUR. & FIXT.        ,COUNTER                                           ,         3,FIXRITE PANGLAO               ,FIXRITE PANGLAO-ADMIN                             ,FAACQ               
0033-0008306700001  ,MTO COUNTER TABLE FOR 4 PERSONS                             ,     41639.66,12/05/2022,FUR. & FIXT.        ,TABLE                                             ,         5,FIXRITE PANGLAO               ,FIXRITE PANGLAO-ADMIN                             ,FAACQ               
0033-0008304700001  ,HIGH CHAIR W/O ARM                                          ,      7369.09,12/05/2022,FUR. & FIXT.        ,CHAIR                                             ,         5,FIXRITE PANGLAO               ,FIXRITE PANGLAO-ADMIN                             ,FAACQ               
0033-0008304700002  ,HIGH CHAIR W/O ARM                                          ,      7369.09,12/05/2022,FUR. & FIXT.        ,CHAIR                                             ,         5,FIXRITE PANGLAO               ,FIXRITE PANGLAO-ADMIN                             ,FAACQ               
0033-0008304700003  ,HIGH CHAIR W/O ARM                                          ,      7369.09,12/05/2022,FUR. & FIXT.        ,CHAIR                                             ,         5,FIXRITE PANGLAO               ,FIXRITE PANGLAO-ADMIN                             ,FAACQ               
0033-0008304700004  ,HIGH CHAIR W/O ARM                                          ,      7369.09,12/05/2022,FUR. & FIXT.        ,CHAIR                                             ,         5,FIXRITE PANGLAO               ,FIXRITE PANGLAO-ADMIN                             ,FAACQ               
0033-0008305300001  ,HIGH CHAIR FOR VISITORS                                     ,      6698.82,12/05/2022,FUR. & FIXT.        ,CHAIR                                             ,         5,FIXRITE PANGLAO               ,FIXRITE PANGLAO-ADMIN                             ,FAACQ               
0033-0008305300002  ,HIGH CHAIR FOR VISITORS                                     ,      6698.82,12/05/2022,FUR. & FIXT.        ,CHAIR                                             ,         5,FIXRITE PANGLAO               ,FIXRITE PANGLAO-ADMIN                             ,FAACQ               
0033-0008305300003  ,HIGH CHAIR FOR VISITORS                                     ,      6698.82,12/05/2022,FUR. & FIXT.        ,CHAIR                                             ,         5,FIXRITE PANGLAO               ,FIXRITE PANGLAO-ADMIN                             ,FAACQ               
0033-0008305300004  ,HIGH CHAIR FOR VISITORS                                     ,      6698.82,12/05/2022,FUR. & FIXT.        ,CHAIR                                             ,         5,FIXRITE PANGLAO               ,FIXRITE PANGLAO-ADMIN                             ,FAACQ               
0033-0008305300005  ,HIGH CHAIR FOR VISITORS                                     ,      6698.82,12/05/2022,FUR. & FIXT.        ,CHAIR                                             ,         5,FIXRITE PANGLAO               ,FIXRITE PANGLAO-ADMIN                             ,FAACQ               
0033-0008305300006  ,HIGH CHAIR FOR VISITORS                                     ,      6698.82,12/05/2022,FUR. & FIXT.        ,CHAIR                                             ,         5,FIXRITE PANGLAO               ,FIXRITE PANGLAO-ADMIN                             ,FAACQ               
0033-0008305300007  ,HIGH CHAIR FOR VISITORS                                     ,      6698.82,12/05/2022,FUR. & FIXT.        ,CHAIR                                             ,         5,FIXRITE PANGLAO               ,FIXRITE PANGLAO-ADMIN                             ,FAACQ               
0033-0008305300008  ,HIGH CHAIR FOR VISITORS                                     ,      6698.82,12/05/2022,FUR. & FIXT.        ,CHAIR                                             ,         5,FIXRITE PANGLAO               ,FIXRITE PANGLAO-ADMIN                             ,FAACQ               
0033-0008056600001  ,COASERCO AFM P4 BRKT DUAL ARM 184798                        ,      5500.00,12/06/2022,FUR. & FIXT.        ,BRACKET                                           ,         3,FIXRITE PANGLAO               ,FIXRITE PANGLAO-ADMIN                             ,FAACQ               
0033-0008056600002  ,COASERCO AFM P4 BRKT DUAL ARM 184798                        ,      5500.00,12/06/2022,FUR. & FIXT.        ,BRACKET                                           ,         3,FIXRITE PANGLAO               ,FIXRITE PANGLAO-ADMIN                             ,FAACQ               
0033-0008056600003  ,COASERCO AFM P4 BRKT DUAL ARM 184798                        ,      5500.00,12/06/2022,FUR. & FIXT.        ,BRACKET                                           ,         3,FIXRITE PANGLAO               ,FIXRITE PANGLAO-ADMIN                             ,FAACQ               
0033-0008056600004  ,COASERCO AFM P4 BRKT DUAL ARM 184798                        ,      5500.00,12/06/2022,FUR. & FIXT.        ,BRACKET                                           ,         3,FIXRITE PANGLAO               ,FIXRITE PANGLAO-ADMIN                             ,FAACQ               
0033-0008351700001  ,SHARP UHD 4T C50CK1X                                        ,     23998.00,12/06/2022,STR. EQPT. & OFF. EQ,TV                                                ,         3,FIXRITE PANGLAO               ,FIXRITE PANGLAO-ADMIN                             ,FAACQ               
0033-0008351700002  ,SHARP UHD 4T C50CK1X                                        ,     23998.00,12/06/2022,STR. EQPT. & OFF. EQ,TV                                                ,         3,FIXRITE PANGLAO               ,FIXRITE PANGLAO-ADMIN                             ,FAACQ               
0033-0008351700003  ,SHARP UHD 4T C50CK1X                                        ,     23998.00,12/06/2022,STR. EQPT. & OFF. EQ,TV                                                ,         3,FIXRITE PANGLAO               ,FIXRITE PANGLAO-ADMIN                             ,FAACQ               
0033-0008351800001  ,KONZERT MIXER MX 8+                                         ,      8499.00,12/06/2022,STR. EQPT. & OFF. EQ,MIXER                                             ,        10,FIXRITE PANGLAO               ,FIXRITE PANGLAO-ADMIN                             ,FAACQ               
0033-0008351900001  ,SONY UHD KD 43X80K                                          ,     32999.00,12/06/2022,STR. EQPT. & OFF. EQ,TV                                                ,         3,FIXRITE PANGLAO               ,FIXRITE PANGLAO-ADMIN                             ,FAACQ               
0033-0007917100001  ,SAMSUNG GALAXY A04 (A045) 6.5                               ,      8990.00,12/09/2022,OFF. EQPT.          ,CELLPHONE                                         ,         3,FIXRITE PANGLAO               ,FIXRITE PANGLAO-ADMIN                             ,FAACQ               
0033-0007917100002  ,SAMSUNG GALAXY A04 (A045) 6.5                               ,      8990.00,12/09/2022,OFF. EQPT.          ,CELLPHONE                                         ,         3,FIXRITE PANGLAO               ,FIXRITE PANGLAO-ADMIN                             ,FAACQ               
0033-0007983300001  ,AOC 24G2E 23.8"" WIDE LED IPS MONITOR                        ,     10290.00,12/09/2022,OFF. EQPT.          ,MONITOR                                           ,         3,FIXRITE PANGLAO               ,FIXRITE PANGLAO-ADMIN                             ,FAACQ               
0033-0007983300002  ,AOC 24G2E 23.8"" WIDE LED IPS MONITOR                        ,     10290.00,12/09/2022,OFF. EQPT.          ,MONITOR                                           ,         3,FIXRITE PANGLAO               ,FIXRITE PANGLAO-ADMIN                             ,FAACQ               
0033-0007983300003  ,AOC 24G2E 23.8"" WIDE LED IPS MONITOR                        ,     10290.00,12/09/2022,OFF. EQPT.          ,MONITOR                                           ,         3,FIXRITE PANGLAO               ,FIXRITE PANGLAO-ADMIN                             ,FAACQ               
0033-0001001700001  ,LATERAL CABINET 3 DRAWER 900X450                            ,     10808.97,12/16/2022,FUR. & FIXT.        ,CABINET                                           ,        10,FIXRITE PANGLAO               ,FIXRITE PANGLAO-ADMIN                             ,FAACQ               
0033-0001001700002  ,LATERAL CABINET 3 DRAWER 900X450                            ,     10808.97,12/16/2022,FUR. & FIXT.        ,CABINET                                           ,        10,FIXRITE PANGLAO               ,FIXRITE PANGLAO-ADMIN                             ,FAACQ               
0033-0001001700003  ,LATERAL CABINET 3 DRAWER 900X450                            ,     10808.97,12/16/2022,FUR. & FIXT.        ,CABINET                                           ,        10,FIXRITE PANGLAO               ,FIXRITE PANGLAO-ADMIN                             ,FAACQ               
0033-0001001700004  ,LATERAL CABINET 3 DRAWER 900X450                            ,     10808.97,12/16/2022,FUR. & FIXT.        ,CABINET                                           ,        10,FIXRITE PANGLAO               ,FIXRITE PANGLAO-ADMIN                             ,FAACQ               
0033-0001001700005  ,LATERAL CABINET 3 DRAWER 900X450                            ,     10808.97,12/16/2022,FUR. & FIXT.        ,CABINET                                           ,        10,FIXRITE PANGLAO               ,FIXRITE PANGLAO-ADMIN                             ,FAACQ               
0033-0001001700006  ,LATERAL CABINET 3 DRAWER 900X450                            ,     10808.97,12/16/2022,FUR. & FIXT.        ,CABINET                                           ,        10,FIXRITE PANGLAO               ,FIXRITE PANGLAO-ADMIN                             ,FAACQ               
0033-0002818600001  ,CABINET 5 DRAWER VERTICAL                                   ,     12932.37,12/16/2022,FUR. & FIXT.        ,CABINET                                           ,        10,FIXRITE PANGLAO               ,FIXRITE PANGLAO-ADMIN                             ,FAACQ               
0033-0002818600002  ,CABINET 5 DRAWER VERTICAL                                   ,     12932.37,12/16/2022,FUR. & FIXT.        ,CABINET                                           ,        10,FIXRITE PANGLAO               ,FIXRITE PANGLAO-ADMIN                             ,FAACQ               
0033-0002818600003  ,CABINET 5 DRAWER VERTICAL                                   ,     12932.37,12/16/2022,FUR. & FIXT.        ,CABINET                                           ,        10,FIXRITE PANGLAO               ,FIXRITE PANGLAO-ADMIN                             ,FAACQ               
0033-0002818600004  ,CABINET 5 DRAWER VERTICAL                                   ,     12932.37,12/16/2022,FUR. & FIXT.        ,CABINET                                           ,        10,FIXRITE PANGLAO               ,FIXRITE PANGLAO-ADMIN                             ,FAACQ               
0033-0002818600005  ,CABINET 5 DRAWER VERTICAL                                   ,     12932.37,12/16/2022,FUR. & FIXT.        ,CABINET                                           ,        10,FIXRITE PANGLAO               ,FIXRITE PANGLAO-ADMIN                             ,FAACQ               
0033-0002818600006  ,CABINET 5 DRAWER VERTICAL                                   ,     12932.37,12/16/2022,FUR. & FIXT.        ,CABINET                                           ,        10,FIXRITE PANGLAO               ,FIXRITE PANGLAO-ADMIN                             ,FAACQ               
0033-0002818600007  ,CABINET 5 DRAWER VERTICAL                                   ,     12932.37,12/16/2022,FUR. & FIXT.        ,CABINET                                           ,        10,FIXRITE PANGLAO               ,FIXRITE PANGLAO-ADMIN                             ,FAACQ               
0033-0002818600008  ,CABINET 5 DRAWER VERTICAL                                   ,     12932.37,12/16/2022,FUR. & FIXT.        ,CABINET                                           ,        10,FIXRITE PANGLAO               ,FIXRITE PANGLAO-ADMIN                             ,FAACQ               
0033-0006839400001  ,MOBILE PEDESTAL 400L X 560D X 660HMM - LIGHT GRAY           ,      2473.53,12/16/2022,FUR. & FIXT.        ,DRAWERS                                           ,         3,FIXRITE PANGLAO               ,FIXRITE PANGLAO-ADMIN                             ,FAACQ               
0033-0006839400002  ,MOBILE PEDESTAL 400L X 560D X 660HMM - LIGHT GRAY           ,      2473.53,12/16/2022,FUR. & FIXT.        ,DRAWERS                                           ,         3,FIXRITE PANGLAO               ,FIXRITE PANGLAO-ADMIN                             ,FAACQ               
0033-0006839400003  ,MOBILE PEDESTAL 400L X 560D X 660HMM - LIGHT GRAY           ,      2473.53,12/16/2022,FUR. & FIXT.        ,DRAWERS                                           ,         3,FIXRITE PANGLAO               ,FIXRITE PANGLAO-ADMIN                             ,FAACQ               
0033-0006839400004  ,MOBILE PEDESTAL 400L X 560D X 660HMM - LIGHT GRAY           ,      2473.53,12/16/2022,FUR. & FIXT.        ,DRAWERS                                           ,         3,FIXRITE PANGLAO               ,FIXRITE PANGLAO-ADMIN                             ,FAACQ               
0033-0006839400005  ,MOBILE PEDESTAL 400L X 560D X 660HMM - LIGHT GRAY           ,      2473.53,12/16/2022,FUR. & FIXT.        ,DRAWERS                                           ,         3,FIXRITE PANGLAO               ,FIXRITE PANGLAO-ADMIN                             ,FAACQ               
0033-0006839400006  ,MOBILE PEDESTAL 400L X 560D X 660HMM - LIGHT GRAY           ,      2473.53,12/16/2022,FUR. & FIXT.        ,DRAWERS                                           ,         3,FIXRITE PANGLAO               ,FIXRITE PANGLAO-ADMIN                             ,FAACQ               
0033-0006839400007  ,MOBILE PEDESTAL 400L X 560D X 660HMM - LIGHT GRAY           ,      2473.53,12/16/2022,FUR. & FIXT.        ,DRAWERS                                           ,         3,FIXRITE PANGLAO               ,FIXRITE PANGLAO-ADMIN                             ,FAACQ               
0033-0006839400008  ,MOBILE PEDESTAL 400L X 560D X 660HMM - LIGHT GRAY           ,      2473.53,12/16/2022,FUR. & FIXT.        ,DRAWERS                                           ,         3,FIXRITE PANGLAO               ,FIXRITE PANGLAO-ADMIN                             ,FAACQ               
0033-0006839400009  ,MOBILE PEDESTAL 400L X 560D X 660HMM - LIGHT GRAY           ,      2473.53,12/16/2022,FUR. & FIXT.        ,DRAWERS                                           ,         3,FIXRITE PANGLAO               ,FIXRITE PANGLAO-ADMIN                             ,FAACQ               
0033-0006839400010  ,MOBILE PEDESTAL 400L X 560D X 660HMM - LIGHT GRAY           ,      2473.53,12/16/2022,FUR. & FIXT.        ,DRAWERS                                           ,         3,FIXRITE PANGLAO               ,FIXRITE PANGLAO-ADMIN                             ,FAACQ               
0033-0006839400011  ,MOBILE PEDESTAL 400L X 560D X 660HMM - LIGHT GRAY           ,      2473.53,12/16/2022,FUR. & FIXT.        ,DRAWERS                                           ,         3,FIXRITE PANGLAO               ,FIXRITE PANGLAO-ADMIN                             ,FAACQ               
0033-0006839400012  ,MOBILE PEDESTAL 400L X 560D X 660HMM - LIGHT GRAY           ,      2473.53,12/16/2022,FUR. & FIXT.        ,DRAWERS                                           ,         3,FIXRITE PANGLAO               ,FIXRITE PANGLAO-ADMIN                             ,FAACQ               
0033-0006839400013  ,MOBILE PEDESTAL 400L X 560D X 660HMM - LIGHT GRAY           ,      2473.53,12/16/2022,FUR. & FIXT.        ,DRAWERS                                           ,         3,FIXRITE PANGLAO               ,FIXRITE PANGLAO-ADMIN                             ,FAACQ               
0033-0006839400014  ,MOBILE PEDESTAL 400L X 560D X 660HMM - LIGHT GRAY           ,      2473.53,12/16/2022,FUR. & FIXT.        ,DRAWERS                                           ,         3,FIXRITE PANGLAO               ,FIXRITE PANGLAO-ADMIN                             ,FAACQ               
0033-0006839400015  ,MOBILE PEDESTAL 400L X 560D X 660HMM - LIGHT GRAY           ,      2473.53,12/16/2022,FUR. & FIXT.        ,DRAWERS                                           ,         3,FIXRITE PANGLAO               ,FIXRITE PANGLAO-ADMIN                             ,FAACQ               
0033-0006839400016  ,MOBILE PEDESTAL 400L X 560D X 660HMM - LIGHT GRAY           ,      2473.53,12/16/2022,FUR. & FIXT.        ,DRAWERS                                           ,         3,FIXRITE PANGLAO               ,FIXRITE PANGLAO-ADMIN                             ,FAACQ               
0033-0006839400017  ,MOBILE PEDESTAL 400L X 560D X 660HMM - LIGHT GRAY           ,      2473.53,12/16/2022,FUR. & FIXT.        ,DRAWERS                                           ,         3,FIXRITE PANGLAO               ,FIXRITE PANGLAO-ADMIN                             ,FAACQ               
0033-0006839400018  ,MOBILE PEDESTAL 400L X 560D X 660HMM - LIGHT GRAY           ,      2473.53,12/16/2022,FUR. & FIXT.        ,DRAWERS                                           ,         3,FIXRITE PANGLAO               ,FIXRITE PANGLAO-ADMIN                             ,FAACQ               
0033-0006839400019  ,MOBILE PEDESTAL 400L X 560D X 660HMM - LIGHT GRAY           ,      2473.53,12/16/2022,FUR. & FIXT.        ,DRAWERS                                           ,         3,FIXRITE PANGLAO               ,FIXRITE PANGLAO-ADMIN                             ,FAACQ               
0033-0006839400020  ,MOBILE PEDESTAL 400L X 560D X 660HMM - LIGHT GRAY           ,      2473.53,12/16/2022,FUR. & FIXT.        ,DRAWERS                                           ,         3,FIXRITE PANGLAO               ,FIXRITE PANGLAO-ADMIN                             ,FAACQ               
0033-0006839400021  ,MOBILE PEDESTAL 400L X 560D X 660HMM - LIGHT GRAY           ,      2473.53,12/16/2022,FUR. & FIXT.        ,DRAWERS                                           ,         3,FIXRITE PANGLAO               ,FIXRITE PANGLAO-ADMIN                             ,FAACQ               
0033-0006839400022  ,MOBILE PEDESTAL 400L X 560D X 660HMM - LIGHT GRAY           ,      2473.53,12/16/2022,FUR. & FIXT.        ,DRAWERS                                           ,         3,FIXRITE PANGLAO               ,FIXRITE PANGLAO-ADMIN                             ,FAACQ               
0033-0006839400023  ,MOBILE PEDESTAL 400L X 560D X 660HMM - LIGHT GRAY           ,      2473.53,12/16/2022,FUR. & FIXT.        ,DRAWERS                                           ,         3,FIXRITE PANGLAO               ,FIXRITE PANGLAO-ADMIN                             ,FAACQ               
0033-0006839400024  ,MOBILE PEDESTAL 400L X 560D X 660HMM - LIGHT GRAY           ,      2473.53,12/16/2022,FUR. & FIXT.        ,DRAWERS                                           ,         3,FIXRITE PANGLAO               ,FIXRITE PANGLAO-ADMIN                             ,FAACQ               
0033-0006839400025  ,MOBILE PEDESTAL 400L X 560D X 660HMM - LIGHT GRAY           ,      2473.53,12/16/2022,FUR. & FIXT.        ,DRAWERS                                           ,         3,FIXRITE PANGLAO               ,FIXRITE PANGLAO-ADMIN                             ,FAACQ               
0033-0007984400001  ,SAFEWELL SFYB920ALPC                                        ,     45599.80,12/07/2022,STR. EQPT.          ,OTHERS                                            ,         3,FIXRITE PANGLAO               ,FIXRITE PANGLAO-ADMIN                             ,FAACQ               
0033-0008343600001  ,RUBBERMAID WHEELED REFUSE 34G                               ,      4454.64,12/08/2022,FUR. & FIXT.        ,TRASH BIN                                         ,         2,FIXRITE PANGLAO               ,FIXRITE PANGLAO-ADMIN                             ,FAACQ               
0033-0008343900001  ,DIRECT HARDWARE/QZ FLAT BED HAND TRUCK 300KG                ,      3330.47,12/08/2022,FUR. & FIXT.        ,CART                                              ,         3,FIXRITE PANGLAO               ,FIXRITE PANGLAO-ADMIN                             ,FAACQ               
0033-0008223600001  ,2023 TOYOTA HILUX FXT MT CS#:S9V351 PL#:GAP-4241            ,    966964.00,12/13/2022,TRNS. EQPT.         ,VEHICLE                                           ,        10,FIXRITE PANGLAO               ,FIXRITE PANGLAO-ADMIN                             ,FAACQ               
0033-0008304100001  ,VISITORS CHAIR MESH BLACK                                   ,      2927.52,12/21/2022,FUR. & FIXT.        ,CHAIR                                             ,         5,FIXRITE PANGLAO               ,FIXRITE PANGLAO-ADMIN                             ,FAACQ               
0033-0008304100002  ,VISITORS CHAIR MESH BLACK                                   ,      2927.52,12/21/2022,FUR. & FIXT.        ,CHAIR                                             ,         5,FIXRITE PANGLAO               ,FIXRITE PANGLAO-ADMIN                             ,FAACQ               
0033-0008304100003  ,VISITORS CHAIR MESH BLACK                                   ,      2927.52,12/21/2022,FUR. & FIXT.        ,CHAIR                                             ,         5,FIXRITE PANGLAO               ,FIXRITE PANGLAO-ADMIN                             ,FAACQ               
0033-0008304100004  ,VISITORS CHAIR MESH BLACK                                   ,      2927.52,12/21/2022,FUR. & FIXT.        ,CHAIR                                             ,         5,FIXRITE PANGLAO               ,FIXRITE PANGLAO-ADMIN                             ,FAACQ               
0033-0008304100005  ,VISITORS CHAIR MESH BLACK                                   ,      2927.52,12/21/2022,FUR. & FIXT.        ,CHAIR                                             ,         5,FIXRITE PANGLAO               ,FIXRITE PANGLAO-ADMIN                             ,FAACQ               
0033-0008304100006  ,VISITORS CHAIR MESH BLACK                                   ,      2927.52,12/21/2022,FUR. & FIXT.        ,CHAIR                                             ,         5,FIXRITE PANGLAO               ,FIXRITE PANGLAO-ADMIN                             ,FAACQ               
0033-0008304300001  ,MANAGER'S CHAIR MESH BLACK                                  ,      3756.98,12/21/2022,FUR. & FIXT.        ,CHAIR                                             ,         5,FIXRITE PANGLAO               ,FIXRITE PANGLAO-ADMIN                             ,FAACQ               
0033-0008304300002  ,MANAGER'S CHAIR MESH BLACK                                  ,      3756.98,12/21/2022,FUR. & FIXT.        ,CHAIR                                             ,         5,FIXRITE PANGLAO               ,FIXRITE PANGLAO-ADMIN                             ,FAACQ               
0033-0008231800001  ,LINTRATEK NEW ALC TRI BAND(SIGNAL BOOSTER)                  ,      6954.50,12/21/2022,STR. EQPT.          ,OTHERS                                            ,         3,FIXRITE PANGLAO               ,FIXRITE PANGLAO-ADMIN                             ,FAACQ               
0033-0008231800002  ,LINTRATEK NEW ALC TRI BAND(SIGNAL BOOSTER)                  ,      6954.50,12/21/2022,STR. EQPT.          ,OTHERS                                            ,         3,FIXRITE PANGLAO               ,FIXRITE PANGLAO-ADMIN                             ,FAACQ               
0110-0008223200001  ,ELECTRIC CIRCUIT BREAKER 60A2POLE MCCB SCHNEIDER            ,      2591.00,12/02/2022,ELEC. INTS. & EQPT. ,CIRCUIT BREAKER                                   ,         3,FIXRITE PANGLAO               ,FIXRITE PANGLAO-ADMIN                             ,FA_TRAN             
0110-0008223200002  ,ELECTRIC CIRCUIT BREAKER 60A2POLE MCCB SCHNEIDER            ,      2591.00,12/02/2022,ELEC. INTS. & EQPT. ,CIRCUIT BREAKER                                   ,         3,FIXRITE PANGLAO               ,FIXRITE PANGLAO-ADMIN                             ,FA_TRAN             
0110-0008223200003  ,ELECTRIC CIRCUIT BREAKER 60A2POLE MCCB SCHNEIDER            ,      2591.00,12/02/2022,ELEC. INTS. & EQPT. ,CIRCUIT BREAKER                                   ,         3,FIXRITE PANGLAO               ,FIXRITE PANGLAO-ADMIN                             ,FA_TRAN             
0110-0008281500001  ,CTSPLIT TYPE400V3P5:200AT                                   ,      1981.25,11/17/2022,ELEC. INTS. & EQPT. ,ELECTRICAL SUPPLIES                               ,         3,FIXRITE PANGLAO               ,FIXRITE PANGLAO-ADMIN                             ,FA_TRAN             
0110-0008281500002  ,CTSPLIT TYPE400V3P5:200AT                                   ,      1981.25,11/17/2022,ELEC. INTS. & EQPT. ,ELECTRICAL SUPPLIES                               ,         3,FIXRITE PANGLAO               ,FIXRITE PANGLAO-ADMIN                             ,FA_TRAN             
0110-0008281500003  ,CTSPLIT TYPE400V3P5:200AT                                   ,      1981.25,11/17/2022,ELEC. INTS. & EQPT. ,ELECTRICAL SUPPLIES                               ,         3,FIXRITE PANGLAO               ,FIXRITE PANGLAO-ADMIN                             ,FA_TRAN             
0110-0008281500004  ,CTSPLIT TYPE400V3P5:200AT                                   ,      1981.25,11/17/2022,ELEC. INTS. & EQPT. ,ELECTRICAL SUPPLIES                               ,         3,FIXRITE PANGLAO               ,FIXRITE PANGLAO-ADMIN                             ,FA_TRAN             
0110-0008281600001  ,CTSPLIT TYPE400V3P5:100AT                                   ,      1650.89,11/17/2022,ELEC. INTS. & EQPT. ,ELECTRICAL SUPPLIES                               ,         3,FIXRITE PANGLAO               ,FIXRITE PANGLAO-ADMIN                             ,FA_TRAN             
0110-0008281600002  ,CTSPLIT TYPE400V3P5:100AT                                   ,      1650.89,11/17/2022,ELEC. INTS. & EQPT. ,ELECTRICAL SUPPLIES                               ,         3,FIXRITE PANGLAO               ,FIXRITE PANGLAO-ADMIN                             ,FA_TRAN             
0110-0008281600003  ,CTSPLIT TYPE400V3P5:100AT                                   ,      1650.89,11/17/2022,ELEC. INTS. & EQPT. ,ELECTRICAL SUPPLIES                               ,         3,FIXRITE PANGLAO               ,FIXRITE PANGLAO-ADMIN                             ,FA_TRAN             
0110-0008281600004  ,CTSPLIT TYPE400V3P5:100AT                                   ,      1650.89,11/17/2022,ELEC. INTS. & EQPT. ,ELECTRICAL SUPPLIES                               ,         3,FIXRITE PANGLAO               ,FIXRITE PANGLAO-ADMIN                             ,FA_TRAN             
0110-0008281600005  ,CTSPLIT TYPE400V3P5:100AT                                   ,      1650.89,11/17/2022,ELEC. INTS. & EQPT. ,ELECTRICAL SUPPLIES                               ,         3,FIXRITE PANGLAO               ,FIXRITE PANGLAO-ADMIN                             ,FA_TRAN             
0110-0008281600006  ,CTSPLIT TYPE400V3P5:100AT                                   ,      1650.89,11/17/2022,ELEC. INTS. & EQPT. ,ELECTRICAL SUPPLIES                               ,         3,FIXRITE PANGLAO               ,FIXRITE PANGLAO-ADMIN                             ,FA_TRAN             
0110-0008281600007  ,CTSPLIT TYPE400V3P5:100AT                                   ,      1650.89,11/17/2022,ELEC. INTS. & EQPT. ,ELECTRICAL SUPPLIES                               ,         3,FIXRITE PANGLAO               ,FIXRITE PANGLAO-ADMIN                             ,FA_TRAN             
0110-0008281600008  ,CTSPLIT TYPE400V3P5:100AT                                   ,      1650.89,11/17/2022,ELEC. INTS. & EQPT. ,ELECTRICAL SUPPLIES                               ,         3,FIXRITE PANGLAO               ,FIXRITE PANGLAO-ADMIN                             ,FA_TRAN             
0110-0008281600009  ,CTSPLIT TYPE400V3P5:100AT                                   ,      1650.89,11/17/2022,ELEC. INTS. & EQPT. ,ELECTRICAL SUPPLIES                               ,         3,FIXRITE PANGLAO               ,FIXRITE PANGLAO-ADMIN                             ,FA_TRAN             
0110-0008281600010  ,CTSPLIT TYPE400V3P5:100AT                                   ,      1650.89,11/17/2022,ELEC. INTS. & EQPT. ,ELECTRICAL SUPPLIES                               ,         3,FIXRITE PANGLAO               ,FIXRITE PANGLAO-ADMIN                             ,FA_TRAN             
0110-0008281600011  ,CTSPLIT TYPE400V3P5:100AT                                   ,      1650.89,11/17/2022,ELEC. INTS. & EQPT. ,ELECTRICAL SUPPLIES                               ,         3,FIXRITE PANGLAO               ,FIXRITE PANGLAO-ADMIN                             ,FA_TRAN             
0110-0008341400001  ,CARRIER A/C FP53GCVBS010 1HP                                ,     39998.00,12/01/2022,MACH. & EQPT.       ,AIRCON                                            ,         5,FIXRITE PANGLAO               ,FIXRITE PANGLAO-ADMIN                             ,FA_TRAN             
0033-0008032400001  ,WELCOME/THANK YOU -(DOUBLE FACE)                            ,     26460.84,01/03/2023,FUR. & FIXT.        ,SIGNAGE                                           ,         3,FIXRITE PANGLAO               ,FIXRITE PANGLAO-ADMIN                             ,FAACQ               
0033-0008033700001  ,CASHIER SIGN - SINGLE FACE                                  ,     20968.97,01/03/2023,FUR. & FIXT.        ,SIGNAGE                                           ,         3,FIXRITE PANGLAO               ,FIXRITE PANGLAO-ADMIN                             ,FAACQ               
0033-0008035400001  ,CUSTOMER SERVICE SIGN                                       ,     46431.28,01/03/2023,FUR. & FIXT.        ,SIGNAGE                                           ,         3,FIXRITE PANGLAO               ,FIXRITE PANGLAO-ADMIN                             ,FAACQ               
0033-0008035900001  ,FIXRITE SMALL LOGO (NON LIGHTED)                            ,     14378.72,01/03/2023,FUR. & FIXT.        ,SIGNAGE                                           ,         3,FIXRITE PANGLAO               ,FIXRITE PANGLAO-ADMIN                             ,FAACQ               
0033-0008036300001  ,WAREHOUSE / RETAIL (BACK TO BACK)                           ,      8487.44,01/03/2023,FUR. & FIXT.        ,SIGNAGE                                           ,         3,FIXRITE PANGLAO               ,FIXRITE PANGLAO-ADMIN                             ,FAACQ               
0033-0008036300002  ,WAREHOUSE / RETAIL (BACK TO BACK)                           ,      8487.44,01/03/2023,FUR. & FIXT.        ,SIGNAGE                                           ,         3,FIXRITE PANGLAO               ,FIXRITE PANGLAO-ADMIN                             ,FAACQ               
0033-0008041600001  ,RELEASING (NON LIGHTED)                                     ,     15976.35,01/03/2023,FUR. & FIXT.        ,SIGNAGE                                           ,         3,FIXRITE PANGLAO               ,FIXRITE PANGLAO-ADMIN                             ,FAACQ               
0033-0008043500001  ,RECEIVING (NON LIGHTED)                                     ,     16475.62,01/03/2023,FUR. & FIXT.        ,SIGNAGE                                           ,         3,FIXRITE PANGLAO               ,FIXRITE PANGLAO-ADMIN                             ,FAACQ               
0033-0008044900001  ,CEMENT (NON LIGHTED)                                        ,     14977.83,01/03/2023,FUR. & FIXT.        ,SIGNAGE                                           ,         3,FIXRITE PANGLAO               ,FIXRITE PANGLAO-ADMIN                             ,FAACQ               
0033-0008046800001  ,ORDERING (NON LIGHTED)                                      ,     15477.09,01/03/2023,FUR. & FIXT.        ,SIGNAGE                                           ,         3,FIXRITE PANGLAO               ,FIXRITE PANGLAO-ADMIN                             ,FAACQ               
0033-0008048900001  ,POWER TOOLS                                                 ,      8487.44,01/03/2023,TOOLS               ,TOOLS                                             ,         3,FIXRITE PANGLAO               ,FIXRITE PANGLAO-ADMIN                             ,FAACQ               
0033-0008049000001  ,SIGNAGE ""EQUIPMENT""                                         ,      8487.44,01/03/2023,FUR. & FIXT.        ,SIGNAGE                                           ,         3,FIXRITE PANGLAO               ,FIXRITE PANGLAO-ADMIN                             ,FAACQ               
0033-0008328300001  ,EXIT-DOUBLE FACE                                            ,     19471.18,01/03/2023,FUR. & FIXT.        ,SIGNAGE                                           ,         3,FIXRITE PANGLAO               ,FIXRITE PANGLAO-ADMIN                             ,FAACQ               
0033-0000354800001  ,ANALOG MULTI TESTER                                         ,      1679.00,01/07/2023,TOOLS               ,MULTI-TESTER                                      ,         3,FIXRITE PANGLAO               ,FIXRITE PANGLAO-ADMIN                             ,FAACQ               
0033-0000657900002  ,LADDER                                                      ,      2850.00,01/07/2023,FUR. & FIXT.        ,LADDER                                            ,        10,FIXRITE PANGLAO               ,FIXRITE PANGLAO-ADMIN                             ,FAACQ               
0033-0001181600001  ,WATER DISPENSER                                             ,      5475.00,01/06/2023,STR. EQPT.          ,DISPENSER                                         ,         3,FIXRITE PANGLAO               ,FIXRITE PANGLAO-ADMIN                             ,FAACQ               
0033-0001181600002  ,WATER DISPENSER                                             ,      5475.00,01/06/2023,STR. EQPT.          ,DISPENSER                                         ,         3,FIXRITE PANGLAO               ,FIXRITE PANGLAO-ADMIN                             ,FAACQ               
0033-0001181600003  ,WATER DISPENSER                                             ,      5475.00,01/06/2023,STR. EQPT.          ,DISPENSER                                         ,         3,FIXRITE PANGLAO               ,FIXRITE PANGLAO-ADMIN                             ,FAACQ               
0033-0006629700001  ,SAMSUNG GALAXY TAB A 8.0                                    ,     13990.00,01/10/2023,OFF. EQPT.          ,CELLPHONE                                         ,         3,FIXRITE PANGLAO               ,FIXRITE PANGLAO-ADMIN                             ,FAACQ               
0033-0006629700002  ,SAMSUNG GALAXY TAB A 8.0                                    ,     13990.00,01/10/2023,OFF. EQPT.          ,CELLPHONE                                         ,         3,FIXRITE PANGLAO               ,FIXRITE PANGLAO-ADMIN                             ,FAACQ               
0033-0003063100001  ,ZEBRA CORDLESS SCANNER DS2278                               ,     14532.14,01/20/2023,OFF. EQPT.          ,SCANNER                                           ,         3,FIXRITE PANGLAO               ,FIXRITE PANGLAO-ADMIN                             ,FAACQ               
0033-0003063100002  ,ZEBRA CORDLESS SCANNER DS2278                               ,     14532.14,01/20/2023,OFF. EQPT.          ,SCANNER                                           ,         3,FIXRITE PANGLAO               ,FIXRITE PANGLAO-ADMIN                             ,FAACQ               
0033-0003063100003  ,ZEBRA CORDLESS SCANNER DS2278                               ,     14532.14,01/20/2023,OFF. EQPT.          ,SCANNER                                           ,         3,FIXRITE PANGLAO               ,FIXRITE PANGLAO-ADMIN                             ,FAACQ               
0033-0003063100004  ,ZEBRA CORDLESS SCANNER DS2278                               ,     14532.14,01/20/2023,OFF. EQPT.          ,SCANNER                                           ,         3,FIXRITE PANGLAO               ,FIXRITE PANGLAO-ADMIN                             ,FAACQ               
0033-0003063100005  ,ZEBRA CORDLESS SCANNER DS2278                               ,     14532.14,01/20/2023,OFF. EQPT.          ,SCANNER                                           ,         3,FIXRITE PANGLAO               ,FIXRITE PANGLAO-ADMIN                             ,FAACQ               
0033-0008400100001  ,2TB SEAGATE STKY2000400 2.5"" E                              ,      4550.00,01/24/2023,OFF. EQPT.          ,HARD DISK                                         ,         2,FIXRITE PANGLAO               ,FIXRITE PANGLAO-ADMIN                             ,FAACQ               
0033-0000921500001  ,STAFF CHAIR W/O ARM                                         ,      4361.90,02/02/2023,FUR. & FIXT.        ,CHAIR                                             ,         3,FIXRITE PANGLAO               ,FIXRITE PANGLAO-ADMIN                             ,FAACQ               
0033-0000921500002  ,STAFF CHAIR W/O ARM                                         ,      4361.90,02/02/2023,FUR. & FIXT.        ,CHAIR                                             ,         3,FIXRITE PANGLAO               ,FIXRITE PANGLAO-ADMIN                             ,FAACQ               
0033-0000921500003  ,STAFF CHAIR W/O ARM                                         ,      4361.90,02/02/2023,FUR. & FIXT.        ,CHAIR                                             ,         3,FIXRITE PANGLAO               ,FIXRITE PANGLAO-ADMIN                             ,FAACQ               
0033-0000921500004  ,STAFF CHAIR W/O ARM                                         ,      4361.90,02/02/2023,FUR. & FIXT.        ,CHAIR                                             ,         3,FIXRITE PANGLAO               ,FIXRITE PANGLAO-ADMIN                             ,FAACQ               
0033-0000921500005  ,STAFF CHAIR W/O ARM                                         ,      4361.90,02/02/2023,FUR. & FIXT.        ,CHAIR                                             ,         3,FIXRITE PANGLAO               ,FIXRITE PANGLAO-ADMIN                             ,FAACQ               
0033-0000921500006  ,STAFF CHAIR W/O ARM                                         ,      4361.90,02/02/2023,FUR. & FIXT.        ,CHAIR                                             ,         3,FIXRITE PANGLAO               ,FIXRITE PANGLAO-ADMIN                             ,FAACQ               
0033-0000921500007  ,STAFF CHAIR W/O ARM                                         ,      4361.90,02/02/2023,FUR. & FIXT.        ,CHAIR                                             ,         3,FIXRITE PANGLAO               ,FIXRITE PANGLAO-ADMIN                             ,FAACQ               
0033-0000921500008  ,STAFF CHAIR W/O ARM                                         ,      4361.90,02/02/2023,FUR. & FIXT.        ,CHAIR                                             ,         3,FIXRITE PANGLAO               ,FIXRITE PANGLAO-ADMIN                             ,FAACQ               
0033-0000921500009  ,STAFF CHAIR W/O ARM                                         ,      4361.90,02/02/2023,FUR. & FIXT.        ,CHAIR                                             ,         3,FIXRITE PANGLAO               ,FIXRITE PANGLAO-ADMIN                             ,FAACQ               
0033-0000921500010  ,STAFF CHAIR W/O ARM                                         ,      4361.90,02/02/2023,FUR. & FIXT.        ,CHAIR                                             ,         3,FIXRITE PANGLAO               ,FIXRITE PANGLAO-ADMIN                             ,FAACQ               
0033-0000921500011  ,STAFF CHAIR W/O ARM                                         ,      4361.90,02/02/2023,FUR. & FIXT.        ,CHAIR                                             ,         3,FIXRITE PANGLAO               ,FIXRITE PANGLAO-ADMIN                             ,FAACQ               
0033-0000921500012  ,STAFF CHAIR W/O ARM                                         ,      4361.90,02/02/2023,FUR. & FIXT.        ,CHAIR                                             ,         3,FIXRITE PANGLAO               ,FIXRITE PANGLAO-ADMIN                             ,FAACQ               
0033-0000921500013  ,STAFF CHAIR W/O ARM                                         ,      4361.90,02/02/2023,FUR. & FIXT.        ,CHAIR                                             ,         3,FIXRITE PANGLAO               ,FIXRITE PANGLAO-ADMIN                             ,FAACQ               
0033-0000921500014  ,STAFF CHAIR W/O ARM                                         ,      4361.90,02/02/2023,FUR. & FIXT.        ,CHAIR                                             ,         3,FIXRITE PANGLAO               ,FIXRITE PANGLAO-ADMIN                             ,FAACQ               
0033-0000921500015  ,STAFF CHAIR W/O ARM                                         ,      4361.90,02/02/2023,FUR. & FIXT.        ,CHAIR                                             ,         3,FIXRITE PANGLAO               ,FIXRITE PANGLAO-ADMIN                             ,FAACQ               
0033-0000921500016  ,STAFF CHAIR W/O ARM                                         ,      4361.90,02/02/2023,FUR. & FIXT.        ,CHAIR                                             ,         3,FIXRITE PANGLAO               ,FIXRITE PANGLAO-ADMIN                             ,FAACQ               
0033-0000921500017  ,STAFF CHAIR W/O ARM                                         ,      4361.90,02/02/2023,FUR. & FIXT.        ,CHAIR                                             ,         3,FIXRITE PANGLAO               ,FIXRITE PANGLAO-ADMIN                             ,FAACQ               
0033-0000921500018  ,STAFF CHAIR W/O ARM                                         ,      4361.90,02/02/2023,FUR. & FIXT.        ,CHAIR                                             ,         3,FIXRITE PANGLAO               ,FIXRITE PANGLAO-ADMIN                             ,FAACQ               
0033-0000921500019  ,STAFF CHAIR W/O ARM                                         ,      4361.90,02/02/2023,FUR. & FIXT.        ,CHAIR                                             ,         3,FIXRITE PANGLAO               ,FIXRITE PANGLAO-ADMIN                             ,FAACQ               
0033-0000921500020  ,STAFF CHAIR W/O ARM                                         ,      4361.90,02/02/2023,FUR. & FIXT.        ,CHAIR                                             ,         3,FIXRITE PANGLAO               ,FIXRITE PANGLAO-ADMIN                             ,FAACQ               
0033-0000921500021  ,STAFF CHAIR W/O ARM                                         ,      4361.90,02/02/2023,FUR. & FIXT.        ,CHAIR                                             ,         3,FIXRITE PANGLAO               ,FIXRITE PANGLAO-ADMIN                             ,FAACQ               
0033-0000921500022  ,STAFF CHAIR W/O ARM                                         ,      4361.90,02/02/2023,FUR. & FIXT.        ,CHAIR                                             ,         3,FIXRITE PANGLAO               ,FIXRITE PANGLAO-ADMIN                             ,FAACQ               
0033-0000921500023  ,STAFF CHAIR W/O ARM                                         ,      4361.90,02/02/2023,FUR. & FIXT.        ,CHAIR                                             ,         3,FIXRITE PANGLAO               ,FIXRITE PANGLAO-ADMIN                             ,FAACQ               
0033-0000921500024  ,STAFF CHAIR W/O ARM                                         ,      4361.90,02/02/2023,FUR. & FIXT.        ,CHAIR                                             ,         3,FIXRITE PANGLAO               ,FIXRITE PANGLAO-ADMIN                             ,FAACQ               
0033-0000921500025  ,STAFF CHAIR W/O ARM                                         ,      4361.90,02/02/2023,FUR. & FIXT.        ,CHAIR                                             ,         3,FIXRITE PANGLAO               ,FIXRITE PANGLAO-ADMIN                             ,FAACQ               
0033-0000921500026  ,STAFF CHAIR W/O ARM                                         ,      4361.90,02/02/2023,FUR. & FIXT.        ,CHAIR                                             ,         3,FIXRITE PANGLAO               ,FIXRITE PANGLAO-ADMIN                             ,FAACQ               
0033-0000921500027  ,STAFF CHAIR W/O ARM                                         ,      4361.90,02/02/2023,FUR. & FIXT.        ,CHAIR                                             ,         3,FIXRITE PANGLAO               ,FIXRITE PANGLAO-ADMIN                             ,FAACQ               
0033-0000921500028  ,STAFF CHAIR W/O ARM                                         ,      4361.90,02/02/2023,FUR. & FIXT.        ,CHAIR                                             ,         3,FIXRITE PANGLAO               ,FIXRITE PANGLAO-ADMIN                             ,FAACQ               
0033-0000921500029  ,STAFF CHAIR W/O ARM                                         ,      4361.90,02/02/2023,FUR. & FIXT.        ,CHAIR                                             ,         3,FIXRITE PANGLAO               ,FIXRITE PANGLAO-ADMIN                             ,FAACQ               
0033-0000921500030  ,STAFF CHAIR W/O ARM                                         ,      4361.90,02/02/2023,FUR. & FIXT.        ,CHAIR                                             ,         3,FIXRITE PANGLAO               ,FIXRITE PANGLAO-ADMIN                             ,FAACQ               
0033-0008303700001  ,VISITORS CHAIR 4 LEGGED                                     ,      2423.28,02/02/2023,FUR. & FIXT.        ,CHAIR                                             ,         5,FIXRITE PANGLAO               ,FIXRITE PANGLAO-ADMIN                             ,FAACQ               
0033-0008303700002  ,VISITORS CHAIR 4 LEGGED                                     ,      2423.28,02/02/2023,FUR. & FIXT.        ,CHAIR                                             ,         5,FIXRITE PANGLAO               ,FIXRITE PANGLAO-ADMIN                             ,FAACQ               
0033-0008303700003  ,VISITORS CHAIR 4 LEGGED                                     ,      2423.28,02/02/2023,FUR. & FIXT.        ,CHAIR                                             ,         5,FIXRITE PANGLAO               ,FIXRITE PANGLAO-ADMIN                             ,FAACQ               
0033-0008303700004  ,VISITORS CHAIR 4 LEGGED                                     ,      2423.28,02/02/2023,FUR. & FIXT.        ,CHAIR                                             ,         5,FIXRITE PANGLAO               ,FIXRITE PANGLAO-ADMIN                             ,FAACQ               
0033-0008303900001  ,EXECUTIVE CHAIR HIGH BACK                                   ,      9867.59,02/02/2023,FUR. & FIXT.        ,CHAIR                                             ,         5,FIXRITE PANGLAO               ,FIXRITE PANGLAO-ADMIN                             ,FAACQ               
0033-0008421800001  ,VERTICAL BLINDS 58X51                                       ,      2385.00,02/07/2023,FUR. & FIXT.        ,BLINDS                                            ,         3,FIXRITE PANGLAO               ,FIXRITE PANGLAO-ADMIN                             ,FAACQ               
0033-0008421800002  ,VERTICAL BLINDS 58X51                                       ,      2385.00,02/07/2023,FUR. & FIXT.        ,BLINDS                                            ,         3,FIXRITE PANGLAO               ,FIXRITE PANGLAO-ADMIN                             ,FAACQ               
0119-0008436700001  ,APPLE IPAD 9TH GEN WI-FI                                    ,     19065.00,02/13/2023,OFF. EQPT.          ,OFFICE EQUIPMENT                                  ,         3,FIXRITE PANGLAO               ,FIXRITE PANGLAO-ADMIN                             ,FAACQ               
0119-0001132300001  ,DIGITAL BP MONITOR OMRON                                    ,      2224.00,02/18/2023,STR. EQPT.          ,OTHERS                                            ,         3,FIXRITE PANGLAO               ,FIXRITE PANGLAO-ADMIN                             ,FAACQ               
0119-0008206200001  ,22MY FUSO FJ 2528R CS#:H0E203 PL#:GAK-4537                  ,   3700000.00,02/01/2023,TRNS. EQPT.         ,VEHICLE                                           ,        10,FIXRITE PANGLAO               ,FIXRITE PANGLAO-ADMIN                             ,FAACQ               
0120-0007702100001  ,ZEBRA LABEL PRINTER ZT230 203 DPI  USB AND                  ,     51388.00,02/22/2023,STR. EQPT.          ,PRINTER                                           ,         3,FIXRITE PANGLAO               ,FIXRITE PANGLAO-ADMIN                             ,FAACQ               
0120-0007702100002  ,ZEBRA LABEL PRINTER ZT230 203 DPI  USB AND                  ,     51388.00,02/22/2023,STR. EQPT.          ,PRINTER                                           ,         3,FIXRITE PANGLAO               ,FIXRITE PANGLAO-ADMIN                             ,FAACQ               
0120-0008343100001  ,FABRICATION & INSTALLATION OF ACRYLIC 3D BUILD UP           ,    400000.00,03/02/2023,BLDG. IMPVT.        ,SIGNAGE                                           ,         3,FIXRITE PANGLAO               ,FIXRITE PANGLAO-ADMIN                             ,FAACQ               
0120-0007940200001  ,CPU SET                                                     ,     17700.00,03/08/2023,OFF. EQPT.          ,CPU                                               ,         3,FIXRITE PANGLAO               ,FIXRITE PANGLAO-ADMIN                             ,FAACQ               
0120-0008171100001  ,ACER K202HQL 19.5"" LED MONITOR                              ,      4400.00,03/08/2023,OFF. EQPT.          ,MONITOR                                           ,         3,FIXRITE PANGLAO               ,FIXRITE PANGLAO-ADMIN                             ,FAACQ               
0110-0005659800001  ,SPRING VIBRATION ISOLATOR                                   ,      1500.00,01/17/2023,OTHERS              ,OTHERS                                            ,         3,SOUTH FARM                    ,SOUTH FARM                                        ,FA_TRAN             
0110-0005659800002  ,SPRING VIBRATION ISOLATOR                                   ,      1500.00,01/17/2023,OTHERS              ,OTHERS                                            ,         3,SOUTH FARM                    ,SOUTH FARM                                        ,FA_TRAN             
0110-0005659800003  ,SPRING VIBRATION ISOLATOR                                   ,      1500.00,01/17/2023,OTHERS              ,OTHERS                                            ,         3,SOUTH FARM                    ,SOUTH FARM                                        ,FA_TRAN             
0110-0005659800004  ,SPRING VIBRATION ISOLATOR                                   ,      1500.00,01/17/2023,OTHERS              ,OTHERS                                            ,         3,SOUTH FARM                    ,SOUTH FARM                                        ,FA_TRAN             
0110-0007580600001  ,CURRENT TRANSFORMER 400:5A SPLIT CORE                       ,      2959.00,02/13/2023,ELEC. INTS. & EQPT. ,ELECTRICAL PARTS                                  ,         3,DRESSING PLANT                ,DRESSING PLANT-ADMIN                              ,FA_TRAN             
0110-0007580600002  ,CURRENT TRANSFORMER 400:5A SPLIT CORE                       ,      2959.00,02/13/2023,ELEC. INTS. & EQPT. ,ELECTRICAL PARTS                                  ,         3,DRESSING PLANT                ,DRESSING PLANT-ADMIN                              ,FA_TRAN             
0110-0007580600003  ,CURRENT TRANSFORMER 400:5A SPLIT CORE                       ,      2959.00,02/13/2023,ELEC. INTS. & EQPT. ,ELECTRICAL PARTS                                  ,         3,DRESSING PLANT                ,DRESSING PLANT-ADMIN                              ,FA_TRAN             
0110-0007662000001  ,PANEL BOARD (THERMOPLASTIC ENCLOSURE)                       ,      2797.00,02/09/2023,ELEC. INTS. & EQPT. ,PANEL BOARD                                       ,         5,ISLAND CITY MALL              ,ICM-MALL ADMIN                                    ,FA_TRAN             
0110-0007662000002  ,PANEL BOARD (THERMOPLASTIC ENCLOSURE)                       ,      2797.00,02/09/2023,ELEC. INTS. & EQPT. ,PANEL BOARD                                       ,         5,ISLAND CITY MALL              ,ICM-MALL ADMIN                                    ,FA_TRAN             
0110-0007662000003  ,PANEL BOARD (THERMOPLASTIC ENCLOSURE)                       ,      2797.00,02/09/2023,ELEC. INTS. & EQPT. ,PANEL BOARD                                       ,         5,ISLAND CITY MALL              ,ICM-MALL ADMIN                                    ,FA_TRAN             
0110-0007914100001  ,PANEL UPS 1-ADMIN                                           ,      6926.70,09/19/2022,ELEC. INTS. & EQPT. ,PANEL BOARD                                       ,         5,FIXRITE PANGLAO               ,FIXRITE PANGLAO-ADMIN                             ,FA_TRAN             
0110-0007914200001  ,PANEL UPS 2-SERVER/COUNTER                                  ,      6826.35,09/19/2022,ELEC. INTS. & EQPT. ,PANEL BOARD                                       ,         5,FIXRITE PANGLAO               ,FIXRITE PANGLAO-ADMIN                             ,FA_TRAN             
0110-0007914200002  ,PANEL UPS 2-SERVER/COUNTER                                  ,      6826.35,09/19/2022,ELEC. INTS. & EQPT. ,PANEL BOARD                                       ,         5,FIXRITE PANGLAO               ,FIXRITE PANGLAO-ADMIN                             ,FA_TRAN             
0110-0007914300001  ,PANEL LP-MEZZANINE                                          ,      6606.55,09/19/2022,ELEC. INTS. & EQPT. ,PANEL BOARD                                       ,         5,FIXRITE PANGLAO               ,FIXRITE PANGLAO-ADMIN                             ,FA_TRAN             
0110-0007940900001  ,CENTRIFUGAL FAN - SISW                                      ,     43110.00,01/17/2023,STR. EQPT.          ,EXHAUST FAN                                       ,         3,SOUTH FARM                    ,SOUTH FARM                                        ,FA_TRAN             
0110-0007962100001  ,PANELBOARD LPP-REPAIR SHOP MAIN                             ,     23788.00,01/17/2023,ELEC. INTS. & EQPT. ,PANEL BOARD                                       ,         5,DRESSING PLANT                ,DRESSING PLANT-ADMIN                              ,FA_TRAN             
0110-0007963000001  ,ECB 80AT3P460V ICGON                                        ,      4256.00,01/17/2023,ELEC. INTS. & EQPT. ,ELECTRICAL PARTS                                  ,         3,DRESSING PLANT                ,DRESSING PLANT-ADMIN                              ,FA_TRAN             
0110-0008325400001  ,PANELBOARD SCHNEIDER BREAKER  MAIN:1                        ,      2247.00,12/14/2022,ELEC. INTS. & EQPT. ,PANEL BOARD                                       ,         5,DRESSING PLANT                ,DRESSING PLANT-ADMIN                              ,FA_TRAN             
0110-0008325400002  ,PANELBOARD SCHNEIDER BREAKER  MAIN:1                        ,      2247.00,12/14/2022,ELEC. INTS. & EQPT. ,PANEL BOARD                                       ,         5,DRESSING PLANT                ,DRESSING PLANT-ADMIN                              ,FA_TRAN             
0110-0008325400003  ,PANELBOARD SCHNEIDER BREAKER  MAIN:1                        ,      2247.00,12/14/2022,ELEC. INTS. & EQPT. ,PANEL BOARD                                       ,         5,DRESSING PLANT                ,DRESSING PLANT-ADMIN                              ,FA_TRAN             
0110-0008337600001  ,PANELBOARDDP-MANURE                                         ,    121599.00,02/13/2023,ELEC. INTS. & EQPT. ,PANEL BOARD                                       ,         5,MARCELA FARMS INCORPORATED    ,MFI-MANURE PLANT                                  ,FA_TRAN             
0110-0008368400001  ,TRANSFORMER STEP DOWN SINGLE PHASE                          ,      1832.14,01/17/2023,ELEC. INTS. & EQPT. ,TRANSFORMER                                       ,         5,NORTH ZEN VILLAS              ,NZ-ENGINEERING                                    ,FA_TRAN             
0110-0008393700001  ,GE ELECRIC METER 3PHASE KWHR W/ METER BASE                  ,     27600.00,02/13/2023,ELEC. INTS. & EQPT. ,METER                                             ,         5,DRESSING PLANT                ,DRESSING PLANT-ADMIN                              ,FA_TRAN             
0110-0008393700002  ,GE ELECRIC METER 3PHASE KWHR W/ METER BASE                  ,     27600.00,02/13/2023,ELEC. INTS. & EQPT. ,METER                                             ,         5,DRESSING PLANT                ,DRESSING PLANT-ADMIN                              ,FA_TRAN             
0120-0007720000001  ,PLASTIC DRUM                                                ,      1629.46,03/29/2023,FUR. & FIXT.        ,CONTAINER                                         ,         3,FIXRITE PANGLAO               ,FIXRITE PANGLAO-LOGISTICS                         ,FAACQ               
0120-0008465000001  ,VERTICAL BLINDS CF05-GREY  63 X 86                          ,      2877.25,03/31/2023,STR. EQPT.          ,BLINDS                                            ,         3,FIXRITE PANGLAO               ,FIXRITE PANGLAO-SECURITY & SAFETY DEPT.           ,FAACQ               
0026-0007378400001  ,POWER FORKLIFT 5.0 TONS W/ CATALYTIC MUFFLER                ,   2208340.00,04/18/2023,MACH. & EQPT.       ,FORKLIFT                                          ,        10,FIXRITE PANGLAO               ,FIXRITE PANGLAO-ADMIN                             ,FA_TRAN             
0120-0008549300001  ,DIY STORAGE SHELF                                           ,      4000.00,04/19/2023,FUR. & FIXT.        ,SHELVES                                           ,        10,FIXRITE PANGLAO               ,FIXRITE PANGLAO-ADMIN                             ,FAACQ               
0120-0004302600001  ,DELL E2020H 19.45"" WIDESCREEN FLAT PANEL MONITOR            ,      7469.14,04/26/2023,OFF. EQPT.          ,MONITOR                                           ,         3,FIXRITE PANGLAO               ,FIXRITE PANGLAO-ADMIN                             ,FAACQ               
0120-0004302600002  ,DELL E2020H 19.45"" WIDESCREEN FLAT PANEL MONITOR            ,      7469.14,04/26/2023,OFF. EQPT.          ,MONITOR                                           ,         3,FIXRITE PANGLAO               ,FIXRITE PANGLAO-ADMIN                             ,FAACQ               
0120-0004302600003  ,DELL E2020H 19.45"" WIDESCREEN FLAT PANEL MONITOR            ,      7469.14,04/26/2023,OFF. EQPT.          ,MONITOR                                           ,         3,FIXRITE PANGLAO               ,FIXRITE PANGLAO-ADMIN                             ,FAACQ               
0120-0004302600004  ,DELL E2020H 19.45"" WIDESCREEN FLAT PANEL MONITOR            ,      7469.14,04/26/2023,OFF. EQPT.          ,MONITOR                                           ,         3,FIXRITE PANGLAO               ,FIXRITE PANGLAO-ADMIN                             ,FAACQ               
0120-0004302600005  ,DELL E2020H 19.45"" WIDESCREEN FLAT PANEL MONITOR            ,      7469.14,04/26/2023,OFF. EQPT.          ,MONITOR                                           ,         3,FIXRITE PANGLAO               ,FIXRITE PANGLAO-ADMIN                             ,FAACQ               
0120-0004302600006  ,DELL E2020H 19.45"" WIDESCREEN FLAT PANEL MONITOR            ,      7469.14,04/26/2023,OFF. EQPT.          ,MONITOR                                           ,         3,FIXRITE PANGLAO               ,FIXRITE PANGLAO-ADMIN                             ,FAACQ               
0120-0004302600007  ,DELL E2020H 19.45"" WIDESCREEN FLAT PANEL MONITOR            ,      7469.14,04/26/2023,OFF. EQPT.          ,MONITOR                                           ,         3,FIXRITE PANGLAO               ,FIXRITE PANGLAO-ADMIN                             ,FAACQ               
0120-0004302600008  ,DELL E2020H 19.45"" WIDESCREEN FLAT PANEL MONITOR            ,      7469.14,04/26/2023,OFF. EQPT.          ,MONITOR                                           ,         3,FIXRITE PANGLAO               ,FIXRITE PANGLAO-ADMIN                             ,FAACQ               
0120-0008101800001  ,DELL OPTIPLEX 3000 MICRO INTEL (R) CORE (TM)                ,     47530.86,04/26/2023,OFF. EQPT.          ,CPU                                               ,         3,FIXRITE PANGLAO               ,FIXRITE PANGLAO-ADMIN                             ,FAACQ               
0120-0008101800002  ,DELL OPTIPLEX 3000 MICRO INTEL (R) CORE (TM)                ,     47530.86,04/26/2023,OFF. EQPT.          ,CPU                                               ,         3,FIXRITE PANGLAO               ,FIXRITE PANGLAO-ADMIN                             ,FAACQ               
0120-0008101800003  ,DELL OPTIPLEX 3000 MICRO INTEL (R) CORE (TM)                ,     47530.86,04/26/2023,OFF. EQPT.          ,CPU                                               ,         3,FIXRITE PANGLAO               ,FIXRITE PANGLAO-ADMIN                             ,FAACQ               
0120-0008101800004  ,DELL OPTIPLEX 3000 MICRO INTEL (R) CORE (TM)                ,     47530.86,04/26/2023,OFF. EQPT.          ,CPU                                               ,         3,FIXRITE PANGLAO               ,FIXRITE PANGLAO-ADMIN                             ,FAACQ               
0120-0008101800005  ,DELL OPTIPLEX 3000 MICRO INTEL (R) CORE (TM)                ,     47530.86,04/26/2023,OFF. EQPT.          ,CPU                                               ,         3,FIXRITE PANGLAO               ,FIXRITE PANGLAO-ADMIN                             ,FAACQ               
0120-0008101800006  ,DELL OPTIPLEX 3000 MICRO INTEL (R) CORE (TM)                ,     47530.86,04/26/2023,OFF. EQPT.          ,CPU                                               ,         3,FIXRITE PANGLAO               ,FIXRITE PANGLAO-ADMIN                             ,FAACQ               
0120-0008101800007  ,DELL OPTIPLEX 3000 MICRO INTEL (R) CORE (TM)                ,     47530.86,04/26/2023,OFF. EQPT.          ,CPU                                               ,         3,FIXRITE PANGLAO               ,FIXRITE PANGLAO-ADMIN                             ,FAACQ               
0120-0008101800008  ,DELL OPTIPLEX 3000 MICRO INTEL (R) CORE (TM)                ,     47530.86,04/26/2023,OFF. EQPT.          ,CPU                                               ,         3,FIXRITE PANGLAO               ,FIXRITE PANGLAO-ADMIN                             ,FAACQ               
0120-0007349400001  ,UBIQUITY LBE-5AC-GEN2                                       ,      4850.00,04/30/2023,STR. EQPT.          ,SATELLITE                                         ,         3,FIXRITE PANGLAO               ,FIXRITE PANGLAO-INFORMATION TECHNOLOGY            ,FAACQ               
0120-0008170100003  ,UBIQUITY AIR FIBER AF-5XHD                                  ,     34500.00,04/30/2023,OFF. EQPT.          ,ROUTER                                            ,         5,FIXRITE PANGLAO               ,FIXRITE PANGLAO-INFORMATION TECHNOLOGY            ,FAACQ               
0120-0006042700001  ,PALFINGER SANY SPS25000C-H TELESCOPIC CRANE                 ,   3839821.43,06/08/2023,MACH. & EQPT.       ,CRANE                                             ,        10,FIXRITE PANGLAO               ,FIXRITE PANGLAO-LOGISTICS                         ,FAACQ               
0120-0006331700001  ,DEWALT ANGLE GRINDER 4""                                     ,      4849.00,07/12/2023,TOOLS               ,GRINDER                                           ,        10,FIXRITE PANGLAO               ,FIXRITE PANGLAO-WAREHOUSE                         ,FAACQ               
0120-0008843100001  ,LOTUS BLOWER 600W                                           ,      2245.50,07/12/2023,MACH. & EQPT.       ,BLOWER                                            ,         3,FIXRITE PANGLAO               ,FIXRITE PANGLAO-ENGINEERING                       ,FAACQ               
0120-0001025500001  ,LOVE CART 022                                               ,      6491.83,09/25/2023,FUR. & FIXT.        ,CART                                              ,         5,FIXRITE PANGLAO               ,FIXRITE PANGLAO-ADMIN                             ,FAACQ               
0120-0001025500002  ,LOVE CART 022                                               ,      6491.83,09/25/2023,FUR. & FIXT.        ,CART                                              ,         5,FIXRITE PANGLAO               ,FIXRITE PANGLAO-ADMIN                             ,FAACQ               
0120-0001025500003  ,LOVE CART 022                                               ,      6491.83,09/25/2023,FUR. & FIXT.        ,CART                                              ,         5,FIXRITE PANGLAO               ,FIXRITE PANGLAO-ADMIN                             ,FAACQ               
0120-0001025500004  ,LOVE CART 022                                               ,      6491.83,09/25/2023,FUR. & FIXT.        ,CART                                              ,         5,FIXRITE PANGLAO               ,FIXRITE PANGLAO-ADMIN                             ,FAACQ               
0120-0001025500005  ,LOVE CART 022                                               ,      6491.83,09/25/2023,FUR. & FIXT.        ,CART                                              ,         5,FIXRITE PANGLAO               ,FIXRITE PANGLAO-ADMIN                             ,FAACQ               
0120-0001025500006  ,LOVE CART 022                                               ,      6491.83,09/25/2023,FUR. & FIXT.        ,CART                                              ,         5,FIXRITE PANGLAO               ,FIXRITE PANGLAO-ADMIN                             ,FAACQ               
0120-0001025500007  ,LOVE CART 022                                               ,      6491.83,09/25/2023,FUR. & FIXT.        ,CART                                              ,         5,FIXRITE PANGLAO               ,FIXRITE PANGLAO-ADMIN                             ,FAACQ               
0120-0001025500008  ,LOVE CART 022                                               ,      6491.83,09/25/2023,FUR. & FIXT.        ,CART                                              ,         5,FIXRITE PANGLAO               ,FIXRITE PANGLAO-ADMIN                             ,FAACQ               
0120-0001025500009  ,LOVE CART 022                                               ,      6491.83,09/25/2023,FUR. & FIXT.        ,CART                                              ,         5,FIXRITE PANGLAO               ,FIXRITE PANGLAO-ADMIN                             ,FAACQ               
0120-0001025500010  ,LOVE CART 022                                               ,      6491.83,09/25/2023,FUR. & FIXT.        ,CART                                              ,         5,FIXRITE PANGLAO               ,FIXRITE PANGLAO-ADMIN                             ,FAACQ               
0120-0001025500011  ,LOVE CART 022                                               ,      6491.83,09/25/2023,FUR. & FIXT.        ,CART                                              ,         5,FIXRITE PANGLAO               ,FIXRITE PANGLAO-ADMIN                             ,FAACQ               
0120-0001025500012  ,LOVE CART 022                                               ,      6491.83,09/25/2023,FUR. & FIXT.        ,CART                                              ,         5,FIXRITE PANGLAO               ,FIXRITE PANGLAO-ADMIN                             ,FAACQ               
0120-0001025500013  ,LOVE CART 022                                               ,      6491.83,09/25/2023,FUR. & FIXT.        ,CART                                              ,         5,FIXRITE PANGLAO               ,FIXRITE PANGLAO-ADMIN                             ,FAACQ               
0120-0001025500014  ,LOVE CART 022                                               ,      6491.83,09/25/2023,FUR. & FIXT.        ,CART                                              ,         5,FIXRITE PANGLAO               ,FIXRITE PANGLAO-ADMIN                             ,FAACQ               
0120-0001025500015  ,LOVE CART 022                                               ,      6491.83,09/25/2023,FUR. & FIXT.        ,CART                                              ,         5,FIXRITE PANGLAO               ,FIXRITE PANGLAO-ADMIN                             ,FAACQ               
0120-0001025500016  ,LOVE CART 022                                               ,      6491.83,09/25/2023,FUR. & FIXT.        ,CART                                              ,         5,FIXRITE PANGLAO               ,FIXRITE PANGLAO-ADMIN                             ,FAACQ               
0120-0001025500017  ,LOVE CART 022                                               ,      6491.83,09/25/2023,FUR. & FIXT.        ,CART                                              ,         5,FIXRITE PANGLAO               ,FIXRITE PANGLAO-ADMIN                             ,FAACQ               
0120-0001025500018  ,LOVE CART 022                                               ,      6491.83,09/25/2023,FUR. & FIXT.        ,CART                                              ,         5,FIXRITE PANGLAO               ,FIXRITE PANGLAO-ADMIN                             ,FAACQ               
0120-0001025500019  ,LOVE CART 022                                               ,      6491.83,09/25/2023,FUR. & FIXT.        ,CART                                              ,         5,FIXRITE PANGLAO               ,FIXRITE PANGLAO-ADMIN                             ,FAACQ               
0120-0001025500020  ,LOVE CART 022                                               ,      6491.83,09/25/2023,FUR. & FIXT.        ,CART                                              ,         5,FIXRITE PANGLAO               ,FIXRITE PANGLAO-ADMIN                             ,FAACQ               
0120-0001025500021  ,LOVE CART 022                                               ,      6491.83,09/25/2023,FUR. & FIXT.        ,CART                                              ,         5,FIXRITE PANGLAO               ,FIXRITE PANGLAO-ADMIN                             ,FAACQ               
0120-0001025500022  ,LOVE CART 022                                               ,      6491.83,09/25/2023,FUR. & FIXT.        ,CART                                              ,         5,FIXRITE PANGLAO               ,FIXRITE PANGLAO-ADMIN                             ,FAACQ               
0120-0001025500023  ,LOVE CART 022                                               ,      6491.83,09/25/2023,FUR. & FIXT.        ,CART                                              ,         5,FIXRITE PANGLAO               ,FIXRITE PANGLAO-ADMIN                             ,FAACQ               
0120-0001025500024  ,LOVE CART 022                                               ,      6491.83,09/25/2023,FUR. & FIXT.        ,CART                                              ,         5,FIXRITE PANGLAO               ,FIXRITE PANGLAO-ADMIN                             ,FAACQ               
0120-0001025500025  ,LOVE CART 022                                               ,      6491.83,09/25/2023,FUR. & FIXT.        ,CART                                              ,         5,FIXRITE PANGLAO               ,FIXRITE PANGLAO-ADMIN                             ,FAACQ               
0120-0001025500026  ,LOVE CART 022                                               ,      6491.83,09/25/2023,FUR. & FIXT.        ,CART                                              ,         5,FIXRITE PANGLAO               ,FIXRITE PANGLAO-ADMIN                             ,FAACQ               
0120-0001025500027  ,LOVE CART 022                                               ,      6491.83,09/25/2023,FUR. & FIXT.        ,CART                                              ,         5,FIXRITE PANGLAO               ,FIXRITE PANGLAO-ADMIN                             ,FAACQ               
0120-0001025500028  ,LOVE CART 022                                               ,      6491.83,09/25/2023,FUR. & FIXT.        ,CART                                              ,         5,FIXRITE PANGLAO               ,FIXRITE PANGLAO-ADMIN                             ,FAACQ               
0120-0001025500029  ,LOVE CART 022                                               ,      6491.83,09/25/2023,FUR. & FIXT.        ,CART                                              ,         5,FIXRITE PANGLAO               ,FIXRITE PANGLAO-ADMIN                             ,FAACQ               
0120-0001025500030  ,LOVE CART 022                                               ,      6491.83,09/25/2023,FUR. & FIXT.        ,CART                                              ,         5,FIXRITE PANGLAO               ,FIXRITE PANGLAO-ADMIN                             ,FAACQ               
0120-0001025500031  ,LOVE CART 022                                               ,      6491.83,09/25/2023,FUR. & FIXT.        ,CART                                              ,         5,FIXRITE PANGLAO               ,FIXRITE PANGLAO-ADMIN                             ,FAACQ               
0120-0001025500032  ,LOVE CART 022                                               ,      6491.83,09/25/2023,FUR. & FIXT.        ,CART                                              ,         5,FIXRITE PANGLAO               ,FIXRITE PANGLAO-ADMIN                             ,FAACQ               
0120-0001025500033  ,LOVE CART 022                                               ,      6491.83,09/25/2023,FUR. & FIXT.        ,CART                                              ,         5,FIXRITE PANGLAO               ,FIXRITE PANGLAO-ADMIN                             ,FAACQ               
0120-0001025500034  ,LOVE CART 022                                               ,      6491.83,09/25/2023,FUR. & FIXT.        ,CART                                              ,         5,FIXRITE PANGLAO               ,FIXRITE PANGLAO-ADMIN                             ,FAACQ               
0120-0001025500035  ,LOVE CART 022                                               ,      6491.83,09/25/2023,FUR. & FIXT.        ,CART                                              ,         5,FIXRITE PANGLAO               ,FIXRITE PANGLAO-ADMIN                             ,FAACQ               
0120-0001025500036  ,LOVE CART 022                                               ,      6491.83,09/25/2023,FUR. & FIXT.        ,CART                                              ,         5,FIXRITE PANGLAO               ,FIXRITE PANGLAO-ADMIN                             ,FAACQ               
0120-0001025500037  ,LOVE CART 022                                               ,      6491.83,09/25/2023,FUR. & FIXT.        ,CART                                              ,         5,FIXRITE PANGLAO               ,FIXRITE PANGLAO-ADMIN                             ,FAACQ               
0120-0001025500038  ,LOVE CART 022                                               ,      6491.83,09/25/2023,FUR. & FIXT.        ,CART                                              ,         5,FIXRITE PANGLAO               ,FIXRITE PANGLAO-ADMIN                             ,FAACQ               
0120-0001025500039  ,LOVE CART 022                                               ,      6491.83,09/25/2023,FUR. & FIXT.        ,CART                                              ,         5,FIXRITE PANGLAO               ,FIXRITE PANGLAO-ADMIN                             ,FAACQ               
0120-0001025500040  ,LOVE CART 022                                               ,      6491.83,09/25/2023,FUR. & FIXT.        ,CART                                              ,         5,FIXRITE PANGLAO               ,FIXRITE PANGLAO-ADMIN                             ,FAACQ               
0120-0001025500041  ,LOVE CART 022                                               ,      6491.83,09/25/2023,FUR. & FIXT.        ,CART                                              ,         5,FIXRITE PANGLAO               ,FIXRITE PANGLAO-ADMIN                             ,FAACQ               
0120-0001025500042  ,LOVE CART 022                                               ,      6491.83,09/25/2023,FUR. & FIXT.        ,CART                                              ,         5,FIXRITE PANGLAO               ,FIXRITE PANGLAO-ADMIN                             ,FAACQ               
0120-0001025500043  ,LOVE CART 022                                               ,      6491.83,09/25/2023,FUR. & FIXT.        ,CART                                              ,         5,FIXRITE PANGLAO               ,FIXRITE PANGLAO-ADMIN                             ,FAACQ               
0120-0001025500044  ,LOVE CART 022                                               ,      6491.83,09/25/2023,FUR. & FIXT.        ,CART                                              ,         5,FIXRITE PANGLAO               ,FIXRITE PANGLAO-ADMIN                             ,FAACQ               
0120-0001025500045  ,LOVE CART 022                                               ,      6491.83,09/25/2023,FUR. & FIXT.        ,CART                                              ,         5,FIXRITE PANGLAO               ,FIXRITE PANGLAO-ADMIN                             ,FAACQ               
0120-0001025500046  ,LOVE CART 022                                               ,      6491.83,09/25/2023,FUR. & FIXT.        ,CART                                              ,         5,FIXRITE PANGLAO               ,FIXRITE PANGLAO-ADMIN                             ,FAACQ               
0120-0001025500047  ,LOVE CART 022                                               ,      6491.83,09/25/2023,FUR. & FIXT.        ,CART                                              ,         5,FIXRITE PANGLAO               ,FIXRITE PANGLAO-ADMIN                             ,FAACQ               
0120-0001025500048  ,LOVE CART 022                                               ,      6491.83,09/25/2023,FUR. & FIXT.        ,CART                                              ,         5,FIXRITE PANGLAO               ,FIXRITE PANGLAO-ADMIN                             ,FAACQ               
0120-0001025500049  ,LOVE CART 022                                               ,      6491.83,09/25/2023,FUR. & FIXT.        ,CART                                              ,         5,FIXRITE PANGLAO               ,FIXRITE PANGLAO-ADMIN                             ,FAACQ               
0120-0001025500050  ,LOVE CART 022                                               ,      6491.83,09/25/2023,FUR. & FIXT.        ,CART                                              ,         5,FIXRITE PANGLAO               ,FIXRITE PANGLAO-ADMIN                             ,FAACQ               
0120-0008165900001  ,CYBER 83 CART                                               ,      6794.97,09/25/2023,STR. EQPT.          ,CART                                              ,         3,FIXRITE PANGLAO               ,FIXRITE PANGLAO-ADMIN                             ,FAACQ               
0120-0008165900002  ,CYBER 83 CART                                               ,      6794.97,09/25/2023,STR. EQPT.          ,CART                                              ,         3,FIXRITE PANGLAO               ,FIXRITE PANGLAO-ADMIN                             ,FAACQ               
0120-0008165900003  ,CYBER 83 CART                                               ,      6794.97,09/25/2023,STR. EQPT.          ,CART                                              ,         3,FIXRITE PANGLAO               ,FIXRITE PANGLAO-ADMIN                             ,FAACQ               
0120-0008165900004  ,CYBER 83 CART                                               ,      6794.97,09/25/2023,STR. EQPT.          ,CART                                              ,         3,FIXRITE PANGLAO               ,FIXRITE PANGLAO-ADMIN                             ,FAACQ               
0120-0008165900005  ,CYBER 83 CART                                               ,      6794.97,09/25/2023,STR. EQPT.          ,CART                                              ,         3,FIXRITE PANGLAO               ,FIXRITE PANGLAO-ADMIN                             ,FAACQ               
0120-0008165900006  ,CYBER 83 CART                                               ,      6794.97,09/25/2023,STR. EQPT.          ,CART                                              ,         3,FIXRITE PANGLAO               ,FIXRITE PANGLAO-ADMIN                             ,FAACQ               
0120-0008165900007  ,CYBER 83 CART                                               ,      6794.97,09/25/2023,STR. EQPT.          ,CART                                              ,         3,FIXRITE PANGLAO               ,FIXRITE PANGLAO-ADMIN                             ,FAACQ               
0120-0008165900008  ,CYBER 83 CART                                               ,      6794.97,09/25/2023,STR. EQPT.          ,CART                                              ,         3,FIXRITE PANGLAO               ,FIXRITE PANGLAO-ADMIN                             ,FAACQ               
0120-0008165900009  ,CYBER 83 CART                                               ,      6794.97,09/25/2023,STR. EQPT.          ,CART                                              ,         3,FIXRITE PANGLAO               ,FIXRITE PANGLAO-ADMIN                             ,FAACQ               
0120-0008165900010  ,CYBER 83 CART                                               ,      6794.97,09/25/2023,STR. EQPT.          ,CART                                              ,         3,FIXRITE PANGLAO               ,FIXRITE PANGLAO-ADMIN                             ,FAACQ               
0120-0008165900011  ,CYBER 83 CART                                               ,      6794.97,09/25/2023,STR. EQPT.          ,CART                                              ,         3,FIXRITE PANGLAO               ,FIXRITE PANGLAO-ADMIN                             ,FAACQ               
0120-0008165900012  ,CYBER 83 CART                                               ,      6794.97,09/25/2023,STR. EQPT.          ,CART                                              ,         3,FIXRITE PANGLAO               ,FIXRITE PANGLAO-ADMIN                             ,FAACQ               
0120-0008165900013  ,CYBER 83 CART                                               ,      6794.97,09/25/2023,STR. EQPT.          ,CART                                              ,         3,FIXRITE PANGLAO               ,FIXRITE PANGLAO-ADMIN                             ,FAACQ               
0120-0008165900014  ,CYBER 83 CART                                               ,      6794.97,09/25/2023,STR. EQPT.          ,CART                                              ,         3,FIXRITE PANGLAO               ,FIXRITE PANGLAO-ADMIN                             ,FAACQ               
0120-0008165900015  ,CYBER 83 CART                                               ,      6794.97,09/25/2023,STR. EQPT.          ,CART                                              ,         3,FIXRITE PANGLAO               ,FIXRITE PANGLAO-ADMIN                             ,FAACQ               
0120-0008165900016  ,CYBER 83 CART                                               ,      6794.97,09/25/2023,STR. EQPT.          ,CART                                              ,         3,FIXRITE PANGLAO               ,FIXRITE PANGLAO-ADMIN                             ,FAACQ               
0120-0008165900017  ,CYBER 83 CART                                               ,      6794.97,09/25/2023,STR. EQPT.          ,CART                                              ,         3,FIXRITE PANGLAO               ,FIXRITE PANGLAO-ADMIN                             ,FAACQ               
0120-0008165900018  ,CYBER 83 CART                                               ,      6794.97,09/25/2023,STR. EQPT.          ,CART                                              ,         3,FIXRITE PANGLAO               ,FIXRITE PANGLAO-ADMIN                             ,FAACQ               
0120-0008165900019  ,CYBER 83 CART                                               ,      6794.97,09/25/2023,STR. EQPT.          ,CART                                              ,         3,FIXRITE PANGLAO               ,FIXRITE PANGLAO-ADMIN                             ,FAACQ               
0120-0008165900020  ,CYBER 83 CART                                               ,      6794.97,09/25/2023,STR. EQPT.          ,CART                                              ,         3,FIXRITE PANGLAO               ,FIXRITE PANGLAO-ADMIN                             ,FAACQ               
0120-0008165900021  ,CYBER 83 CART                                               ,      6794.97,09/25/2023,STR. EQPT.          ,CART                                              ,         3,FIXRITE PANGLAO               ,FIXRITE PANGLAO-ADMIN                             ,FAACQ               
0120-0008165900022  ,CYBER 83 CART                                               ,      6794.97,09/25/2023,STR. EQPT.          ,CART                                              ,         3,FIXRITE PANGLAO               ,FIXRITE PANGLAO-ADMIN                             ,FAACQ               
0120-0008165900023  ,CYBER 83 CART                                               ,      6794.97,09/25/2023,STR. EQPT.          ,CART                                              ,         3,FIXRITE PANGLAO               ,FIXRITE PANGLAO-ADMIN                             ,FAACQ               
0120-0008165900024  ,CYBER 83 CART                                               ,      6794.97,09/25/2023,STR. EQPT.          ,CART                                              ,         3,FIXRITE PANGLAO               ,FIXRITE PANGLAO-ADMIN                             ,FAACQ               
0120-0008165900025  ,CYBER 83 CART                                               ,      6794.97,09/25/2023,STR. EQPT.          ,CART                                              ,         3,FIXRITE PANGLAO               ,FIXRITE PANGLAO-ADMIN                             ,FAACQ               
0120-0008165900026  ,CYBER 83 CART                                               ,      6794.97,09/25/2023,STR. EQPT.          ,CART                                              ,         3,FIXRITE PANGLAO               ,FIXRITE PANGLAO-ADMIN                             ,FAACQ               
0120-0008165900027  ,CYBER 83 CART                                               ,      6794.97,09/25/2023,STR. EQPT.          ,CART                                              ,         3,FIXRITE PANGLAO               ,FIXRITE PANGLAO-ADMIN                             ,FAACQ               
0120-0008165900028  ,CYBER 83 CART                                               ,      6794.97,09/25/2023,STR. EQPT.          ,CART                                              ,         3,FIXRITE PANGLAO               ,FIXRITE PANGLAO-ADMIN                             ,FAACQ               
0120-0008165900029  ,CYBER 83 CART                                               ,      6794.97,09/25/2023,STR. EQPT.          ,CART                                              ,         3,FIXRITE PANGLAO               ,FIXRITE PANGLAO-ADMIN                             ,FAACQ               
0120-0008165900030  ,CYBER 83 CART                                               ,      6794.97,09/25/2023,STR. EQPT.          ,CART                                              ,         3,FIXRITE PANGLAO               ,FIXRITE PANGLAO-ADMIN                             ,FAACQ               
0120-0008165900031  ,CYBER 83 CART                                               ,      6794.97,09/25/2023,STR. EQPT.          ,CART                                              ,         3,FIXRITE PANGLAO               ,FIXRITE PANGLAO-ADMIN                             ,FAACQ               
0120-0008165900032  ,CYBER 83 CART                                               ,      6794.97,09/25/2023,STR. EQPT.          ,CART                                              ,         3,FIXRITE PANGLAO               ,FIXRITE PANGLAO-ADMIN                             ,FAACQ               
0120-0008165900033  ,CYBER 83 CART                                               ,      6794.97,09/25/2023,STR. EQPT.          ,CART                                              ,         3,FIXRITE PANGLAO               ,FIXRITE PANGLAO-ADMIN                             ,FAACQ               
0120-0008165900034  ,CYBER 83 CART                                               ,      6794.97,09/25/2023,STR. EQPT.          ,CART                                              ,         3,FIXRITE PANGLAO               ,FIXRITE PANGLAO-ADMIN                             ,FAACQ               
0120-0008165900035  ,CYBER 83 CART                                               ,      6794.97,09/25/2023,STR. EQPT.          ,CART                                              ,         3,FIXRITE PANGLAO               ,FIXRITE PANGLAO-ADMIN                             ,FAACQ               
0120-0008165900036  ,CYBER 83 CART                                               ,      6794.97,09/25/2023,STR. EQPT.          ,CART                                              ,         3,FIXRITE PANGLAO               ,FIXRITE PANGLAO-ADMIN                             ,FAACQ               
0120-0008165900037  ,CYBER 83 CART                                               ,      6794.97,09/25/2023,STR. EQPT.          ,CART                                              ,         3,FIXRITE PANGLAO               ,FIXRITE PANGLAO-ADMIN                             ,FAACQ               
0120-0008165900038  ,CYBER 83 CART                                               ,      6794.97,09/25/2023,STR. EQPT.          ,CART                                              ,         3,FIXRITE PANGLAO               ,FIXRITE PANGLAO-ADMIN                             ,FAACQ               
0120-0008165900039  ,CYBER 83 CART                                               ,      6794.97,09/25/2023,STR. EQPT.          ,CART                                              ,         3,FIXRITE PANGLAO               ,FIXRITE PANGLAO-ADMIN                             ,FAACQ               
0120-0008165900040  ,CYBER 83 CART                                               ,      6794.97,09/25/2023,STR. EQPT.          ,CART                                              ,         3,FIXRITE PANGLAO               ,FIXRITE PANGLAO-ADMIN                             ,FAACQ               
0120-0008165900041  ,CYBER 83 CART                                               ,      6794.97,09/25/2023,STR. EQPT.          ,CART                                              ,         3,FIXRITE PANGLAO               ,FIXRITE PANGLAO-ADMIN                             ,FAACQ               
0120-0008165900042  ,CYBER 83 CART                                               ,      6794.97,09/25/2023,STR. EQPT.          ,CART                                              ,         3,FIXRITE PANGLAO               ,FIXRITE PANGLAO-ADMIN                             ,FAACQ               
0120-0008165900043  ,CYBER 83 CART                                               ,      6794.97,09/25/2023,STR. EQPT.          ,CART                                              ,         3,FIXRITE PANGLAO               ,FIXRITE PANGLAO-ADMIN                             ,FAACQ               
0120-0008165900044  ,CYBER 83 CART                                               ,      6794.97,09/25/2023,STR. EQPT.          ,CART                                              ,         3,FIXRITE PANGLAO               ,FIXRITE PANGLAO-ADMIN                             ,FAACQ               
0120-0008165900045  ,CYBER 83 CART                                               ,      6794.97,09/25/2023,STR. EQPT.          ,CART                                              ,         3,FIXRITE PANGLAO               ,FIXRITE PANGLAO-ADMIN                             ,FAACQ               
0120-0008165900046  ,CYBER 83 CART                                               ,      6794.97,09/25/2023,STR. EQPT.          ,CART                                              ,         3,FIXRITE PANGLAO               ,FIXRITE PANGLAO-ADMIN                             ,FAACQ               
0120-0008165900047  ,CYBER 83 CART                                               ,      6794.97,09/25/2023,STR. EQPT.          ,CART                                              ,         3,FIXRITE PANGLAO               ,FIXRITE PANGLAO-ADMIN                             ,FAACQ               
0120-0008165900048  ,CYBER 83 CART                                               ,      6794.97,09/25/2023,STR. EQPT.          ,CART                                              ,         3,FIXRITE PANGLAO               ,FIXRITE PANGLAO-ADMIN                             ,FAACQ               
0120-0008165900049  ,CYBER 83 CART                                               ,      6794.97,09/25/2023,STR. EQPT.          ,CART                                              ,         3,FIXRITE PANGLAO               ,FIXRITE PANGLAO-ADMIN                             ,FAACQ               
0120-0008165900050  ,CYBER 83 CART                                               ,      6794.97,09/25/2023,STR. EQPT.          ,CART                                              ,         3,FIXRITE PANGLAO               ,FIXRITE PANGLAO-ADMIN                             ,FAACQ               
0120-0004709600001  ,BACK HOE LOADER BRAND-NEW CATERPILLAR MODEL 426F2           ,   4800000.00,10/17/2022,MACH. & EQPT.       ,OTHERS                                            ,         5,FIXRITE PANGLAO               ,FIXRITE PANGLAO-ADMIN                             ,FATRIN              
0120-0007776100001  ,WINDOWS SERVER 2022 STANDARD 16 CORE LICENSE PACK           ,     44506.17,10/13/2023,OFF. EQPT.          ,SOFTWARE                                          ,         3,FIXRITE PANGLAO               ,FIXRITE PANGLAO-INFORMATION TECHNOLOGY            ,FAACQ               
0120-0009183500001  ,DELL POWEREDGE R650XS SERVER                                ,    285850.97,10/13/2023,OFF. EQPT.          ,SERVER                                            ,         3,FIXRITE PANGLAO               ,FIXRITE PANGLAO-INFORMATION TECHNOLOGY            ,FAACQ               
0120-0009297000001  ,HANDYMATE LADDER 3 STEP                                     ,      1850.00,12/19/2023,STR. EQPT.          ,LADDER                                            ,         5,FIXRITE PANGLAO               ,FIXRITE PANGLAO-ADMIN                             ,FAACQ               
0120-0009297000002  ,HANDYMATE LADDER 3 STEP                                     ,      1850.00,12/19/2023,STR. EQPT.          ,LADDER                                            ,         5,FIXRITE PANGLAO               ,FIXRITE PANGLAO-ADMIN                             ,FAACQ               
0120-0009297000003  ,HANDYMATE LADDER 3 STEP                                     ,      1850.00,12/19/2023,STR. EQPT.          ,LADDER                                            ,         5,FIXRITE PANGLAO               ,FIXRITE PANGLAO-ADMIN                             ,FAACQ               
0120-0009298200001  ,IMPULSE SEALER 8"" / 200MM                                   ,      1850.00,12/19/2023,STR. EQPT.          ,IMPULSE SEALER                                    ,         3,FIXRITE PANGLAO               ,FIXRITE PANGLAO-ADMIN                             ,FAACQ               
0120-0009298200002  ,IMPULSE SEALER 8"" / 200MM                                   ,      1850.00,12/19/2023,STR. EQPT.          ,IMPULSE SEALER                                    ,         3,FIXRITE PANGLAO               ,FIXRITE PANGLAO-ADMIN                             ,FAACQ               
0120-0009282700001  ,INTEX IT-1501 15"" MONITOR                                   ,      5000.00,12/07/2023,OFF. EQPT.          ,MONITOR                                           ,         3,FIXRITE PANGLAO               ,FIXRITE PANGLAO-INFORMATION TECHNOLOGY            ,FAACQ               
0120-0009282700002  ,INTEX IT-1501 15"" MONITOR                                   ,      5000.00,12/07/2023,OFF. EQPT.          ,MONITOR                                           ,         3,FIXRITE PANGLAO               ,FIXRITE PANGLAO-INFORMATION TECHNOLOGY            ,FAACQ               
0120-0009282700003  ,INTEX IT-1501 15"" MONITOR                                   ,      5000.00,12/07/2023,OFF. EQPT.          ,MONITOR                                           ,         3,FIXRITE PANGLAO               ,FIXRITE PANGLAO-INFORMATION TECHNOLOGY            ,FAACQ               
0120-0009282700004  ,INTEX IT-1501 15"" MONITOR                                   ,      5000.00,12/07/2023,OFF. EQPT.          ,MONITOR                                           ,         3,FIXRITE PANGLAO               ,FIXRITE PANGLAO-INFORMATION TECHNOLOGY            ,FAACQ               
0120-0009282700005  ,INTEX IT-1501 15"" MONITOR                                   ,      5000.00,12/07/2023,OFF. EQPT.          ,MONITOR                                           ,         3,FIXRITE PANGLAO               ,FIXRITE PANGLAO-INFORMATION TECHNOLOGY            ,FAACQ               
0120-0009282700006  ,INTEX IT-1501 15"" MONITOR                                   ,      5000.00,12/07/2023,OFF. EQPT.          ,MONITOR                                           ,         3,FIXRITE PANGLAO               ,FIXRITE PANGLAO-INFORMATION TECHNOLOGY            ,FAACQ               
0120-0009282700007  ,INTEX IT-1501 15"" MONITOR                                   ,      5000.00,12/07/2023,OFF. EQPT.          ,MONITOR                                           ,         3,FIXRITE PANGLAO               ,FIXRITE PANGLAO-INFORMATION TECHNOLOGY            ,FAACQ               
0120-0009282700008  ,INTEX IT-1501 15"" MONITOR                                   ,      5000.00,12/07/2023,OFF. EQPT.          ,MONITOR                                           ,         3,FIXRITE PANGLAO               ,FIXRITE PANGLAO-INFORMATION TECHNOLOGY            ,FAACQ               
0120-0009282700009  ,INTEX IT-1501 15"" MONITOR                                   ,      5000.00,12/07/2023,OFF. EQPT.          ,MONITOR                                           ,         3,FIXRITE PANGLAO               ,FIXRITE PANGLAO-INFORMATION TECHNOLOGY            ,FAACQ               
0120-0009230200001  ,BEELINK MINI S DDR4 16GB 1TB SSD MINI PC                    ,     18241.52,12/01/2023,OFF. EQPT.          ,OTHERS                                            ,         3,FIXRITE PANGLAO               ,FIXRITE PANGLAO-INFORMATION TECHNOLOGY            ,FAACQ               
0120-0009230200002  ,BEELINK MINI S DDR4 16GB 1TB SSD MINI PC                    ,     18241.52,12/01/2023,OFF. EQPT.          ,OTHERS                                            ,         3,FIXRITE PANGLAO               ,FIXRITE PANGLAO-INFORMATION TECHNOLOGY            ,FAACQ               
0120-0009230200003  ,BEELINK MINI S DDR4 16GB 1TB SSD MINI PC                    ,     18241.52,12/01/2023,OFF. EQPT.          ,OTHERS                                            ,         3,FIXRITE PANGLAO               ,FIXRITE PANGLAO-INFORMATION TECHNOLOGY            ,FAACQ               
0120-0009230200004  ,BEELINK MINI S DDR4 16GB 1TB SSD MINI PC                    ,     18241.52,12/01/2023,OFF. EQPT.          ,OTHERS                                            ,         3,FIXRITE PANGLAO               ,FIXRITE PANGLAO-INFORMATION TECHNOLOGY            ,FAACQ               
0120-0009230200005  ,BEELINK MINI S DDR4 16GB 1TB SSD MINI PC                    ,     18241.52,12/01/2023,OFF. EQPT.          ,OTHERS                                            ,         3,FIXRITE PANGLAO               ,FIXRITE PANGLAO-INFORMATION TECHNOLOGY            ,FAACQ               
0120-0007886800001  ,3 TONS HAND PALLET POWER BRAND                              ,     13500.00,12/01/2023,MACH. & EQPT.       ,PALLET TRUCK                                      ,         4,FIXRITE PANGLAO               ,FIXRITE PANGLAO-ADMIN                             ,FAACQ               
0120-0007886800002  ,3 TONS HAND PALLET POWER BRAND                              ,     13500.00,12/01/2023,MACH. & EQPT.       ,PALLET TRUCK                                      ,         4,FIXRITE PANGLAO               ,FIXRITE PANGLAO-ADMIN                             ,FAACQ               
0120-0009309900001  ,2.8MM 4MP BULLET IPC (HWI-D140H HIKVISION)                  ,      1917.04,12/01/2023,ELEC. INTS. & EQPT. ,CCTV                                              ,         3,FIXRITE PANGLAO               ,FIXRITE PANGLAO-ADMIN                             ,FAACQ               
0120-0009309900002  ,2.8MM 4MP BULLET IPC (HWI-D140H HIKVISION)                  ,      1917.04,12/01/2023,ELEC. INTS. & EQPT. ,CCTV                                              ,         3,FIXRITE PANGLAO               ,FIXRITE PANGLAO-ADMIN                             ,FAACQ               
0120-0009311200001  ,PATCH PANEL 24 PORTS LOADED 1U (PREMIUM LINE)               ,      3046.72,12/01/2023,ELEC. INTS. & EQPT. ,PANEL BOARD                                       ,         5,FIXRITE PANGLAO               ,FIXRITE PANGLAO-ADMIN                             ,FAACQ               
0120-0009311200002  ,PATCH PANEL 24 PORTS LOADED 1U (PREMIUM LINE)               ,      3046.72,12/01/2023,ELEC. INTS. & EQPT. ,PANEL BOARD                                       ,         5,FIXRITE PANGLAO               ,FIXRITE PANGLAO-ADMIN                             ,FAACQ               
0120-0009311200003  ,PATCH PANEL 24 PORTS LOADED 1U (PREMIUM LINE)               ,      3046.72,12/01/2023,ELEC. INTS. & EQPT. ,PANEL BOARD                                       ,         5,FIXRITE PANGLAO               ,FIXRITE PANGLAO-ADMIN                             ,FAACQ               
0120-0009311300001  ,BASIC RACK PDU 8 OUTLETS (PREMIUM LINE)                     ,      1413.96,12/01/2023,STR. EQPT.          ,RACK                                              ,        10,FIXRITE PANGLAO               ,FIXRITE PANGLAO-ADMIN                             ,FAACQ               
0120-0009311400001  ,RUIJIE 24 PORTS POE SWITCH WITH SFP PORT                    ,     24409.49,12/01/2023,STR. EQPT.          ,SWITCH                                            ,         3,FIXRITE PANGLAO               ,FIXRITE PANGLAO-ADMIN                             ,FAACQ               
0120-0009311600001  ,NVR 16 CHANNEL 4K 2 SLOT HDD                                ,      6066.65,12/01/2023,STR. EQPT.          ,CCTV                                              ,         3,FIXRITE PANGLAO               ,FIXRITE PANGLAO-ADMIN                             ,FAACQ               
0120-0009311800001  ,2.8MM 4MP DOME IPC  (HWI-D140H HIKVISION)                   ,      1917.04,12/01/2023,STR. EQPT.          ,CCTV                                              ,         3,FIXRITE PANGLAO               ,FIXRITE PANGLAO-ADMIN                             ,FAACQ               
0120-0009311800002  ,2.8MM 4MP DOME IPC  (HWI-D140H HIKVISION)                   ,      1917.04,12/01/2023,STR. EQPT.          ,CCTV                                              ,         3,FIXRITE PANGLAO               ,FIXRITE PANGLAO-ADMIN                             ,FAACQ               
0120-0009311800003  ,2.8MM 4MP DOME IPC  (HWI-D140H HIKVISION)                   ,      1917.04,12/01/2023,STR. EQPT.          ,CCTV                                              ,         3,FIXRITE PANGLAO               ,FIXRITE PANGLAO-ADMIN                             ,FAACQ               
0120-0009311800004  ,2.8MM 4MP DOME IPC  (HWI-D140H HIKVISION)                   ,      1917.04,12/01/2023,STR. EQPT.          ,CCTV                                              ,         3,FIXRITE PANGLAO               ,FIXRITE PANGLAO-ADMIN                             ,FAACQ               
0120-0009311800005  ,2.8MM 4MP DOME IPC  (HWI-D140H HIKVISION)                   ,      1917.04,12/01/2023,STR. EQPT.          ,CCTV                                              ,         3,FIXRITE PANGLAO               ,FIXRITE PANGLAO-ADMIN                             ,FAACQ               
0120-0009311800006  ,2.8MM 4MP DOME IPC  (HWI-D140H HIKVISION)                   ,      1917.04,12/01/2023,STR. EQPT.          ,CCTV                                              ,         3,FIXRITE PANGLAO               ,FIXRITE PANGLAO-ADMIN                             ,FAACQ               
0120-0009311800007  ,2.8MM 4MP DOME IPC  (HWI-D140H HIKVISION)                   ,      1917.04,12/01/2023,STR. EQPT.          ,CCTV                                              ,         3,FIXRITE PANGLAO               ,FIXRITE PANGLAO-ADMIN                             ,FAACQ               
0120-0009311800008  ,2.8MM 4MP DOME IPC  (HWI-D140H HIKVISION)                   ,      1917.04,12/01/2023,STR. EQPT.          ,CCTV                                              ,         3,FIXRITE PANGLAO               ,FIXRITE PANGLAO-ADMIN                             ,FAACQ               
0120-0009311800009  ,2.8MM 4MP DOME IPC  (HWI-D140H HIKVISION)                   ,      1917.04,12/01/2023,STR. EQPT.          ,CCTV                                              ,         3,FIXRITE PANGLAO               ,FIXRITE PANGLAO-ADMIN                             ,FAACQ               
0120-0009311800010  ,2.8MM 4MP DOME IPC  (HWI-D140H HIKVISION)                   ,      1917.04,12/01/2023,STR. EQPT.          ,CCTV                                              ,         3,FIXRITE PANGLAO               ,FIXRITE PANGLAO-ADMIN                             ,FAACQ               
0120-0009311800011  ,2.8MM 4MP DOME IPC  (HWI-D140H HIKVISION)                   ,      1917.04,12/01/2023,STR. EQPT.          ,CCTV                                              ,         3,FIXRITE PANGLAO               ,FIXRITE PANGLAO-ADMIN                             ,FAACQ               
0120-0009311800012  ,2.8MM 4MP DOME IPC  (HWI-D140H HIKVISION)                   ,      1917.04,12/01/2023,STR. EQPT.          ,CCTV                                              ,         3,FIXRITE PANGLAO               ,FIXRITE PANGLAO-ADMIN                             ,FAACQ               
0120-0009311800013  ,2.8MM 4MP DOME IPC  (HWI-D140H HIKVISION)                   ,      1917.04,12/01/2023,STR. EQPT.          ,CCTV                                              ,         3,FIXRITE PANGLAO               ,FIXRITE PANGLAO-ADMIN                             ,FAACQ               
0120-0009311800014  ,2.8MM 4MP DOME IPC  (HWI-D140H HIKVISION)                   ,      1917.04,12/01/2023,STR. EQPT.          ,CCTV                                              ,         3,FIXRITE PANGLAO               ,FIXRITE PANGLAO-ADMIN                             ,FAACQ               
0120-0009311800015  ,2.8MM 4MP DOME IPC  (HWI-D140H HIKVISION)                   ,      1917.04,12/01/2023,STR. EQPT.          ,CCTV                                              ,         3,FIXRITE PANGLAO               ,FIXRITE PANGLAO-ADMIN                             ,FAACQ               
0120-0009311800016  ,2.8MM 4MP DOME IPC  (HWI-D140H HIKVISION)                   ,      1917.04,12/01/2023,STR. EQPT.          ,CCTV                                              ,         3,FIXRITE PANGLAO               ,FIXRITE PANGLAO-ADMIN                             ,FAACQ               
0120-0009311900001  ,2.8MM 4MP BULLET IPC  (HWI-B140H HIKVISION)                 ,      1917.04,12/01/2023,STR. EQPT.          ,CCTV                                              ,         3,FIXRITE PANGLAO               ,FIXRITE PANGLAO-ADMIN                             ,FAACQ               
0120-0009311900002  ,2.8MM 4MP BULLET IPC  (HWI-B140H HIKVISION)                 ,      1917.04,12/01/2023,STR. EQPT.          ,CCTV                                              ,         3,FIXRITE PANGLAO               ,FIXRITE PANGLAO-ADMIN                             ,FAACQ               
0120-0009311900003  ,2.8MM 4MP BULLET IPC  (HWI-B140H HIKVISION)                 ,      1917.04,12/01/2023,STR. EQPT.          ,CCTV                                              ,         3,FIXRITE PANGLAO               ,FIXRITE PANGLAO-ADMIN                             ,FAACQ               
0120-0009311900004  ,2.8MM 4MP BULLET IPC  (HWI-B140H HIKVISION)                 ,      1917.04,12/01/2023,STR. EQPT.          ,CCTV                                              ,         3,FIXRITE PANGLAO               ,FIXRITE PANGLAO-ADMIN                             ,FAACQ               
0120-0009311900005  ,2.8MM 4MP BULLET IPC  (HWI-B140H HIKVISION)                 ,      1917.04,12/01/2023,STR. EQPT.          ,CCTV                                              ,         3,FIXRITE PANGLAO               ,FIXRITE PANGLAO-ADMIN                             ,FAACQ               
0120-0009311900006  ,2.8MM 4MP BULLET IPC  (HWI-B140H HIKVISION)                 ,      1917.04,12/01/2023,STR. EQPT.          ,CCTV                                              ,         3,FIXRITE PANGLAO               ,FIXRITE PANGLAO-ADMIN                             ,FAACQ               
0120-0009311900007  ,2.8MM 4MP BULLET IPC  (HWI-B140H HIKVISION)                 ,      1917.04,12/01/2023,STR. EQPT.          ,CCTV                                              ,         3,FIXRITE PANGLAO               ,FIXRITE PANGLAO-ADMIN                             ,FAACQ               
0120-0009311900008  ,2.8MM 4MP BULLET IPC  (HWI-B140H HIKVISION)                 ,      1917.04,12/01/2023,STR. EQPT.          ,CCTV                                              ,         3,FIXRITE PANGLAO               ,FIXRITE PANGLAO-ADMIN                             ,FAACQ               
0120-0009311900009  ,2.8MM 4MP BULLET IPC  (HWI-B140H HIKVISION)                 ,      1917.04,12/01/2023,STR. EQPT.          ,CCTV                                              ,         3,FIXRITE PANGLAO               ,FIXRITE PANGLAO-ADMIN                             ,FAACQ               
0120-0009311900010  ,2.8MM 4MP BULLET IPC  (HWI-B140H HIKVISION)                 ,      1917.04,12/01/2023,STR. EQPT.          ,CCTV                                              ,         3,FIXRITE PANGLAO               ,FIXRITE PANGLAO-ADMIN                             ,FAACQ               
0120-0009311900011  ,2.8MM 4MP BULLET IPC  (HWI-B140H HIKVISION)                 ,      1917.04,12/01/2023,STR. EQPT.          ,CCTV                                              ,         3,FIXRITE PANGLAO               ,FIXRITE PANGLAO-ADMIN                             ,FAACQ               
0120-0009311900012  ,2.8MM 4MP BULLET IPC  (HWI-B140H HIKVISION)                 ,      1917.04,12/01/2023,STR. EQPT.          ,CCTV                                              ,         3,FIXRITE PANGLAO               ,FIXRITE PANGLAO-ADMIN                             ,FAACQ               
0120-0009309700001  ,ZEBRA LABEL PRINTER ZT231 203 DPI                           ,     51388.00,12/01/2023,OFF. EQPT.          ,PRINTER                                           ,         3,FIXRITE PANGLAO               ,FIXRITE PANGLAO-INFORMATION TECHNOLOGY            ,FAACQ               
0120-0009309600001  ,ZD420T                                                      ,     29008.00,12/01/2023,OFF. EQPT.          ,OFFICE EQUIPMENT                                  ,         3,FIXRITE PANGLAO               ,FIXRITE PANGLAO-INFORMATION TECHNOLOGY            ,FAACQ               
0120-0008870900001  ,10KVA AEC RACK MOUNTABLE UPS                                ,    103000.00,12/11/2023,OFF. EQPT.          ,UPS                                               ,         5,FIXRITE PANGLAO               ,FIXRITE PANGLAO-INFORMATION TECHNOLOGY            ,FAACQ               
0120-0009311500001  ,24 PORTS POE SWITCH (SA-3E0528HP-E HIKVISION)               ,     14285.71,12/01/2023,STR. EQPT.          ,SWITCH                                            ,         3,FIXRITE PANGLAO               ,FIXRITE PANGLAO-ADMIN                             ,FAACQ               
0120-0009311500002  ,24 PORTS POE SWITCH (SA-3E0528HP-E HIKVISION)               ,     14285.71,12/01/2023,STR. EQPT.          ,SWITCH                                            ,         3,FIXRITE PANGLAO               ,FIXRITE PANGLAO-ADMIN                             ,FAACQ               
0120-0009429100001  ,AKITA DIG. SCALE AC/DC PCS-50KGS                            ,      5888.00,12/14/2023,STR. EQPT.          ,MEASURING EQUIPMENT                               ,         5,FIXRITE PANGLAO               ,FIXRITE PANGLAO-ADMIN                             ,FAACQ               
0008-0007496200009  ,SORROUND PALLET W/OUT CASTOR                                ,      5638.00,08/06/2022,FUR. & FIXT.        ,PALLET                                            ,         4,FIXRITE PANGLAO               ,FIXRITE PANGLAO-WAREHOUSE                         ,FA_TRAN             
0008-0007496200011  ,SORROUND PALLET W/OUT CASTOR                                ,      5638.00,08/06/2022,FUR. & FIXT.        ,PALLET                                            ,         4,FIXRITE PANGLAO               ,FIXRITE PANGLAO-WAREHOUSE                         ,FA_TRAN             
0008-0007496200012  ,SORROUND PALLET W/OUT CASTOR                                ,      5638.00,08/06/2022,FUR. & FIXT.        ,PALLET                                            ,         4,FIXRITE PANGLAO               ,FIXRITE PANGLAO-WAREHOUSE                         ,FA_TRAN             
0008-0007496200016  ,SORROUND PALLET W/OUT CASTOR                                ,      5638.00,08/06/2022,FUR. & FIXT.        ,PALLET                                            ,         4,FIXRITE PANGLAO               ,FIXRITE PANGLAO-WAREHOUSE                         ,FA_TRAN             
0008-0007496200017  ,SORROUND PALLET W/OUT CASTOR                                ,      5638.00,08/06/2022,FUR. & FIXT.        ,PALLET                                            ,         4,FIXRITE PANGLAO               ,FIXRITE PANGLAO-WAREHOUSE                         ,FA_TRAN             
0120-0009421700001  ,SURVILLANCE TV MONITOR DAHUA  43""                           ,     18500.00,01/12/2024,OFF. EQPT.          ,TV                                                ,         3,FIXRITE PANGLAO               ,FIXRITE PANGLAO-ADMIN                             ,FAACQ               
0120-0005537400004  ,HANDHELD SCANNER USB ZEBRA DS2208 1D/2D                     ,      4464.29,01/12/2024,STR. EQPT.          ,SCANNER                                           ,         3,FIXRITE PANGLAO               ,FIXRITE PANGLAO-INFORMATION TECHNOLOGY            ,FAACQ               
0120-0005537400005  ,HANDHELD SCANNER USB ZEBRA DS2208 1D/2D                     ,      4464.29,01/12/2024,STR. EQPT.          ,SCANNER                                           ,         3,FIXRITE PANGLAO               ,FIXRITE PANGLAO-INFORMATION TECHNOLOGY            ,FAACQ               
0120-0005537400006  ,HANDHELD SCANNER USB ZEBRA DS2208 1D/2D                     ,      4464.29,01/12/2024,STR. EQPT.          ,SCANNER                                           ,         3,FIXRITE PANGLAO               ,FIXRITE PANGLAO-INFORMATION TECHNOLOGY            ,FAACQ               
0120-0005537400007  ,HANDHELD SCANNER USB ZEBRA DS2208 1D/2D                     ,      4464.29,01/12/2024,STR. EQPT.          ,SCANNER                                           ,         3,FIXRITE PANGLAO               ,FIXRITE PANGLAO-INFORMATION TECHNOLOGY            ,FAACQ               
0120-0005537400008  ,HANDHELD SCANNER USB ZEBRA DS2208 1D/2D                     ,      4464.29,01/12/2024,STR. EQPT.          ,SCANNER                                           ,         3,FIXRITE PANGLAO               ,FIXRITE PANGLAO-INFORMATION TECHNOLOGY            ,FAACQ               
0120-0005537400009  ,HANDHELD SCANNER USB ZEBRA DS2208 1D/2D                     ,      4464.29,01/12/2024,STR. EQPT.          ,SCANNER                                           ,         3,FIXRITE PANGLAO               ,FIXRITE PANGLAO-INFORMATION TECHNOLOGY            ,FAACQ               
0120-0005537400010  ,HANDHELD SCANNER USB ZEBRA DS2208 1D/2D                     ,      4464.29,01/12/2024,STR. EQPT.          ,SCANNER                                           ,         3,FIXRITE PANGLAO               ,FIXRITE PANGLAO-INFORMATION TECHNOLOGY            ,FAACQ               
0120-0005537400011  ,HANDHELD SCANNER USB ZEBRA DS2208 1D/2D                     ,      4464.29,01/12/2024,STR. EQPT.          ,SCANNER                                           ,         3,FIXRITE PANGLAO               ,FIXRITE PANGLAO-INFORMATION TECHNOLOGY            ,FAACQ               
0120-0005537400012  ,HANDHELD SCANNER USB ZEBRA DS2208 1D/2D                     ,      4464.29,01/12/2024,STR. EQPT.          ,SCANNER                                           ,         3,FIXRITE PANGLAO               ,FIXRITE PANGLAO-INFORMATION TECHNOLOGY            ,FAACQ               
0120-0009148800001  ,APSOFT 78-KEYS PROGRAMMABLE POS KEYBOARD                    ,      4464.29,01/12/2024,OFF. EQPT.          ,OFFICE EQUIPMENT                                  ,         3,FIXRITE PANGLAO               ,FIXRITE PANGLAO-INFORMATION TECHNOLOGY            ,FAACQ               
0120-0009148800002  ,APSOFT 78-KEYS PROGRAMMABLE POS KEYBOARD                    ,      4464.29,01/12/2024,OFF. EQPT.          ,OFFICE EQUIPMENT                                  ,         3,FIXRITE PANGLAO               ,FIXRITE PANGLAO-INFORMATION TECHNOLOGY            ,FAACQ               
0120-0009148800003  ,APSOFT 78-KEYS PROGRAMMABLE POS KEYBOARD                    ,      4464.29,01/12/2024,OFF. EQPT.          ,OFFICE EQUIPMENT                                  ,         3,FIXRITE PANGLAO               ,FIXRITE PANGLAO-INFORMATION TECHNOLOGY            ,FAACQ               
0120-0009148800004  ,APSOFT 78-KEYS PROGRAMMABLE POS KEYBOARD                    ,      4464.29,01/12/2024,OFF. EQPT.          ,OFFICE EQUIPMENT                                  ,         3,FIXRITE PANGLAO               ,FIXRITE PANGLAO-INFORMATION TECHNOLOGY            ,FAACQ               
0120-0009148800005  ,APSOFT 78-KEYS PROGRAMMABLE POS KEYBOARD                    ,      4464.29,01/12/2024,OFF. EQPT.          ,OFFICE EQUIPMENT                                  ,         3,FIXRITE PANGLAO               ,FIXRITE PANGLAO-INFORMATION TECHNOLOGY            ,FAACQ               
0120-0009148800006  ,APSOFT 78-KEYS PROGRAMMABLE POS KEYBOARD                    ,      4464.29,01/12/2024,OFF. EQPT.          ,OFFICE EQUIPMENT                                  ,         3,FIXRITE PANGLAO               ,FIXRITE PANGLAO-INFORMATION TECHNOLOGY            ,FAACQ               
0120-0009148800007  ,APSOFT 78-KEYS PROGRAMMABLE POS KEYBOARD                    ,      4464.29,01/12/2024,OFF. EQPT.          ,OFFICE EQUIPMENT                                  ,         3,FIXRITE PANGLAO               ,FIXRITE PANGLAO-INFORMATION TECHNOLOGY            ,FAACQ               
0120-0009148800008  ,APSOFT 78-KEYS PROGRAMMABLE POS KEYBOARD                    ,      4464.29,01/12/2024,OFF. EQPT.          ,OFFICE EQUIPMENT                                  ,         3,FIXRITE PANGLAO               ,FIXRITE PANGLAO-INFORMATION TECHNOLOGY            ,FAACQ               
0120-0009148800009  ,APSOFT 78-KEYS PROGRAMMABLE POS KEYBOARD                    ,      4464.29,01/12/2024,OFF. EQPT.          ,OFFICE EQUIPMENT                                  ,         3,FIXRITE PANGLAO               ,FIXRITE PANGLAO-INFORMATION TECHNOLOGY            ,FAACQ               
0120-0009148900001  ,APSOFT CASH DRAWER RJ11 CABLE                               ,      3125.00,01/12/2024,STR. EQPT.          ,CASH DRAWER                                       ,         3,FIXRITE PANGLAO               ,FIXRITE PANGLAO-INFORMATION TECHNOLOGY            ,FAACQ               
0120-0009148900002  ,APSOFT CASH DRAWER RJ11 CABLE                               ,      3125.00,01/12/2024,STR. EQPT.          ,CASH DRAWER                                       ,         3,FIXRITE PANGLAO               ,FIXRITE PANGLAO-INFORMATION TECHNOLOGY            ,FAACQ               
0120-0009148900003  ,APSOFT CASH DRAWER RJ11 CABLE                               ,      3125.00,01/12/2024,STR. EQPT.          ,CASH DRAWER                                       ,         3,FIXRITE PANGLAO               ,FIXRITE PANGLAO-INFORMATION TECHNOLOGY            ,FAACQ               
0120-0009148900004  ,APSOFT CASH DRAWER RJ11 CABLE                               ,      3125.00,01/12/2024,STR. EQPT.          ,CASH DRAWER                                       ,         3,FIXRITE PANGLAO               ,FIXRITE PANGLAO-INFORMATION TECHNOLOGY            ,FAACQ               
0120-0009148900005  ,APSOFT CASH DRAWER RJ11 CABLE                               ,      3125.00,01/12/2024,STR. EQPT.          ,CASH DRAWER                                       ,         3,FIXRITE PANGLAO               ,FIXRITE PANGLAO-INFORMATION TECHNOLOGY            ,FAACQ               
0120-0009148900006  ,APSOFT CASH DRAWER RJ11 CABLE                               ,      3125.00,01/12/2024,STR. EQPT.          ,CASH DRAWER                                       ,         3,FIXRITE PANGLAO               ,FIXRITE PANGLAO-INFORMATION TECHNOLOGY            ,FAACQ               
0120-0009148900007  ,APSOFT CASH DRAWER RJ11 CABLE                               ,      3125.00,01/12/2024,STR. EQPT.          ,CASH DRAWER                                       ,         3,FIXRITE PANGLAO               ,FIXRITE PANGLAO-INFORMATION TECHNOLOGY            ,FAACQ               
0120-0009148900008  ,APSOFT CASH DRAWER RJ11 CABLE                               ,      3125.00,01/12/2024,STR. EQPT.          ,CASH DRAWER                                       ,         3,FIXRITE PANGLAO               ,FIXRITE PANGLAO-INFORMATION TECHNOLOGY            ,FAACQ               
0120-0009148900009  ,APSOFT CASH DRAWER RJ11 CABLE                               ,      3125.00,01/12/2024,STR. EQPT.          ,CASH DRAWER                                       ,         3,FIXRITE PANGLAO               ,FIXRITE PANGLAO-INFORMATION TECHNOLOGY            ,FAACQ               
0120-0009149600001  ,EPSON TM-H6000V USB THERMAL PRINTER                         ,     19196.43,01/12/2024,OFF. EQPT.          ,PRINTER                                           ,         3,FIXRITE PANGLAO               ,FIXRITE PANGLAO-INFORMATION TECHNOLOGY            ,FAACQ               
0120-0009149600002  ,EPSON TM-H6000V USB THERMAL PRINTER                         ,     19196.43,01/12/2024,OFF. EQPT.          ,PRINTER                                           ,         3,FIXRITE PANGLAO               ,FIXRITE PANGLAO-INFORMATION TECHNOLOGY            ,FAACQ               
0120-0009149600003  ,EPSON TM-H6000V USB THERMAL PRINTER                         ,     19196.43,01/12/2024,OFF. EQPT.          ,PRINTER                                           ,         3,FIXRITE PANGLAO               ,FIXRITE PANGLAO-INFORMATION TECHNOLOGY            ,FAACQ               
0120-0009149600004  ,EPSON TM-H6000V USB THERMAL PRINTER                         ,     19196.43,01/12/2024,OFF. EQPT.          ,PRINTER                                           ,         3,FIXRITE PANGLAO               ,FIXRITE PANGLAO-INFORMATION TECHNOLOGY            ,FAACQ               
0120-0009149600005  ,EPSON TM-H6000V USB THERMAL PRINTER                         ,     19196.43,01/12/2024,OFF. EQPT.          ,PRINTER                                           ,         3,FIXRITE PANGLAO               ,FIXRITE PANGLAO-INFORMATION TECHNOLOGY            ,FAACQ               
0120-0009149600006  ,EPSON TM-H6000V USB THERMAL PRINTER                         ,     19196.43,01/12/2024,OFF. EQPT.          ,PRINTER                                           ,         3,FIXRITE PANGLAO               ,FIXRITE PANGLAO-INFORMATION TECHNOLOGY            ,FAACQ               
0120-0009149600007  ,EPSON TM-H6000V USB THERMAL PRINTER                         ,     19196.43,01/12/2024,OFF. EQPT.          ,PRINTER                                           ,         3,FIXRITE PANGLAO               ,FIXRITE PANGLAO-INFORMATION TECHNOLOGY            ,FAACQ               
0120-0009149600008  ,EPSON TM-H6000V USB THERMAL PRINTER                         ,     19196.43,01/12/2024,OFF. EQPT.          ,PRINTER                                           ,         3,FIXRITE PANGLAO               ,FIXRITE PANGLAO-INFORMATION TECHNOLOGY            ,FAACQ               
0120-0009149600009  ,EPSON TM-H6000V USB THERMAL PRINTER                         ,     19196.43,01/12/2024,OFF. EQPT.          ,PRINTER                                           ,         3,FIXRITE PANGLAO               ,FIXRITE PANGLAO-INFORMATION TECHNOLOGY            ,FAACQ               
0120-0008402300001  ,VERIPRICE PRICE VERIFIER                                    ,     23214.29,01/15/2024,STR. EQPT.          ,PRICE VERIFIER                                    ,         5,FIXRITE PANGLAO               ,FIXRITE PANGLAO-ADMIN                             ,FAACQ               
0120-0008402300002  ,VERIPRICE PRICE VERIFIER                                    ,     23214.29,01/15/2024,STR. EQPT.          ,PRICE VERIFIER                                    ,         5,FIXRITE PANGLAO               ,FIXRITE PANGLAO-ADMIN                             ,FAACQ               
0120-0008402300003  ,VERIPRICE PRICE VERIFIER                                    ,     23214.29,01/15/2024,STR. EQPT.          ,PRICE VERIFIER                                    ,         5,FIXRITE PANGLAO               ,FIXRITE PANGLAO-ADMIN                             ,FAACQ               
0120-0009242400001  ,MAGELLAN 3410VSI                                            ,     12600.00,01/19/2024,STR. EQPT.          ,SCANNER                                           ,         3,FIXRITE PANGLAO               ,FIXRITE PANGLAO-ADMIN                             ,FAACQ               
0120-0009242400002  ,MAGELLAN 3410VSI                                            ,     12600.00,01/19/2024,STR. EQPT.          ,SCANNER                                           ,         3,FIXRITE PANGLAO               ,FIXRITE PANGLAO-ADMIN                             ,FAACQ               
0120-0009242400003  ,MAGELLAN 3410VSI                                            ,     12600.00,01/19/2024,STR. EQPT.          ,SCANNER                                           ,         3,FIXRITE PANGLAO               ,FIXRITE PANGLAO-ADMIN                             ,FAACQ               
0120-0009242400004  ,MAGELLAN 3410VSI                                            ,     12600.00,01/19/2024,STR. EQPT.          ,SCANNER                                           ,         3,FIXRITE PANGLAO               ,FIXRITE PANGLAO-ADMIN                             ,FAACQ               
0120-0009242400005  ,MAGELLAN 3410VSI                                            ,     12600.00,01/19/2024,STR. EQPT.          ,SCANNER                                           ,         3,FIXRITE PANGLAO               ,FIXRITE PANGLAO-ADMIN                             ,FAACQ               
0120-0009242400006  ,MAGELLAN 3410VSI                                            ,     12600.00,01/19/2024,STR. EQPT.          ,SCANNER                                           ,         3,FIXRITE PANGLAO               ,FIXRITE PANGLAO-ADMIN                             ,FAACQ               
0120-0009242400007  ,MAGELLAN 3410VSI                                            ,     12600.00,01/19/2024,STR. EQPT.          ,SCANNER                                           ,         3,FIXRITE PANGLAO               ,FIXRITE PANGLAO-ADMIN                             ,FAACQ               
0120-0009242400008  ,MAGELLAN 3410VSI                                            ,     12600.00,01/19/2024,STR. EQPT.          ,SCANNER                                           ,         3,FIXRITE PANGLAO               ,FIXRITE PANGLAO-ADMIN                             ,FAACQ               
0120-0009242400009  ,MAGELLAN 3410VSI                                            ,     12600.00,01/19/2024,STR. EQPT.          ,SCANNER                                           ,         3,FIXRITE PANGLAO               ,FIXRITE PANGLAO-ADMIN                             ,FAACQ               
0120-0009084000001  ,ZYCOO IP PHONE UNIT/COOFONE K2P                             ,      2678.57,01/11/2024,OFF. EQPT.          ,TELEPHONE                                         ,         3,FIXRITE PANGLAO               ,FIXRITE PANGLAO-INFORMATION TECHNOLOGY            ,FAACQ               
0120-0009084000002  ,ZYCOO IP PHONE UNIT/COOFONE K2P                             ,      2678.57,01/11/2024,OFF. EQPT.          ,TELEPHONE                                         ,         3,FIXRITE PANGLAO               ,FIXRITE PANGLAO-INFORMATION TECHNOLOGY            ,FAACQ               
0120-0009084000003  ,ZYCOO IP PHONE UNIT/COOFONE K2P                             ,      2678.57,01/11/2024,OFF. EQPT.          ,TELEPHONE                                         ,         3,FIXRITE PANGLAO               ,FIXRITE PANGLAO-INFORMATION TECHNOLOGY            ,FAACQ               
0120-0009084000004  ,ZYCOO IP PHONE UNIT/COOFONE K2P                             ,      2678.57,01/11/2024,OFF. EQPT.          ,TELEPHONE                                         ,         3,FIXRITE PANGLAO               ,FIXRITE PANGLAO-INFORMATION TECHNOLOGY            ,FAACQ               
0120-0009084000005  ,ZYCOO IP PHONE UNIT/COOFONE K2P                             ,      2678.57,01/11/2024,OFF. EQPT.          ,TELEPHONE                                         ,         3,FIXRITE PANGLAO               ,FIXRITE PANGLAO-INFORMATION TECHNOLOGY            ,FAACQ               
0120-0009084000006  ,ZYCOO IP PHONE UNIT/COOFONE K2P                             ,      2678.57,01/11/2024,OFF. EQPT.          ,TELEPHONE                                         ,         3,FIXRITE PANGLAO               ,FIXRITE PANGLAO-INFORMATION TECHNOLOGY            ,FAACQ               
0120-0009084000007  ,ZYCOO IP PHONE UNIT/COOFONE K2P                             ,      2678.57,01/11/2024,OFF. EQPT.          ,TELEPHONE                                         ,         3,FIXRITE PANGLAO               ,FIXRITE PANGLAO-INFORMATION TECHNOLOGY            ,FAACQ               
0120-0009084000008  ,ZYCOO IP PHONE UNIT/COOFONE K2P                             ,      2678.57,01/11/2024,OFF. EQPT.          ,TELEPHONE                                         ,         3,FIXRITE PANGLAO               ,FIXRITE PANGLAO-INFORMATION TECHNOLOGY            ,FAACQ               
0120-0009084000009  ,ZYCOO IP PHONE UNIT/COOFONE K2P                             ,      2678.57,01/11/2024,OFF. EQPT.          ,TELEPHONE                                         ,         3,FIXRITE PANGLAO               ,FIXRITE PANGLAO-INFORMATION TECHNOLOGY            ,FAACQ               
0120-0009084000010  ,ZYCOO IP PHONE UNIT/COOFONE K2P                             ,      2678.57,01/11/2024,OFF. EQPT.          ,TELEPHONE                                         ,         3,FIXRITE PANGLAO               ,FIXRITE PANGLAO-INFORMATION TECHNOLOGY            ,FAACQ               
0120-0009434600001  ,QUICKSHELF STORAGE SYSTEM QS40                              ,      3500.00,01/24/2024,FUR. & FIXT.        ,STORAGE                                           ,         3,FIXRITE PANGLAO               ,FIXRITE PANGLAO-ADMIN                             ,FAACQ               
0120-0009434600002  ,QUICKSHELF STORAGE SYSTEM QS40                              ,      3500.00,01/24/2024,FUR. & FIXT.        ,STORAGE                                           ,         3,FIXRITE PANGLAO               ,FIXRITE PANGLAO-ADMIN                             ,FAACQ               
0120-0009434600003  ,QUICKSHELF STORAGE SYSTEM QS40                              ,      3500.00,01/24/2024,FUR. & FIXT.        ,STORAGE                                           ,         3,FIXRITE PANGLAO               ,FIXRITE PANGLAO-ADMIN                             ,FAACQ               
0120-0009434600004  ,QUICKSHELF STORAGE SYSTEM QS40                              ,      3500.00,01/24/2024,FUR. & FIXT.        ,STORAGE                                           ,         3,FIXRITE PANGLAO               ,FIXRITE PANGLAO-ADMIN                             ,FAACQ               
0120-0009434800001  ,QUICKSHELF STORAGE SYSTEM QS30                              ,      3100.00,01/24/2024,FUR. & FIXT.        ,STORAGE                                           ,         3,FIXRITE PANGLAO               ,FIXRITE PANGLAO-ADMIN                             ,FAACQ               
0120-0009434800002  ,QUICKSHELF STORAGE SYSTEM QS30                              ,      3100.00,01/24/2024,FUR. & FIXT.        ,STORAGE                                           ,         3,FIXRITE PANGLAO               ,FIXRITE PANGLAO-ADMIN                             ,FAACQ               
0120-0007048000001  ,PRINTER EPSON L3210 AIO                                     ,      8795.00,01/16/2024,OFF. EQPT.          ,PRINTER                                           ,         3,FIXRITE PANGLAO               ,FIXRITE PANGLAO-ADMIN                             ,FAACQ               
0000543700013       ,SINGLE COUNTER TABLE                                        ,     25000.00,04/19/1997,FUR. & FIXT.        ,TABLE                                             ,         7,FIXRITE PANGLAO               ,FIXRITE PANGLAO-FIXED ASSET DEPT.                 ,FA_TRAN             
0000543700014       ,SINGLE COUNTER TABLE                                        ,     25000.00,04/19/1997,FUR. & FIXT.        ,TABLE                                             ,         7,FIXRITE PANGLAO               ,FIXRITE PANGLAO-FIXED ASSET DEPT.                 ,FA_TRAN             
0000543700016       ,SINGLE COUNTER TABLE                                        ,     25000.00,04/19/1997,FUR. & FIXT.        ,TABLE                                             ,         7,FIXRITE PANGLAO               ,FIXRITE PANGLAO-FIXED ASSET DEPT.                 ,FA_TRAN             
0000543700017       ,SINGLE COUNTER TABLE                                        ,     25000.00,04/19/1997,FUR. & FIXT.        ,TABLE                                             ,         7,FIXRITE PANGLAO               ,FIXRITE PANGLAO-FIXED ASSET DEPT.                 ,FA_TRAN             
0000543700018       ,SINGLE COUNTER TABLE                                        ,     25000.00,04/19/1997,FUR. & FIXT.        ,TABLE                                             ,         7,FIXRITE PANGLAO               ,FIXRITE PANGLAO-FIXED ASSET DEPT.                 ,FA_TRAN             
0000543700019       ,SINGLE COUNTER TABLE                                        ,     25000.00,04/19/1997,FUR. & FIXT.        ,TABLE                                             ,         7,FIXRITE PANGLAO               ,FIXRITE PANGLAO-FIXED ASSET DEPT.                 ,FA_TRAN             
0000550400001       ,STAINLESS COUNTER AND COMPUTER TABLE                        ,         1.00,04/19/1997,FUR. & FIXT.        ,TABLE                                             ,         5,FIXRITE PANGLAO               ,FIXRITE PANGLAO-FIXED ASSET DEPT.                 ,FA_TRAN             
0120-0007794200001  ,MICROSOFT 365 BUSINESS STANDARD                             ,      6696.43,02/13/2024,OFF. EQPT.          ,SOFTWARE                                          ,         3,FIXRITE PANGLAO               ,FIXRITE PANGLAO-INFORMATION TECHNOLOGY            ,FAACQ               
0120-0007794200002  ,MICROSOFT 365 BUSINESS STANDARD                             ,      6696.43,02/13/2024,OFF. EQPT.          ,SOFTWARE                                          ,         3,FIXRITE PANGLAO               ,FIXRITE PANGLAO-INFORMATION TECHNOLOGY            ,FAACQ               
0120-0007794200003  ,MICROSOFT 365 BUSINESS STANDARD                             ,      6696.43,02/13/2024,OFF. EQPT.          ,SOFTWARE                                          ,         3,FIXRITE PANGLAO               ,FIXRITE PANGLAO-INFORMATION TECHNOLOGY            ,FAACQ               
0120-0007794200004  ,MICROSOFT 365 BUSINESS STANDARD                             ,      6696.43,02/13/2024,OFF. EQPT.          ,SOFTWARE                                          ,         3,FIXRITE PANGLAO               ,FIXRITE PANGLAO-INFORMATION TECHNOLOGY            ,FAACQ               
0120-0007794200005  ,MICROSOFT 365 BUSINESS STANDARD                             ,      6696.43,02/13/2024,OFF. EQPT.          ,SOFTWARE                                          ,         3,FIXRITE PANGLAO               ,FIXRITE PANGLAO-INFORMATION TECHNOLOGY            ,FAACQ               
0120-0007794200006  ,MICROSOFT 365 BUSINESS STANDARD                             ,      6696.43,02/13/2024,OFF. EQPT.          ,SOFTWARE                                          ,         3,FIXRITE PANGLAO               ,FIXRITE PANGLAO-INFORMATION TECHNOLOGY            ,FAACQ               
0120-0007794200007  ,MICROSOFT 365 BUSINESS STANDARD                             ,      6696.43,02/13/2024,OFF. EQPT.          ,SOFTWARE                                          ,         3,FIXRITE PANGLAO               ,FIXRITE PANGLAO-INFORMATION TECHNOLOGY            ,FAACQ               
0120-0007794200008  ,MICROSOFT 365 BUSINESS STANDARD                             ,      6696.43,02/13/2024,OFF. EQPT.          ,SOFTWARE                                          ,         3,FIXRITE PANGLAO               ,FIXRITE PANGLAO-INFORMATION TECHNOLOGY            ,FAACQ               
0120-0007794200009  ,MICROSOFT 365 BUSINESS STANDARD                             ,      6696.43,02/13/2024,OFF. EQPT.          ,SOFTWARE                                          ,         3,FIXRITE PANGLAO               ,FIXRITE PANGLAO-INFORMATION TECHNOLOGY            ,FAACQ               
0120-0007794200010  ,MICROSOFT 365 BUSINESS STANDARD                             ,      6696.43,02/13/2024,OFF. EQPT.          ,SOFTWARE                                          ,         3,FIXRITE PANGLAO               ,FIXRITE PANGLAO-INFORMATION TECHNOLOGY            ,FAACQ               
0000685800008       ,CHECK-OUT BARRIER BIG                                       ,      8600.00,02/22/2005,FUR. & FIXT.        ,BARRIER                                           ,         5,FIXRITE PANGLAO               ,FIXRITE PANGLAO-FIXED ASSET DEPT.                 ,FA_TRAN             
0000685800013       ,CHECK-OUT BARRIER BIG                                       ,      8600.00,02/22/2005,FUR. & FIXT.        ,BARRIER                                           ,         5,FIXRITE PANGLAO               ,FIXRITE PANGLAO-FIXED ASSET DEPT.                 ,FA_TRAN             
0000685800019       ,CHECK-OUT BARRIER BIG                                       ,      8600.00,02/11/2005,FUR. & FIXT.        ,BARRIER                                           ,         5,FIXRITE PANGLAO               ,FIXRITE PANGLAO-FIXED ASSET DEPT.                 ,FA_TRAN             
0000685800026       ,CHECK-OUT BARRIER BIG                                       ,      8600.00,02/11/2005,FUR. & FIXT.        ,BARRIER                                           ,         5,FIXRITE PANGLAO               ,FIXRITE PANGLAO-FIXED ASSET DEPT.                 ,FA_TRAN             
0000685800027       ,CHECK-OUT BARRIER BIG                                       ,      8600.00,02/11/2005,FUR. & FIXT.        ,BARRIER                                           ,         5,FIXRITE PANGLAO               ,FIXRITE PANGLAO-FIXED ASSET DEPT.                 ,FA_TRAN             
0110-0009182800001  ,DRY TYPE TRANSFORMER 3P 60HZ                                ,    160650.00,11/16/2023,ELEC. INTS. & EQPT. ,TRANSFORMER                                       ,         5,DRESSING PLANT                ,DRESSING PLANT-ADMIN                              ,FA_TRAN             
0110-0009310500001  ,NEMA-1 (TENAT) PANEL BOARD                                  ,     14685.27,12/14/2023,ELEC. INTS. & EQPT. ,PANEL BOARD                                       ,         5,DRESSING PLANT                ,DRESSING PLANT-ADMIN                              ,FA_TRAN             
0110-0009310600001  ,NEMA-1 (PP2G) PANEL BOARD                                   ,     18716.52,12/14/2023,ELEC. INTS. & EQPT. ,PANEL BOARD                                       ,         5,DRESSING PLANT                ,DRESSING PLANT-ADMIN                              ,FA_TRAN             
0110-0009310800001  ,NEMA-1 (LP2G) PANEL BOARD                                   ,     20263.39,12/14/2023,ELEC. INTS. & EQPT. ,PANEL BOARD                                       ,         5,DRESSING PLANT                ,DRESSING PLANT-ADMIN                              ,FA_TRAN             
0110-0009310900001  ,NEMA-1 (DPGROC) PANEL BOARD                                 ,     23618.30,12/14/2023,ELEC. INTS. & EQPT. ,PANEL BOARD                                       ,         5,DRESSING PLANT                ,DRESSING PLANT-ADMIN                              ,FA_TRAN             
0110-0009311000001  ,NEMA-1 (UPS) PANEL BOARD                                    ,     15053.57,12/14/2023,ELEC. INTS. & EQPT. ,PANEL BOARD                                       ,         5,DRESSING PLANT                ,DRESSING PLANT-ADMIN                              ,FA_TRAN             
0110-0009174700001  ,FIRE HOSE CABINET W/ COMPLETE ACCESSORIES 32X7X7            ,     13214.29,11/23/2023,OTHER EQPT.         ,FIRE HOSE                                         ,         3,DRESSING PLANT                ,DRESSING PLANT-ADMIN                              ,FA_TRAN             
0110-0009174700002  ,FIRE HOSE CABINET W/ COMPLETE ACCESSORIES 32X7X7            ,     13214.29,11/23/2023,OTHER EQPT.         ,FIRE HOSE                                         ,         3,DRESSING PLANT                ,DRESSING PLANT-ADMIN                              ,FA_TRAN             
0110-0009174700003  ,FIRE HOSE CABINET W/ COMPLETE ACCESSORIES 32X7X7            ,     13214.29,11/23/2023,OTHER EQPT.         ,FIRE HOSE                                         ,         3,DRESSING PLANT                ,DRESSING PLANT-ADMIN                              ,FA_TRAN             
0110-0009174700004  ,FIRE HOSE CABINET W/ COMPLETE ACCESSORIES 32X7X7            ,     13214.29,11/23/2023,OTHER EQPT.         ,FIRE HOSE                                         ,         3,DRESSING PLANT                ,DRESSING PLANT-ADMIN                              ,FA_TRAN             
0110-0009174700005  ,FIRE HOSE CABINET W/ COMPLETE ACCESSORIES 32X7X7            ,     13214.29,11/23/2023,OTHER EQPT.         ,FIRE HOSE                                         ,         3,DRESSING PLANT                ,DRESSING PLANT-ADMIN                              ,FA_TRAN             
0110-0009174700006  ,FIRE HOSE CABINET W/ COMPLETE ACCESSORIES 32X7X7            ,     13214.29,11/23/2023,OTHER EQPT.         ,FIRE HOSE                                         ,         3,DRESSING PLANT                ,DRESSING PLANT-ADMIN                              ,FA_TRAN             
0110-0009174700007  ,FIRE HOSE CABINET W/ COMPLETE ACCESSORIES 32X7X7            ,     13214.29,11/23/2023,OTHER EQPT.         ,FIRE HOSE                                         ,         3,DRESSING PLANT                ,DRESSING PLANT-ADMIN                              ,FA_TRAN             
0110-0009174700008  ,FIRE HOSE CABINET W/ COMPLETE ACCESSORIES 32X7X7            ,     13214.29,11/23/2023,OTHER EQPT.         ,FIRE HOSE                                         ,         3,DRESSING PLANT                ,DRESSING PLANT-ADMIN                              ,FA_TRAN             
0110-0009092200001  ,DP PANEL SCHNEIDER BREAKER230V                              ,     99953.00,12/07/2023,ELEC. INTS. & EQPT. ,CIRCUIT BREAKER                                   ,         3,DRESSING PLANT                ,DRESSING PLANT-ADMIN                              ,FA_TRAN             
0110-0009092500001  ,DP PANEL SCHNEIDER BREAKER 460V                             ,    100740.00,12/07/2023,ELEC. INTS. & EQPT. ,CIRCUIT BREAKER                                   ,         3,DRESSING PLANT                ,DRESSING PLANT-ADMIN                              ,FA_TRAN             
0120-0009263900001  ,CYBER 90 WITH STANDARD CASTER                               ,      5686.31,03/20/2024,STR. EQPT.          ,CART                                              ,         3,FIXRITE PANGLAO               ,FIXRITE PANGLAO-ADMIN                             ,FAACQ               
0120-0009263900002  ,CYBER 90 WITH STANDARD CASTER                               ,      5686.31,03/20/2024,STR. EQPT.          ,CART                                              ,         3,FIXRITE PANGLAO               ,FIXRITE PANGLAO-ADMIN                             ,FAACQ               
0120-0009263900003  ,CYBER 90 WITH STANDARD CASTER                               ,      5686.31,03/20/2024,STR. EQPT.          ,CART                                              ,         3,FIXRITE PANGLAO               ,FIXRITE PANGLAO-ADMIN                             ,FAACQ               
0120-0009263900004  ,CYBER 90 WITH STANDARD CASTER                               ,      5686.31,03/20/2024,STR. EQPT.          ,CART                                              ,         3,FIXRITE PANGLAO               ,FIXRITE PANGLAO-ADMIN                             ,FAACQ               
0120-0009263900005  ,CYBER 90 WITH STANDARD CASTER                               ,      5686.31,03/20/2024,STR. EQPT.          ,CART                                              ,         3,FIXRITE PANGLAO               ,FIXRITE PANGLAO-ADMIN                             ,FAACQ               
0120-0009263900006  ,CYBER 90 WITH STANDARD CASTER                               ,      5686.31,03/20/2024,STR. EQPT.          ,CART                                              ,         3,FIXRITE PANGLAO               ,FIXRITE PANGLAO-ADMIN                             ,FAACQ               
0120-0009263900007  ,CYBER 90 WITH STANDARD CASTER                               ,      5686.31,03/20/2024,STR. EQPT.          ,CART                                              ,         3,FIXRITE PANGLAO               ,FIXRITE PANGLAO-ADMIN                             ,FAACQ               
0120-0009263900008  ,CYBER 90 WITH STANDARD CASTER                               ,      5686.31,03/20/2024,STR. EQPT.          ,CART                                              ,         3,FIXRITE PANGLAO               ,FIXRITE PANGLAO-ADMIN                             ,FAACQ               
0120-0009263900009  ,CYBER 90 WITH STANDARD CASTER                               ,      5686.31,03/20/2024,STR. EQPT.          ,CART                                              ,         3,FIXRITE PANGLAO               ,FIXRITE PANGLAO-ADMIN                             ,FAACQ               
0120-0009263900010  ,CYBER 90 WITH STANDARD CASTER                               ,      5686.31,03/20/2024,STR. EQPT.          ,CART                                              ,         3,FIXRITE PANGLAO               ,FIXRITE PANGLAO-ADMIN                             ,FAACQ               
0120-0009263900011  ,CYBER 90 WITH STANDARD CASTER                               ,      5686.31,03/20/2024,STR. EQPT.          ,CART                                              ,         3,FIXRITE PANGLAO               ,FIXRITE PANGLAO-ADMIN                             ,FAACQ               
0120-0009263900012  ,CYBER 90 WITH STANDARD CASTER                               ,      5686.31,03/20/2024,STR. EQPT.          ,CART                                              ,         3,FIXRITE PANGLAO               ,FIXRITE PANGLAO-ADMIN                             ,FAACQ               
0120-0009263900013  ,CYBER 90 WITH STANDARD CASTER                               ,      5686.31,03/20/2024,STR. EQPT.          ,CART                                              ,         3,FIXRITE PANGLAO               ,FIXRITE PANGLAO-ADMIN                             ,FAACQ               
0120-0009263900014  ,CYBER 90 WITH STANDARD CASTER                               ,      5686.31,03/20/2024,STR. EQPT.          ,CART                                              ,         3,FIXRITE PANGLAO               ,FIXRITE PANGLAO-ADMIN                             ,FAACQ               
0120-0009263900015  ,CYBER 90 WITH STANDARD CASTER                               ,      5686.31,03/20/2024,STR. EQPT.          ,CART                                              ,         3,FIXRITE PANGLAO               ,FIXRITE PANGLAO-ADMIN                             ,FAACQ               
0120-0009263900016  ,CYBER 90 WITH STANDARD CASTER                               ,      5686.31,03/20/2024,STR. EQPT.          ,CART                                              ,         3,FIXRITE PANGLAO               ,FIXRITE PANGLAO-ADMIN                             ,FAACQ               
0120-0009263900017  ,CYBER 90 WITH STANDARD CASTER                               ,      5686.31,03/20/2024,STR. EQPT.          ,CART                                              ,         3,FIXRITE PANGLAO               ,FIXRITE PANGLAO-ADMIN                             ,FAACQ               
0120-0009263900018  ,CYBER 90 WITH STANDARD CASTER                               ,      5686.31,03/20/2024,STR. EQPT.          ,CART                                              ,         3,FIXRITE PANGLAO               ,FIXRITE PANGLAO-ADMIN                             ,FAACQ               
0120-0009263900019  ,CYBER 90 WITH STANDARD CASTER                               ,      5686.31,03/20/2024,STR. EQPT.          ,CART                                              ,         3,FIXRITE PANGLAO               ,FIXRITE PANGLAO-ADMIN                             ,FAACQ               
0120-0009263900020  ,CYBER 90 WITH STANDARD CASTER                               ,      5686.31,03/20/2024,STR. EQPT.          ,CART                                              ,         3,FIXRITE PANGLAO               ,FIXRITE PANGLAO-ADMIN                             ,FAACQ               
0120-0009264000001  ,LOVE CART 022 WITH STANDARD CASTER                          ,      5276.48,03/20/2024,STR. EQPT.          ,CART                                              ,         3,FIXRITE PANGLAO               ,FIXRITE PANGLAO-ADMIN                             ,FAACQ               
0120-0009264000002  ,LOVE CART 022 WITH STANDARD CASTER                          ,      5276.48,03/20/2024,STR. EQPT.          ,CART                                              ,         3,FIXRITE PANGLAO               ,FIXRITE PANGLAO-ADMIN                             ,FAACQ               
0120-0009264000003  ,LOVE CART 022 WITH STANDARD CASTER                          ,      5276.48,03/20/2024,STR. EQPT.          ,CART                                              ,         3,FIXRITE PANGLAO               ,FIXRITE PANGLAO-ADMIN                             ,FAACQ               
0120-0009264000004  ,LOVE CART 022 WITH STANDARD CASTER                          ,      5276.48,03/20/2024,STR. EQPT.          ,CART                                              ,         3,FIXRITE PANGLAO               ,FIXRITE PANGLAO-ADMIN                             ,FAACQ               
0120-0009264000005  ,LOVE CART 022 WITH STANDARD CASTER                          ,      5276.48,03/20/2024,STR. EQPT.          ,CART                                              ,         3,FIXRITE PANGLAO               ,FIXRITE PANGLAO-ADMIN                             ,FAACQ               
0120-0009264000006  ,LOVE CART 022 WITH STANDARD CASTER                          ,      5276.48,03/20/2024,STR. EQPT.          ,CART                                              ,         3,FIXRITE PANGLAO               ,FIXRITE PANGLAO-ADMIN                             ,FAACQ               
0120-0009264000007  ,LOVE CART 022 WITH STANDARD CASTER                          ,      5276.48,03/20/2024,STR. EQPT.          ,CART                                              ,         3,FIXRITE PANGLAO               ,FIXRITE PANGLAO-ADMIN                             ,FAACQ               
0120-0009264000008  ,LOVE CART 022 WITH STANDARD CASTER                          ,      5276.48,03/20/2024,STR. EQPT.          ,CART                                              ,         3,FIXRITE PANGLAO               ,FIXRITE PANGLAO-ADMIN                             ,FAACQ               
0120-0009264000009  ,LOVE CART 022 WITH STANDARD CASTER                          ,      5276.48,03/20/2024,STR. EQPT.          ,CART                                              ,         3,FIXRITE PANGLAO               ,FIXRITE PANGLAO-ADMIN                             ,FAACQ               
0120-0009264000010  ,LOVE CART 022 WITH STANDARD CASTER                          ,      5276.48,03/20/2024,STR. EQPT.          ,CART                                              ,         3,FIXRITE PANGLAO               ,FIXRITE PANGLAO-ADMIN                             ,FAACQ               
0120-0009264000011  ,LOVE CART 022 WITH STANDARD CASTER                          ,      5276.48,03/20/2024,STR. EQPT.          ,CART                                              ,         3,FIXRITE PANGLAO               ,FIXRITE PANGLAO-ADMIN                             ,FAACQ               
0120-0009264000012  ,LOVE CART 022 WITH STANDARD CASTER                          ,      5276.48,03/20/2024,STR. EQPT.          ,CART                                              ,         3,FIXRITE PANGLAO               ,FIXRITE PANGLAO-ADMIN                             ,FAACQ               
0120-0009264000013  ,LOVE CART 022 WITH STANDARD CASTER                          ,      5276.48,03/20/2024,STR. EQPT.          ,CART                                              ,         3,FIXRITE PANGLAO               ,FIXRITE PANGLAO-ADMIN                             ,FAACQ               
0120-0009264000014  ,LOVE CART 022 WITH STANDARD CASTER                          ,      5276.48,03/20/2024,STR. EQPT.          ,CART                                              ,         3,FIXRITE PANGLAO               ,FIXRITE PANGLAO-ADMIN                             ,FAACQ               
0120-0009264000015  ,LOVE CART 022 WITH STANDARD CASTER                          ,      5276.48,03/20/2024,STR. EQPT.          ,CART                                              ,         3,FIXRITE PANGLAO               ,FIXRITE PANGLAO-ADMIN                             ,FAACQ               
0120-0009264000016  ,LOVE CART 022 WITH STANDARD CASTER                          ,      5276.48,03/20/2024,STR. EQPT.          ,CART                                              ,         3,FIXRITE PANGLAO               ,FIXRITE PANGLAO-ADMIN                             ,FAACQ               
0120-0009264000017  ,LOVE CART 022 WITH STANDARD CASTER                          ,      5276.48,03/20/2024,STR. EQPT.          ,CART                                              ,         3,FIXRITE PANGLAO               ,FIXRITE PANGLAO-ADMIN                             ,FAACQ               
0120-0009264000018  ,LOVE CART 022 WITH STANDARD CASTER                          ,      5276.48,03/20/2024,STR. EQPT.          ,CART                                              ,         3,FIXRITE PANGLAO               ,FIXRITE PANGLAO-ADMIN                             ,FAACQ               
0120-0009264000019  ,LOVE CART 022 WITH STANDARD CASTER                          ,      5276.48,03/20/2024,STR. EQPT.          ,CART                                              ,         3,FIXRITE PANGLAO               ,FIXRITE PANGLAO-ADMIN                             ,FAACQ               
0120-0009264000020  ,LOVE CART 022 WITH STANDARD CASTER                          ,      5276.48,03/20/2024,STR. EQPT.          ,CART                                              ,         3,FIXRITE PANGLAO               ,FIXRITE PANGLAO-ADMIN                             ,FAACQ               
0120-0009264000021  ,LOVE CART 022 WITH STANDARD CASTER                          ,      5276.48,03/20/2024,STR. EQPT.          ,CART                                              ,         3,FIXRITE PANGLAO               ,FIXRITE PANGLAO-ADMIN                             ,FAACQ               
0120-0009264000022  ,LOVE CART 022 WITH STANDARD CASTER                          ,      5276.48,03/20/2024,STR. EQPT.          ,CART                                              ,         3,FIXRITE PANGLAO               ,FIXRITE PANGLAO-ADMIN                             ,FAACQ               
0120-0009264000023  ,LOVE CART 022 WITH STANDARD CASTER                          ,      5276.48,03/20/2024,STR. EQPT.          ,CART                                              ,         3,FIXRITE PANGLAO               ,FIXRITE PANGLAO-ADMIN                             ,FAACQ               
0120-0009264000024  ,LOVE CART 022 WITH STANDARD CASTER                          ,      5276.48,03/20/2024,STR. EQPT.          ,CART                                              ,         3,FIXRITE PANGLAO               ,FIXRITE PANGLAO-ADMIN                             ,FAACQ               
0120-0009264000025  ,LOVE CART 022 WITH STANDARD CASTER                          ,      5276.48,03/20/2024,STR. EQPT.          ,CART                                              ,         3,FIXRITE PANGLAO               ,FIXRITE PANGLAO-ADMIN                             ,FAACQ               
0120-0009264000026  ,LOVE CART 022 WITH STANDARD CASTER                          ,      5276.48,03/20/2024,STR. EQPT.          ,CART                                              ,         3,FIXRITE PANGLAO               ,FIXRITE PANGLAO-ADMIN                             ,FAACQ               
0120-0009264000027  ,LOVE CART 022 WITH STANDARD CASTER                          ,      5276.48,03/20/2024,STR. EQPT.          ,CART                                              ,         3,FIXRITE PANGLAO               ,FIXRITE PANGLAO-ADMIN                             ,FAACQ               
0120-0009264000028  ,LOVE CART 022 WITH STANDARD CASTER                          ,      5276.48,03/20/2024,STR. EQPT.          ,CART                                              ,         3,FIXRITE PANGLAO               ,FIXRITE PANGLAO-ADMIN                             ,FAACQ               
0120-0009264000029  ,LOVE CART 022 WITH STANDARD CASTER                          ,      5276.48,03/20/2024,STR. EQPT.          ,CART                                              ,         3,FIXRITE PANGLAO               ,FIXRITE PANGLAO-ADMIN                             ,FAACQ               
0120-0009264000030  ,LOVE CART 022 WITH STANDARD CASTER                          ,      5276.48,03/20/2024,STR. EQPT.          ,CART                                              ,         3,FIXRITE PANGLAO               ,FIXRITE PANGLAO-ADMIN                             ,FAACQ               
0120-0008046000001  ,CPU SET FORTRESS ATX CASING W/ 700W PSU                     ,     14585.00,04/02/2024,OFF. EQPT.          ,CPU                                               ,         3,FIXRITE PANGLAO               ,FIXRITE PANGLAO-ADMIN                             ,FAACQ               
0120-0008046000002  ,CPU SET FORTRESS ATX CASING W/ 700W PSU                     ,     14585.00,04/02/2024,OFF. EQPT.          ,CPU                                               ,         3,FIXRITE PANGLAO               ,FIXRITE PANGLAO-ADMIN                             ,FAACQ               
0120-0008046000003  ,CPU SET FORTRESS ATX CASING W/ 700W PSU                     ,     14585.00,04/02/2024,OFF. EQPT.          ,CPU                                               ,         3,FIXRITE PANGLAO               ,FIXRITE PANGLAO-ADMIN                             ,FAACQ               
0120-0008702400001  ,AOC E970SWNL 18.5"" WLED MONITOR                             ,      2900.00,04/02/2024,OFF. EQPT.          ,MONITOR                                           ,         3,FIXRITE PANGLAO               ,FIXRITE PANGLAO-ADMIN                             ,FAACQ               
0120-0008702400002  ,AOC E970SWNL 18.5"" WLED MONITOR                             ,      2900.00,04/02/2024,OFF. EQPT.          ,MONITOR                                           ,         3,FIXRITE PANGLAO               ,FIXRITE PANGLAO-ADMIN                             ,FAACQ               
0120-0008702400003  ,AOC E970SWNL 18.5"" WLED MONITOR                             ,      2900.00,04/02/2024,OFF. EQPT.          ,MONITOR                                           ,         3,FIXRITE PANGLAO               ,FIXRITE PANGLAO-ADMIN                             ,FAACQ               
0001071500001       ,WANZL SWING WIRE BOTTOM GRID                                ,     17514.36,06/09/2004,FUR. & FIXT.        ,OTHERS                                            ,         3,FIXRITE PANGLAO               ,FIXRITE PANGLAO-ADMIN                             ,FA_TRAN             
0001071500002       ,WANZL SWING WIRE BOTTOM GRID                                ,     17514.36,06/09/2004,FUR. & FIXT.        ,OTHERS                                            ,         3,FIXRITE PANGLAO               ,FIXRITE PANGLAO-ADMIN                             ,FA_TRAN             
0001071500003       ,WANZL SWING WIRE BOTTOM GRID                                ,     17514.36,06/09/2004,FUR. & FIXT.        ,OTHERS                                            ,         3,FIXRITE PANGLAO               ,FIXRITE PANGLAO-ADMIN                             ,FA_TRAN             
0001071500004       ,WANZL SWING WIRE BOTTOM GRID                                ,     17514.36,06/09/2004,FUR. & FIXT.        ,OTHERS                                            ,         3,FIXRITE PANGLAO               ,FIXRITE PANGLAO-ADMIN                             ,FA_TRAN             
0002-0002339000004  ,MOVABLE C-O COUNTER/GROCERY/ACD                             ,     17154.04,04/22/2020,FUR. & FIXT.        ,COUNTER                                           ,         3,FIXRITE PANGLAO               ,FIXRITE PANGLAO-FIXED ASSET DEPT.                 ,FA_TRAN             
0120-0008166400008  ,EPSON LQ310 DOT MATRIX PRINTER                              ,     14995.00,04/11/2024,OFF. EQPT.          ,PRINTER                                           ,         3,FIXRITE PANGLAO               ,FIXRITE PANGLAO-MIS                               ,FAACQ               
0120-0008166400009  ,EPSON LQ310 DOT MATRIX PRINTER                              ,     14995.00,04/11/2024,OFF. EQPT.          ,PRINTER                                           ,         3,FIXRITE PANGLAO               ,FIXRITE PANGLAO-MIS                               ,FAACQ               
0120-0007886501001  ,PLASTIC PALLET BLACK D4S-1012.16                            ,      3000.00,04/23/2024,FUR. & FIXT.        ,PALLET                                            ,         4,FIXRITE PANGLAO               ,FIXRITE PANGLAO-ADMIN                             ,FAACQ               
0120-0007886501002  ,PLASTIC PALLET BLACK D4S-1012.16                            ,      3000.00,04/23/2024,FUR. & FIXT.        ,PALLET                                            ,         4,FIXRITE PANGLAO               ,FIXRITE PANGLAO-ADMIN                             ,FAACQ               
0120-0007886501003  ,PLASTIC PALLET BLACK D4S-1012.16                            ,      3000.00,04/23/2024,FUR. & FIXT.        ,PALLET                                            ,         4,FIXRITE PANGLAO               ,FIXRITE PANGLAO-ADMIN                             ,FAACQ               
0120-0007886501004  ,PLASTIC PALLET BLACK D4S-1012.16                            ,      3000.00,04/23/2024,FUR. & FIXT.        ,PALLET                                            ,         4,FIXRITE PANGLAO               ,FIXRITE PANGLAO-ADMIN                             ,FAACQ               
0120-0007886501005  ,PLASTIC PALLET BLACK D4S-1012.16                            ,      3000.00,04/23/2024,FUR. & FIXT.        ,PALLET                                            ,         4,FIXRITE PANGLAO               ,FIXRITE PANGLAO-ADMIN                             ,FAACQ               
0120-0007886501006  ,PLASTIC PALLET BLACK D4S-1012.16                            ,      3000.00,04/23/2024,FUR. & FIXT.        ,PALLET                                            ,         4,FIXRITE PANGLAO               ,FIXRITE PANGLAO-ADMIN                             ,FAACQ               
0120-0007886501007  ,PLASTIC PALLET BLACK D4S-1012.16                            ,      3000.00,04/23/2024,FUR. & FIXT.        ,PALLET                                            ,         4,FIXRITE PANGLAO               ,FIXRITE PANGLAO-ADMIN                             ,FAACQ               
0120-0007886501008  ,PLASTIC PALLET BLACK D4S-1012.16                            ,      3000.00,04/23/2024,FUR. & FIXT.        ,PALLET                                            ,         4,FIXRITE PANGLAO               ,FIXRITE PANGLAO-ADMIN                             ,FAACQ               
0120-0007886501009  ,PLASTIC PALLET BLACK D4S-1012.16                            ,      3000.00,04/23/2024,FUR. & FIXT.        ,PALLET                                            ,         4,FIXRITE PANGLAO               ,FIXRITE PANGLAO-ADMIN                             ,FAACQ               
0120-0007886501010  ,PLASTIC PALLET BLACK D4S-1012.16                            ,      3000.00,04/23/2024,FUR. & FIXT.        ,PALLET                                            ,         4,FIXRITE PANGLAO               ,FIXRITE PANGLAO-ADMIN                             ,FAACQ               
0120-0007886501011  ,PLASTIC PALLET BLACK D4S-1012.16                            ,      3000.00,04/23/2024,FUR. & FIXT.        ,PALLET                                            ,         4,FIXRITE PANGLAO               ,FIXRITE PANGLAO-ADMIN                             ,FAACQ               
0120-0007886501012  ,PLASTIC PALLET BLACK D4S-1012.16                            ,      3000.00,04/23/2024,FUR. & FIXT.        ,PALLET                                            ,         4,FIXRITE PANGLAO               ,FIXRITE PANGLAO-ADMIN                             ,FAACQ               
0120-0007886501013  ,PLASTIC PALLET BLACK D4S-1012.16                            ,      3000.00,04/23/2024,FUR. & FIXT.        ,PALLET                                            ,         4,FIXRITE PANGLAO               ,FIXRITE PANGLAO-ADMIN                             ,FAACQ               
0120-0007886501014  ,PLASTIC PALLET BLACK D4S-1012.16                            ,      3000.00,04/23/2024,FUR. & FIXT.        ,PALLET                                            ,         4,FIXRITE PANGLAO               ,FIXRITE PANGLAO-ADMIN                             ,FAACQ               
0120-0007886501015  ,PLASTIC PALLET BLACK D4S-1012.16                            ,      3000.00,04/23/2024,FUR. & FIXT.        ,PALLET                                            ,         4,FIXRITE PANGLAO               ,FIXRITE PANGLAO-ADMIN                             ,FAACQ               
0120-0007886501016  ,PLASTIC PALLET BLACK D4S-1012.16                            ,      3000.00,04/23/2024,FUR. & FIXT.        ,PALLET                                            ,         4,FIXRITE PANGLAO               ,FIXRITE PANGLAO-ADMIN                             ,FAACQ               
0120-0007886501017  ,PLASTIC PALLET BLACK D4S-1012.16                            ,      3000.00,04/23/2024,FUR. & FIXT.        ,PALLET                                            ,         4,FIXRITE PANGLAO               ,FIXRITE PANGLAO-ADMIN                             ,FAACQ               
0120-0007886501018  ,PLASTIC PALLET BLACK D4S-1012.16                            ,      3000.00,04/23/2024,FUR. & FIXT.        ,PALLET                                            ,         4,FIXRITE PANGLAO               ,FIXRITE PANGLAO-ADMIN                             ,FAACQ               
0120-0007886501019  ,PLASTIC PALLET BLACK D4S-1012.16                            ,      3000.00,04/23/2024,FUR. & FIXT.        ,PALLET                                            ,         4,FIXRITE PANGLAO               ,FIXRITE PANGLAO-ADMIN                             ,FAACQ               
0120-0007886501020  ,PLASTIC PALLET BLACK D4S-1012.16                            ,      3000.00,04/23/2024,FUR. & FIXT.        ,PALLET                                            ,         4,FIXRITE PANGLAO               ,FIXRITE PANGLAO-ADMIN                             ,FAACQ               
0120-0007886501021  ,PLASTIC PALLET BLACK D4S-1012.16                            ,      3000.00,04/23/2024,FUR. & FIXT.        ,PALLET                                            ,         4,FIXRITE PANGLAO               ,FIXRITE PANGLAO-ADMIN                             ,FAACQ               
0120-0007886501022  ,PLASTIC PALLET BLACK D4S-1012.16                            ,      3000.00,04/23/2024,FUR. & FIXT.        ,PALLET                                            ,         4,FIXRITE PANGLAO               ,FIXRITE PANGLAO-ADMIN                             ,FAACQ               
0120-0007886501023  ,PLASTIC PALLET BLACK D4S-1012.16                            ,      3000.00,04/23/2024,FUR. & FIXT.        ,PALLET                                            ,         4,FIXRITE PANGLAO               ,FIXRITE PANGLAO-ADMIN                             ,FAACQ               
0120-0007886501024  ,PLASTIC PALLET BLACK D4S-1012.16                            ,      3000.00,04/23/2024,FUR. & FIXT.        ,PALLET                                            ,         4,FIXRITE PANGLAO               ,FIXRITE PANGLAO-ADMIN                             ,FAACQ               
0120-0007886501025  ,PLASTIC PALLET BLACK D4S-1012.16                            ,      3000.00,04/23/2024,FUR. & FIXT.        ,PALLET                                            ,         4,FIXRITE PANGLAO               ,FIXRITE PANGLAO-ADMIN                             ,FAACQ               
0120-0007886501026  ,PLASTIC PALLET BLACK D4S-1012.16                            ,      3000.00,04/23/2024,FUR. & FIXT.        ,PALLET                                            ,         4,FIXRITE PANGLAO               ,FIXRITE PANGLAO-ADMIN                             ,FAACQ               
0120-0007886501027  ,PLASTIC PALLET BLACK D4S-1012.16                            ,      3000.00,04/23/2024,FUR. & FIXT.        ,PALLET                                            ,         4,FIXRITE PANGLAO               ,FIXRITE PANGLAO-ADMIN                             ,FAACQ               
0120-0007886501028  ,PLASTIC PALLET BLACK D4S-1012.16                            ,      3000.00,04/23/2024,FUR. & FIXT.        ,PALLET                                            ,         4,FIXRITE PANGLAO               ,FIXRITE PANGLAO-ADMIN                             ,FAACQ               
0120-0007886501029  ,PLASTIC PALLET BLACK D4S-1012.16                            ,      3000.00,04/23/2024,FUR. & FIXT.        ,PALLET                                            ,         4,FIXRITE PANGLAO               ,FIXRITE PANGLAO-ADMIN                             ,FAACQ               
0120-0007886501030  ,PLASTIC PALLET BLACK D4S-1012.16                            ,      3000.00,04/23/2024,FUR. & FIXT.        ,PALLET                                            ,         4,FIXRITE PANGLAO               ,FIXRITE PANGLAO-ADMIN                             ,FAACQ               
0120-0007886501031  ,PLASTIC PALLET BLACK D4S-1012.16                            ,      3000.00,04/23/2024,FUR. & FIXT.        ,PALLET                                            ,         4,FIXRITE PANGLAO               ,FIXRITE PANGLAO-ADMIN                             ,FAACQ               
0120-0007886501032  ,PLASTIC PALLET BLACK D4S-1012.16                            ,      3000.00,04/23/2024,FUR. & FIXT.        ,PALLET                                            ,         4,FIXRITE PANGLAO               ,FIXRITE PANGLAO-ADMIN                             ,FAACQ               
0120-0007886501033  ,PLASTIC PALLET BLACK D4S-1012.16                            ,      3000.00,04/23/2024,FUR. & FIXT.        ,PALLET                                            ,         4,FIXRITE PANGLAO               ,FIXRITE PANGLAO-ADMIN                             ,FAACQ               
0120-0007886501034  ,PLASTIC PALLET BLACK D4S-1012.16                            ,      3000.00,04/23/2024,FUR. & FIXT.        ,PALLET                                            ,         4,FIXRITE PANGLAO               ,FIXRITE PANGLAO-ADMIN                             ,FAACQ               
0120-0007886501035  ,PLASTIC PALLET BLACK D4S-1012.16                            ,      3000.00,04/23/2024,FUR. & FIXT.        ,PALLET                                            ,         4,FIXRITE PANGLAO               ,FIXRITE PANGLAO-ADMIN                             ,FAACQ               
0120-0007886501036  ,PLASTIC PALLET BLACK D4S-1012.16                            ,      3000.00,04/23/2024,FUR. & FIXT.        ,PALLET                                            ,         4,FIXRITE PANGLAO               ,FIXRITE PANGLAO-ADMIN                             ,FAACQ               
0120-0007886501037  ,PLASTIC PALLET BLACK D4S-1012.16                            ,      3000.00,04/23/2024,FUR. & FIXT.        ,PALLET                                            ,         4,FIXRITE PANGLAO               ,FIXRITE PANGLAO-ADMIN                             ,FAACQ               
0120-0007886501038  ,PLASTIC PALLET BLACK D4S-1012.16                            ,      3000.00,04/23/2024,FUR. & FIXT.        ,PALLET                                            ,         4,FIXRITE PANGLAO               ,FIXRITE PANGLAO-ADMIN                             ,FAACQ               
0120-0007886501039  ,PLASTIC PALLET BLACK D4S-1012.16                            ,      3000.00,04/23/2024,FUR. & FIXT.        ,PALLET                                            ,         4,FIXRITE PANGLAO               ,FIXRITE PANGLAO-ADMIN                             ,FAACQ               
0120-0007886501040  ,PLASTIC PALLET BLACK D4S-1012.16                            ,      3000.00,04/23/2024,FUR. & FIXT.        ,PALLET                                            ,         4,FIXRITE PANGLAO               ,FIXRITE PANGLAO-ADMIN                             ,FAACQ               
0120-0007886501041  ,PLASTIC PALLET BLACK D4S-1012.16                            ,      3000.00,04/23/2024,FUR. & FIXT.        ,PALLET                                            ,         4,FIXRITE PANGLAO               ,FIXRITE PANGLAO-ADMIN                             ,FAACQ               
0120-0007886501042  ,PLASTIC PALLET BLACK D4S-1012.16                            ,      3000.00,04/23/2024,FUR. & FIXT.        ,PALLET                                            ,         4,FIXRITE PANGLAO               ,FIXRITE PANGLAO-ADMIN                             ,FAACQ               
0120-0007886501043  ,PLASTIC PALLET BLACK D4S-1012.16                            ,      3000.00,04/23/2024,FUR. & FIXT.        ,PALLET                                            ,         4,FIXRITE PANGLAO               ,FIXRITE PANGLAO-ADMIN                             ,FAACQ               
0120-0007886501044  ,PLASTIC PALLET BLACK D4S-1012.16                            ,      3000.00,04/23/2024,FUR. & FIXT.        ,PALLET                                            ,         4,FIXRITE PANGLAO               ,FIXRITE PANGLAO-ADMIN                             ,FAACQ               
0120-0007886501045  ,PLASTIC PALLET BLACK D4S-1012.16                            ,      3000.00,04/23/2024,FUR. & FIXT.        ,PALLET                                            ,         4,FIXRITE PANGLAO               ,FIXRITE PANGLAO-ADMIN                             ,FAACQ               
0120-0007886501046  ,PLASTIC PALLET BLACK D4S-1012.16                            ,      3000.00,04/23/2024,FUR. & FIXT.        ,PALLET                                            ,         4,FIXRITE PANGLAO               ,FIXRITE PANGLAO-ADMIN                             ,FAACQ               
0120-0007886501047  ,PLASTIC PALLET BLACK D4S-1012.16                            ,      3000.00,04/23/2024,FUR. & FIXT.        ,PALLET                                            ,         4,FIXRITE PANGLAO               ,FIXRITE PANGLAO-ADMIN                             ,FAACQ               
0120-0007886501048  ,PLASTIC PALLET BLACK D4S-1012.16                            ,      3000.00,04/23/2024,FUR. & FIXT.        ,PALLET                                            ,         4,FIXRITE PANGLAO               ,FIXRITE PANGLAO-ADMIN                             ,FAACQ               
0120-0007886501049  ,PLASTIC PALLET BLACK D4S-1012.16                            ,      3000.00,04/23/2024,FUR. & FIXT.        ,PALLET                                            ,         4,FIXRITE PANGLAO               ,FIXRITE PANGLAO-ADMIN                             ,FAACQ               
0120-0007886501050  ,PLASTIC PALLET BLACK D4S-1012.16                            ,      3000.00,04/23/2024,FUR. & FIXT.        ,PALLET                                            ,         4,FIXRITE PANGLAO               ,FIXRITE PANGLAO-ADMIN                             ,FAACQ               
0120-0007886501051  ,PLASTIC PALLET BLACK D4S-1012.16                            ,      3000.00,04/23/2024,FUR. & FIXT.        ,PALLET                                            ,         4,FIXRITE PANGLAO               ,FIXRITE PANGLAO-ADMIN                             ,FAACQ               
0120-0007886501052  ,PLASTIC PALLET BLACK D4S-1012.16                            ,      3000.00,04/23/2024,FUR. & FIXT.        ,PALLET                                            ,         4,FIXRITE PANGLAO               ,FIXRITE PANGLAO-ADMIN                             ,FAACQ               
0120-0007886501053  ,PLASTIC PALLET BLACK D4S-1012.16                            ,      3000.00,04/23/2024,FUR. & FIXT.        ,PALLET                                            ,         4,FIXRITE PANGLAO               ,FIXRITE PANGLAO-ADMIN                             ,FAACQ               
0120-0007886501054  ,PLASTIC PALLET BLACK D4S-1012.16                            ,      3000.00,04/23/2024,FUR. & FIXT.        ,PALLET                                            ,         4,FIXRITE PANGLAO               ,FIXRITE PANGLAO-ADMIN                             ,FAACQ               
0120-0007886501055  ,PLASTIC PALLET BLACK D4S-1012.16                            ,      3000.00,04/23/2024,FUR. & FIXT.        ,PALLET                                            ,         4,FIXRITE PANGLAO               ,FIXRITE PANGLAO-ADMIN                             ,FAACQ               
0120-0007886501056  ,PLASTIC PALLET BLACK D4S-1012.16                            ,      3000.00,04/23/2024,FUR. & FIXT.        ,PALLET                                            ,         4,FIXRITE PANGLAO               ,FIXRITE PANGLAO-ADMIN                             ,FAACQ               
0120-0007886501057  ,PLASTIC PALLET BLACK D4S-1012.16                            ,      3000.00,04/23/2024,FUR. & FIXT.        ,PALLET                                            ,         4,FIXRITE PANGLAO               ,FIXRITE PANGLAO-ADMIN                             ,FAACQ               
0120-0007886501058  ,PLASTIC PALLET BLACK D4S-1012.16                            ,      3000.00,04/23/2024,FUR. & FIXT.        ,PALLET                                            ,         4,FIXRITE PANGLAO               ,FIXRITE PANGLAO-ADMIN                             ,FAACQ               
0120-0007886501059  ,PLASTIC PALLET BLACK D4S-1012.16                            ,      3000.00,04/23/2024,FUR. & FIXT.        ,PALLET                                            ,         4,FIXRITE PANGLAO               ,FIXRITE PANGLAO-ADMIN                             ,FAACQ               
0120-0007886501060  ,PLASTIC PALLET BLACK D4S-1012.16                            ,      3000.00,04/23/2024,FUR. & FIXT.        ,PALLET                                            ,         4,FIXRITE PANGLAO               ,FIXRITE PANGLAO-ADMIN                             ,FAACQ               
0120-0007886501061  ,PLASTIC PALLET BLACK D4S-1012.16                            ,      3000.00,04/23/2024,FUR. & FIXT.        ,PALLET                                            ,         4,FIXRITE PANGLAO               ,FIXRITE PANGLAO-ADMIN                             ,FAACQ               
0120-0007886501062  ,PLASTIC PALLET BLACK D4S-1012.16                            ,      3000.00,04/23/2024,FUR. & FIXT.        ,PALLET                                            ,         4,FIXRITE PANGLAO               ,FIXRITE PANGLAO-ADMIN                             ,FAACQ               
0120-0007886501063  ,PLASTIC PALLET BLACK D4S-1012.16                            ,      3000.00,04/23/2024,FUR. & FIXT.        ,PALLET                                            ,         4,FIXRITE PANGLAO               ,FIXRITE PANGLAO-ADMIN                             ,FAACQ               
0120-0007886501064  ,PLASTIC PALLET BLACK D4S-1012.16                            ,      3000.00,04/23/2024,FUR. & FIXT.        ,PALLET                                            ,         4,FIXRITE PANGLAO               ,FIXRITE PANGLAO-ADMIN                             ,FAACQ               
0120-0007886501065  ,PLASTIC PALLET BLACK D4S-1012.16                            ,      3000.00,04/23/2024,FUR. & FIXT.        ,PALLET                                            ,         4,FIXRITE PANGLAO               ,FIXRITE PANGLAO-ADMIN                             ,FAACQ               
0120-0007886501066  ,PLASTIC PALLET BLACK D4S-1012.16                            ,      3000.00,04/23/2024,FUR. & FIXT.        ,PALLET                                            ,         4,FIXRITE PANGLAO               ,FIXRITE PANGLAO-ADMIN                             ,FAACQ               
0120-0007886501067  ,PLASTIC PALLET BLACK D4S-1012.16                            ,      3000.00,04/23/2024,FUR. & FIXT.        ,PALLET                                            ,         4,FIXRITE PANGLAO               ,FIXRITE PANGLAO-ADMIN                             ,FAACQ               
0120-0007886501068  ,PLASTIC PALLET BLACK D4S-1012.16                            ,      3000.00,04/23/2024,FUR. & FIXT.        ,PALLET                                            ,         4,FIXRITE PANGLAO               ,FIXRITE PANGLAO-ADMIN                             ,FAACQ               
0120-0007886501069  ,PLASTIC PALLET BLACK D4S-1012.16                            ,      3000.00,04/23/2024,FUR. & FIXT.        ,PALLET                                            ,         4,FIXRITE PANGLAO               ,FIXRITE PANGLAO-ADMIN                             ,FAACQ               
0120-0007886501070  ,PLASTIC PALLET BLACK D4S-1012.16                            ,      3000.00,04/23/2024,FUR. & FIXT.        ,PALLET                                            ,         4,FIXRITE PANGLAO               ,FIXRITE PANGLAO-ADMIN                             ,FAACQ               
0120-0007886501071  ,PLASTIC PALLET BLACK D4S-1012.16                            ,      3000.00,04/23/2024,FUR. & FIXT.        ,PALLET                                            ,         4,FIXRITE PANGLAO               ,FIXRITE PANGLAO-ADMIN                             ,FAACQ               
0120-0007886501072  ,PLASTIC PALLET BLACK D4S-1012.16                            ,      3000.00,04/23/2024,FUR. & FIXT.        ,PALLET                                            ,         4,FIXRITE PANGLAO               ,FIXRITE PANGLAO-ADMIN                             ,FAACQ               
0120-0007886501073  ,PLASTIC PALLET BLACK D4S-1012.16                            ,      3000.00,04/23/2024,FUR. & FIXT.        ,PALLET                                            ,         4,FIXRITE PANGLAO               ,FIXRITE PANGLAO-ADMIN                             ,FAACQ               
0120-0007886501074  ,PLASTIC PALLET BLACK D4S-1012.16                            ,      3000.00,04/23/2024,FUR. & FIXT.        ,PALLET                                            ,         4,FIXRITE PANGLAO               ,FIXRITE PANGLAO-ADMIN                             ,FAACQ               
0120-0007886501075  ,PLASTIC PALLET BLACK D4S-1012.16                            ,      3000.00,04/23/2024,FUR. & FIXT.        ,PALLET                                            ,         4,FIXRITE PANGLAO               ,FIXRITE PANGLAO-ADMIN                             ,FAACQ               
0120-0007886501076  ,PLASTIC PALLET BLACK D4S-1012.16                            ,      3000.00,04/23/2024,FUR. & FIXT.        ,PALLET                                            ,         4,FIXRITE PANGLAO               ,FIXRITE PANGLAO-ADMIN                             ,FAACQ               
0120-0007886501077  ,PLASTIC PALLET BLACK D4S-1012.16                            ,      3000.00,04/23/2024,FUR. & FIXT.        ,PALLET                                            ,         4,FIXRITE PANGLAO               ,FIXRITE PANGLAO-ADMIN                             ,FAACQ               
0120-0007886501078  ,PLASTIC PALLET BLACK D4S-1012.16                            ,      3000.00,04/23/2024,FUR. & FIXT.        ,PALLET                                            ,         4,FIXRITE PANGLAO               ,FIXRITE PANGLAO-ADMIN                             ,FAACQ               
0120-0007886501079  ,PLASTIC PALLET BLACK D4S-1012.16                            ,      3000.00,04/23/2024,FUR. & FIXT.        ,PALLET                                            ,         4,FIXRITE PANGLAO               ,FIXRITE PANGLAO-ADMIN                             ,FAACQ               
0120-0007886501080  ,PLASTIC PALLET BLACK D4S-1012.16                            ,      3000.00,04/23/2024,FUR. & FIXT.        ,PALLET                                            ,         4,FIXRITE PANGLAO               ,FIXRITE PANGLAO-ADMIN                             ,FAACQ               
0120-0007886501081  ,PLASTIC PALLET BLACK D4S-1012.16                            ,      3000.00,04/23/2024,FUR. & FIXT.        ,PALLET                                            ,         4,FIXRITE PANGLAO               ,FIXRITE PANGLAO-ADMIN                             ,FAACQ               
0120-0007886501082  ,PLASTIC PALLET BLACK D4S-1012.16                            ,      3000.00,04/23/2024,FUR. & FIXT.        ,PALLET                                            ,         4,FIXRITE PANGLAO               ,FIXRITE PANGLAO-ADMIN                             ,FAACQ               
0120-0007886501083  ,PLASTIC PALLET BLACK D4S-1012.16                            ,      3000.00,04/23/2024,FUR. & FIXT.        ,PALLET                                            ,         4,FIXRITE PANGLAO               ,FIXRITE PANGLAO-ADMIN                             ,FAACQ               
0120-0007886501084  ,PLASTIC PALLET BLACK D4S-1012.16                            ,      3000.00,04/23/2024,FUR. & FIXT.        ,PALLET                                            ,         4,FIXRITE PANGLAO               ,FIXRITE PANGLAO-ADMIN                             ,FAACQ               
0120-0007886501085  ,PLASTIC PALLET BLACK D4S-1012.16                            ,      3000.00,04/23/2024,FUR. & FIXT.        ,PALLET                                            ,         4,FIXRITE PANGLAO               ,FIXRITE PANGLAO-ADMIN                             ,FAACQ               
0120-0007886501086  ,PLASTIC PALLET BLACK D4S-1012.16                            ,      3000.00,04/23/2024,FUR. & FIXT.        ,PALLET                                            ,         4,FIXRITE PANGLAO               ,FIXRITE PANGLAO-ADMIN                             ,FAACQ               
0120-0007886501087  ,PLASTIC PALLET BLACK D4S-1012.16                            ,      3000.00,04/23/2024,FUR. & FIXT.        ,PALLET                                            ,         4,FIXRITE PANGLAO               ,FIXRITE PANGLAO-ADMIN                             ,FAACQ               
0120-0007886501088  ,PLASTIC PALLET BLACK D4S-1012.16                            ,      3000.00,04/23/2024,FUR. & FIXT.        ,PALLET                                            ,         4,FIXRITE PANGLAO               ,FIXRITE PANGLAO-ADMIN                             ,FAACQ               
0120-0007886501089  ,PLASTIC PALLET BLACK D4S-1012.16                            ,      3000.00,04/23/2024,FUR. & FIXT.        ,PALLET                                            ,         4,FIXRITE PANGLAO               ,FIXRITE PANGLAO-ADMIN                             ,FAACQ               
0120-0007886501090  ,PLASTIC PALLET BLACK D4S-1012.16                            ,      3000.00,04/23/2024,FUR. & FIXT.        ,PALLET                                            ,         4,FIXRITE PANGLAO               ,FIXRITE PANGLAO-ADMIN                             ,FAACQ               
0120-0007886501091  ,PLASTIC PALLET BLACK D4S-1012.16                            ,      3000.00,04/23/2024,FUR. & FIXT.        ,PALLET                                            ,         4,FIXRITE PANGLAO               ,FIXRITE PANGLAO-ADMIN                             ,FAACQ               
0120-0007886501092  ,PLASTIC PALLET BLACK D4S-1012.16                            ,      3000.00,04/23/2024,FUR. & FIXT.        ,PALLET                                            ,         4,FIXRITE PANGLAO               ,FIXRITE PANGLAO-ADMIN                             ,FAACQ               
0120-0007886501093  ,PLASTIC PALLET BLACK D4S-1012.16                            ,      3000.00,04/23/2024,FUR. & FIXT.        ,PALLET                                            ,         4,FIXRITE PANGLAO               ,FIXRITE PANGLAO-ADMIN                             ,FAACQ               
0120-0007886501094  ,PLASTIC PALLET BLACK D4S-1012.16                            ,      3000.00,04/23/2024,FUR. & FIXT.        ,PALLET                                            ,         4,FIXRITE PANGLAO               ,FIXRITE PANGLAO-ADMIN                             ,FAACQ               
0120-0007886501095  ,PLASTIC PALLET BLACK D4S-1012.16                            ,      3000.00,04/23/2024,FUR. & FIXT.        ,PALLET                                            ,         4,FIXRITE PANGLAO               ,FIXRITE PANGLAO-ADMIN                             ,FAACQ               
0120-0007886501096  ,PLASTIC PALLET BLACK D4S-1012.16                            ,      3000.00,04/23/2024,FUR. & FIXT.        ,PALLET                                            ,         4,FIXRITE PANGLAO               ,FIXRITE PANGLAO-ADMIN                             ,FAACQ               
0120-0007886501097  ,PLASTIC PALLET BLACK D4S-1012.16                            ,      3000.00,04/23/2024,FUR. & FIXT.        ,PALLET                                            ,         4,FIXRITE PANGLAO               ,FIXRITE PANGLAO-ADMIN                             ,FAACQ               
0120-0007886501098  ,PLASTIC PALLET BLACK D4S-1012.16                            ,      3000.00,04/23/2024,FUR. & FIXT.        ,PALLET                                            ,         4,FIXRITE PANGLAO               ,FIXRITE PANGLAO-ADMIN                             ,FAACQ               
0120-0007886501099  ,PLASTIC PALLET BLACK D4S-1012.16                            ,      3000.00,04/23/2024,FUR. & FIXT.        ,PALLET                                            ,         4,FIXRITE PANGLAO               ,FIXRITE PANGLAO-ADMIN                             ,FAACQ               
0120-0007886501100  ,PLASTIC PALLET BLACK D4S-1012.16                            ,      3000.00,04/23/2024,FUR. & FIXT.        ,PALLET                                            ,         4,FIXRITE PANGLAO               ,FIXRITE PANGLAO-ADMIN                             ,FAACQ               
0120-0007886501101  ,PLASTIC PALLET BLACK D4S-1012.16                            ,      3000.00,04/23/2024,FUR. & FIXT.        ,PALLET                                            ,         4,FIXRITE PANGLAO               ,FIXRITE PANGLAO-ADMIN                             ,FAACQ               
0120-0007886501102  ,PLASTIC PALLET BLACK D4S-1012.16                            ,      3000.00,04/23/2024,FUR. & FIXT.        ,PALLET                                            ,         4,FIXRITE PANGLAO               ,FIXRITE PANGLAO-ADMIN                             ,FAACQ               
0120-0007886501103  ,PLASTIC PALLET BLACK D4S-1012.16                            ,      3000.00,04/23/2024,FUR. & FIXT.        ,PALLET                                            ,         4,FIXRITE PANGLAO               ,FIXRITE PANGLAO-ADMIN                             ,FAACQ               
0120-0007886501104  ,PLASTIC PALLET BLACK D4S-1012.16                            ,      3000.00,04/23/2024,FUR. & FIXT.        ,PALLET                                            ,         4,FIXRITE PANGLAO               ,FIXRITE PANGLAO-ADMIN                             ,FAACQ               
0120-0007886501105  ,PLASTIC PALLET BLACK D4S-1012.16                            ,      3000.00,04/23/2024,FUR. & FIXT.        ,PALLET                                            ,         4,FIXRITE PANGLAO               ,FIXRITE PANGLAO-ADMIN                             ,FAACQ               
0120-0007886501106  ,PLASTIC PALLET BLACK D4S-1012.16                            ,      3000.00,04/23/2024,FUR. & FIXT.        ,PALLET                                            ,         4,FIXRITE PANGLAO               ,FIXRITE PANGLAO-ADMIN                             ,FAACQ               
0120-0007886501107  ,PLASTIC PALLET BLACK D4S-1012.16                            ,      3000.00,04/23/2024,FUR. & FIXT.        ,PALLET                                            ,         4,FIXRITE PANGLAO               ,FIXRITE PANGLAO-ADMIN                             ,FAACQ               
0120-0007886501108  ,PLASTIC PALLET BLACK D4S-1012.16                            ,      3000.00,04/23/2024,FUR. & FIXT.        ,PALLET                                            ,         4,FIXRITE PANGLAO               ,FIXRITE PANGLAO-ADMIN                             ,FAACQ               
0120-0007886501109  ,PLASTIC PALLET BLACK D4S-1012.16                            ,      3000.00,04/23/2024,FUR. & FIXT.        ,PALLET                                            ,         4,FIXRITE PANGLAO               ,FIXRITE PANGLAO-ADMIN                             ,FAACQ               
0120-0007886501110  ,PLASTIC PALLET BLACK D4S-1012.16                            ,      3000.00,04/23/2024,FUR. & FIXT.        ,PALLET                                            ,         4,FIXRITE PANGLAO               ,FIXRITE PANGLAO-ADMIN                             ,FAACQ               
0120-0007886501111  ,PLASTIC PALLET BLACK D4S-1012.16                            ,      3000.00,04/23/2024,FUR. & FIXT.        ,PALLET                                            ,         4,FIXRITE PANGLAO               ,FIXRITE PANGLAO-ADMIN                             ,FAACQ               
0120-0007886501112  ,PLASTIC PALLET BLACK D4S-1012.16                            ,      3000.00,04/23/2024,FUR. & FIXT.        ,PALLET                                            ,         4,FIXRITE PANGLAO               ,FIXRITE PANGLAO-ADMIN                             ,FAACQ               
0120-0007886501113  ,PLASTIC PALLET BLACK D4S-1012.16                            ,      3000.00,04/23/2024,FUR. & FIXT.        ,PALLET                                            ,         4,FIXRITE PANGLAO               ,FIXRITE PANGLAO-ADMIN                             ,FAACQ               
0120-0007886501114  ,PLASTIC PALLET BLACK D4S-1012.16                            ,      3000.00,04/23/2024,FUR. & FIXT.        ,PALLET                                            ,         4,FIXRITE PANGLAO               ,FIXRITE PANGLAO-ADMIN                             ,FAACQ               
0120-0007886501115  ,PLASTIC PALLET BLACK D4S-1012.16                            ,      3000.00,04/23/2024,FUR. & FIXT.        ,PALLET                                            ,         4,FIXRITE PANGLAO               ,FIXRITE PANGLAO-ADMIN                             ,FAACQ               
0120-0007886501116  ,PLASTIC PALLET BLACK D4S-1012.16                            ,      3000.00,04/23/2024,FUR. & FIXT.        ,PALLET                                            ,         4,FIXRITE PANGLAO               ,FIXRITE PANGLAO-ADMIN                             ,FAACQ               
0120-0007886501117  ,PLASTIC PALLET BLACK D4S-1012.16                            ,      3000.00,04/23/2024,FUR. & FIXT.        ,PALLET                                            ,         4,FIXRITE PANGLAO               ,FIXRITE PANGLAO-ADMIN                             ,FAACQ               
0120-0007886501118  ,PLASTIC PALLET BLACK D4S-1012.16                            ,      3000.00,04/23/2024,FUR. & FIXT.        ,PALLET                                            ,         4,FIXRITE PANGLAO               ,FIXRITE PANGLAO-ADMIN                             ,FAACQ               
0120-0007886501119  ,PLASTIC PALLET BLACK D4S-1012.16                            ,      3000.00,04/23/2024,FUR. & FIXT.        ,PALLET                                            ,         4,FIXRITE PANGLAO               ,FIXRITE PANGLAO-ADMIN                             ,FAACQ               
0120-0007886501120  ,PLASTIC PALLET BLACK D4S-1012.16                            ,      3000.00,04/23/2024,FUR. & FIXT.        ,PALLET                                            ,         4,FIXRITE PANGLAO               ,FIXRITE PANGLAO-ADMIN                             ,FAACQ               
0120-0007886501121  ,PLASTIC PALLET BLACK D4S-1012.16                            ,      3000.00,04/23/2024,FUR. & FIXT.        ,PALLET                                            ,         4,FIXRITE PANGLAO               ,FIXRITE PANGLAO-ADMIN                             ,FAACQ               
0120-0007886501122  ,PLASTIC PALLET BLACK D4S-1012.16                            ,      3000.00,04/23/2024,FUR. & FIXT.        ,PALLET                                            ,         4,FIXRITE PANGLAO               ,FIXRITE PANGLAO-ADMIN                             ,FAACQ               
0120-0007886501123  ,PLASTIC PALLET BLACK D4S-1012.16                            ,      3000.00,04/23/2024,FUR. & FIXT.        ,PALLET                                            ,         4,FIXRITE PANGLAO               ,FIXRITE PANGLAO-ADMIN                             ,FAACQ               
0120-0007886501124  ,PLASTIC PALLET BLACK D4S-1012.16                            ,      3000.00,04/23/2024,FUR. & FIXT.        ,PALLET                                            ,         4,FIXRITE PANGLAO               ,FIXRITE PANGLAO-ADMIN                             ,FAACQ               
0120-0007886501125  ,PLASTIC PALLET BLACK D4S-1012.16                            ,      3000.00,04/23/2024,FUR. & FIXT.        ,PALLET                                            ,         4,FIXRITE PANGLAO               ,FIXRITE PANGLAO-ADMIN                             ,FAACQ               
0120-0007886501126  ,PLASTIC PALLET BLACK D4S-1012.16                            ,      3000.00,04/23/2024,FUR. & FIXT.        ,PALLET                                            ,         4,FIXRITE PANGLAO               ,FIXRITE PANGLAO-ADMIN                             ,FAACQ               
0120-0007886501127  ,PLASTIC PALLET BLACK D4S-1012.16                            ,      3000.00,04/23/2024,FUR. & FIXT.        ,PALLET                                            ,         4,FIXRITE PANGLAO               ,FIXRITE PANGLAO-ADMIN                             ,FAACQ               
0120-0007886501128  ,PLASTIC PALLET BLACK D4S-1012.16                            ,      3000.00,04/23/2024,FUR. & FIXT.        ,PALLET                                            ,         4,FIXRITE PANGLAO               ,FIXRITE PANGLAO-ADMIN                             ,FAACQ               
0120-0007886501129  ,PLASTIC PALLET BLACK D4S-1012.16                            ,      3000.00,04/23/2024,FUR. & FIXT.        ,PALLET                                            ,         4,FIXRITE PANGLAO               ,FIXRITE PANGLAO-ADMIN                             ,FAACQ               
0120-0007886501130  ,PLASTIC PALLET BLACK D4S-1012.16                            ,      3000.00,04/23/2024,FUR. & FIXT.        ,PALLET                                            ,         4,FIXRITE PANGLAO               ,FIXRITE PANGLAO-ADMIN                             ,FAACQ               
0120-0007886501131  ,PLASTIC PALLET BLACK D4S-1012.16                            ,      3000.00,04/23/2024,FUR. & FIXT.        ,PALLET                                            ,         4,FIXRITE PANGLAO               ,FIXRITE PANGLAO-ADMIN                             ,FAACQ               
0120-0007886501132  ,PLASTIC PALLET BLACK D4S-1012.16                            ,      3000.00,04/23/2024,FUR. & FIXT.        ,PALLET                                            ,         4,FIXRITE PANGLAO               ,FIXRITE PANGLAO-ADMIN                             ,FAACQ               
0120-0007886501133  ,PLASTIC PALLET BLACK D4S-1012.16                            ,      3000.00,04/23/2024,FUR. & FIXT.        ,PALLET                                            ,         4,FIXRITE PANGLAO               ,FIXRITE PANGLAO-ADMIN                             ,FAACQ               
0120-0007886501134  ,PLASTIC PALLET BLACK D4S-1012.16                            ,      3000.00,04/23/2024,FUR. & FIXT.        ,PALLET                                            ,         4,FIXRITE PANGLAO               ,FIXRITE PANGLAO-ADMIN                             ,FAACQ               
0120-0007886501135  ,PLASTIC PALLET BLACK D4S-1012.16                            ,      3000.00,04/23/2024,FUR. & FIXT.        ,PALLET                                            ,         4,FIXRITE PANGLAO               ,FIXRITE PANGLAO-ADMIN                             ,FAACQ               
0120-0007886501136  ,PLASTIC PALLET BLACK D4S-1012.16                            ,      3000.00,04/23/2024,FUR. & FIXT.        ,PALLET                                            ,         4,FIXRITE PANGLAO               ,FIXRITE PANGLAO-ADMIN                             ,FAACQ               
0120-0007886501137  ,PLASTIC PALLET BLACK D4S-1012.16                            ,      3000.00,04/23/2024,FUR. & FIXT.        ,PALLET                                            ,         4,FIXRITE PANGLAO               ,FIXRITE PANGLAO-ADMIN                             ,FAACQ               
0120-0007886501138  ,PLASTIC PALLET BLACK D4S-1012.16                            ,      3000.00,04/23/2024,FUR. & FIXT.        ,PALLET                                            ,         4,FIXRITE PANGLAO               ,FIXRITE PANGLAO-ADMIN                             ,FAACQ               
0120-0007886501139  ,PLASTIC PALLET BLACK D4S-1012.16                            ,      3000.00,04/23/2024,FUR. & FIXT.        ,PALLET                                            ,         4,FIXRITE PANGLAO               ,FIXRITE PANGLAO-ADMIN                             ,FAACQ               
0120-0007886501140  ,PLASTIC PALLET BLACK D4S-1012.16                            ,      3000.00,04/23/2024,FUR. & FIXT.        ,PALLET                                            ,         4,FIXRITE PANGLAO               ,FIXRITE PANGLAO-ADMIN                             ,FAACQ               
0120-0007886501141  ,PLASTIC PALLET BLACK D4S-1012.16                            ,      3000.00,04/23/2024,FUR. & FIXT.        ,PALLET                                            ,         4,FIXRITE PANGLAO               ,FIXRITE PANGLAO-ADMIN                             ,FAACQ               
0120-0007886501142  ,PLASTIC PALLET BLACK D4S-1012.16                            ,      3000.00,04/23/2024,FUR. & FIXT.        ,PALLET                                            ,         4,FIXRITE PANGLAO               ,FIXRITE PANGLAO-ADMIN                             ,FAACQ               
0120-0007886501143  ,PLASTIC PALLET BLACK D4S-1012.16                            ,      3000.00,04/23/2024,FUR. & FIXT.        ,PALLET                                            ,         4,FIXRITE PANGLAO               ,FIXRITE PANGLAO-ADMIN                             ,FAACQ               
0120-0007886501144  ,PLASTIC PALLET BLACK D4S-1012.16                            ,      3000.00,04/23/2024,FUR. & FIXT.        ,PALLET                                            ,         4,FIXRITE PANGLAO               ,FIXRITE PANGLAO-ADMIN                             ,FAACQ               
0120-0007886501145  ,PLASTIC PALLET BLACK D4S-1012.16                            ,      3000.00,04/23/2024,FUR. & FIXT.        ,PALLET                                            ,         4,FIXRITE PANGLAO               ,FIXRITE PANGLAO-ADMIN                             ,FAACQ               
0120-0007886501146  ,PLASTIC PALLET BLACK D4S-1012.16                            ,      3000.00,04/23/2024,FUR. & FIXT.        ,PALLET                                            ,         4,FIXRITE PANGLAO               ,FIXRITE PANGLAO-ADMIN                             ,FAACQ               
0120-0007886501147  ,PLASTIC PALLET BLACK D4S-1012.16                            ,      3000.00,04/23/2024,FUR. & FIXT.        ,PALLET                                            ,         4,FIXRITE PANGLAO               ,FIXRITE PANGLAO-ADMIN                             ,FAACQ               
0120-0007886501148  ,PLASTIC PALLET BLACK D4S-1012.16                            ,      3000.00,04/23/2024,FUR. & FIXT.        ,PALLET                                            ,         4,FIXRITE PANGLAO               ,FIXRITE PANGLAO-ADMIN                             ,FAACQ               
0120-0007886501149  ,PLASTIC PALLET BLACK D4S-1012.16                            ,      3000.00,04/23/2024,FUR. & FIXT.        ,PALLET                                            ,         4,FIXRITE PANGLAO               ,FIXRITE PANGLAO-ADMIN                             ,FAACQ               
0120-0007886501150  ,PLASTIC PALLET BLACK D4S-1012.16                            ,      3000.00,04/23/2024,FUR. & FIXT.        ,PALLET                                            ,         4,FIXRITE PANGLAO               ,FIXRITE PANGLAO-ADMIN                             ,FAACQ               
0120-0007886501151  ,PLASTIC PALLET BLACK D4S-1012.16                            ,      3000.00,04/23/2024,FUR. & FIXT.        ,PALLET                                            ,         4,FIXRITE PANGLAO               ,FIXRITE PANGLAO-ADMIN                             ,FAACQ               
0120-0007886501152  ,PLASTIC PALLET BLACK D4S-1012.16                            ,      3000.00,04/23/2024,FUR. & FIXT.        ,PALLET                                            ,         4,FIXRITE PANGLAO               ,FIXRITE PANGLAO-ADMIN                             ,FAACQ               
0120-0007886501153  ,PLASTIC PALLET BLACK D4S-1012.16                            ,      3000.00,04/23/2024,FUR. & FIXT.        ,PALLET                                            ,         4,FIXRITE PANGLAO               ,FIXRITE PANGLAO-ADMIN                             ,FAACQ               
0120-0007886501154  ,PLASTIC PALLET BLACK D4S-1012.16                            ,      3000.00,04/23/2024,FUR. & FIXT.        ,PALLET                                            ,         4,FIXRITE PANGLAO               ,FIXRITE PANGLAO-ADMIN                             ,FAACQ               
0120-0007886501155  ,PLASTIC PALLET BLACK D4S-1012.16                            ,      3000.00,04/23/2024,FUR. & FIXT.        ,PALLET                                            ,         4,FIXRITE PANGLAO               ,FIXRITE PANGLAO-ADMIN                             ,FAACQ               
0120-0007886501156  ,PLASTIC PALLET BLACK D4S-1012.16                            ,      3000.00,04/23/2024,FUR. & FIXT.        ,PALLET                                            ,         4,FIXRITE PANGLAO               ,FIXRITE PANGLAO-ADMIN                             ,FAACQ               
0120-0007886501157  ,PLASTIC PALLET BLACK D4S-1012.16                            ,      3000.00,04/23/2024,FUR. & FIXT.        ,PALLET                                            ,         4,FIXRITE PANGLAO               ,FIXRITE PANGLAO-ADMIN                             ,FAACQ               
0120-0007886501158  ,PLASTIC PALLET BLACK D4S-1012.16                            ,      3000.00,04/23/2024,FUR. & FIXT.        ,PALLET                                            ,         4,FIXRITE PANGLAO               ,FIXRITE PANGLAO-ADMIN                             ,FAACQ               
0120-0007886501159  ,PLASTIC PALLET BLACK D4S-1012.16                            ,      3000.00,04/23/2024,FUR. & FIXT.        ,PALLET                                            ,         4,FIXRITE PANGLAO               ,FIXRITE PANGLAO-ADMIN                             ,FAACQ               
0120-0007886501160  ,PLASTIC PALLET BLACK D4S-1012.16                            ,      3000.00,04/23/2024,FUR. & FIXT.        ,PALLET                                            ,         4,FIXRITE PANGLAO               ,FIXRITE PANGLAO-ADMIN                             ,FAACQ               
0120-0007886501161  ,PLASTIC PALLET BLACK D4S-1012.16                            ,      3000.00,04/23/2024,FUR. & FIXT.        ,PALLET                                            ,         4,FIXRITE PANGLAO               ,FIXRITE PANGLAO-ADMIN                             ,FAACQ               
0120-0007886501162  ,PLASTIC PALLET BLACK D4S-1012.16                            ,      3000.00,04/23/2024,FUR. & FIXT.        ,PALLET                                            ,         4,FIXRITE PANGLAO               ,FIXRITE PANGLAO-ADMIN                             ,FAACQ               
0120-0007886501163  ,PLASTIC PALLET BLACK D4S-1012.16                            ,      3000.00,04/23/2024,FUR. & FIXT.        ,PALLET                                            ,         4,FIXRITE PANGLAO               ,FIXRITE PANGLAO-ADMIN                             ,FAACQ               
0120-0007886501164  ,PLASTIC PALLET BLACK D4S-1012.16                            ,      3000.00,04/23/2024,FUR. & FIXT.        ,PALLET                                            ,         4,FIXRITE PANGLAO               ,FIXRITE PANGLAO-ADMIN                             ,FAACQ               
0120-0007886501165  ,PLASTIC PALLET BLACK D4S-1012.16                            ,      3000.00,04/23/2024,FUR. & FIXT.        ,PALLET                                            ,         4,FIXRITE PANGLAO               ,FIXRITE PANGLAO-ADMIN                             ,FAACQ               
0120-0007886501166  ,PLASTIC PALLET BLACK D4S-1012.16                            ,      3000.00,04/23/2024,FUR. & FIXT.        ,PALLET                                            ,         4,FIXRITE PANGLAO               ,FIXRITE PANGLAO-ADMIN                             ,FAACQ               
0120-0007886501167  ,PLASTIC PALLET BLACK D4S-1012.16                            ,      3000.00,04/23/2024,FUR. & FIXT.        ,PALLET                                            ,         4,FIXRITE PANGLAO               ,FIXRITE PANGLAO-ADMIN                             ,FAACQ               
0120-0007886501168  ,PLASTIC PALLET BLACK D4S-1012.16                            ,      3000.00,04/23/2024,FUR. & FIXT.        ,PALLET                                            ,         4,FIXRITE PANGLAO               ,FIXRITE PANGLAO-ADMIN                             ,FAACQ               
0120-0007886501169  ,PLASTIC PALLET BLACK D4S-1012.16                            ,      3000.00,04/23/2024,FUR. & FIXT.        ,PALLET                                            ,         4,FIXRITE PANGLAO               ,FIXRITE PANGLAO-ADMIN                             ,FAACQ               
0120-0007886501170  ,PLASTIC PALLET BLACK D4S-1012.16                            ,      3000.00,04/23/2024,FUR. & FIXT.        ,PALLET                                            ,         4,FIXRITE PANGLAO               ,FIXRITE PANGLAO-ADMIN                             ,FAACQ               
0120-0007886501171  ,PLASTIC PALLET BLACK D4S-1012.16                            ,      3000.00,04/23/2024,FUR. & FIXT.        ,PALLET                                            ,         4,FIXRITE PANGLAO               ,FIXRITE PANGLAO-ADMIN                             ,FAACQ               
0120-0007886501172  ,PLASTIC PALLET BLACK D4S-1012.16                            ,      3000.00,04/23/2024,FUR. & FIXT.        ,PALLET                                            ,         4,FIXRITE PANGLAO               ,FIXRITE PANGLAO-ADMIN                             ,FAACQ               
0120-0007886501173  ,PLASTIC PALLET BLACK D4S-1012.16                            ,      3000.00,04/23/2024,FUR. & FIXT.        ,PALLET                                            ,         4,FIXRITE PANGLAO               ,FIXRITE PANGLAO-ADMIN                             ,FAACQ               
0120-0007886501174  ,PLASTIC PALLET BLACK D4S-1012.16                            ,      3000.00,04/23/2024,FUR. & FIXT.        ,PALLET                                            ,         4,FIXRITE PANGLAO               ,FIXRITE PANGLAO-ADMIN                             ,FAACQ               
0120-0007886501175  ,PLASTIC PALLET BLACK D4S-1012.16                            ,      3000.00,04/23/2024,FUR. & FIXT.        ,PALLET                                            ,         4,FIXRITE PANGLAO               ,FIXRITE PANGLAO-ADMIN                             ,FAACQ               
0120-0007886501176  ,PLASTIC PALLET BLACK D4S-1012.16                            ,      3000.00,04/23/2024,FUR. & FIXT.        ,PALLET                                            ,         4,FIXRITE PANGLAO               ,FIXRITE PANGLAO-ADMIN                             ,FAACQ               
0120-0007886501177  ,PLASTIC PALLET BLACK D4S-1012.16                            ,      3000.00,04/23/2024,FUR. & FIXT.        ,PALLET                                            ,         4,FIXRITE PANGLAO               ,FIXRITE PANGLAO-ADMIN                             ,FAACQ               
0120-0007886501178  ,PLASTIC PALLET BLACK D4S-1012.16                            ,      3000.00,04/23/2024,FUR. & FIXT.        ,PALLET                                            ,         4,FIXRITE PANGLAO               ,FIXRITE PANGLAO-ADMIN                             ,FAACQ               
0120-0007886501179  ,PLASTIC PALLET BLACK D4S-1012.16                            ,      3000.00,04/23/2024,FUR. & FIXT.        ,PALLET                                            ,         4,FIXRITE PANGLAO               ,FIXRITE PANGLAO-ADMIN                             ,FAACQ               
0120-0007886501180  ,PLASTIC PALLET BLACK D4S-1012.16                            ,      3000.00,04/23/2024,FUR. & FIXT.        ,PALLET                                            ,         4,FIXRITE PANGLAO               ,FIXRITE PANGLAO-ADMIN                             ,FAACQ               
0120-0007886501181  ,PLASTIC PALLET BLACK D4S-1012.16                            ,      3000.00,04/23/2024,FUR. & FIXT.        ,PALLET                                            ,         4,FIXRITE PANGLAO               ,FIXRITE PANGLAO-ADMIN                             ,FAACQ               
0120-0007886501182  ,PLASTIC PALLET BLACK D4S-1012.16                            ,      3000.00,04/23/2024,FUR. & FIXT.        ,PALLET                                            ,         4,FIXRITE PANGLAO               ,FIXRITE PANGLAO-ADMIN                             ,FAACQ               
0120-0007886501183  ,PLASTIC PALLET BLACK D4S-1012.16                            ,      3000.00,04/23/2024,FUR. & FIXT.        ,PALLET                                            ,         4,FIXRITE PANGLAO               ,FIXRITE PANGLAO-ADMIN                             ,FAACQ               
0120-0007886501184  ,PLASTIC PALLET BLACK D4S-1012.16                            ,      3000.00,04/23/2024,FUR. & FIXT.        ,PALLET                                            ,         4,FIXRITE PANGLAO               ,FIXRITE PANGLAO-ADMIN                             ,FAACQ               
0120-0007886501185  ,PLASTIC PALLET BLACK D4S-1012.16                            ,      3000.00,04/23/2024,FUR. & FIXT.        ,PALLET                                            ,         4,FIXRITE PANGLAO               ,FIXRITE PANGLAO-ADMIN                             ,FAACQ               
0120-0007886501186  ,PLASTIC PALLET BLACK D4S-1012.16                            ,      3000.00,04/23/2024,FUR. & FIXT.        ,PALLET                                            ,         4,FIXRITE PANGLAO               ,FIXRITE PANGLAO-ADMIN                             ,FAACQ               
0120-0007886501187  ,PLASTIC PALLET BLACK D4S-1012.16                            ,      3000.00,04/23/2024,FUR. & FIXT.        ,PALLET                                            ,         4,FIXRITE PANGLAO               ,FIXRITE PANGLAO-ADMIN                             ,FAACQ               
0120-0007886501188  ,PLASTIC PALLET BLACK D4S-1012.16                            ,      3000.00,04/23/2024,FUR. & FIXT.        ,PALLET                                            ,         4,FIXRITE PANGLAO               ,FIXRITE PANGLAO-ADMIN                             ,FAACQ               
0120-0007886501189  ,PLASTIC PALLET BLACK D4S-1012.16                            ,      3000.00,04/23/2024,FUR. & FIXT.        ,PALLET                                            ,         4,FIXRITE PANGLAO               ,FIXRITE PANGLAO-ADMIN                             ,FAACQ               
0120-0007886501190  ,PLASTIC PALLET BLACK D4S-1012.16                            ,      3000.00,04/23/2024,FUR. & FIXT.        ,PALLET                                            ,         4,FIXRITE PANGLAO               ,FIXRITE PANGLAO-ADMIN                             ,FAACQ               
0120-0007886501191  ,PLASTIC PALLET BLACK D4S-1012.16                            ,      3000.00,04/23/2024,FUR. & FIXT.        ,PALLET                                            ,         4,FIXRITE PANGLAO               ,FIXRITE PANGLAO-ADMIN                             ,FAACQ               
0120-0007886501192  ,PLASTIC PALLET BLACK D4S-1012.16                            ,      3000.00,04/23/2024,FUR. & FIXT.        ,PALLET                                            ,         4,FIXRITE PANGLAO               ,FIXRITE PANGLAO-ADMIN                             ,FAACQ               
0120-0007886501193  ,PLASTIC PALLET BLACK D4S-1012.16                            ,      3000.00,04/23/2024,FUR. & FIXT.        ,PALLET                                            ,         4,FIXRITE PANGLAO               ,FIXRITE PANGLAO-ADMIN                             ,FAACQ               
0120-0007886501194  ,PLASTIC PALLET BLACK D4S-1012.16                            ,      3000.00,04/23/2024,FUR. & FIXT.        ,PALLET                                            ,         4,FIXRITE PANGLAO               ,FIXRITE PANGLAO-ADMIN                             ,FAACQ               
0120-0007886501195  ,PLASTIC PALLET BLACK D4S-1012.16                            ,      3000.00,04/23/2024,FUR. & FIXT.        ,PALLET                                            ,         4,FIXRITE PANGLAO               ,FIXRITE PANGLAO-ADMIN                             ,FAACQ               
0120-0007886501196  ,PLASTIC PALLET BLACK D4S-1012.16                            ,      3000.00,04/23/2024,FUR. & FIXT.        ,PALLET                                            ,         4,FIXRITE PANGLAO               ,FIXRITE PANGLAO-ADMIN                             ,FAACQ               
0120-0007886501197  ,PLASTIC PALLET BLACK D4S-1012.16                            ,      3000.00,04/23/2024,FUR. & FIXT.        ,PALLET                                            ,         4,FIXRITE PANGLAO               ,FIXRITE PANGLAO-ADMIN                             ,FAACQ               
0120-0007886501198  ,PLASTIC PALLET BLACK D4S-1012.16                            ,      3000.00,04/23/2024,FUR. & FIXT.        ,PALLET                                            ,         4,FIXRITE PANGLAO               ,FIXRITE PANGLAO-ADMIN                             ,FAACQ               
0120-0007886501199  ,PLASTIC PALLET BLACK D4S-1012.16                            ,      3000.00,04/23/2024,FUR. & FIXT.        ,PALLET                                            ,         4,FIXRITE PANGLAO               ,FIXRITE PANGLAO-ADMIN                             ,FAACQ               
0120-0007886501200  ,PLASTIC PALLET BLACK D4S-1012.16                            ,      3000.00,04/23/2024,FUR. & FIXT.        ,PALLET                                            ,         4,FIXRITE PANGLAO               ,FIXRITE PANGLAO-ADMIN                             ,FAACQ               
0120-0007886501201  ,PLASTIC PALLET BLACK D4S-1012.16                            ,      3000.00,04/23/2024,FUR. & FIXT.        ,PALLET                                            ,         4,FIXRITE PANGLAO               ,FIXRITE PANGLAO-ADMIN                             ,FAACQ               
0120-0007886501202  ,PLASTIC PALLET BLACK D4S-1012.16                            ,      3000.00,04/23/2024,FUR. & FIXT.        ,PALLET                                            ,         4,FIXRITE PANGLAO               ,FIXRITE PANGLAO-ADMIN                             ,FAACQ               
0120-0007886501203  ,PLASTIC PALLET BLACK D4S-1012.16                            ,      3000.00,04/23/2024,FUR. & FIXT.        ,PALLET                                            ,         4,FIXRITE PANGLAO               ,FIXRITE PANGLAO-ADMIN                             ,FAACQ               
0120-0007886501204  ,PLASTIC PALLET BLACK D4S-1012.16                            ,      3000.00,04/23/2024,FUR. & FIXT.        ,PALLET                                            ,         4,FIXRITE PANGLAO               ,FIXRITE PANGLAO-ADMIN                             ,FAACQ               
0120-0007886501205  ,PLASTIC PALLET BLACK D4S-1012.16                            ,      3000.00,04/23/2024,FUR. & FIXT.        ,PALLET                                            ,         4,FIXRITE PANGLAO               ,FIXRITE PANGLAO-ADMIN                             ,FAACQ               
0120-0007886501206  ,PLASTIC PALLET BLACK D4S-1012.16                            ,      3000.00,04/23/2024,FUR. & FIXT.        ,PALLET                                            ,         4,FIXRITE PANGLAO               ,FIXRITE PANGLAO-ADMIN                             ,FAACQ               
0120-0007886501207  ,PLASTIC PALLET BLACK D4S-1012.16                            ,      3000.00,04/23/2024,FUR. & FIXT.        ,PALLET                                            ,         4,FIXRITE PANGLAO               ,FIXRITE PANGLAO-ADMIN                             ,FAACQ               
0120-0007886501208  ,PLASTIC PALLET BLACK D4S-1012.16                            ,      3000.00,04/23/2024,FUR. & FIXT.        ,PALLET                                            ,         4,FIXRITE PANGLAO               ,FIXRITE PANGLAO-ADMIN                             ,FAACQ               
0120-0007886501209  ,PLASTIC PALLET BLACK D4S-1012.16                            ,      3000.00,04/23/2024,FUR. & FIXT.        ,PALLET                                            ,         4,FIXRITE PANGLAO               ,FIXRITE PANGLAO-ADMIN                             ,FAACQ               
0120-0007886501210  ,PLASTIC PALLET BLACK D4S-1012.16                            ,      3000.00,04/23/2024,FUR. & FIXT.        ,PALLET                                            ,         4,FIXRITE PANGLAO               ,FIXRITE PANGLAO-ADMIN                             ,FAACQ               
0120-0007886501211  ,PLASTIC PALLET BLACK D4S-1012.16                            ,      3000.00,04/23/2024,FUR. & FIXT.        ,PALLET                                            ,         4,FIXRITE PANGLAO               ,FIXRITE PANGLAO-ADMIN                             ,FAACQ               
0120-0007886501212  ,PLASTIC PALLET BLACK D4S-1012.16                            ,      3000.00,04/23/2024,FUR. & FIXT.        ,PALLET                                            ,         4,FIXRITE PANGLAO               ,FIXRITE PANGLAO-ADMIN                             ,FAACQ               
0120-0007886501213  ,PLASTIC PALLET BLACK D4S-1012.16                            ,      3000.00,04/23/2024,FUR. & FIXT.        ,PALLET                                            ,         4,FIXRITE PANGLAO               ,FIXRITE PANGLAO-ADMIN                             ,FAACQ               
0120-0007886501214  ,PLASTIC PALLET BLACK D4S-1012.16                            ,      3000.00,04/23/2024,FUR. & FIXT.        ,PALLET                                            ,         4,FIXRITE PANGLAO               ,FIXRITE PANGLAO-ADMIN                             ,FAACQ               
0120-0007886501215  ,PLASTIC PALLET BLACK D4S-1012.16                            ,      3000.00,04/23/2024,FUR. & FIXT.        ,PALLET                                            ,         4,FIXRITE PANGLAO               ,FIXRITE PANGLAO-ADMIN                             ,FAACQ               
0120-0007886501216  ,PLASTIC PALLET BLACK D4S-1012.16                            ,      3000.00,04/23/2024,FUR. & FIXT.        ,PALLET                                            ,         4,FIXRITE PANGLAO               ,FIXRITE PANGLAO-ADMIN                             ,FAACQ               
0120-0007886501217  ,PLASTIC PALLET BLACK D4S-1012.16                            ,      3000.00,04/23/2024,FUR. & FIXT.        ,PALLET                                            ,         4,FIXRITE PANGLAO               ,FIXRITE PANGLAO-ADMIN                             ,FAACQ               
0120-0007886501218  ,PLASTIC PALLET BLACK D4S-1012.16                            ,      3000.00,04/23/2024,FUR. & FIXT.        ,PALLET                                            ,         4,FIXRITE PANGLAO               ,FIXRITE PANGLAO-ADMIN                             ,FAACQ               
0120-0007886501219  ,PLASTIC PALLET BLACK D4S-1012.16                            ,      3000.00,04/23/2024,FUR. & FIXT.        ,PALLET                                            ,         4,FIXRITE PANGLAO               ,FIXRITE PANGLAO-ADMIN                             ,FAACQ               
0120-0007886501220  ,PLASTIC PALLET BLACK D4S-1012.16                            ,      3000.00,04/23/2024,FUR. & FIXT.        ,PALLET                                            ,         4,FIXRITE PANGLAO               ,FIXRITE PANGLAO-ADMIN                             ,FAACQ               
0120-0007886501221  ,PLASTIC PALLET BLACK D4S-1012.16                            ,      3000.00,04/23/2024,FUR. & FIXT.        ,PALLET                                            ,         4,FIXRITE PANGLAO               ,FIXRITE PANGLAO-ADMIN                             ,FAACQ               
0120-0007886501222  ,PLASTIC PALLET BLACK D4S-1012.16                            ,      3000.00,04/23/2024,FUR. & FIXT.        ,PALLET                                            ,         4,FIXRITE PANGLAO               ,FIXRITE PANGLAO-ADMIN                             ,FAACQ               
0120-0007886501223  ,PLASTIC PALLET BLACK D4S-1012.16                            ,      3000.00,04/23/2024,FUR. & FIXT.        ,PALLET                                            ,         4,FIXRITE PANGLAO               ,FIXRITE PANGLAO-ADMIN                             ,FAACQ               
0120-0007886501224  ,PLASTIC PALLET BLACK D4S-1012.16                            ,      3000.00,04/23/2024,FUR. & FIXT.        ,PALLET                                            ,         4,FIXRITE PANGLAO               ,FIXRITE PANGLAO-ADMIN                             ,FAACQ               
0120-0007886501225  ,PLASTIC PALLET BLACK D4S-1012.16                            ,      3000.00,04/23/2024,FUR. & FIXT.        ,PALLET                                            ,         4,FIXRITE PANGLAO               ,FIXRITE PANGLAO-ADMIN                             ,FAACQ               
0120-0007886501226  ,PLASTIC PALLET BLACK D4S-1012.16                            ,      3000.00,04/23/2024,FUR. & FIXT.        ,PALLET                                            ,         4,FIXRITE PANGLAO               ,FIXRITE PANGLAO-ADMIN                             ,FAACQ               
0120-0007886501227  ,PLASTIC PALLET BLACK D4S-1012.16                            ,      3000.00,04/23/2024,FUR. & FIXT.        ,PALLET                                            ,         4,FIXRITE PANGLAO               ,FIXRITE PANGLAO-ADMIN                             ,FAACQ               
0120-0007886501228  ,PLASTIC PALLET BLACK D4S-1012.16                            ,      3000.00,04/23/2024,FUR. & FIXT.        ,PALLET                                            ,         4,FIXRITE PANGLAO               ,FIXRITE PANGLAO-ADMIN                             ,FAACQ               
0120-0007886501229  ,PLASTIC PALLET BLACK D4S-1012.16                            ,      3000.00,04/23/2024,FUR. & FIXT.        ,PALLET                                            ,         4,FIXRITE PANGLAO               ,FIXRITE PANGLAO-ADMIN                             ,FAACQ               
0120-0007886501230  ,PLASTIC PALLET BLACK D4S-1012.16                            ,      3000.00,04/23/2024,FUR. & FIXT.        ,PALLET                                            ,         4,FIXRITE PANGLAO               ,FIXRITE PANGLAO-ADMIN                             ,FAACQ               
0120-0007886501231  ,PLASTIC PALLET BLACK D4S-1012.16                            ,      3000.00,04/23/2024,FUR. & FIXT.        ,PALLET                                            ,         4,FIXRITE PANGLAO               ,FIXRITE PANGLAO-ADMIN                             ,FAACQ               
0120-0007886501232  ,PLASTIC PALLET BLACK D4S-1012.16                            ,      3000.00,04/23/2024,FUR. & FIXT.        ,PALLET                                            ,         4,FIXRITE PANGLAO               ,FIXRITE PANGLAO-ADMIN                             ,FAACQ               
0120-0007886501233  ,PLASTIC PALLET BLACK D4S-1012.16                            ,      3000.00,04/23/2024,FUR. & FIXT.        ,PALLET                                            ,         4,FIXRITE PANGLAO               ,FIXRITE PANGLAO-ADMIN                             ,FAACQ               
0120-0007886501234  ,PLASTIC PALLET BLACK D4S-1012.16                            ,      3000.00,04/23/2024,FUR. & FIXT.        ,PALLET                                            ,         4,FIXRITE PANGLAO               ,FIXRITE PANGLAO-ADMIN                             ,FAACQ               
0120-0007886501235  ,PLASTIC PALLET BLACK D4S-1012.16                            ,      3000.00,04/23/2024,FUR. & FIXT.        ,PALLET                                            ,         4,FIXRITE PANGLAO               ,FIXRITE PANGLAO-ADMIN                             ,FAACQ               
0120-0007886501236  ,PLASTIC PALLET BLACK D4S-1012.16                            ,      3000.00,04/23/2024,FUR. & FIXT.        ,PALLET                                            ,         4,FIXRITE PANGLAO               ,FIXRITE PANGLAO-ADMIN                             ,FAACQ               
0120-0007886501237  ,PLASTIC PALLET BLACK D4S-1012.16                            ,      3000.00,04/23/2024,FUR. & FIXT.        ,PALLET                                            ,         4,FIXRITE PANGLAO               ,FIXRITE PANGLAO-ADMIN                             ,FAACQ               
0120-0007886501238  ,PLASTIC PALLET BLACK D4S-1012.16                            ,      3000.00,04/23/2024,FUR. & FIXT.        ,PALLET                                            ,         4,FIXRITE PANGLAO               ,FIXRITE PANGLAO-ADMIN                             ,FAACQ               
0120-0007886501239  ,PLASTIC PALLET BLACK D4S-1012.16                            ,      3000.00,04/23/2024,FUR. & FIXT.        ,PALLET                                            ,         4,FIXRITE PANGLAO               ,FIXRITE PANGLAO-ADMIN                             ,FAACQ               
0120-0007886501240  ,PLASTIC PALLET BLACK D4S-1012.16                            ,      3000.00,04/23/2024,FUR. & FIXT.        ,PALLET                                            ,         4,FIXRITE PANGLAO               ,FIXRITE PANGLAO-ADMIN                             ,FAACQ               
0120-0007886501241  ,PLASTIC PALLET BLACK D4S-1012.16                            ,      3000.00,04/23/2024,FUR. & FIXT.        ,PALLET                                            ,         4,FIXRITE PANGLAO               ,FIXRITE PANGLAO-ADMIN                             ,FAACQ               
0120-0007886501242  ,PLASTIC PALLET BLACK D4S-1012.16                            ,      3000.00,04/23/2024,FUR. & FIXT.        ,PALLET                                            ,         4,FIXRITE PANGLAO               ,FIXRITE PANGLAO-ADMIN                             ,FAACQ               
0120-0007886501243  ,PLASTIC PALLET BLACK D4S-1012.16                            ,      3000.00,04/23/2024,FUR. & FIXT.        ,PALLET                                            ,         4,FIXRITE PANGLAO               ,FIXRITE PANGLAO-ADMIN                             ,FAACQ               
0120-0007886501244  ,PLASTIC PALLET BLACK D4S-1012.16                            ,      3000.00,04/23/2024,FUR. & FIXT.        ,PALLET                                            ,         4,FIXRITE PANGLAO               ,FIXRITE PANGLAO-ADMIN                             ,FAACQ               
0120-0007886501245  ,PLASTIC PALLET BLACK D4S-1012.16                            ,      3000.00,04/23/2024,FUR. & FIXT.        ,PALLET                                            ,         4,FIXRITE PANGLAO               ,FIXRITE PANGLAO-ADMIN                             ,FAACQ               
0120-0007886501246  ,PLASTIC PALLET BLACK D4S-1012.16                            ,      3000.00,04/23/2024,FUR. & FIXT.        ,PALLET                                            ,         4,FIXRITE PANGLAO               ,FIXRITE PANGLAO-ADMIN                             ,FAACQ               
0120-0007886501247  ,PLASTIC PALLET BLACK D4S-1012.16                            ,      3000.00,04/23/2024,FUR. & FIXT.        ,PALLET                                            ,         4,FIXRITE PANGLAO               ,FIXRITE PANGLAO-ADMIN                             ,FAACQ               
0120-0007886501248  ,PLASTIC PALLET BLACK D4S-1012.16                            ,      3000.00,04/23/2024,FUR. & FIXT.        ,PALLET                                            ,         4,FIXRITE PANGLAO               ,FIXRITE PANGLAO-ADMIN                             ,FAACQ               
0120-0007886501249  ,PLASTIC PALLET BLACK D4S-1012.16                            ,      3000.00,04/23/2024,FUR. & FIXT.        ,PALLET                                            ,         4,FIXRITE PANGLAO               ,FIXRITE PANGLAO-ADMIN                             ,FAACQ               
0120-0007886501250  ,PLASTIC PALLET BLACK D4S-1012.16                            ,      3000.00,04/23/2024,FUR. & FIXT.        ,PALLET                                            ,         4,FIXRITE PANGLAO               ,FIXRITE PANGLAO-ADMIN                             ,FAACQ               
0120-0007886501251  ,PLASTIC PALLET BLACK D4S-1012.16                            ,      3000.00,04/23/2024,FUR. & FIXT.        ,PALLET                                            ,         4,FIXRITE PANGLAO               ,FIXRITE PANGLAO-ADMIN                             ,FAACQ               
0120-0007886501252  ,PLASTIC PALLET BLACK D4S-1012.16                            ,      3000.00,04/23/2024,FUR. & FIXT.        ,PALLET                                            ,         4,FIXRITE PANGLAO               ,FIXRITE PANGLAO-ADMIN                             ,FAACQ               
0120-0007886501253  ,PLASTIC PALLET BLACK D4S-1012.16                            ,      3000.00,04/23/2024,FUR. & FIXT.        ,PALLET                                            ,         4,FIXRITE PANGLAO               ,FIXRITE PANGLAO-ADMIN                             ,FAACQ               
0120-0007886501254  ,PLASTIC PALLET BLACK D4S-1012.16                            ,      3000.00,04/23/2024,FUR. & FIXT.        ,PALLET                                            ,         4,FIXRITE PANGLAO               ,FIXRITE PANGLAO-ADMIN                             ,FAACQ               
0120-0007886501255  ,PLASTIC PALLET BLACK D4S-1012.16                            ,      3000.00,04/23/2024,FUR. & FIXT.        ,PALLET                                            ,         4,FIXRITE PANGLAO               ,FIXRITE PANGLAO-ADMIN                             ,FAACQ               
0120-0007886501256  ,PLASTIC PALLET BLACK D4S-1012.16                            ,      3000.00,04/23/2024,FUR. & FIXT.        ,PALLET                                            ,         4,FIXRITE PANGLAO               ,FIXRITE PANGLAO-ADMIN                             ,FAACQ               
0120-0007886501257  ,PLASTIC PALLET BLACK D4S-1012.16                            ,      3000.00,04/23/2024,FUR. & FIXT.        ,PALLET                                            ,         4,FIXRITE PANGLAO               ,FIXRITE PANGLAO-ADMIN                             ,FAACQ               
0120-0007886501258  ,PLASTIC PALLET BLACK D4S-1012.16                            ,      3000.00,04/23/2024,FUR. & FIXT.        ,PALLET                                            ,         4,FIXRITE PANGLAO               ,FIXRITE PANGLAO-ADMIN                             ,FAACQ               
0120-0007886501259  ,PLASTIC PALLET BLACK D4S-1012.16                            ,      3000.00,04/23/2024,FUR. & FIXT.        ,PALLET                                            ,         4,FIXRITE PANGLAO               ,FIXRITE PANGLAO-ADMIN                             ,FAACQ               
0120-0007886501260  ,PLASTIC PALLET BLACK D4S-1012.16                            ,      3000.00,04/23/2024,FUR. & FIXT.        ,PALLET                                            ,         4,FIXRITE PANGLAO               ,FIXRITE PANGLAO-ADMIN                             ,FAACQ               
0120-0007886501261  ,PLASTIC PALLET BLACK D4S-1012.16                            ,      3000.00,04/23/2024,FUR. & FIXT.        ,PALLET                                            ,         4,FIXRITE PANGLAO               ,FIXRITE PANGLAO-ADMIN                             ,FAACQ               
0120-0007886501262  ,PLASTIC PALLET BLACK D4S-1012.16                            ,      3000.00,04/23/2024,FUR. & FIXT.        ,PALLET                                            ,         4,FIXRITE PANGLAO               ,FIXRITE PANGLAO-ADMIN                             ,FAACQ               
0120-0007886501263  ,PLASTIC PALLET BLACK D4S-1012.16                            ,      3000.00,04/23/2024,FUR. & FIXT.        ,PALLET                                            ,         4,FIXRITE PANGLAO               ,FIXRITE PANGLAO-ADMIN                             ,FAACQ               
0120-0007886501264  ,PLASTIC PALLET BLACK D4S-1012.16                            ,      3000.00,04/23/2024,FUR. & FIXT.        ,PALLET                                            ,         4,FIXRITE PANGLAO               ,FIXRITE PANGLAO-ADMIN                             ,FAACQ               
0120-0007886501265  ,PLASTIC PALLET BLACK D4S-1012.16                            ,      3000.00,04/23/2024,FUR. & FIXT.        ,PALLET                                            ,         4,FIXRITE PANGLAO               ,FIXRITE PANGLAO-ADMIN                             ,FAACQ               
0120-0007886501266  ,PLASTIC PALLET BLACK D4S-1012.16                            ,      3000.00,04/23/2024,FUR. & FIXT.        ,PALLET                                            ,         4,FIXRITE PANGLAO               ,FIXRITE PANGLAO-ADMIN                             ,FAACQ               
0120-0007886501267  ,PLASTIC PALLET BLACK D4S-1012.16                            ,      3000.00,04/23/2024,FUR. & FIXT.        ,PALLET                                            ,         4,FIXRITE PANGLAO               ,FIXRITE PANGLAO-ADMIN                             ,FAACQ               
0120-0007886501268  ,PLASTIC PALLET BLACK D4S-1012.16                            ,      3000.00,04/23/2024,FUR. & FIXT.        ,PALLET                                            ,         4,FIXRITE PANGLAO               ,FIXRITE PANGLAO-ADMIN                             ,FAACQ               
0120-0007886501269  ,PLASTIC PALLET BLACK D4S-1012.16                            ,      3000.00,04/23/2024,FUR. & FIXT.        ,PALLET                                            ,         4,FIXRITE PANGLAO               ,FIXRITE PANGLAO-ADMIN                             ,FAACQ               
0120-0007886501270  ,PLASTIC PALLET BLACK D4S-1012.16                            ,      3000.00,04/23/2024,FUR. & FIXT.        ,PALLET                                            ,         4,FIXRITE PANGLAO               ,FIXRITE PANGLAO-ADMIN                             ,FAACQ               
0120-0007886501271  ,PLASTIC PALLET BLACK D4S-1012.16                            ,      3000.00,04/23/2024,FUR. & FIXT.        ,PALLET                                            ,         4,FIXRITE PANGLAO               ,FIXRITE PANGLAO-ADMIN                             ,FAACQ               
0120-0007886501272  ,PLASTIC PALLET BLACK D4S-1012.16                            ,      3000.00,04/23/2024,FUR. & FIXT.        ,PALLET                                            ,         4,FIXRITE PANGLAO               ,FIXRITE PANGLAO-ADMIN                             ,FAACQ               
0120-0007886501273  ,PLASTIC PALLET BLACK D4S-1012.16                            ,      3000.00,04/23/2024,FUR. & FIXT.        ,PALLET                                            ,         4,FIXRITE PANGLAO               ,FIXRITE PANGLAO-ADMIN                             ,FAACQ               
0120-0007886501274  ,PLASTIC PALLET BLACK D4S-1012.16                            ,      3000.00,04/23/2024,FUR. & FIXT.        ,PALLET                                            ,         4,FIXRITE PANGLAO               ,FIXRITE PANGLAO-ADMIN                             ,FAACQ               
0120-0007890700016  ,SQUARE TABLE RED 30"" X 30"" X 28""                            ,      1500.00,04/26/2024,FUR. & FIXT.        ,TABLE                                             ,         5,FIXRITE PANGLAO               ,FIXRITE PANGLAO-ADMIN                             ,FAACQ               
0120-0007890700017  ,SQUARE TABLE RED 30"" X 30"" X 28""                            ,      1500.00,04/26/2024,FUR. & FIXT.        ,TABLE                                             ,         5,FIXRITE PANGLAO               ,FIXRITE PANGLAO-ADMIN                             ,FAACQ               
0120-0007890700018  ,SQUARE TABLE RED 30"" X 30"" X 28""                            ,      1500.00,04/26/2024,FUR. & FIXT.        ,TABLE                                             ,         5,FIXRITE PANGLAO               ,FIXRITE PANGLAO-ADMIN                             ,FAACQ               
0120-0007890700019  ,SQUARE TABLE RED 30"" X 30"" X 28""                            ,      1500.00,04/26/2024,FUR. & FIXT.        ,TABLE                                             ,         5,FIXRITE PANGLAO               ,FIXRITE PANGLAO-ADMIN                             ,FAACQ               
0120-0007890700020  ,SQUARE TABLE RED 30"" X 30"" X 28""                            ,      1500.00,04/26/2024,FUR. & FIXT.        ,TABLE                                             ,         5,FIXRITE PANGLAO               ,FIXRITE PANGLAO-ADMIN                             ,FAACQ               
0120-0007890700021  ,SQUARE TABLE RED 30"" X 30"" X 28""                            ,      1500.00,04/26/2024,FUR. & FIXT.        ,TABLE                                             ,         5,FIXRITE PANGLAO               ,FIXRITE PANGLAO-ADMIN                             ,FAACQ               
0120-0007890700022  ,SQUARE TABLE RED 30"" X 30"" X 28""                            ,      1500.00,04/26/2024,FUR. & FIXT.        ,TABLE                                             ,         5,FIXRITE PANGLAO               ,FIXRITE PANGLAO-ADMIN                             ,FAACQ               
0120-0007890700023  ,SQUARE TABLE RED 30"" X 30"" X 28""                            ,      1500.00,04/26/2024,FUR. & FIXT.        ,TABLE                                             ,         5,FIXRITE PANGLAO               ,FIXRITE PANGLAO-ADMIN                             ,FAACQ               
0120-0007890700024  ,SQUARE TABLE RED 30"" X 30"" X 28""                            ,      1500.00,04/26/2024,FUR. & FIXT.        ,TABLE                                             ,         5,FIXRITE PANGLAO               ,FIXRITE PANGLAO-ADMIN                             ,FAACQ               
0120-0007890700025  ,SQUARE TABLE RED 30"" X 30"" X 28""                            ,      1500.00,04/26/2024,FUR. & FIXT.        ,TABLE                                             ,         5,FIXRITE PANGLAO               ,FIXRITE PANGLAO-ADMIN                             ,FAACQ               
0120-0007890700026  ,SQUARE TABLE RED 30"" X 30"" X 28""                            ,      1500.00,04/26/2024,FUR. & FIXT.        ,TABLE                                             ,         5,FIXRITE PANGLAO               ,FIXRITE PANGLAO-ADMIN                             ,FAACQ               
0120-0007890700027  ,SQUARE TABLE RED 30"" X 30"" X 28""                            ,      1500.00,04/26/2024,FUR. & FIXT.        ,TABLE                                             ,         5,FIXRITE PANGLAO               ,FIXRITE PANGLAO-ADMIN                             ,FAACQ               
0120-0007890700028  ,SQUARE TABLE RED 30"" X 30"" X 28""                            ,      1500.00,04/26/2024,FUR. & FIXT.        ,TABLE                                             ,         5,FIXRITE PANGLAO               ,FIXRITE PANGLAO-ADMIN                             ,FAACQ               
0120-0007890700029  ,SQUARE TABLE RED 30"" X 30"" X 28""                            ,      1500.00,04/26/2024,FUR. & FIXT.        ,TABLE                                             ,         5,FIXRITE PANGLAO               ,FIXRITE PANGLAO-ADMIN                             ,FAACQ               
0120-0007890700030  ,SQUARE TABLE RED 30"" X 30"" X 28""                            ,      1500.00,04/26/2024,FUR. & FIXT.        ,TABLE                                             ,         5,FIXRITE PANGLAO               ,FIXRITE PANGLAO-ADMIN                             ,FAACQ               
0120-0007886501275  ,PLASTIC PALLET BLACK D4S-1012.16                            ,      3000.00,04/29/2024,FUR. & FIXT.        ,PALLET                                            ,         4,FIXRITE PANGLAO               ,FIXRITE PANGLAO-ADMIN                             ,FAACQ               
0120-0007886501276  ,PLASTIC PALLET BLACK D4S-1012.16                            ,      3000.00,04/29/2024,FUR. & FIXT.        ,PALLET                                            ,         4,FIXRITE PANGLAO               ,FIXRITE PANGLAO-ADMIN                             ,FAACQ               
0120-0007886501277  ,PLASTIC PALLET BLACK D4S-1012.16                            ,      3000.00,04/29/2024,FUR. & FIXT.        ,PALLET                                            ,         4,FIXRITE PANGLAO               ,FIXRITE PANGLAO-ADMIN                             ,FAACQ               
0120-0007886501278  ,PLASTIC PALLET BLACK D4S-1012.16                            ,      3000.00,04/29/2024,FUR. & FIXT.        ,PALLET                                            ,         4,FIXRITE PANGLAO               ,FIXRITE PANGLAO-ADMIN                             ,FAACQ               
0120-0007886501279  ,PLASTIC PALLET BLACK D4S-1012.16                            ,      3000.00,04/29/2024,FUR. & FIXT.        ,PALLET                                            ,         4,FIXRITE PANGLAO               ,FIXRITE PANGLAO-ADMIN                             ,FAACQ               
0120-0007886501280  ,PLASTIC PALLET BLACK D4S-1012.16                            ,      3000.00,04/29/2024,FUR. & FIXT.        ,PALLET                                            ,         4,FIXRITE PANGLAO               ,FIXRITE PANGLAO-ADMIN                             ,FAACQ               
0120-0007886501281  ,PLASTIC PALLET BLACK D4S-1012.16                            ,      3000.00,04/29/2024,FUR. & FIXT.        ,PALLET                                            ,         4,FIXRITE PANGLAO               ,FIXRITE PANGLAO-ADMIN                             ,FAACQ               
0120-0007886501282  ,PLASTIC PALLET BLACK D4S-1012.16                            ,      3000.00,04/29/2024,FUR. & FIXT.        ,PALLET                                            ,         4,FIXRITE PANGLAO               ,FIXRITE PANGLAO-ADMIN                             ,FAACQ               
0120-0007886501283  ,PLASTIC PALLET BLACK D4S-1012.16                            ,      3000.00,04/29/2024,FUR. & FIXT.        ,PALLET                                            ,         4,FIXRITE PANGLAO               ,FIXRITE PANGLAO-ADMIN                             ,FAACQ               
0120-0007886501284  ,PLASTIC PALLET BLACK D4S-1012.16                            ,      3000.00,04/29/2024,FUR. & FIXT.        ,PALLET                                            ,         4,FIXRITE PANGLAO               ,FIXRITE PANGLAO-ADMIN                             ,FAACQ               
0120-0007886501285  ,PLASTIC PALLET BLACK D4S-1012.16                            ,      3000.00,04/29/2024,FUR. & FIXT.        ,PALLET                                            ,         4,FIXRITE PANGLAO               ,FIXRITE PANGLAO-ADMIN                             ,FAACQ               
0120-0007886501286  ,PLASTIC PALLET BLACK D4S-1012.16                            ,      3000.00,04/29/2024,FUR. & FIXT.        ,PALLET                                            ,         4,FIXRITE PANGLAO               ,FIXRITE PANGLAO-ADMIN                             ,FAACQ               
0120-0007886501287  ,PLASTIC PALLET BLACK D4S-1012.16                            ,      3000.00,04/29/2024,FUR. & FIXT.        ,PALLET                                            ,         4,FIXRITE PANGLAO               ,FIXRITE PANGLAO-ADMIN                             ,FAACQ               
0120-0007886501288  ,PLASTIC PALLET BLACK D4S-1012.16                            ,      3000.00,04/29/2024,FUR. & FIXT.        ,PALLET                                            ,         4,FIXRITE PANGLAO               ,FIXRITE PANGLAO-ADMIN                             ,FAACQ               
0120-0007886501289  ,PLASTIC PALLET BLACK D4S-1012.16                            ,      3000.00,04/29/2024,FUR. & FIXT.        ,PALLET                                            ,         4,FIXRITE PANGLAO               ,FIXRITE PANGLAO-ADMIN                             ,FAACQ               
0120-0007886501290  ,PLASTIC PALLET BLACK D4S-1012.16                            ,      3000.00,04/29/2024,FUR. & FIXT.        ,PALLET                                            ,         4,FIXRITE PANGLAO               ,FIXRITE PANGLAO-ADMIN                             ,FAACQ               
0120-0007886501291  ,PLASTIC PALLET BLACK D4S-1012.16                            ,      3000.00,04/29/2024,FUR. & FIXT.        ,PALLET                                            ,         4,FIXRITE PANGLAO               ,FIXRITE PANGLAO-ADMIN                             ,FAACQ               
0120-0007886501292  ,PLASTIC PALLET BLACK D4S-1012.16                            ,      3000.00,04/29/2024,FUR. & FIXT.        ,PALLET                                            ,         4,FIXRITE PANGLAO               ,FIXRITE PANGLAO-ADMIN                             ,FAACQ               
0120-0007886501293  ,PLASTIC PALLET BLACK D4S-1012.16                            ,      3000.00,04/29/2024,FUR. & FIXT.        ,PALLET                                            ,         4,FIXRITE PANGLAO               ,FIXRITE PANGLAO-ADMIN                             ,FAACQ               
0120-0007886501294  ,PLASTIC PALLET BLACK D4S-1012.16                            ,      3000.00,04/29/2024,FUR. & FIXT.        ,PALLET                                            ,         4,FIXRITE PANGLAO               ,FIXRITE PANGLAO-ADMIN                             ,FAACQ               
0120-0007886501295  ,PLASTIC PALLET BLACK D4S-1012.16                            ,      3000.00,04/29/2024,FUR. & FIXT.        ,PALLET                                            ,         4,FIXRITE PANGLAO               ,FIXRITE PANGLAO-ADMIN                             ,FAACQ               
0120-0007886501296  ,PLASTIC PALLET BLACK D4S-1012.16                            ,      3000.00,04/29/2024,FUR. & FIXT.        ,PALLET                                            ,         4,FIXRITE PANGLAO               ,FIXRITE PANGLAO-ADMIN                             ,FAACQ               
0120-0007886501297  ,PLASTIC PALLET BLACK D4S-1012.16                            ,      3000.00,04/29/2024,FUR. & FIXT.        ,PALLET                                            ,         4,FIXRITE PANGLAO               ,FIXRITE PANGLAO-ADMIN                             ,FAACQ               
0120-0007886501298  ,PLASTIC PALLET BLACK D4S-1012.16                            ,      3000.00,04/29/2024,FUR. & FIXT.        ,PALLET                                            ,         4,FIXRITE PANGLAO               ,FIXRITE PANGLAO-ADMIN                             ,FAACQ               
0120-0007886501299  ,PLASTIC PALLET BLACK D4S-1012.16                            ,      3000.00,04/29/2024,FUR. & FIXT.        ,PALLET                                            ,         4,FIXRITE PANGLAO               ,FIXRITE PANGLAO-ADMIN                             ,FAACQ               
0120-0007886501300  ,PLASTIC PALLET BLACK D4S-1012.16                            ,      3000.00,04/29/2024,FUR. & FIXT.        ,PALLET                                            ,         4,FIXRITE PANGLAO               ,FIXRITE PANGLAO-ADMIN                             ,FAACQ               
0120-0007886501301  ,PLASTIC PALLET BLACK D4S-1012.16                            ,      3000.00,04/29/2024,FUR. & FIXT.        ,PALLET                                            ,         4,FIXRITE PANGLAO               ,FIXRITE PANGLAO-ADMIN                             ,FAACQ               
0120-0007886501302  ,PLASTIC PALLET BLACK D4S-1012.16                            ,      3000.00,04/29/2024,FUR. & FIXT.        ,PALLET                                            ,         4,FIXRITE PANGLAO               ,FIXRITE PANGLAO-ADMIN                             ,FAACQ               
0120-0007886501303  ,PLASTIC PALLET BLACK D4S-1012.16                            ,      3000.00,04/29/2024,FUR. & FIXT.        ,PALLET                                            ,         4,FIXRITE PANGLAO               ,FIXRITE PANGLAO-ADMIN                             ,FAACQ               
0120-0007886501304  ,PLASTIC PALLET BLACK D4S-1012.16                            ,      3000.00,04/29/2024,FUR. & FIXT.        ,PALLET                                            ,         4,FIXRITE PANGLAO               ,FIXRITE PANGLAO-ADMIN                             ,FAACQ               
0120-0007886501305  ,PLASTIC PALLET BLACK D4S-1012.16                            ,      3000.00,04/29/2024,FUR. & FIXT.        ,PALLET                                            ,         4,FIXRITE PANGLAO               ,FIXRITE PANGLAO-ADMIN                             ,FAACQ               
0120-0007886501306  ,PLASTIC PALLET BLACK D4S-1012.16                            ,      3000.00,04/29/2024,FUR. & FIXT.        ,PALLET                                            ,         4,FIXRITE PANGLAO               ,FIXRITE PANGLAO-ADMIN                             ,FAACQ               
0120-0007886501307  ,PLASTIC PALLET BLACK D4S-1012.16                            ,      3000.00,04/29/2024,FUR. & FIXT.        ,PALLET                                            ,         4,FIXRITE PANGLAO               ,FIXRITE PANGLAO-ADMIN                             ,FAACQ               
0120-0007886501308  ,PLASTIC PALLET BLACK D4S-1012.16                            ,      3000.00,04/29/2024,FUR. & FIXT.        ,PALLET                                            ,         4,FIXRITE PANGLAO               ,FIXRITE PANGLAO-ADMIN                             ,FAACQ               
0120-0007886501309  ,PLASTIC PALLET BLACK D4S-1012.16                            ,      3000.00,04/29/2024,FUR. & FIXT.        ,PALLET                                            ,         4,FIXRITE PANGLAO               ,FIXRITE PANGLAO-ADMIN                             ,FAACQ               
0120-0007886501310  ,PLASTIC PALLET BLACK D4S-1012.16                            ,      3000.00,04/29/2024,FUR. & FIXT.        ,PALLET                                            ,         4,FIXRITE PANGLAO               ,FIXRITE PANGLAO-ADMIN                             ,FAACQ               
0120-0007886501311  ,PLASTIC PALLET BLACK D4S-1012.16                            ,      3000.00,04/29/2024,FUR. & FIXT.        ,PALLET                                            ,         4,FIXRITE PANGLAO               ,FIXRITE PANGLAO-ADMIN                             ,FAACQ               
0120-0007886501312  ,PLASTIC PALLET BLACK D4S-1012.16                            ,      3000.00,04/29/2024,FUR. & FIXT.        ,PALLET                                            ,         4,FIXRITE PANGLAO               ,FIXRITE PANGLAO-ADMIN                             ,FAACQ               
0120-0007886501313  ,PLASTIC PALLET BLACK D4S-1012.16                            ,      3000.00,04/29/2024,FUR. & FIXT.        ,PALLET                                            ,         4,FIXRITE PANGLAO               ,FIXRITE PANGLAO-ADMIN                             ,FAACQ               
0120-0007886501314  ,PLASTIC PALLET BLACK D4S-1012.16                            ,      3000.00,04/29/2024,FUR. & FIXT.        ,PALLET                                            ,         4,FIXRITE PANGLAO               ,FIXRITE PANGLAO-ADMIN                             ,FAACQ               
0120-0007886501315  ,PLASTIC PALLET BLACK D4S-1012.16                            ,      3000.00,04/29/2024,FUR. & FIXT.        ,PALLET                                            ,         4,FIXRITE PANGLAO               ,FIXRITE PANGLAO-ADMIN                             ,FAACQ               
0120-0007886501316  ,PLASTIC PALLET BLACK D4S-1012.16                            ,      3000.00,04/29/2024,FUR. & FIXT.        ,PALLET                                            ,         4,FIXRITE PANGLAO               ,FIXRITE PANGLAO-ADMIN                             ,FAACQ               
0120-0007886501317  ,PLASTIC PALLET BLACK D4S-1012.16                            ,      3000.00,04/29/2024,FUR. & FIXT.        ,PALLET                                            ,         4,FIXRITE PANGLAO               ,FIXRITE PANGLAO-ADMIN                             ,FAACQ               
0120-0007886501318  ,PLASTIC PALLET BLACK D4S-1012.16                            ,      3000.00,04/29/2024,FUR. & FIXT.        ,PALLET                                            ,         4,FIXRITE PANGLAO               ,FIXRITE PANGLAO-ADMIN                             ,FAACQ               
0120-0007886501319  ,PLASTIC PALLET BLACK D4S-1012.16                            ,      3000.00,04/29/2024,FUR. & FIXT.        ,PALLET                                            ,         4,FIXRITE PANGLAO               ,FIXRITE PANGLAO-ADMIN                             ,FAACQ               
0120-0007886501320  ,PLASTIC PALLET BLACK D4S-1012.16                            ,      3000.00,04/29/2024,FUR. & FIXT.        ,PALLET                                            ,         4,FIXRITE PANGLAO               ,FIXRITE PANGLAO-ADMIN                             ,FAACQ               
0120-0007886501321  ,PLASTIC PALLET BLACK D4S-1012.16                            ,      3000.00,04/29/2024,FUR. & FIXT.        ,PALLET                                            ,         4,FIXRITE PANGLAO               ,FIXRITE PANGLAO-ADMIN                             ,FAACQ               
0120-0007886501322  ,PLASTIC PALLET BLACK D4S-1012.16                            ,      3000.00,04/29/2024,FUR. & FIXT.        ,PALLET                                            ,         4,FIXRITE PANGLAO               ,FIXRITE PANGLAO-ADMIN                             ,FAACQ               
0120-0007886501323  ,PLASTIC PALLET BLACK D4S-1012.16                            ,      3000.00,04/29/2024,FUR. & FIXT.        ,PALLET                                            ,         4,FIXRITE PANGLAO               ,FIXRITE PANGLAO-ADMIN                             ,FAACQ               
0120-0007886501324  ,PLASTIC PALLET BLACK D4S-1012.16                            ,      3000.00,04/29/2024,FUR. & FIXT.        ,PALLET                                            ,         4,FIXRITE PANGLAO               ,FIXRITE PANGLAO-ADMIN                             ,FAACQ               
0120-0007886501325  ,PLASTIC PALLET BLACK D4S-1012.16                            ,      3000.00,04/29/2024,FUR. & FIXT.        ,PALLET                                            ,         4,FIXRITE PANGLAO               ,FIXRITE PANGLAO-ADMIN                             ,FAACQ               
0120-0007886501326  ,PLASTIC PALLET BLACK D4S-1012.16                            ,      3000.00,04/29/2024,FUR. & FIXT.        ,PALLET                                            ,         4,FIXRITE PANGLAO               ,FIXRITE PANGLAO-ADMIN                             ,FAACQ               
0120-0007886501327  ,PLASTIC PALLET BLACK D4S-1012.16                            ,      3000.00,04/29/2024,FUR. & FIXT.        ,PALLET                                            ,         4,FIXRITE PANGLAO               ,FIXRITE PANGLAO-ADMIN                             ,FAACQ               
0120-0007886501328  ,PLASTIC PALLET BLACK D4S-1012.16                            ,      3000.00,04/29/2024,FUR. & FIXT.        ,PALLET                                            ,         4,FIXRITE PANGLAO               ,FIXRITE PANGLAO-ADMIN                             ,FAACQ               
0120-0007886501329  ,PLASTIC PALLET BLACK D4S-1012.16                            ,      3000.00,04/29/2024,FUR. & FIXT.        ,PALLET                                            ,         4,FIXRITE PANGLAO               ,FIXRITE PANGLAO-ADMIN                             ,FAACQ               
0120-0007886501330  ,PLASTIC PALLET BLACK D4S-1012.16                            ,      3000.00,04/29/2024,FUR. & FIXT.        ,PALLET                                            ,         4,FIXRITE PANGLAO               ,FIXRITE PANGLAO-ADMIN                             ,FAACQ               
0120-0007886501331  ,PLASTIC PALLET BLACK D4S-1012.16                            ,      3000.00,04/29/2024,FUR. & FIXT.        ,PALLET                                            ,         4,FIXRITE PANGLAO               ,FIXRITE PANGLAO-ADMIN                             ,FAACQ               
0120-0007886501332  ,PLASTIC PALLET BLACK D4S-1012.16                            ,      3000.00,04/29/2024,FUR. & FIXT.        ,PALLET                                            ,         4,FIXRITE PANGLAO               ,FIXRITE PANGLAO-ADMIN                             ,FAACQ               
0120-0007886501333  ,PLASTIC PALLET BLACK D4S-1012.16                            ,      3000.00,04/29/2024,FUR. & FIXT.        ,PALLET                                            ,         4,FIXRITE PANGLAO               ,FIXRITE PANGLAO-ADMIN                             ,FAACQ               
0120-0007886501334  ,PLASTIC PALLET BLACK D4S-1012.16                            ,      3000.00,04/29/2024,FUR. & FIXT.        ,PALLET                                            ,         4,FIXRITE PANGLAO               ,FIXRITE PANGLAO-ADMIN                             ,FAACQ               
0120-0007886501335  ,PLASTIC PALLET BLACK D4S-1012.16                            ,      3000.00,04/29/2024,FUR. & FIXT.        ,PALLET                                            ,         4,FIXRITE PANGLAO               ,FIXRITE PANGLAO-ADMIN                             ,FAACQ               
0120-0007886501336  ,PLASTIC PALLET BLACK D4S-1012.16                            ,      3000.00,04/29/2024,FUR. & FIXT.        ,PALLET                                            ,         4,FIXRITE PANGLAO               ,FIXRITE PANGLAO-ADMIN                             ,FAACQ               
0120-0007886501337  ,PLASTIC PALLET BLACK D4S-1012.16                            ,      3000.00,04/29/2024,FUR. & FIXT.        ,PALLET                                            ,         4,FIXRITE PANGLAO               ,FIXRITE PANGLAO-ADMIN                             ,FAACQ               
0120-0007886501338  ,PLASTIC PALLET BLACK D4S-1012.16                            ,      3000.00,04/29/2024,FUR. & FIXT.        ,PALLET                                            ,         4,FIXRITE PANGLAO               ,FIXRITE PANGLAO-ADMIN                             ,FAACQ               
0120-0007886501339  ,PLASTIC PALLET BLACK D4S-1012.16                            ,      3000.00,04/29/2024,FUR. & FIXT.        ,PALLET                                            ,         4,FIXRITE PANGLAO               ,FIXRITE PANGLAO-ADMIN                             ,FAACQ               
0120-0007886501340  ,PLASTIC PALLET BLACK D4S-1012.16                            ,      3000.00,04/29/2024,FUR. & FIXT.        ,PALLET                                            ,         4,FIXRITE PANGLAO               ,FIXRITE PANGLAO-ADMIN                             ,FAACQ               
0120-0007886501341  ,PLASTIC PALLET BLACK D4S-1012.16                            ,      3000.00,04/29/2024,FUR. & FIXT.        ,PALLET                                            ,         4,FIXRITE PANGLAO               ,FIXRITE PANGLAO-ADMIN                             ,FAACQ               
0120-0007886501342  ,PLASTIC PALLET BLACK D4S-1012.16                            ,      3000.00,04/29/2024,FUR. & FIXT.        ,PALLET                                            ,         4,FIXRITE PANGLAO               ,FIXRITE PANGLAO-ADMIN                             ,FAACQ               
0120-0007886501343  ,PLASTIC PALLET BLACK D4S-1012.16                            ,      3000.00,04/29/2024,FUR. & FIXT.        ,PALLET                                            ,         4,FIXRITE PANGLAO               ,FIXRITE PANGLAO-ADMIN                             ,FAACQ               
0120-0007886501344  ,PLASTIC PALLET BLACK D4S-1012.16                            ,      3000.00,04/29/2024,FUR. & FIXT.        ,PALLET                                            ,         4,FIXRITE PANGLAO               ,FIXRITE PANGLAO-ADMIN                             ,FAACQ               
0120-0007886501345  ,PLASTIC PALLET BLACK D4S-1012.16                            ,      3000.00,04/29/2024,FUR. & FIXT.        ,PALLET                                            ,         4,FIXRITE PANGLAO               ,FIXRITE PANGLAO-ADMIN                             ,FAACQ               
0120-0007886501346  ,PLASTIC PALLET BLACK D4S-1012.16                            ,      3000.00,04/29/2024,FUR. & FIXT.        ,PALLET                                            ,         4,FIXRITE PANGLAO               ,FIXRITE PANGLAO-ADMIN                             ,FAACQ               
0120-0007886501347  ,PLASTIC PALLET BLACK D4S-1012.16                            ,      3000.00,04/29/2024,FUR. & FIXT.        ,PALLET                                            ,         4,FIXRITE PANGLAO               ,FIXRITE PANGLAO-ADMIN                             ,FAACQ               
0120-0007886501348  ,PLASTIC PALLET BLACK D4S-1012.16                            ,      3000.00,04/29/2024,FUR. & FIXT.        ,PALLET                                            ,         4,FIXRITE PANGLAO               ,FIXRITE PANGLAO-ADMIN                             ,FAACQ               
0120-0007886501349  ,PLASTIC PALLET BLACK D4S-1012.16                            ,      3000.00,04/29/2024,FUR. & FIXT.        ,PALLET                                            ,         4,FIXRITE PANGLAO               ,FIXRITE PANGLAO-ADMIN                             ,FAACQ               
0120-0007886501350  ,PLASTIC PALLET BLACK D4S-1012.16                            ,      3000.00,04/29/2024,FUR. & FIXT.        ,PALLET                                            ,         4,FIXRITE PANGLAO               ,FIXRITE PANGLAO-ADMIN                             ,FAACQ               
0120-0007886501351  ,PLASTIC PALLET BLACK D4S-1012.16                            ,      3000.00,04/29/2024,FUR. & FIXT.        ,PALLET                                            ,         4,FIXRITE PANGLAO               ,FIXRITE PANGLAO-ADMIN                             ,FAACQ               
0120-0007886501352  ,PLASTIC PALLET BLACK D4S-1012.16                            ,      3000.00,04/29/2024,FUR. & FIXT.        ,PALLET                                            ,         4,FIXRITE PANGLAO               ,FIXRITE PANGLAO-ADMIN                             ,FAACQ               
0120-0007886501353  ,PLASTIC PALLET BLACK D4S-1012.16                            ,      3000.00,04/29/2024,FUR. & FIXT.        ,PALLET                                            ,         4,FIXRITE PANGLAO               ,FIXRITE PANGLAO-ADMIN                             ,FAACQ               
0120-0007886501354  ,PLASTIC PALLET BLACK D4S-1012.16                            ,      3000.00,04/29/2024,FUR. & FIXT.        ,PALLET                                            ,         4,FIXRITE PANGLAO               ,FIXRITE PANGLAO-ADMIN                             ,FAACQ               
0120-0007886501355  ,PLASTIC PALLET BLACK D4S-1012.16                            ,      3000.00,04/29/2024,FUR. & FIXT.        ,PALLET                                            ,         4,FIXRITE PANGLAO               ,FIXRITE PANGLAO-ADMIN                             ,FAACQ               
0120-0007886501356  ,PLASTIC PALLET BLACK D4S-1012.16                            ,      3000.00,04/29/2024,FUR. & FIXT.        ,PALLET                                            ,         4,FIXRITE PANGLAO               ,FIXRITE PANGLAO-ADMIN                             ,FAACQ               
0120-0007886501357  ,PLASTIC PALLET BLACK D4S-1012.16                            ,      3000.00,04/29/2024,FUR. & FIXT.        ,PALLET                                            ,         4,FIXRITE PANGLAO               ,FIXRITE PANGLAO-ADMIN                             ,FAACQ               
0120-0007886501358  ,PLASTIC PALLET BLACK D4S-1012.16                            ,      3000.00,04/29/2024,FUR. & FIXT.        ,PALLET                                            ,         4,FIXRITE PANGLAO               ,FIXRITE PANGLAO-ADMIN                             ,FAACQ               
0120-0007886501359  ,PLASTIC PALLET BLACK D4S-1012.16                            ,      3000.00,04/29/2024,FUR. & FIXT.        ,PALLET                                            ,         4,FIXRITE PANGLAO               ,FIXRITE PANGLAO-ADMIN                             ,FAACQ               
0120-0007886501360  ,PLASTIC PALLET BLACK D4S-1012.16                            ,      3000.00,04/29/2024,FUR. & FIXT.        ,PALLET                                            ,         4,FIXRITE PANGLAO               ,FIXRITE PANGLAO-ADMIN                             ,FAACQ               
0120-0007886501361  ,PLASTIC PALLET BLACK D4S-1012.16                            ,      3000.00,04/29/2024,FUR. & FIXT.        ,PALLET                                            ,         4,FIXRITE PANGLAO               ,FIXRITE PANGLAO-ADMIN                             ,FAACQ               
0120-0007886501362  ,PLASTIC PALLET BLACK D4S-1012.16                            ,      3000.00,04/29/2024,FUR. & FIXT.        ,PALLET                                            ,         4,FIXRITE PANGLAO               ,FIXRITE PANGLAO-ADMIN                             ,FAACQ               
0120-0007886501363  ,PLASTIC PALLET BLACK D4S-1012.16                            ,      3000.00,04/29/2024,FUR. & FIXT.        ,PALLET                                            ,         4,FIXRITE PANGLAO               ,FIXRITE PANGLAO-ADMIN                             ,FAACQ               
0120-0007886501364  ,PLASTIC PALLET BLACK D4S-1012.16                            ,      3000.00,04/29/2024,FUR. & FIXT.        ,PALLET                                            ,         4,FIXRITE PANGLAO               ,FIXRITE PANGLAO-ADMIN                             ,FAACQ               
0120-0007886501365  ,PLASTIC PALLET BLACK D4S-1012.16                            ,      3000.00,04/29/2024,FUR. & FIXT.        ,PALLET                                            ,         4,FIXRITE PANGLAO               ,FIXRITE PANGLAO-ADMIN                             ,FAACQ               
0120-0007886501366  ,PLASTIC PALLET BLACK D4S-1012.16                            ,      3000.00,04/29/2024,FUR. & FIXT.        ,PALLET                                            ,         4,FIXRITE PANGLAO               ,FIXRITE PANGLAO-ADMIN                             ,FAACQ               
0120-0007886501367  ,PLASTIC PALLET BLACK D4S-1012.16                            ,      3000.00,04/29/2024,FUR. & FIXT.        ,PALLET                                            ,         4,FIXRITE PANGLAO               ,FIXRITE PANGLAO-ADMIN                             ,FAACQ               
0120-0007886501368  ,PLASTIC PALLET BLACK D4S-1012.16                            ,      3000.00,04/29/2024,FUR. & FIXT.        ,PALLET                                            ,         4,FIXRITE PANGLAO               ,FIXRITE PANGLAO-ADMIN                             ,FAACQ               
0120-0007886501369  ,PLASTIC PALLET BLACK D4S-1012.16                            ,      3000.00,04/29/2024,FUR. & FIXT.        ,PALLET                                            ,         4,FIXRITE PANGLAO               ,FIXRITE PANGLAO-ADMIN                             ,FAACQ               
0120-0007886501370  ,PLASTIC PALLET BLACK D4S-1012.16                            ,      3000.00,04/29/2024,FUR. & FIXT.        ,PALLET                                            ,         4,FIXRITE PANGLAO               ,FIXRITE PANGLAO-ADMIN                             ,FAACQ               
0120-0007886501371  ,PLASTIC PALLET BLACK D4S-1012.16                            ,      3000.00,04/29/2024,FUR. & FIXT.        ,PALLET                                            ,         4,FIXRITE PANGLAO               ,FIXRITE PANGLAO-ADMIN                             ,FAACQ               
0120-0007886501372  ,PLASTIC PALLET BLACK D4S-1012.16                            ,      3000.00,04/29/2024,FUR. & FIXT.        ,PALLET                                            ,         4,FIXRITE PANGLAO               ,FIXRITE PANGLAO-ADMIN                             ,FAACQ               
0120-0007886501373  ,PLASTIC PALLET BLACK D4S-1012.16                            ,      3000.00,04/29/2024,FUR. & FIXT.        ,PALLET                                            ,         4,FIXRITE PANGLAO               ,FIXRITE PANGLAO-ADMIN                             ,FAACQ               
0120-0007886501374  ,PLASTIC PALLET BLACK D4S-1012.16                            ,      3000.00,04/29/2024,FUR. & FIXT.        ,PALLET                                            ,         4,FIXRITE PANGLAO               ,FIXRITE PANGLAO-ADMIN                             ,FAACQ               
0120-0007886501375  ,PLASTIC PALLET BLACK D4S-1012.16                            ,      3000.00,04/29/2024,FUR. & FIXT.        ,PALLET                                            ,         4,FIXRITE PANGLAO               ,FIXRITE PANGLAO-ADMIN                             ,FAACQ               
0120-0007886501376  ,PLASTIC PALLET BLACK D4S-1012.16                            ,      3000.00,04/29/2024,FUR. & FIXT.        ,PALLET                                            ,         4,FIXRITE PANGLAO               ,FIXRITE PANGLAO-ADMIN                             ,FAACQ               
0120-0007886501377  ,PLASTIC PALLET BLACK D4S-1012.16                            ,      3000.00,04/29/2024,FUR. & FIXT.        ,PALLET                                            ,         4,FIXRITE PANGLAO               ,FIXRITE PANGLAO-ADMIN                             ,FAACQ               
0120-0007886501378  ,PLASTIC PALLET BLACK D4S-1012.16                            ,      3000.00,04/29/2024,FUR. & FIXT.        ,PALLET                                            ,         4,FIXRITE PANGLAO               ,FIXRITE PANGLAO-ADMIN                             ,FAACQ               
0120-0007886501379  ,PLASTIC PALLET BLACK D4S-1012.16                            ,      3000.00,04/29/2024,FUR. & FIXT.        ,PALLET                                            ,         4,FIXRITE PANGLAO               ,FIXRITE PANGLAO-ADMIN                             ,FAACQ               
0120-0007886501380  ,PLASTIC PALLET BLACK D4S-1012.16                            ,      3000.00,04/29/2024,FUR. & FIXT.        ,PALLET                                            ,         4,FIXRITE PANGLAO               ,FIXRITE PANGLAO-ADMIN                             ,FAACQ               
0120-0007886501381  ,PLASTIC PALLET BLACK D4S-1012.16                            ,      3000.00,04/29/2024,FUR. & FIXT.        ,PALLET                                            ,         4,FIXRITE PANGLAO               ,FIXRITE PANGLAO-ADMIN                             ,FAACQ               
0120-0007886501382  ,PLASTIC PALLET BLACK D4S-1012.16                            ,      3000.00,04/29/2024,FUR. & FIXT.        ,PALLET                                            ,         4,FIXRITE PANGLAO               ,FIXRITE PANGLAO-ADMIN                             ,FAACQ               
0120-0007886501383  ,PLASTIC PALLET BLACK D4S-1012.16                            ,      3000.00,04/29/2024,FUR. & FIXT.        ,PALLET                                            ,         4,FIXRITE PANGLAO               ,FIXRITE PANGLAO-ADMIN                             ,FAACQ               
0120-0007886501384  ,PLASTIC PALLET BLACK D4S-1012.16                            ,      3000.00,04/29/2024,FUR. & FIXT.        ,PALLET                                            ,         4,FIXRITE PANGLAO               ,FIXRITE PANGLAO-ADMIN                             ,FAACQ               
0120-0007886501385  ,PLASTIC PALLET BLACK D4S-1012.16                            ,      3000.00,04/29/2024,FUR. & FIXT.        ,PALLET                                            ,         4,FIXRITE PANGLAO               ,FIXRITE PANGLAO-ADMIN                             ,FAACQ               
0120-0007886501386  ,PLASTIC PALLET BLACK D4S-1012.16                            ,      3000.00,04/29/2024,FUR. & FIXT.        ,PALLET                                            ,         4,FIXRITE PANGLAO               ,FIXRITE PANGLAO-ADMIN                             ,FAACQ               
0120-0007886501387  ,PLASTIC PALLET BLACK D4S-1012.16                            ,      3000.00,04/29/2024,FUR. & FIXT.        ,PALLET                                            ,         4,FIXRITE PANGLAO               ,FIXRITE PANGLAO-ADMIN                             ,FAACQ               
0120-0007886501388  ,PLASTIC PALLET BLACK D4S-1012.16                            ,      3000.00,04/29/2024,FUR. & FIXT.        ,PALLET                                            ,         4,FIXRITE PANGLAO               ,FIXRITE PANGLAO-ADMIN                             ,FAACQ               
0120-0007886501389  ,PLASTIC PALLET BLACK D4S-1012.16                            ,      3000.00,04/29/2024,FUR. & FIXT.        ,PALLET                                            ,         4,FIXRITE PANGLAO               ,FIXRITE PANGLAO-ADMIN                             ,FAACQ               
0120-0007886501390  ,PLASTIC PALLET BLACK D4S-1012.16                            ,      3000.00,04/29/2024,FUR. & FIXT.        ,PALLET                                            ,         4,FIXRITE PANGLAO               ,FIXRITE PANGLAO-ADMIN                             ,FAACQ               
0120-0007886501391  ,PLASTIC PALLET BLACK D4S-1012.16                            ,      3000.00,04/29/2024,FUR. & FIXT.        ,PALLET                                            ,         4,FIXRITE PANGLAO               ,FIXRITE PANGLAO-ADMIN                             ,FAACQ               
0120-0007886501392  ,PLASTIC PALLET BLACK D4S-1012.16                            ,      3000.00,04/29/2024,FUR. & FIXT.        ,PALLET                                            ,         4,FIXRITE PANGLAO               ,FIXRITE PANGLAO-ADMIN                             ,FAACQ               
0120-0007886501393  ,PLASTIC PALLET BLACK D4S-1012.16                            ,      3000.00,04/29/2024,FUR. & FIXT.        ,PALLET                                            ,         4,FIXRITE PANGLAO               ,FIXRITE PANGLAO-ADMIN                             ,FAACQ               
0120-0007886501394  ,PLASTIC PALLET BLACK D4S-1012.16                            ,      3000.00,04/29/2024,FUR. & FIXT.        ,PALLET                                            ,         4,FIXRITE PANGLAO               ,FIXRITE PANGLAO-ADMIN                             ,FAACQ               
0120-0007886501395  ,PLASTIC PALLET BLACK D4S-1012.16                            ,      3000.00,04/29/2024,FUR. & FIXT.        ,PALLET                                            ,         4,FIXRITE PANGLAO               ,FIXRITE PANGLAO-ADMIN                             ,FAACQ               
0120-0007886501396  ,PLASTIC PALLET BLACK D4S-1012.16                            ,      3000.00,04/29/2024,FUR. & FIXT.        ,PALLET                                            ,         4,FIXRITE PANGLAO               ,FIXRITE PANGLAO-ADMIN                             ,FAACQ               
0120-0007886501397  ,PLASTIC PALLET BLACK D4S-1012.16                            ,      3000.00,04/29/2024,FUR. & FIXT.        ,PALLET                                            ,         4,FIXRITE PANGLAO               ,FIXRITE PANGLAO-ADMIN                             ,FAACQ               
0120-0007886501398  ,PLASTIC PALLET BLACK D4S-1012.16                            ,      3000.00,04/29/2024,FUR. & FIXT.        ,PALLET                                            ,         4,FIXRITE PANGLAO               ,FIXRITE PANGLAO-ADMIN                             ,FAACQ               
0120-0007886501399  ,PLASTIC PALLET BLACK D4S-1012.16                            ,      3000.00,04/29/2024,FUR. & FIXT.        ,PALLET                                            ,         4,FIXRITE PANGLAO               ,FIXRITE PANGLAO-ADMIN                             ,FAACQ               
0120-0007886501400  ,PLASTIC PALLET BLACK D4S-1012.16                            ,      3000.00,04/29/2024,FUR. & FIXT.        ,PALLET                                            ,         4,FIXRITE PANGLAO               ,FIXRITE PANGLAO-ADMIN                             ,FAACQ               
0120-0007886501401  ,PLASTIC PALLET BLACK D4S-1012.16                            ,      3000.00,04/29/2024,FUR. & FIXT.        ,PALLET                                            ,         4,FIXRITE PANGLAO               ,FIXRITE PANGLAO-ADMIN                             ,FAACQ               
0120-0007886501402  ,PLASTIC PALLET BLACK D4S-1012.16                            ,      3000.00,04/29/2024,FUR. & FIXT.        ,PALLET                                            ,         4,FIXRITE PANGLAO               ,FIXRITE PANGLAO-ADMIN                             ,FAACQ               
0120-0007886501403  ,PLASTIC PALLET BLACK D4S-1012.16                            ,      3000.00,04/29/2024,FUR. & FIXT.        ,PALLET                                            ,         4,FIXRITE PANGLAO               ,FIXRITE PANGLAO-ADMIN                             ,FAACQ               
0120-0007886501404  ,PLASTIC PALLET BLACK D4S-1012.16                            ,      3000.00,04/29/2024,FUR. & FIXT.        ,PALLET                                            ,         4,FIXRITE PANGLAO               ,FIXRITE PANGLAO-ADMIN                             ,FAACQ               
0120-0007886501405  ,PLASTIC PALLET BLACK D4S-1012.16                            ,      3000.00,04/29/2024,FUR. & FIXT.        ,PALLET                                            ,         4,FIXRITE PANGLAO               ,FIXRITE PANGLAO-ADMIN                             ,FAACQ               
0120-0007886501406  ,PLASTIC PALLET BLACK D4S-1012.16                            ,      3000.00,04/29/2024,FUR. & FIXT.        ,PALLET                                            ,         4,FIXRITE PANGLAO               ,FIXRITE PANGLAO-ADMIN                             ,FAACQ               
0120-0007886501407  ,PLASTIC PALLET BLACK D4S-1012.16                            ,      3000.00,04/29/2024,FUR. & FIXT.        ,PALLET                                            ,         4,FIXRITE PANGLAO               ,FIXRITE PANGLAO-ADMIN                             ,FAACQ               
0120-0007886501408  ,PLASTIC PALLET BLACK D4S-1012.16                            ,      3000.00,04/29/2024,FUR. & FIXT.        ,PALLET                                            ,         4,FIXRITE PANGLAO               ,FIXRITE PANGLAO-ADMIN                             ,FAACQ               
0120-0007886501409  ,PLASTIC PALLET BLACK D4S-1012.16                            ,      3000.00,04/29/2024,FUR. & FIXT.        ,PALLET                                            ,         4,FIXRITE PANGLAO               ,FIXRITE PANGLAO-ADMIN                             ,FAACQ               
0120-0007886501410  ,PLASTIC PALLET BLACK D4S-1012.16                            ,      3000.00,04/29/2024,FUR. & FIXT.        ,PALLET                                            ,         4,FIXRITE PANGLAO               ,FIXRITE PANGLAO-ADMIN                             ,FAACQ               
0120-0007886501411  ,PLASTIC PALLET BLACK D4S-1012.16                            ,      3000.00,04/29/2024,FUR. & FIXT.        ,PALLET                                            ,         4,FIXRITE PANGLAO               ,FIXRITE PANGLAO-ADMIN                             ,FAACQ               
0120-0007886501412  ,PLASTIC PALLET BLACK D4S-1012.16                            ,      3000.00,04/29/2024,FUR. & FIXT.        ,PALLET                                            ,         4,FIXRITE PANGLAO               ,FIXRITE PANGLAO-ADMIN                             ,FAACQ               
0120-0007886501413  ,PLASTIC PALLET BLACK D4S-1012.16                            ,      3000.00,04/29/2024,FUR. & FIXT.        ,PALLET                                            ,         4,FIXRITE PANGLAO               ,FIXRITE PANGLAO-ADMIN                             ,FAACQ               
0120-0007886501414  ,PLASTIC PALLET BLACK D4S-1012.16                            ,      3000.00,04/29/2024,FUR. & FIXT.        ,PALLET                                            ,         4,FIXRITE PANGLAO               ,FIXRITE PANGLAO-ADMIN                             ,FAACQ               
0120-0007886501415  ,PLASTIC PALLET BLACK D4S-1012.16                            ,      3000.00,04/29/2024,FUR. & FIXT.        ,PALLET                                            ,         4,FIXRITE PANGLAO               ,FIXRITE PANGLAO-ADMIN                             ,FAACQ               
0120-0007886501416  ,PLASTIC PALLET BLACK D4S-1012.16                            ,      3000.00,04/29/2024,FUR. & FIXT.        ,PALLET                                            ,         4,FIXRITE PANGLAO               ,FIXRITE PANGLAO-ADMIN                             ,FAACQ               
0120-0007886501417  ,PLASTIC PALLET BLACK D4S-1012.16                            ,      3000.00,04/29/2024,FUR. & FIXT.        ,PALLET                                            ,         4,FIXRITE PANGLAO               ,FIXRITE PANGLAO-ADMIN                             ,FAACQ               
0120-0007886501418  ,PLASTIC PALLET BLACK D4S-1012.16                            ,      3000.00,04/29/2024,FUR. & FIXT.        ,PALLET                                            ,         4,FIXRITE PANGLAO               ,FIXRITE PANGLAO-ADMIN                             ,FAACQ               
0120-0007886501419  ,PLASTIC PALLET BLACK D4S-1012.16                            ,      3000.00,04/29/2024,FUR. & FIXT.        ,PALLET                                            ,         4,FIXRITE PANGLAO               ,FIXRITE PANGLAO-ADMIN                             ,FAACQ               
0120-0007886501420  ,PLASTIC PALLET BLACK D4S-1012.16                            ,      3000.00,04/29/2024,FUR. & FIXT.        ,PALLET                                            ,         4,FIXRITE PANGLAO               ,FIXRITE PANGLAO-ADMIN                             ,FAACQ               
0120-0007886501421  ,PLASTIC PALLET BLACK D4S-1012.16                            ,      3000.00,04/29/2024,FUR. & FIXT.        ,PALLET                                            ,         4,FIXRITE PANGLAO               ,FIXRITE PANGLAO-ADMIN                             ,FAACQ               
0120-0007886501422  ,PLASTIC PALLET BLACK D4S-1012.16                            ,      3000.00,04/29/2024,FUR. & FIXT.        ,PALLET                                            ,         4,FIXRITE PANGLAO               ,FIXRITE PANGLAO-ADMIN                             ,FAACQ               
0120-0007886501423  ,PLASTIC PALLET BLACK D4S-1012.16                            ,      3000.00,04/29/2024,FUR. & FIXT.        ,PALLET                                            ,         4,FIXRITE PANGLAO               ,FIXRITE PANGLAO-ADMIN                             ,FAACQ               
0120-0007886501424  ,PLASTIC PALLET BLACK D4S-1012.16                            ,      3000.00,04/29/2024,FUR. & FIXT.        ,PALLET                                            ,         4,FIXRITE PANGLAO               ,FIXRITE PANGLAO-ADMIN                             ,FAACQ               
0120-0007886501425  ,PLASTIC PALLET BLACK D4S-1012.16                            ,      3000.00,04/29/2024,FUR. & FIXT.        ,PALLET                                            ,         4,FIXRITE PANGLAO               ,FIXRITE PANGLAO-ADMIN                             ,FAACQ               
0120-0007886501426  ,PLASTIC PALLET BLACK D4S-1012.16                            ,      3000.00,04/29/2024,FUR. & FIXT.        ,PALLET                                            ,         4,FIXRITE PANGLAO               ,FIXRITE PANGLAO-ADMIN                             ,FAACQ               
0120-0007886501427  ,PLASTIC PALLET BLACK D4S-1012.16                            ,      3000.00,04/29/2024,FUR. & FIXT.        ,PALLET                                            ,         4,FIXRITE PANGLAO               ,FIXRITE PANGLAO-ADMIN                             ,FAACQ               
0120-0007886501428  ,PLASTIC PALLET BLACK D4S-1012.16                            ,      3000.00,04/29/2024,FUR. & FIXT.        ,PALLET                                            ,         4,FIXRITE PANGLAO               ,FIXRITE PANGLAO-ADMIN                             ,FAACQ               
0120-0007886501429  ,PLASTIC PALLET BLACK D4S-1012.16                            ,      3000.00,04/29/2024,FUR. & FIXT.        ,PALLET                                            ,         4,FIXRITE PANGLAO               ,FIXRITE PANGLAO-ADMIN                             ,FAACQ               
0120-0007886501430  ,PLASTIC PALLET BLACK D4S-1012.16                            ,      3000.00,04/29/2024,FUR. & FIXT.        ,PALLET                                            ,         4,FIXRITE PANGLAO               ,FIXRITE PANGLAO-ADMIN                             ,FAACQ               
0120-0007886501431  ,PLASTIC PALLET BLACK D4S-1012.16                            ,      3000.00,04/29/2024,FUR. & FIXT.        ,PALLET                                            ,         4,FIXRITE PANGLAO               ,FIXRITE PANGLAO-ADMIN                             ,FAACQ               
0120-0007886501432  ,PLASTIC PALLET BLACK D4S-1012.16                            ,      3000.00,04/29/2024,FUR. & FIXT.        ,PALLET                                            ,         4,FIXRITE PANGLAO               ,FIXRITE PANGLAO-ADMIN                             ,FAACQ               
0120-0007886501433  ,PLASTIC PALLET BLACK D4S-1012.16                            ,      3000.00,04/29/2024,FUR. & FIXT.        ,PALLET                                            ,         4,FIXRITE PANGLAO               ,FIXRITE PANGLAO-ADMIN                             ,FAACQ               
0120-0007886501434  ,PLASTIC PALLET BLACK D4S-1012.16                            ,      3000.00,04/29/2024,FUR. & FIXT.        ,PALLET                                            ,         4,FIXRITE PANGLAO               ,FIXRITE PANGLAO-ADMIN                             ,FAACQ               
0120-0007886501435  ,PLASTIC PALLET BLACK D4S-1012.16                            ,      3000.00,04/29/2024,FUR. & FIXT.        ,PALLET                                            ,         4,FIXRITE PANGLAO               ,FIXRITE PANGLAO-ADMIN                             ,FAACQ               
0120-0007886501436  ,PLASTIC PALLET BLACK D4S-1012.16                            ,      3000.00,04/29/2024,FUR. & FIXT.        ,PALLET                                            ,         4,FIXRITE PANGLAO               ,FIXRITE PANGLAO-ADMIN                             ,FAACQ               
0120-0007886501437  ,PLASTIC PALLET BLACK D4S-1012.16                            ,      3000.00,04/29/2024,FUR. & FIXT.        ,PALLET                                            ,         4,FIXRITE PANGLAO               ,FIXRITE PANGLAO-ADMIN                             ,FAACQ               
0120-0007886501438  ,PLASTIC PALLET BLACK D4S-1012.16                            ,      3000.00,04/29/2024,FUR. & FIXT.        ,PALLET                                            ,         4,FIXRITE PANGLAO               ,FIXRITE PANGLAO-ADMIN                             ,FAACQ               
0120-0007886501439  ,PLASTIC PALLET BLACK D4S-1012.16                            ,      3000.00,04/29/2024,FUR. & FIXT.        ,PALLET                                            ,         4,FIXRITE PANGLAO               ,FIXRITE PANGLAO-ADMIN                             ,FAACQ               
0120-0007886501440  ,PLASTIC PALLET BLACK D4S-1012.16                            ,      3000.00,04/29/2024,FUR. & FIXT.        ,PALLET                                            ,         4,FIXRITE PANGLAO               ,FIXRITE PANGLAO-ADMIN                             ,FAACQ               
0120-0007886501441  ,PLASTIC PALLET BLACK D4S-1012.16                            ,      3000.00,04/29/2024,FUR. & FIXT.        ,PALLET                                            ,         4,FIXRITE PANGLAO               ,FIXRITE PANGLAO-ADMIN                             ,FAACQ               
0120-0007886501442  ,PLASTIC PALLET BLACK D4S-1012.16                            ,      3000.00,04/29/2024,FUR. & FIXT.        ,PALLET                                            ,         4,FIXRITE PANGLAO               ,FIXRITE PANGLAO-ADMIN                             ,FAACQ               
0120-0007886501443  ,PLASTIC PALLET BLACK D4S-1012.16                            ,      3000.00,04/29/2024,FUR. & FIXT.        ,PALLET                                            ,         4,FIXRITE PANGLAO               ,FIXRITE PANGLAO-ADMIN                             ,FAACQ               
0120-0007886501444  ,PLASTIC PALLET BLACK D4S-1012.16                            ,      3000.00,04/29/2024,FUR. & FIXT.        ,PALLET                                            ,         4,FIXRITE PANGLAO               ,FIXRITE PANGLAO-ADMIN                             ,FAACQ               
0120-0007886501445  ,PLASTIC PALLET BLACK D4S-1012.16                            ,      3000.00,04/29/2024,FUR. & FIXT.        ,PALLET                                            ,         4,FIXRITE PANGLAO               ,FIXRITE PANGLAO-ADMIN                             ,FAACQ               
0120-0007886501446  ,PLASTIC PALLET BLACK D4S-1012.16                            ,      3000.00,04/29/2024,FUR. & FIXT.        ,PALLET                                            ,         4,FIXRITE PANGLAO               ,FIXRITE PANGLAO-ADMIN                             ,FAACQ               
0120-0007886501447  ,PLASTIC PALLET BLACK D4S-1012.16                            ,      3000.00,04/29/2024,FUR. & FIXT.        ,PALLET                                            ,         4,FIXRITE PANGLAO               ,FIXRITE PANGLAO-ADMIN                             ,FAACQ               
0120-0007886501448  ,PLASTIC PALLET BLACK D4S-1012.16                            ,      3000.00,04/29/2024,FUR. & FIXT.        ,PALLET                                            ,         4,FIXRITE PANGLAO               ,FIXRITE PANGLAO-ADMIN                             ,FAACQ               
0120-0007886501449  ,PLASTIC PALLET BLACK D4S-1012.16                            ,      3000.00,04/29/2024,FUR. & FIXT.        ,PALLET                                            ,         4,FIXRITE PANGLAO               ,FIXRITE PANGLAO-ADMIN                             ,FAACQ               
0120-0007886501450  ,PLASTIC PALLET BLACK D4S-1012.16                            ,      3000.00,04/29/2024,FUR. & FIXT.        ,PALLET                                            ,         4,FIXRITE PANGLAO               ,FIXRITE PANGLAO-ADMIN                             ,FAACQ               
0120-0007886501451  ,PLASTIC PALLET BLACK D4S-1012.16                            ,      3000.00,04/29/2024,FUR. & FIXT.        ,PALLET                                            ,         4,FIXRITE PANGLAO               ,FIXRITE PANGLAO-ADMIN                             ,FAACQ               
0120-0007886501452  ,PLASTIC PALLET BLACK D4S-1012.16                            ,      3000.00,04/29/2024,FUR. & FIXT.        ,PALLET                                            ,         4,FIXRITE PANGLAO               ,FIXRITE PANGLAO-ADMIN                             ,FAACQ               
0120-0007886501453  ,PLASTIC PALLET BLACK D4S-1012.16                            ,      3000.00,04/29/2024,FUR. & FIXT.        ,PALLET                                            ,         4,FIXRITE PANGLAO               ,FIXRITE PANGLAO-ADMIN                             ,FAACQ               
0120-0007886501454  ,PLASTIC PALLET BLACK D4S-1012.16                            ,      3000.00,04/29/2024,FUR. & FIXT.        ,PALLET                                            ,         4,FIXRITE PANGLAO               ,FIXRITE PANGLAO-ADMIN                             ,FAACQ               
0120-0007886501455  ,PLASTIC PALLET BLACK D4S-1012.16                            ,      3000.00,04/29/2024,FUR. & FIXT.        ,PALLET                                            ,         4,FIXRITE PANGLAO               ,FIXRITE PANGLAO-ADMIN                             ,FAACQ               
0120-0007886501456  ,PLASTIC PALLET BLACK D4S-1012.16                            ,      3000.00,04/29/2024,FUR. & FIXT.        ,PALLET                                            ,         4,FIXRITE PANGLAO               ,FIXRITE PANGLAO-ADMIN                             ,FAACQ               
0120-0007886501457  ,PLASTIC PALLET BLACK D4S-1012.16                            ,      3000.00,04/29/2024,FUR. & FIXT.        ,PALLET                                            ,         4,FIXRITE PANGLAO               ,FIXRITE PANGLAO-ADMIN                             ,FAACQ               
0120-0007886501458  ,PLASTIC PALLET BLACK D4S-1012.16                            ,      3000.00,04/29/2024,FUR. & FIXT.        ,PALLET                                            ,         4,FIXRITE PANGLAO               ,FIXRITE PANGLAO-ADMIN                             ,FAACQ               
0120-0007886501459  ,PLASTIC PALLET BLACK D4S-1012.16                            ,      3000.00,04/29/2024,FUR. & FIXT.        ,PALLET                                            ,         4,FIXRITE PANGLAO               ,FIXRITE PANGLAO-ADMIN                             ,FAACQ               
0120-0007886501460  ,PLASTIC PALLET BLACK D4S-1012.16                            ,      3000.00,04/29/2024,FUR. & FIXT.        ,PALLET                                            ,         4,FIXRITE PANGLAO               ,FIXRITE PANGLAO-ADMIN                             ,FAACQ               
0120-0007886501461  ,PLASTIC PALLET BLACK D4S-1012.16                            ,      3000.00,04/29/2024,FUR. & FIXT.        ,PALLET                                            ,         4,FIXRITE PANGLAO               ,FIXRITE PANGLAO-ADMIN                             ,FAACQ               
0120-0007886501462  ,PLASTIC PALLET BLACK D4S-1012.16                            ,      3000.00,04/29/2024,FUR. & FIXT.        ,PALLET                                            ,         4,FIXRITE PANGLAO               ,FIXRITE PANGLAO-ADMIN                             ,FAACQ               
0120-0007886501463  ,PLASTIC PALLET BLACK D4S-1012.16                            ,      3000.00,04/29/2024,FUR. & FIXT.        ,PALLET                                            ,         4,FIXRITE PANGLAO               ,FIXRITE PANGLAO-ADMIN                             ,FAACQ               
0120-0007886501464  ,PLASTIC PALLET BLACK D4S-1012.16                            ,      3000.00,04/29/2024,FUR. & FIXT.        ,PALLET                                            ,         4,FIXRITE PANGLAO               ,FIXRITE PANGLAO-ADMIN                             ,FAACQ               
0120-0007886501465  ,PLASTIC PALLET BLACK D4S-1012.16                            ,      3000.00,04/29/2024,FUR. & FIXT.        ,PALLET                                            ,         4,FIXRITE PANGLAO               ,FIXRITE PANGLAO-ADMIN                             ,FAACQ               
0120-0007886501466  ,PLASTIC PALLET BLACK D4S-1012.16                            ,      3000.00,04/29/2024,FUR. & FIXT.        ,PALLET                                            ,         4,FIXRITE PANGLAO               ,FIXRITE PANGLAO-ADMIN                             ,FAACQ               
0120-0007886501467  ,PLASTIC PALLET BLACK D4S-1012.16                            ,      3000.00,04/29/2024,FUR. & FIXT.        ,PALLET                                            ,         4,FIXRITE PANGLAO               ,FIXRITE PANGLAO-ADMIN                             ,FAACQ               
0120-0007886501468  ,PLASTIC PALLET BLACK D4S-1012.16                            ,      3000.00,04/29/2024,FUR. & FIXT.        ,PALLET                                            ,         4,FIXRITE PANGLAO               ,FIXRITE PANGLAO-ADMIN                             ,FAACQ               
0120-0007886501469  ,PLASTIC PALLET BLACK D4S-1012.16                            ,      3000.00,04/29/2024,FUR. & FIXT.        ,PALLET                                            ,         4,FIXRITE PANGLAO               ,FIXRITE PANGLAO-ADMIN                             ,FAACQ               
0120-0007886501470  ,PLASTIC PALLET BLACK D4S-1012.16                            ,      3000.00,04/29/2024,FUR. & FIXT.        ,PALLET                                            ,         4,FIXRITE PANGLAO               ,FIXRITE PANGLAO-ADMIN                             ,FAACQ               
0120-0007886501471  ,PLASTIC PALLET BLACK D4S-1012.16                            ,      3000.00,04/29/2024,FUR. & FIXT.        ,PALLET                                            ,         4,FIXRITE PANGLAO               ,FIXRITE PANGLAO-ADMIN                             ,FAACQ               
0120-0007886501472  ,PLASTIC PALLET BLACK D4S-1012.16                            ,      3000.00,04/29/2024,FUR. & FIXT.        ,PALLET                                            ,         4,FIXRITE PANGLAO               ,FIXRITE PANGLAO-ADMIN                             ,FAACQ               
0120-0007886501473  ,PLASTIC PALLET BLACK D4S-1012.16                            ,      3000.00,04/29/2024,FUR. & FIXT.        ,PALLET                                            ,         4,FIXRITE PANGLAO               ,FIXRITE PANGLAO-ADMIN                             ,FAACQ               
0120-0007886501474  ,PLASTIC PALLET BLACK D4S-1012.16                            ,      3000.00,04/29/2024,FUR. & FIXT.        ,PALLET                                            ,         4,FIXRITE PANGLAO               ,FIXRITE PANGLAO-ADMIN                             ,FAACQ               
0120-0007886501475  ,PLASTIC PALLET BLACK D4S-1012.16                            ,      3000.00,04/29/2024,FUR. & FIXT.        ,PALLET                                            ,         4,FIXRITE PANGLAO               ,FIXRITE PANGLAO-ADMIN                             ,FAACQ               
0120-0007886501476  ,PLASTIC PALLET BLACK D4S-1012.16                            ,      3000.00,04/29/2024,FUR. & FIXT.        ,PALLET                                            ,         4,FIXRITE PANGLAO               ,FIXRITE PANGLAO-ADMIN                             ,FAACQ               
0120-0007886501477  ,PLASTIC PALLET BLACK D4S-1012.16                            ,      3000.00,04/29/2024,FUR. & FIXT.        ,PALLET                                            ,         4,FIXRITE PANGLAO               ,FIXRITE PANGLAO-ADMIN                             ,FAACQ               
0120-0007886501478  ,PLASTIC PALLET BLACK D4S-1012.16                            ,      3000.00,04/29/2024,FUR. & FIXT.        ,PALLET                                            ,         4,FIXRITE PANGLAO               ,FIXRITE PANGLAO-ADMIN                             ,FAACQ               
0120-0007886501479  ,PLASTIC PALLET BLACK D4S-1012.16                            ,      3000.00,04/29/2024,FUR. & FIXT.        ,PALLET                                            ,         4,FIXRITE PANGLAO               ,FIXRITE PANGLAO-ADMIN                             ,FAACQ               
0120-0007886501480  ,PLASTIC PALLET BLACK D4S-1012.16                            ,      3000.00,04/29/2024,FUR. & FIXT.        ,PALLET                                            ,         4,FIXRITE PANGLAO               ,FIXRITE PANGLAO-ADMIN                             ,FAACQ               
0120-0007886501481  ,PLASTIC PALLET BLACK D4S-1012.16                            ,      3000.00,04/29/2024,FUR. & FIXT.        ,PALLET                                            ,         4,FIXRITE PANGLAO               ,FIXRITE PANGLAO-ADMIN                             ,FAACQ               
0120-0007886501482  ,PLASTIC PALLET BLACK D4S-1012.16                            ,      3000.00,04/29/2024,FUR. & FIXT.        ,PALLET                                            ,         4,FIXRITE PANGLAO               ,FIXRITE PANGLAO-ADMIN                             ,FAACQ               
0120-0007886501483  ,PLASTIC PALLET BLACK D4S-1012.16                            ,      3000.00,04/29/2024,FUR. & FIXT.        ,PALLET                                            ,         4,FIXRITE PANGLAO               ,FIXRITE PANGLAO-ADMIN                             ,FAACQ               
0120-0007886501484  ,PLASTIC PALLET BLACK D4S-1012.16                            ,      3000.00,04/29/2024,FUR. & FIXT.        ,PALLET                                            ,         4,FIXRITE PANGLAO               ,FIXRITE PANGLAO-ADMIN                             ,FAACQ               
0120-0007886501485  ,PLASTIC PALLET BLACK D4S-1012.16                            ,      3000.00,04/29/2024,FUR. & FIXT.        ,PALLET                                            ,         4,FIXRITE PANGLAO               ,FIXRITE PANGLAO-ADMIN                             ,FAACQ               
0120-0007886501486  ,PLASTIC PALLET BLACK D4S-1012.16                            ,      3000.00,04/29/2024,FUR. & FIXT.        ,PALLET                                            ,         4,FIXRITE PANGLAO               ,FIXRITE PANGLAO-ADMIN                             ,FAACQ               
0120-0007886501487  ,PLASTIC PALLET BLACK D4S-1012.16                            ,      3000.00,04/29/2024,FUR. & FIXT.        ,PALLET                                            ,         4,FIXRITE PANGLAO               ,FIXRITE PANGLAO-ADMIN                             ,FAACQ               
0120-0007886501488  ,PLASTIC PALLET BLACK D4S-1012.16                            ,      3000.00,04/29/2024,FUR. & FIXT.        ,PALLET                                            ,         4,FIXRITE PANGLAO               ,FIXRITE PANGLAO-ADMIN                             ,FAACQ               
0120-0007886501489  ,PLASTIC PALLET BLACK D4S-1012.16                            ,      3000.00,04/29/2024,FUR. & FIXT.        ,PALLET                                            ,         4,FIXRITE PANGLAO               ,FIXRITE PANGLAO-ADMIN                             ,FAACQ               
0120-0007886501490  ,PLASTIC PALLET BLACK D4S-1012.16                            ,      3000.00,04/29/2024,FUR. & FIXT.        ,PALLET                                            ,         4,FIXRITE PANGLAO               ,FIXRITE PANGLAO-ADMIN                             ,FAACQ               
0120-0007886501491  ,PLASTIC PALLET BLACK D4S-1012.16                            ,      3000.00,04/29/2024,FUR. & FIXT.        ,PALLET                                            ,         4,FIXRITE PANGLAO               ,FIXRITE PANGLAO-ADMIN                             ,FAACQ               
0120-0007886501492  ,PLASTIC PALLET BLACK D4S-1012.16                            ,      3000.00,04/29/2024,FUR. & FIXT.        ,PALLET                                            ,         4,FIXRITE PANGLAO               ,FIXRITE PANGLAO-ADMIN                             ,FAACQ               
0120-0007886501493  ,PLASTIC PALLET BLACK D4S-1012.16                            ,      3000.00,04/29/2024,FUR. & FIXT.        ,PALLET                                            ,         4,FIXRITE PANGLAO               ,FIXRITE PANGLAO-ADMIN                             ,FAACQ               
0120-0007886501494  ,PLASTIC PALLET BLACK D4S-1012.16                            ,      3000.00,04/29/2024,FUR. & FIXT.        ,PALLET                                            ,         4,FIXRITE PANGLAO               ,FIXRITE PANGLAO-ADMIN                             ,FAACQ               
0120-0007886501495  ,PLASTIC PALLET BLACK D4S-1012.16                            ,      3000.00,04/29/2024,FUR. & FIXT.        ,PALLET                                            ,         4,FIXRITE PANGLAO               ,FIXRITE PANGLAO-ADMIN                             ,FAACQ               
0120-0007886501496  ,PLASTIC PALLET BLACK D4S-1012.16                            ,      3000.00,04/29/2024,FUR. & FIXT.        ,PALLET                                            ,         4,FIXRITE PANGLAO               ,FIXRITE PANGLAO-ADMIN                             ,FAACQ               
0120-0007886501497  ,PLASTIC PALLET BLACK D4S-1012.16                            ,      3000.00,04/29/2024,FUR. & FIXT.        ,PALLET                                            ,         4,FIXRITE PANGLAO               ,FIXRITE PANGLAO-ADMIN                             ,FAACQ               
0120-0007886501498  ,PLASTIC PALLET BLACK D4S-1012.16                            ,      3000.00,04/29/2024,FUR. & FIXT.        ,PALLET                                            ,         4,FIXRITE PANGLAO               ,FIXRITE PANGLAO-ADMIN                             ,FAACQ               
0120-0007886501499  ,PLASTIC PALLET BLACK D4S-1012.16                            ,      3000.00,04/29/2024,FUR. & FIXT.        ,PALLET                                            ,         4,FIXRITE PANGLAO               ,FIXRITE PANGLAO-ADMIN                             ,FAACQ               
0120-0007886501500  ,PLASTIC PALLET BLACK D4S-1012.16                            ,      3000.00,04/29/2024,FUR. & FIXT.        ,PALLET                                            ,         4,FIXRITE PANGLAO               ,FIXRITE PANGLAO-ADMIN                             ,FAACQ               
0000499600001       ,5' GLASS SHOWCASE                                           ,     12000.00,04/01/1997,FUR. & FIXT.        ,SHOWCASE                                          ,         3,FIXRITE PANGLAO               ,FIXRITE PANGLAO-FIXED ASSET DEPT.                 ,FA_TRAN             
0000499600003       ,5' GLASS SHOWCASE                                           ,     12000.00,04/01/1997,FUR. & FIXT.        ,SHOWCASE                                          ,         3,FIXRITE PANGLAO               ,FIXRITE PANGLAO-FIXED ASSET DEPT.                 ,FA_TRAN             
0000499600004       ,5' GLASS SHOWCASE                                           ,     12000.00,04/01/1997,FUR. & FIXT.        ,SHOWCASE                                          ,         3,FIXRITE PANGLAO               ,FIXRITE PANGLAO-FIXED ASSET DEPT.                 ,FA_TRAN             
0000499600006       ,5' GLASS SHOWCASE                                           ,     12000.00,04/01/1997,FUR. & FIXT.        ,SHOWCASE                                          ,         3,FIXRITE PANGLAO               ,FIXRITE PANGLAO-FIXED ASSET DEPT.                 ,FA_TRAN             
0000500400003       ,GLASS SHOWCASE 3'                                           ,     11684.00,04/01/1997,FUR. & FIXT.        ,SHOWCASE                                          ,         3,FIXRITE PANGLAO               ,FIXRITE PANGLAO-FIXED ASSET DEPT.                 ,FA_TRAN             
0000516000004       ,SCANNERS SYMBOL LS2208                                      ,      5900.00,04/04/2017,STR. EQPT.          ,SCANNER                                           ,         3,CORPORATE-GROUP 2             ,CORPORATE2-FIXRITE WHOLESALE VIAJE                ,FA_TRAN             
0110-0009515100001  ,DRY TYPE TRANSFORMER 30KVA 3P 60HZ                          ,    115900.00,03/07/2024,ELEC. INTS. & EQPT. ,TRANSFORMER                                       ,         5,FIXRITE PANGLAO               ,FIXRITE PANGLAO-ADMIN                             ,FA_TRAN             
0120-0010397300001  ,GONDOLA RACK SIGN                                           ,      1889.53,08/22/2024,FUR. & FIXT.        ,SIGNAGE                                           ,         3,FIXRITE PANGLAO               ,FIXRITE PANGLAO-ADMIN                             ,FAACQ               
0120-0010397300002  ,GONDOLA RACK SIGN                                           ,      1889.53,08/22/2024,FUR. & FIXT.        ,SIGNAGE                                           ,         3,FIXRITE PANGLAO               ,FIXRITE PANGLAO-ADMIN                             ,FAACQ               
0120-0010397300003  ,GONDOLA RACK SIGN                                           ,      1889.53,08/22/2024,FUR. & FIXT.        ,SIGNAGE                                           ,         3,FIXRITE PANGLAO               ,FIXRITE PANGLAO-ADMIN                             ,FAACQ               
0120-0010397300004  ,GONDOLA RACK SIGN                                           ,      1889.53,08/22/2024,FUR. & FIXT.        ,SIGNAGE                                           ,         3,FIXRITE PANGLAO               ,FIXRITE PANGLAO-ADMIN                             ,FAACQ               
0120-0010397300005  ,GONDOLA RACK SIGN                                           ,      1889.53,08/22/2024,FUR. & FIXT.        ,SIGNAGE                                           ,         3,FIXRITE PANGLAO               ,FIXRITE PANGLAO-ADMIN                             ,FAACQ               
0120-0010397300006  ,GONDOLA RACK SIGN                                           ,      1889.53,08/22/2024,FUR. & FIXT.        ,SIGNAGE                                           ,         3,FIXRITE PANGLAO               ,FIXRITE PANGLAO-ADMIN                             ,FAACQ               
0120-0010397300007  ,GONDOLA RACK SIGN                                           ,      1889.53,08/22/2024,FUR. & FIXT.        ,SIGNAGE                                           ,         3,FIXRITE PANGLAO               ,FIXRITE PANGLAO-ADMIN                             ,FAACQ               
0120-0010397300008  ,GONDOLA RACK SIGN                                           ,      1889.53,08/22/2024,FUR. & FIXT.        ,SIGNAGE                                           ,         3,FIXRITE PANGLAO               ,FIXRITE PANGLAO-ADMIN                             ,FAACQ               
0120-0010397300009  ,GONDOLA RACK SIGN                                           ,      1889.53,08/22/2024,FUR. & FIXT.        ,SIGNAGE                                           ,         3,FIXRITE PANGLAO               ,FIXRITE PANGLAO-ADMIN                             ,FAACQ               
0120-0010397300010  ,GONDOLA RACK SIGN                                           ,      1889.53,08/22/2024,FUR. & FIXT.        ,SIGNAGE                                           ,         3,FIXRITE PANGLAO               ,FIXRITE PANGLAO-ADMIN                             ,FAACQ               
0120-0010397300011  ,GONDOLA RACK SIGN                                           ,      1889.53,08/22/2024,FUR. & FIXT.        ,SIGNAGE                                           ,         3,FIXRITE PANGLAO               ,FIXRITE PANGLAO-ADMIN                             ,FAACQ               
0120-0010397300012  ,GONDOLA RACK SIGN                                           ,      1889.53,08/22/2024,FUR. & FIXT.        ,SIGNAGE                                           ,         3,FIXRITE PANGLAO               ,FIXRITE PANGLAO-ADMIN                             ,FAACQ               
0120-0010397400001  ,WATER TANK SIGNAGE - SUPERMARKET 430CM X 127 CM             ,     13175.63,08/22/2024,FUR. & FIXT.        ,SIGNAGE                                           ,         3,FIXRITE PANGLAO               ,FIXRITE PANGLAO-ADMIN                             ,FAACQ               
0120-0010397500001  ,WATER TANK SIGNAGE - SUPERMARKET 410CM X 127 CM             ,     12767.08,08/22/2024,FUR. & FIXT.        ,SIGNAGE                                           ,         3,FIXRITE PANGLAO               ,FIXRITE PANGLAO-ADMIN                             ,FAACQ               
0120-0010397500002  ,WATER TANK SIGNAGE - SUPERMARKET 410CM X 127 CM             ,     12767.08,08/22/2024,FUR. & FIXT.        ,SIGNAGE                                           ,         3,FIXRITE PANGLAO               ,FIXRITE PANGLAO-ADMIN                             ,FAACQ               
0120-0010397600001  ,ALTURAS PANGLAO LOGO                                        ,     14809.81,08/22/2024,FUR. & FIXT.        ,SIGNAGE                                           ,         3,FIXRITE PANGLAO               ,FIXRITE PANGLAO-ADMIN                             ,FAACQ               
0120-0008585000001  ,CPU SET                                                     ,     14490.00,08/22/2024,OFF. EQPT.          ,CPU                                               ,         3,FIXRITE PANGLAO               ,FIXRITE PANGLAO-ADMIN                             ,FAACQ               
0120-0009805300001  ,ACER LED20 K202QBI 19.5"" LED MONITOR (VGAHDMI)              ,      2950.00,08/22/2024,OFF. EQPT.          ,MONITOR                                           ,         3,FIXRITE PANGLAO               ,FIXRITE PANGLAO-ADMIN                             ,FAACQ               
0120-0009297000004  ,HANDYMATE LADDER 3 STEP                                     ,      1850.00,08/03/2024,STR. EQPT.          ,LADDER                                            ,         5,FIXRITE PANGLAO               ,FIXRITE PANGLAO-RETAIL                            ,FAACQ               
0120-0009297000005  ,HANDYMATE LADDER 3 STEP                                     ,      1850.00,08/03/2024,STR. EQPT.          ,LADDER                                            ,         5,FIXRITE PANGLAO               ,FIXRITE PANGLAO-RETAIL                            ,FAACQ               
0120-0010153300001  ,ZKK - 1200 GRASSCUTTER 4-S                                  ,     12679.75,08/13/2024,MACH. & EQPT.       ,GRASS CUTTER                                      ,         5,FIXRITE PANGLAO               ,FIXRITE PANGLAO-GENERAL SERVICES DEPT.            ,FAACQ               
0120-0000921500031  ,STAFF CHAIR W/O ARM                                         ,      4275.00,09/26/2024,FUR. & FIXT.        ,CHAIR                                             ,         3,FIXRITE PANGLAO               ,FIXRITE PANGLAO-ADMIN                             ,FAACQ               
0120-0000921500032  ,STAFF CHAIR W/O ARM                                         ,      4275.00,09/26/2024,FUR. & FIXT.        ,CHAIR                                             ,         3,FIXRITE PANGLAO               ,FIXRITE PANGLAO-ADMIN                             ,FAACQ               
0120-0000921500033  ,STAFF CHAIR W/O ARM                                         ,      4275.00,09/26/2024,FUR. & FIXT.        ,CHAIR                                             ,         3,FIXRITE PANGLAO               ,FIXRITE PANGLAO-ADMIN                             ,FAACQ               
0120-0000921500034  ,STAFF CHAIR W/O ARM                                         ,      4275.00,09/26/2024,FUR. & FIXT.        ,CHAIR                                             ,         3,FIXRITE PANGLAO               ,FIXRITE PANGLAO-ADMIN                             ,FAACQ               
0120-0004411900022  ,MTO FREE STANDING TABLE 1100W X 600D X 760H                 ,      4132.50,09/26/2024,FUR. & FIXT.        ,TABLE                                             ,         5,FIXRITE PANGLAO               ,FIXRITE PANGLAO-ADMIN                             ,FAACQ               
0120-0004411900023  ,MTO FREE STANDING TABLE 1100W X 600D X 760H                 ,      4132.50,09/26/2024,FUR. & FIXT.        ,TABLE                                             ,         5,FIXRITE PANGLAO               ,FIXRITE PANGLAO-ADMIN                             ,FAACQ               
0120-0004411900024  ,MTO FREE STANDING TABLE 1100W X 600D X 760H                 ,      4132.50,09/26/2024,FUR. & FIXT.        ,TABLE                                             ,         5,FIXRITE PANGLAO               ,FIXRITE PANGLAO-ADMIN                             ,FAACQ               
0120-0004411900025  ,MTO FREE STANDING TABLE 1100W X 600D X 760H                 ,      4132.50,09/26/2024,FUR. & FIXT.        ,TABLE                                             ,         5,FIXRITE PANGLAO               ,FIXRITE PANGLAO-ADMIN                             ,FAACQ               
0120-0000801800001  ,ALUMINUM LADDER 6 STEPS                                     ,      2500.00,11/09/2024,FUR. & FIXT.        ,LADDER-ALUMINUM                                   ,         3,FIXRITE PANGLAO               ,FIXRITE PANGLAO-ADMIN                             ,FAACQ               
0120-0000801800002  ,ALUMINUM LADDER 6 STEPS                                     ,      2500.00,11/09/2024,FUR. & FIXT.        ,LADDER-ALUMINUM                                   ,         3,FIXRITE PANGLAO               ,FIXRITE PANGLAO-ADMIN                             ,FAACQ               
0120-0009234900001  ,NIPPON COMMERCIAL ESCALATOR (35°)                           ,   1575560.00,11/20/2024,MACH. & EQPT.       ,ESCALATOR                                         ,        10,FIXRITE PANGLAO               ,FIXRITE PANGLAO-ADMIN                             ,FAACQ               
0120-0009234900002  ,NIPPON COMMERCIAL ESCALATOR (35°)                           ,   1575560.00,11/20/2024,MACH. & EQPT.       ,ESCALATOR                                         ,        10,FIXRITE PANGLAO               ,FIXRITE PANGLAO-ADMIN                             ,FAACQ               
0120-0008166400010  ,EPSON LQ310 DOT MATRIX PRINTER                              ,     13995.00,11/22/2024,OFF. EQPT.          ,PRINTER                                           ,         3,FIXRITE PANGLAO               ,FIXRITE PANGLAO-ADMIN                             ,FAACQ               
0120-0008166400011  ,EPSON LQ310 DOT MATRIX PRINTER                              ,     13995.00,02/06/2025,OFF. EQPT.          ,PRINTER                                           ,         3,FIXRITE PANGLAO               ,FIXRITE PANGLAO-ADMIN                             ,FAACQ               
0120-0010730300001  ,ACER LED20 K202QBI 19""5 MONITOR                             ,      3000.00,02/06/2025,OFF. EQPT.          ,MONITOR                                           ,         3,FIXRITE PANGLAO               ,FIXRITE PANGLAO-ADMIN                             ,FAACQ               
0120-0011403700001  ,CPU SET CORE I3                                             ,     15810.00,02/06/2025,OFF. EQPT.          ,CPU                                               ,         3,FIXRITE PANGLAO               ,FIXRITE PANGLAO-ADMIN                             ,FAACQ               
0120-0010856500001  ,PLATFORM HAND TRUCK 150KGS                                  ,      2000.00,03/15/2025,MACH. & EQPT.       ,HANDTRUCK                                         ,         4,FIXRITE PANGLAO               ,FIXRITE PANGLAO-GROCERY STOCKROOM                 ,FAACQ               
0120-0011295700001  ,LOTUS DIGITAL CLAMP METER                                   ,      1899.00,03/15/2025,TOOLS               ,METER                                             ,         5,FIXRITE PANGLAO               ,FIXRITE PANGLAO-ENGINEERING                       ,FAACQ               
0120-0007573500001  ,CPU SET I3                                                  ,     13975.00,04/11/2025,OFF. EQPT.          ,CPU                                               ,         3,FIXRITE PANGLAO               ,FIXRITE PANGLAO-ADMIN                             ,FAACQ               
0120-0009805300002  ,ACER LED20 K202QBI 19.5"" LED MONITOR (VGAHDMI)              ,      3000.00,04/11/2025,OFF. EQPT.          ,MONITOR                                           ,         3,FIXRITE PANGLAO               ,FIXRITE PANGLAO-ADMIN                             ,FAACQ               
0120-0010082800001  ,480GB KINGSTON SA400S37/480G SATA3 SSD 2.5""                 ,      1765.00,04/11/2025,                    ,SUPPLIES                                          ,         0,FIXRITE PANGLAO               ,FIXRITE PANGLAO-ADMIN                             ,FAACQ               
0120-0007573500002  ,CPU SET I3                                                  ,     13975.00,05/26/2025,OFF. EQPT.          ,CPU                                               ,         3,FIXRITE PANGLAO               ,FIXRITE PANGLAO-ADMIN                             ,FAACQ               
0120-0009805300003  ,ACER LED20 K202QBI 19.5"" LED MONITOR (VGAHDMI)              ,      3000.00,05/26/2025,OFF. EQPT.          ,MONITOR                                           ,         3,FIXRITE PANGLAO               ,FIXRITE PANGLAO-ADMIN                             ,FAACQ               
0120-0010082800002  ,480GB KINGSTON SA400S37/480G SATA3 SSD 2.5""                 ,      1765.00,05/26/2025,                    ,SUPPLIES                                          ,         0,FIXRITE PANGLAO               ,FIXRITE PANGLAO-ADMIN                             ,FAACQ               
0120-0012079600001  ,DRY TYPE TRANSFORMER 3 PHASE 60HZ                           ,    152950.00,05/24/2025,ELEC. INTS. & EQPT. ,TRANSFORMER                                       ,         5,FIXRITE PANGLAO               ,FIXRITE PANGLAO-ENGINEERING                       ,FAACQ               
0120-0011584800001  ,ALUMINUM STEP LADDER W/ HANDRAIL 7""                         ,      2850.00,06/09/2025,STR. EQPT.          ,LADDER                                            ,         5,FIXRITE PANGLAO               ,FIXRITE PANGLAO-GROCERY SELLING AREA              ,FAACQ               
0120-0011584800002  ,ALUMINUM STEP LADDER W/ HANDRAIL 7""                         ,      2850.00,06/09/2025,STR. EQPT.          ,LADDER                                            ,         5,FIXRITE PANGLAO               ,FIXRITE PANGLAO-GROCERY SELLING AREA              ,FAACQ               
0120-0011579200001  ,GREEN CARE TRHO-53 RED HOODED TRASH BIN                     ,      2899.00,06/09/2025,STR. EQPT.          ,TRASH BIN                                         ,         2,FIXRITE PANGLAO               ,FIXRITE PANGLAO-GENERAL SERVICES DEPT.            ,FAACQ               
0120-0011369500001  ,STANLEY POWERTOOL HAMMER DRILL                              ,     14699.75,06/18/2025,TOOLS               ,DRILL                                             ,         3,FIXRITE PANGLAO               ,FIXRITE PANGLAO-ENGINEERING                       ,FAACQ               
0120-0007048000002  ,PRINTER EPSON L3210 AIO                                     ,      8250.00,08/13/2025,OFF. EQPT.          ,PRINTER                                           ,         3,FIXRITE PANGLAO               ,FIXRITE PANGLAO-ADMIN                             ,FAACQ               
0120-0007048000003  ,PRINTER EPSON L3210 AIO                                     ,      8250.00,08/13/2025,OFF. EQPT.          ,PRINTER                                           ,         3,FIXRITE PANGLAO               ,FIXRITE PANGLAO-ADMIN                             ,FAACQ               
0120-0006478500001  ,CPU SET I3                                                  ,     13370.00,08/13/2025,OFF. EQPT.          ,CPU                                               ,         3,FIXRITE PANGLAO               ,FIXRITE PANGLAO-ADMIN                             ,FAACQ               
0120-0009805300004  ,ACER LED20 K202QBI 19.5"" LED MONITOR (VGAHDMI)              ,      2950.00,08/13/2025,OFF. EQPT.          ,MONITOR                                           ,         3,FIXRITE PANGLAO               ,FIXRITE PANGLAO-ADMIN                             ,FAACQ               
0120-0009974200001  ,EPSON LQ-310 DOT MATRIX PRINTER                             ,     14900.00,08/13/2025,OFF. EQPT.          ,PRINTER                                           ,         3,FIXRITE PANGLAO               ,FIXRITE PANGLAO-ADMIN                             ,FAACQ               
0120-0010082800003  ,480GB KINGSTON SA400S37/480G SATA3 SSD 2.5""                 ,      1950.00,08/13/2025,                    ,SUPPLIES                                          ,         0,FIXRITE PANGLAO               ,FIXRITE PANGLAO-ADMIN                             ,FAACQ               
0120-0011732600001  ,HD-20001 (EK26068) MINI W/ RINGER                           ,      2899.00,08/23/2025,STR. EQPT.          ,OTHERS                                            ,         3,FIXRITE PANGLAO               ,FIXRITE PANGLAO-ADMIN                             ,FAACQ               
0120-0011732600002  ,HD-20001 (EK26068) MINI W/ RINGER                           ,      2899.00,08/23/2025,STR. EQPT.          ,OTHERS                                            ,         3,FIXRITE PANGLAO               ,FIXRITE PANGLAO-ADMIN                             ,FAACQ               
0120-0011732600003  ,HD-20001 (EK26068) MINI W/ RINGER                           ,      2899.00,08/23/2025,STR. EQPT.          ,OTHERS                                            ,         3,FIXRITE PANGLAO               ,FIXRITE PANGLAO-ADMIN                             ,FAACQ               
0120-0011585400001  ,AQUARIUM ASSEMBLE L-90 X W-40 X H-41CM                      ,      3981.47,09/29/2025,FUR. & FIXT.        ,OTHERS                                            ,         3,FIXRITE PANGLAO               ,FIXRITE PANGLAO-GROCERY SELLING AREA              ,FAACQ               
0120-0009504700001  ,TARGET OEM SHELVING & RACKING                               ,   2847840.00,02/29/2024,FUR. & FIXT.        ,RACK                                              ,        10,FIXRITE PANGLAO               ,FIXRITE PANGLAO-ADMIN                             ,FAACQ               
0120-0009428600001  ,GREEN HOODED TRASH BIN TRHO-53                              ,      2999.00,12/09/2025,FUR. & FIXT.        ,TRASH BIN                                         ,         2,FIXRITE PANGLAO               ,FIXRITE PANGLAO-GENERAL SERVICES DEPT.            ,FAACQ               
0120-0009428600002  ,GREEN HOODED TRASH BIN TRHO-53                              ,      2999.00,12/09/2025,FUR. & FIXT.        ,TRASH BIN                                         ,         2,FIXRITE PANGLAO               ,FIXRITE PANGLAO-GENERAL SERVICES DEPT.            ,FAACQ               
0120-0007886501501  ,PLASTIC PALLET BLACK D4S-1012.16                            ,      2800.00,01/10/2026,FUR. & FIXT.        ,PALLET                                            ,         4,FIXRITE PANGLAO               ,FIXRITE PANGLAO-GROCERY STOCKROOM                 ,FAACQ               
0120-0007886501502  ,PLASTIC PALLET BLACK D4S-1012.16                            ,      2800.00,01/10/2026,FUR. & FIXT.        ,PALLET                                            ,         4,FIXRITE PANGLAO               ,FIXRITE PANGLAO-GROCERY STOCKROOM                 ,FAACQ               
0120-0007886501503  ,PLASTIC PALLET BLACK D4S-1012.16                            ,      2800.00,01/10/2026,FUR. & FIXT.        ,PALLET                                            ,         4,FIXRITE PANGLAO               ,FIXRITE PANGLAO-GROCERY STOCKROOM                 ,FAACQ               
0120-0007886501504  ,PLASTIC PALLET BLACK D4S-1012.16                            ,      2800.00,01/10/2026,FUR. & FIXT.        ,PALLET                                            ,         4,FIXRITE PANGLAO               ,FIXRITE PANGLAO-GROCERY STOCKROOM                 ,FAACQ               
0120-0007886501505  ,PLASTIC PALLET BLACK D4S-1012.16                            ,      2800.00,01/10/2026,FUR. & FIXT.        ,PALLET                                            ,         4,FIXRITE PANGLAO               ,FIXRITE PANGLAO-GROCERY STOCKROOM                 ,FAACQ               
0120-0007886501506  ,PLASTIC PALLET BLACK D4S-1012.16                            ,      2800.00,01/10/2026,FUR. & FIXT.        ,PALLET                                            ,         4,FIXRITE PANGLAO               ,FIXRITE PANGLAO-GROCERY STOCKROOM                 ,FAACQ               
0120-0007886501507  ,PLASTIC PALLET BLACK D4S-1012.16                            ,      2800.00,01/10/2026,FUR. & FIXT.        ,PALLET                                            ,         4,FIXRITE PANGLAO               ,FIXRITE PANGLAO-GROCERY STOCKROOM                 ,FAACQ               
0120-0007886501508  ,PLASTIC PALLET BLACK D4S-1012.16                            ,      2800.00,01/10/2026,FUR. & FIXT.        ,PALLET                                            ,         4,FIXRITE PANGLAO               ,FIXRITE PANGLAO-GROCERY STOCKROOM                 ,FAACQ               
0120-0007886501509  ,PLASTIC PALLET BLACK D4S-1012.16                            ,      2800.00,01/10/2026,FUR. & FIXT.        ,PALLET                                            ,         4,FIXRITE PANGLAO               ,FIXRITE PANGLAO-GROCERY STOCKROOM                 ,FAACQ               
0120-0007886501510  ,PLASTIC PALLET BLACK D4S-1012.16                            ,      2800.00,01/10/2026,FUR. & FIXT.        ,PALLET                                            ,         4,FIXRITE PANGLAO               ,FIXRITE PANGLAO-GROCERY STOCKROOM                 ,FAACQ               
0120-0007886501511  ,PLASTIC PALLET BLACK D4S-1012.16                            ,      2800.00,01/10/2026,FUR. & FIXT.        ,PALLET                                            ,         4,FIXRITE PANGLAO               ,FIXRITE PANGLAO-GROCERY STOCKROOM                 ,FAACQ               
0120-0007886501512  ,PLASTIC PALLET BLACK D4S-1012.16                            ,      2800.00,01/10/2026,FUR. & FIXT.        ,PALLET                                            ,         4,FIXRITE PANGLAO               ,FIXRITE PANGLAO-GROCERY STOCKROOM                 ,FAACQ               
0120-0007886501513  ,PLASTIC PALLET BLACK D4S-1012.16                            ,      2800.00,01/10/2026,FUR. & FIXT.        ,PALLET                                            ,         4,FIXRITE PANGLAO               ,FIXRITE PANGLAO-GROCERY STOCKROOM                 ,FAACQ               
0120-0007886501514  ,PLASTIC PALLET BLACK D4S-1012.16                            ,      2800.00,01/10/2026,FUR. & FIXT.        ,PALLET                                            ,         4,FIXRITE PANGLAO               ,FIXRITE PANGLAO-GROCERY STOCKROOM                 ,FAACQ               
0120-0007886501515  ,PLASTIC PALLET BLACK D4S-1012.16                            ,      2800.00,01/10/2026,FUR. & FIXT.        ,PALLET                                            ,         4,FIXRITE PANGLAO               ,FIXRITE PANGLAO-GROCERY STOCKROOM                 ,FAACQ               
0120-0007886501516  ,PLASTIC PALLET BLACK D4S-1012.16                            ,      2800.00,01/10/2026,FUR. & FIXT.        ,PALLET                                            ,         4,FIXRITE PANGLAO               ,FIXRITE PANGLAO-GROCERY STOCKROOM                 ,FAACQ               
0120-0007886501517  ,PLASTIC PALLET BLACK D4S-1012.16                            ,      2800.00,01/10/2026,FUR. & FIXT.        ,PALLET                                            ,         4,FIXRITE PANGLAO               ,FIXRITE PANGLAO-GROCERY STOCKROOM                 ,FAACQ               
0120-0007886501518  ,PLASTIC PALLET BLACK D4S-1012.16                            ,      2800.00,01/10/2026,FUR. & FIXT.        ,PALLET                                            ,         4,FIXRITE PANGLAO               ,FIXRITE PANGLAO-GROCERY STOCKROOM                 ,FAACQ               
0120-0007886501519  ,PLASTIC PALLET BLACK D4S-1012.16                            ,      2800.00,01/10/2026,FUR. & FIXT.        ,PALLET                                            ,         4,FIXRITE PANGLAO               ,FIXRITE PANGLAO-GROCERY STOCKROOM                 ,FAACQ               
0120-0007886501520  ,PLASTIC PALLET BLACK D4S-1012.16                            ,      2800.00,01/10/2026,FUR. & FIXT.        ,PALLET                                            ,         4,FIXRITE PANGLAO               ,FIXRITE PANGLAO-GROCERY STOCKROOM                 ,FAACQ               
0120-0007886501521  ,PLASTIC PALLET BLACK D4S-1012.16                            ,      2800.00,01/10/2026,FUR. & FIXT.        ,PALLET                                            ,         4,FIXRITE PANGLAO               ,FIXRITE PANGLAO-GROCERY STOCKROOM                 ,FAACQ               
0120-0007886501522  ,PLASTIC PALLET BLACK D4S-1012.16                            ,      2800.00,01/10/2026,FUR. & FIXT.        ,PALLET                                            ,         4,FIXRITE PANGLAO               ,FIXRITE PANGLAO-GROCERY STOCKROOM                 ,FAACQ               
0120-0007886501523  ,PLASTIC PALLET BLACK D4S-1012.16                            ,      2800.00,01/10/2026,FUR. & FIXT.        ,PALLET                                            ,         4,FIXRITE PANGLAO               ,FIXRITE PANGLAO-GROCERY STOCKROOM                 ,FAACQ               
0120-0007886501524  ,PLASTIC PALLET BLACK D4S-1012.16                            ,      2800.00,01/10/2026,FUR. & FIXT.        ,PALLET                                            ,         4,FIXRITE PANGLAO               ,FIXRITE PANGLAO-GROCERY STOCKROOM                 ,FAACQ               
0120-0007886501525  ,PLASTIC PALLET BLACK D4S-1012.16                            ,      2800.00,01/10/2026,FUR. & FIXT.        ,PALLET                                            ,         4,FIXRITE PANGLAO               ,FIXRITE PANGLAO-GROCERY STOCKROOM                 ,FAACQ               
0120-0007886501526  ,PLASTIC PALLET BLACK D4S-1012.16                            ,      2800.00,01/10/2026,FUR. & FIXT.        ,PALLET                                            ,         4,FIXRITE PANGLAO               ,FIXRITE PANGLAO-GROCERY STOCKROOM                 ,FAACQ               
0120-0007886501527  ,PLASTIC PALLET BLACK D4S-1012.16                            ,      2800.00,01/10/2026,FUR. & FIXT.        ,PALLET                                            ,         4,FIXRITE PANGLAO               ,FIXRITE PANGLAO-GROCERY STOCKROOM                 ,FAACQ               
0120-0007886501528  ,PLASTIC PALLET BLACK D4S-1012.16                            ,      2800.00,01/10/2026,FUR. & FIXT.        ,PALLET                                            ,         4,FIXRITE PANGLAO               ,FIXRITE PANGLAO-GROCERY STOCKROOM                 ,FAACQ               
0120-0007886501529  ,PLASTIC PALLET BLACK D4S-1012.16                            ,      2800.00,01/10/2026,FUR. & FIXT.        ,PALLET                                            ,         4,FIXRITE PANGLAO               ,FIXRITE PANGLAO-GROCERY STOCKROOM                 ,FAACQ               
0120-0007886501530  ,PLASTIC PALLET BLACK D4S-1012.16                            ,      2800.00,01/10/2026,FUR. & FIXT.        ,PALLET                                            ,         4,FIXRITE PANGLAO               ,FIXRITE PANGLAO-GROCERY STOCKROOM                 ,FAACQ               
0120-0007886501531  ,PLASTIC PALLET BLACK D4S-1012.16                            ,      2800.00,01/10/2026,FUR. & FIXT.        ,PALLET                                            ,         4,FIXRITE PANGLAO               ,FIXRITE PANGLAO-GROCERY STOCKROOM                 ,FAACQ               
0120-0007886501532  ,PLASTIC PALLET BLACK D4S-1012.16                            ,      2800.00,01/10/2026,FUR. & FIXT.        ,PALLET                                            ,         4,FIXRITE PANGLAO               ,FIXRITE PANGLAO-GROCERY STOCKROOM                 ,FAACQ               
0120-0007886501533  ,PLASTIC PALLET BLACK D4S-1012.16                            ,      2800.00,01/10/2026,FUR. & FIXT.        ,PALLET                                            ,         4,FIXRITE PANGLAO               ,FIXRITE PANGLAO-GROCERY STOCKROOM                 ,FAACQ               
0120-0007886501534  ,PLASTIC PALLET BLACK D4S-1012.16                            ,      2800.00,01/10/2026,FUR. & FIXT.        ,PALLET                                            ,         4,FIXRITE PANGLAO               ,FIXRITE PANGLAO-GROCERY STOCKROOM                 ,FAACQ               
0120-0007886501535  ,PLASTIC PALLET BLACK D4S-1012.16                            ,      2800.00,01/10/2026,FUR. & FIXT.        ,PALLET                                            ,         4,FIXRITE PANGLAO               ,FIXRITE PANGLAO-GROCERY STOCKROOM                 ,FAACQ               
0120-0007886501536  ,PLASTIC PALLET BLACK D4S-1012.16                            ,      2800.00,01/10/2026,FUR. & FIXT.        ,PALLET                                            ,         4,FIXRITE PANGLAO               ,FIXRITE PANGLAO-GROCERY STOCKROOM                 ,FAACQ               
0120-0007886501537  ,PLASTIC PALLET BLACK D4S-1012.16                            ,      2800.00,01/10/2026,FUR. & FIXT.        ,PALLET                                            ,         4,FIXRITE PANGLAO               ,FIXRITE PANGLAO-GROCERY STOCKROOM                 ,FAACQ               
0120-0007886501538  ,PLASTIC PALLET BLACK D4S-1012.16                            ,      2800.00,01/10/2026,FUR. & FIXT.        ,PALLET                                            ,         4,FIXRITE PANGLAO               ,FIXRITE PANGLAO-GROCERY STOCKROOM                 ,FAACQ               
0120-0007886501539  ,PLASTIC PALLET BLACK D4S-1012.16                            ,      2800.00,01/10/2026,FUR. & FIXT.        ,PALLET                                            ,         4,FIXRITE PANGLAO               ,FIXRITE PANGLAO-GROCERY STOCKROOM                 ,FAACQ               
0120-0007886501540  ,PLASTIC PALLET BLACK D4S-1012.16                            ,      2800.00,01/10/2026,FUR. & FIXT.        ,PALLET                                            ,         4,FIXRITE PANGLAO               ,FIXRITE PANGLAO-GROCERY STOCKROOM                 ,FAACQ               
0120-0007886501541  ,PLASTIC PALLET BLACK D4S-1012.16                            ,      2800.00,01/10/2026,FUR. & FIXT.        ,PALLET                                            ,         4,FIXRITE PANGLAO               ,FIXRITE PANGLAO-GROCERY STOCKROOM                 ,FAACQ               
0120-0007886501542  ,PLASTIC PALLET BLACK D4S-1012.16                            ,      2800.00,01/10/2026,FUR. & FIXT.        ,PALLET                                            ,         4,FIXRITE PANGLAO               ,FIXRITE PANGLAO-GROCERY STOCKROOM                 ,FAACQ               
0120-0007886501543  ,PLASTIC PALLET BLACK D4S-1012.16                            ,      2800.00,01/10/2026,FUR. & FIXT.        ,PALLET                                            ,         4,FIXRITE PANGLAO               ,FIXRITE PANGLAO-GROCERY STOCKROOM                 ,FAACQ               
0120-0007886501544  ,PLASTIC PALLET BLACK D4S-1012.16                            ,      2800.00,01/10/2026,FUR. & FIXT.        ,PALLET                                            ,         4,FIXRITE PANGLAO               ,FIXRITE PANGLAO-GROCERY STOCKROOM                 ,FAACQ               
0120-0007886501545  ,PLASTIC PALLET BLACK D4S-1012.16                            ,      2800.00,01/10/2026,FUR. & FIXT.        ,PALLET                                            ,         4,FIXRITE PANGLAO               ,FIXRITE PANGLAO-GROCERY STOCKROOM                 ,FAACQ               
0120-0007886501546  ,PLASTIC PALLET BLACK D4S-1012.16                            ,      2800.00,01/10/2026,FUR. & FIXT.        ,PALLET                                            ,         4,FIXRITE PANGLAO               ,FIXRITE PANGLAO-GROCERY STOCKROOM                 ,FAACQ               
0120-0007886501547  ,PLASTIC PALLET BLACK D4S-1012.16                            ,      2800.00,01/10/2026,FUR. & FIXT.        ,PALLET                                            ,         4,FIXRITE PANGLAO               ,FIXRITE PANGLAO-GROCERY STOCKROOM                 ,FAACQ               
0120-0007886501548  ,PLASTIC PALLET BLACK D4S-1012.16                            ,      2800.00,01/10/2026,FUR. & FIXT.        ,PALLET                                            ,         4,FIXRITE PANGLAO               ,FIXRITE PANGLAO-GROCERY STOCKROOM                 ,FAACQ               
0120-0007886501549  ,PLASTIC PALLET BLACK D4S-1012.16                            ,      2800.00,01/10/2026,FUR. & FIXT.        ,PALLET                                            ,         4,FIXRITE PANGLAO               ,FIXRITE PANGLAO-GROCERY STOCKROOM                 ,FAACQ               
0120-0007886501550  ,PLASTIC PALLET BLACK D4S-1012.16                            ,      2800.00,01/10/2026,FUR. & FIXT.        ,PALLET                                            ,         4,FIXRITE PANGLAO               ,FIXRITE PANGLAO-GROCERY STOCKROOM                 ,FAACQ               
0120-0007886501551  ,PLASTIC PALLET BLACK D4S-1012.16                            ,      2800.00,01/10/2026,FUR. & FIXT.        ,PALLET                                            ,         4,FIXRITE PANGLAO               ,FIXRITE PANGLAO-GROCERY STOCKROOM                 ,FAACQ               
0120-0007886501552  ,PLASTIC PALLET BLACK D4S-1012.16                            ,      2800.00,01/10/2026,FUR. & FIXT.        ,PALLET                                            ,         4,FIXRITE PANGLAO               ,FIXRITE PANGLAO-GROCERY STOCKROOM                 ,FAACQ               
0120-0007886501553  ,PLASTIC PALLET BLACK D4S-1012.16                            ,      2800.00,01/10/2026,FUR. & FIXT.        ,PALLET                                            ,         4,FIXRITE PANGLAO               ,FIXRITE PANGLAO-GROCERY STOCKROOM                 ,FAACQ               
0120-0007886501554  ,PLASTIC PALLET BLACK D4S-1012.16                            ,      2800.00,01/10/2026,FUR. & FIXT.        ,PALLET                                            ,         4,FIXRITE PANGLAO               ,FIXRITE PANGLAO-GROCERY STOCKROOM                 ,FAACQ               
0120-0007886501555  ,PLASTIC PALLET BLACK D4S-1012.16                            ,      2800.00,01/10/2026,FUR. & FIXT.        ,PALLET                                            ,         4,FIXRITE PANGLAO               ,FIXRITE PANGLAO-GROCERY STOCKROOM                 ,FAACQ               
0120-0007886501556  ,PLASTIC PALLET BLACK D4S-1012.16                            ,      2800.00,01/10/2026,FUR. & FIXT.        ,PALLET                                            ,         4,FIXRITE PANGLAO               ,FIXRITE PANGLAO-GROCERY STOCKROOM                 ,FAACQ               
0120-0007886501557  ,PLASTIC PALLET BLACK D4S-1012.16                            ,      2800.00,01/10/2026,FUR. & FIXT.        ,PALLET                                            ,         4,FIXRITE PANGLAO               ,FIXRITE PANGLAO-GROCERY STOCKROOM                 ,FAACQ               
0120-0007886501558  ,PLASTIC PALLET BLACK D4S-1012.16                            ,      2800.00,01/10/2026,FUR. & FIXT.        ,PALLET                                            ,         4,FIXRITE PANGLAO               ,FIXRITE PANGLAO-GROCERY STOCKROOM                 ,FAACQ               
0120-0007886501559  ,PLASTIC PALLET BLACK D4S-1012.16                            ,      2800.00,01/10/2026,FUR. & FIXT.        ,PALLET                                            ,         4,FIXRITE PANGLAO               ,FIXRITE PANGLAO-GROCERY STOCKROOM                 ,FAACQ               
0120-0007886501560  ,PLASTIC PALLET BLACK D4S-1012.16                            ,      2800.00,01/10/2026,FUR. & FIXT.        ,PALLET                                            ,         4,FIXRITE PANGLAO               ,FIXRITE PANGLAO-GROCERY STOCKROOM                 ,FAACQ               
0120-0007886501561  ,PLASTIC PALLET BLACK D4S-1012.16                            ,      2800.00,01/10/2026,FUR. & FIXT.        ,PALLET                                            ,         4,FIXRITE PANGLAO               ,FIXRITE PANGLAO-GROCERY STOCKROOM                 ,FAACQ               
0120-0007886501562  ,PLASTIC PALLET BLACK D4S-1012.16                            ,      2800.00,01/10/2026,FUR. & FIXT.        ,PALLET                                            ,         4,FIXRITE PANGLAO               ,FIXRITE PANGLAO-GROCERY STOCKROOM                 ,FAACQ               
0120-0007886501563  ,PLASTIC PALLET BLACK D4S-1012.16                            ,      2800.00,01/10/2026,FUR. & FIXT.        ,PALLET                                            ,         4,FIXRITE PANGLAO               ,FIXRITE PANGLAO-GROCERY STOCKROOM                 ,FAACQ               
0120-0007886501564  ,PLASTIC PALLET BLACK D4S-1012.16                            ,      2800.00,01/10/2026,FUR. & FIXT.        ,PALLET                                            ,         4,FIXRITE PANGLAO               ,FIXRITE PANGLAO-GROCERY STOCKROOM                 ,FAACQ               
0120-0007886501565  ,PLASTIC PALLET BLACK D4S-1012.16                            ,      2800.00,01/10/2026,FUR. & FIXT.        ,PALLET                                            ,         4,FIXRITE PANGLAO               ,FIXRITE PANGLAO-GROCERY STOCKROOM                 ,FAACQ               
0120-0007886501566  ,PLASTIC PALLET BLACK D4S-1012.16                            ,      2800.00,01/10/2026,FUR. & FIXT.        ,PALLET                                            ,         4,FIXRITE PANGLAO               ,FIXRITE PANGLAO-GROCERY STOCKROOM                 ,FAACQ               
0120-0007886501567  ,PLASTIC PALLET BLACK D4S-1012.16                            ,      2800.00,01/10/2026,FUR. & FIXT.        ,PALLET                                            ,         4,FIXRITE PANGLAO               ,FIXRITE PANGLAO-GROCERY STOCKROOM                 ,FAACQ               
0120-0007886501568  ,PLASTIC PALLET BLACK D4S-1012.16                            ,      2800.00,01/10/2026,FUR. & FIXT.        ,PALLET                                            ,         4,FIXRITE PANGLAO               ,FIXRITE PANGLAO-GROCERY STOCKROOM                 ,FAACQ               
0120-0007886501569  ,PLASTIC PALLET BLACK D4S-1012.16                            ,      2800.00,01/10/2026,FUR. & FIXT.        ,PALLET                                            ,         4,FIXRITE PANGLAO               ,FIXRITE PANGLAO-GROCERY STOCKROOM                 ,FAACQ               
0120-0007886501570  ,PLASTIC PALLET BLACK D4S-1012.16                            ,      2800.00,01/10/2026,FUR. & FIXT.        ,PALLET                                            ,         4,FIXRITE PANGLAO               ,FIXRITE PANGLAO-GROCERY STOCKROOM                 ,FAACQ               
0120-0007886501571  ,PLASTIC PALLET BLACK D4S-1012.16                            ,      2800.00,01/10/2026,FUR. & FIXT.        ,PALLET                                            ,         4,FIXRITE PANGLAO               ,FIXRITE PANGLAO-GROCERY STOCKROOM                 ,FAACQ               
0120-0007886501572  ,PLASTIC PALLET BLACK D4S-1012.16                            ,      2800.00,01/10/2026,FUR. & FIXT.        ,PALLET                                            ,         4,FIXRITE PANGLAO               ,FIXRITE PANGLAO-GROCERY STOCKROOM                 ,FAACQ               
0120-0007886501573  ,PLASTIC PALLET BLACK D4S-1012.16                            ,      2800.00,01/10/2026,FUR. & FIXT.        ,PALLET                                            ,         4,FIXRITE PANGLAO               ,FIXRITE PANGLAO-GROCERY STOCKROOM                 ,FAACQ               
0120-0007886501574  ,PLASTIC PALLET BLACK D4S-1012.16                            ,      2800.00,01/10/2026,FUR. & FIXT.        ,PALLET                                            ,         4,FIXRITE PANGLAO               ,FIXRITE PANGLAO-GROCERY STOCKROOM                 ,FAACQ               
0120-0007886501575  ,PLASTIC PALLET BLACK D4S-1012.16                            ,      2800.00,01/10/2026,FUR. & FIXT.        ,PALLET                                            ,         4,FIXRITE PANGLAO               ,FIXRITE PANGLAO-GROCERY STOCKROOM                 ,FAACQ               
0120-0007886501576  ,PLASTIC PALLET BLACK D4S-1012.16                            ,      2800.00,01/10/2026,FUR. & FIXT.        ,PALLET                                            ,         4,FIXRITE PANGLAO               ,FIXRITE PANGLAO-GROCERY STOCKROOM                 ,FAACQ               
0120-0007886501577  ,PLASTIC PALLET BLACK D4S-1012.16                            ,      2800.00,01/10/2026,FUR. & FIXT.        ,PALLET                                            ,         4,FIXRITE PANGLAO               ,FIXRITE PANGLAO-GROCERY STOCKROOM                 ,FAACQ               
0120-0007886501578  ,PLASTIC PALLET BLACK D4S-1012.16                            ,      2800.00,01/10/2026,FUR. & FIXT.        ,PALLET                                            ,         4,FIXRITE PANGLAO               ,FIXRITE PANGLAO-GROCERY STOCKROOM                 ,FAACQ               
0120-0007886501579  ,PLASTIC PALLET BLACK D4S-1012.16                            ,      2800.00,01/10/2026,FUR. & FIXT.        ,PALLET                                            ,         4,FIXRITE PANGLAO               ,FIXRITE PANGLAO-GROCERY STOCKROOM                 ,FAACQ               
0120-0007886501580  ,PLASTIC PALLET BLACK D4S-1012.16                            ,      2800.00,01/10/2026,FUR. & FIXT.        ,PALLET                                            ,         4,FIXRITE PANGLAO               ,FIXRITE PANGLAO-GROCERY STOCKROOM                 ,FAACQ               
0120-0007886501581  ,PLASTIC PALLET BLACK D4S-1012.16                            ,      2800.00,01/10/2026,FUR. & FIXT.        ,PALLET                                            ,         4,FIXRITE PANGLAO               ,FIXRITE PANGLAO-GROCERY STOCKROOM                 ,FAACQ               
0120-0007886501582  ,PLASTIC PALLET BLACK D4S-1012.16                            ,      2800.00,01/10/2026,FUR. & FIXT.        ,PALLET                                            ,         4,FIXRITE PANGLAO               ,FIXRITE PANGLAO-GROCERY STOCKROOM                 ,FAACQ               
0120-0007886501583  ,PLASTIC PALLET BLACK D4S-1012.16                            ,      2800.00,01/10/2026,FUR. & FIXT.        ,PALLET                                            ,         4,FIXRITE PANGLAO               ,FIXRITE PANGLAO-GROCERY STOCKROOM                 ,FAACQ               
0120-0007886501584  ,PLASTIC PALLET BLACK D4S-1012.16                            ,      2800.00,01/10/2026,FUR. & FIXT.        ,PALLET                                            ,         4,FIXRITE PANGLAO               ,FIXRITE PANGLAO-GROCERY STOCKROOM                 ,FAACQ               
0120-0007886501585  ,PLASTIC PALLET BLACK D4S-1012.16                            ,      2800.00,01/10/2026,FUR. & FIXT.        ,PALLET                                            ,         4,FIXRITE PANGLAO               ,FIXRITE PANGLAO-GROCERY STOCKROOM                 ,FAACQ               
0120-0007886501586  ,PLASTIC PALLET BLACK D4S-1012.16                            ,      2800.00,01/10/2026,FUR. & FIXT.        ,PALLET                                            ,         4,FIXRITE PANGLAO               ,FIXRITE PANGLAO-GROCERY STOCKROOM                 ,FAACQ               
0120-0007886501587  ,PLASTIC PALLET BLACK D4S-1012.16                            ,      2800.00,01/10/2026,FUR. & FIXT.        ,PALLET                                            ,         4,FIXRITE PANGLAO               ,FIXRITE PANGLAO-GROCERY STOCKROOM                 ,FAACQ               
0120-0007886501588  ,PLASTIC PALLET BLACK D4S-1012.16                            ,      2800.00,01/10/2026,FUR. & FIXT.        ,PALLET                                            ,         4,FIXRITE PANGLAO               ,FIXRITE PANGLAO-GROCERY STOCKROOM                 ,FAACQ               
0120-0007886501589  ,PLASTIC PALLET BLACK D4S-1012.16                            ,      2800.00,01/10/2026,FUR. & FIXT.        ,PALLET                                            ,         4,FIXRITE PANGLAO               ,FIXRITE PANGLAO-GROCERY STOCKROOM                 ,FAACQ               
0120-0007886501590  ,PLASTIC PALLET BLACK D4S-1012.16                            ,      2800.00,01/10/2026,FUR. & FIXT.        ,PALLET                                            ,         4,FIXRITE PANGLAO               ,FIXRITE PANGLAO-GROCERY STOCKROOM                 ,FAACQ               
0120-0007886501591  ,PLASTIC PALLET BLACK D4S-1012.16                            ,      2800.00,01/10/2026,FUR. & FIXT.        ,PALLET                                            ,         4,FIXRITE PANGLAO               ,FIXRITE PANGLAO-GROCERY STOCKROOM                 ,FAACQ               
0120-0007886501592  ,PLASTIC PALLET BLACK D4S-1012.16                            ,      2800.00,01/10/2026,FUR. & FIXT.        ,PALLET                                            ,         4,FIXRITE PANGLAO               ,FIXRITE PANGLAO-GROCERY STOCKROOM                 ,FAACQ               
0120-0007886501593  ,PLASTIC PALLET BLACK D4S-1012.16                            ,      2800.00,01/10/2026,FUR. & FIXT.        ,PALLET                                            ,         4,FIXRITE PANGLAO               ,FIXRITE PANGLAO-GROCERY STOCKROOM                 ,FAACQ               
0120-0007886501594  ,PLASTIC PALLET BLACK D4S-1012.16                            ,      2800.00,01/10/2026,FUR. & FIXT.        ,PALLET                                            ,         4,FIXRITE PANGLAO               ,FIXRITE PANGLAO-GROCERY STOCKROOM                 ,FAACQ               
0120-0007886501595  ,PLASTIC PALLET BLACK D4S-1012.16                            ,      2800.00,01/10/2026,FUR. & FIXT.        ,PALLET                                            ,         4,FIXRITE PANGLAO               ,FIXRITE PANGLAO-GROCERY STOCKROOM                 ,FAACQ               
0120-0007886501596  ,PLASTIC PALLET BLACK D4S-1012.16                            ,      2800.00,01/10/2026,FUR. & FIXT.        ,PALLET                                            ,         4,FIXRITE PANGLAO               ,FIXRITE PANGLAO-GROCERY STOCKROOM                 ,FAACQ               
0120-0007886501597  ,PLASTIC PALLET BLACK D4S-1012.16                            ,      2800.00,01/10/2026,FUR. & FIXT.        ,PALLET                                            ,         4,FIXRITE PANGLAO               ,FIXRITE PANGLAO-GROCERY STOCKROOM                 ,FAACQ               
0120-0007886501598  ,PLASTIC PALLET BLACK D4S-1012.16                            ,      2800.00,01/10/2026,FUR. & FIXT.        ,PALLET                                            ,         4,FIXRITE PANGLAO               ,FIXRITE PANGLAO-GROCERY STOCKROOM                 ,FAACQ               
0120-0007886501599  ,PLASTIC PALLET BLACK D4S-1012.16                            ,      2800.00,01/10/2026,FUR. & FIXT.        ,PALLET                                            ,         4,FIXRITE PANGLAO               ,FIXRITE PANGLAO-GROCERY STOCKROOM                 ,FAACQ               
0120-0007886501600  ,PLASTIC PALLET BLACK D4S-1012.16                            ,      2800.00,01/10/2026,FUR. & FIXT.        ,PALLET                                            ,         4,FIXRITE PANGLAO               ,FIXRITE PANGLAO-GROCERY STOCKROOM                 ,FAACQ               
0120-0007886501601  ,PLASTIC PALLET BLACK D4S-1012.16                            ,      2800.00,01/10/2026,FUR. & FIXT.        ,PALLET                                            ,         4,FIXRITE PANGLAO               ,FIXRITE PANGLAO-GROCERY STOCKROOM                 ,FAACQ               
0120-0007886501602  ,PLASTIC PALLET BLACK D4S-1012.16                            ,      2800.00,01/10/2026,FUR. & FIXT.        ,PALLET                                            ,         4,FIXRITE PANGLAO               ,FIXRITE PANGLAO-GROCERY STOCKROOM                 ,FAACQ               
0120-0007886501603  ,PLASTIC PALLET BLACK D4S-1012.16                            ,      2800.00,01/10/2026,FUR. & FIXT.        ,PALLET                                            ,         4,FIXRITE PANGLAO               ,FIXRITE PANGLAO-GROCERY STOCKROOM                 ,FAACQ               
0120-0007886501604  ,PLASTIC PALLET BLACK D4S-1012.16                            ,      2800.00,01/10/2026,FUR. & FIXT.        ,PALLET                                            ,         4,FIXRITE PANGLAO               ,FIXRITE PANGLAO-GROCERY STOCKROOM                 ,FAACQ               
0120-0007886501605  ,PLASTIC PALLET BLACK D4S-1012.16                            ,      2800.00,01/10/2026,FUR. & FIXT.        ,PALLET                                            ,         4,FIXRITE PANGLAO               ,FIXRITE PANGLAO-GROCERY STOCKROOM                 ,FAACQ               
0120-0007886501606  ,PLASTIC PALLET BLACK D4S-1012.16                            ,      2800.00,01/10/2026,FUR. & FIXT.        ,PALLET                                            ,         4,FIXRITE PANGLAO               ,FIXRITE PANGLAO-GROCERY STOCKROOM                 ,FAACQ               
0120-0007886501607  ,PLASTIC PALLET BLACK D4S-1012.16                            ,      2800.00,01/10/2026,FUR. & FIXT.        ,PALLET                                            ,         4,FIXRITE PANGLAO               ,FIXRITE PANGLAO-GROCERY STOCKROOM                 ,FAACQ               
0120-0007886501608  ,PLASTIC PALLET BLACK D4S-1012.16                            ,      2800.00,01/10/2026,FUR. & FIXT.        ,PALLET                                            ,         4,FIXRITE PANGLAO               ,FIXRITE PANGLAO-GROCERY STOCKROOM                 ,FAACQ               
0120-0007886501609  ,PLASTIC PALLET BLACK D4S-1012.16                            ,      2800.00,01/10/2026,FUR. & FIXT.        ,PALLET                                            ,         4,FIXRITE PANGLAO               ,FIXRITE PANGLAO-GROCERY STOCKROOM                 ,FAACQ               
0120-0007886501610  ,PLASTIC PALLET BLACK D4S-1012.16                            ,      2800.00,01/10/2026,FUR. & FIXT.        ,PALLET                                            ,         4,FIXRITE PANGLAO               ,FIXRITE PANGLAO-GROCERY STOCKROOM                 ,FAACQ               
0120-0007886501611  ,PLASTIC PALLET BLACK D4S-1012.16                            ,      2800.00,01/10/2026,FUR. & FIXT.        ,PALLET                                            ,         4,FIXRITE PANGLAO               ,FIXRITE PANGLAO-GROCERY STOCKROOM                 ,FAACQ               
0120-0007886501612  ,PLASTIC PALLET BLACK D4S-1012.16                            ,      2800.00,01/10/2026,FUR. & FIXT.        ,PALLET                                            ,         4,FIXRITE PANGLAO               ,FIXRITE PANGLAO-GROCERY STOCKROOM                 ,FAACQ               
0120-0007886501613  ,PLASTIC PALLET BLACK D4S-1012.16                            ,      2800.00,01/10/2026,FUR. & FIXT.        ,PALLET                                            ,         4,FIXRITE PANGLAO               ,FIXRITE PANGLAO-GROCERY STOCKROOM                 ,FAACQ               
0120-0007886501614  ,PLASTIC PALLET BLACK D4S-1012.16                            ,      2800.00,01/10/2026,FUR. & FIXT.        ,PALLET                                            ,         4,FIXRITE PANGLAO               ,FIXRITE PANGLAO-GROCERY STOCKROOM                 ,FAACQ               
0120-0007886501615  ,PLASTIC PALLET BLACK D4S-1012.16                            ,      2800.00,01/10/2026,FUR. & FIXT.        ,PALLET                                            ,         4,FIXRITE PANGLAO               ,FIXRITE PANGLAO-GROCERY STOCKROOM                 ,FAACQ               
0120-0007886501616  ,PLASTIC PALLET BLACK D4S-1012.16                            ,      2800.00,01/10/2026,FUR. & FIXT.        ,PALLET                                            ,         4,FIXRITE PANGLAO               ,FIXRITE PANGLAO-GROCERY STOCKROOM                 ,FAACQ               
0120-0007886501617  ,PLASTIC PALLET BLACK D4S-1012.16                            ,      2800.00,01/10/2026,FUR. & FIXT.        ,PALLET                                            ,         4,FIXRITE PANGLAO               ,FIXRITE PANGLAO-GROCERY STOCKROOM                 ,FAACQ               
0120-0007886501618  ,PLASTIC PALLET BLACK D4S-1012.16                            ,      2800.00,01/10/2026,FUR. & FIXT.        ,PALLET                                            ,         4,FIXRITE PANGLAO               ,FIXRITE PANGLAO-GROCERY STOCKROOM                 ,FAACQ               
0120-0007886501619  ,PLASTIC PALLET BLACK D4S-1012.16                            ,      2800.00,01/10/2026,FUR. & FIXT.        ,PALLET                                            ,         4,FIXRITE PANGLAO               ,FIXRITE PANGLAO-GROCERY STOCKROOM                 ,FAACQ               
0120-0007886501620  ,PLASTIC PALLET BLACK D4S-1012.16                            ,      2800.00,01/10/2026,FUR. & FIXT.        ,PALLET                                            ,         4,FIXRITE PANGLAO               ,FIXRITE PANGLAO-GROCERY STOCKROOM                 ,FAACQ               
0120-0007886501621  ,PLASTIC PALLET BLACK D4S-1012.16                            ,      2800.00,01/10/2026,FUR. & FIXT.        ,PALLET                                            ,         4,FIXRITE PANGLAO               ,FIXRITE PANGLAO-GROCERY STOCKROOM                 ,FAACQ               
0120-0007886501622  ,PLASTIC PALLET BLACK D4S-1012.16                            ,      2800.00,01/10/2026,FUR. & FIXT.        ,PALLET                                            ,         4,FIXRITE PANGLAO               ,FIXRITE PANGLAO-GROCERY STOCKROOM                 ,FAACQ               
0120-0007886501623  ,PLASTIC PALLET BLACK D4S-1012.16                            ,      2800.00,01/10/2026,FUR. & FIXT.        ,PALLET                                            ,         4,FIXRITE PANGLAO               ,FIXRITE PANGLAO-GROCERY STOCKROOM                 ,FAACQ               
0120-0007886501624  ,PLASTIC PALLET BLACK D4S-1012.16                            ,      2800.00,01/10/2026,FUR. & FIXT.        ,PALLET                                            ,         4,FIXRITE PANGLAO               ,FIXRITE PANGLAO-GROCERY STOCKROOM                 ,FAACQ               
0120-0007886501625  ,PLASTIC PALLET BLACK D4S-1012.16                            ,      2800.00,01/10/2026,FUR. & FIXT.        ,PALLET                                            ,         4,FIXRITE PANGLAO               ,FIXRITE PANGLAO-GROCERY STOCKROOM                 ,FAACQ               
0120-0007886501626  ,PLASTIC PALLET BLACK D4S-1012.16                            ,      2800.00,01/10/2026,FUR. & FIXT.        ,PALLET                                            ,         4,FIXRITE PANGLAO               ,FIXRITE PANGLAO-GROCERY STOCKROOM                 ,FAACQ               
0120-0007886501627  ,PLASTIC PALLET BLACK D4S-1012.16                            ,      2800.00,01/10/2026,FUR. & FIXT.        ,PALLET                                            ,         4,FIXRITE PANGLAO               ,FIXRITE PANGLAO-GROCERY STOCKROOM                 ,FAACQ               
0120-0007886501628  ,PLASTIC PALLET BLACK D4S-1012.16                            ,      2800.00,01/10/2026,FUR. & FIXT.        ,PALLET                                            ,         4,FIXRITE PANGLAO               ,FIXRITE PANGLAO-GROCERY STOCKROOM                 ,FAACQ               
0120-0007886501629  ,PLASTIC PALLET BLACK D4S-1012.16                            ,      2800.00,01/10/2026,FUR. & FIXT.        ,PALLET                                            ,         4,FIXRITE PANGLAO               ,FIXRITE PANGLAO-GROCERY STOCKROOM                 ,FAACQ               
0120-0007886501630  ,PLASTIC PALLET BLACK D4S-1012.16                            ,      2800.00,01/10/2026,FUR. & FIXT.        ,PALLET                                            ,         4,FIXRITE PANGLAO               ,FIXRITE PANGLAO-GROCERY STOCKROOM                 ,FAACQ               
0120-0007886501631  ,PLASTIC PALLET BLACK D4S-1012.16                            ,      2800.00,01/10/2026,FUR. & FIXT.        ,PALLET                                            ,         4,FIXRITE PANGLAO               ,FIXRITE PANGLAO-GROCERY STOCKROOM                 ,FAACQ               
0120-0007886501632  ,PLASTIC PALLET BLACK D4S-1012.16                            ,      2800.00,01/10/2026,FUR. & FIXT.        ,PALLET                                            ,         4,FIXRITE PANGLAO               ,FIXRITE PANGLAO-GROCERY STOCKROOM                 ,FAACQ               
0120-0007886501633  ,PLASTIC PALLET BLACK D4S-1012.16                            ,      2800.00,01/10/2026,FUR. & FIXT.        ,PALLET                                            ,         4,FIXRITE PANGLAO               ,FIXRITE PANGLAO-GROCERY STOCKROOM                 ,FAACQ               
0120-0007886501634  ,PLASTIC PALLET BLACK D4S-1012.16                            ,      2800.00,01/10/2026,FUR. & FIXT.        ,PALLET                                            ,         4,FIXRITE PANGLAO               ,FIXRITE PANGLAO-GROCERY STOCKROOM                 ,FAACQ               
0120-0007886501635  ,PLASTIC PALLET BLACK D4S-1012.16                            ,      2800.00,01/10/2026,FUR. & FIXT.        ,PALLET                                            ,         4,FIXRITE PANGLAO               ,FIXRITE PANGLAO-GROCERY STOCKROOM                 ,FAACQ               
0120-0007886501636  ,PLASTIC PALLET BLACK D4S-1012.16                            ,      2800.00,01/10/2026,FUR. & FIXT.        ,PALLET                                            ,         4,FIXRITE PANGLAO               ,FIXRITE PANGLAO-GROCERY STOCKROOM                 ,FAACQ               
0120-0007886501637  ,PLASTIC PALLET BLACK D4S-1012.16                            ,      2800.00,01/10/2026,FUR. & FIXT.        ,PALLET                                            ,         4,FIXRITE PANGLAO               ,FIXRITE PANGLAO-GROCERY STOCKROOM                 ,FAACQ               
0120-0007886501638  ,PLASTIC PALLET BLACK D4S-1012.16                            ,      2800.00,01/10/2026,FUR. & FIXT.        ,PALLET                                            ,         4,FIXRITE PANGLAO               ,FIXRITE PANGLAO-GROCERY STOCKROOM                 ,FAACQ               
0120-0007886501639  ,PLASTIC PALLET BLACK D4S-1012.16                            ,      2800.00,01/10/2026,FUR. & FIXT.        ,PALLET                                            ,         4,FIXRITE PANGLAO               ,FIXRITE PANGLAO-GROCERY STOCKROOM                 ,FAACQ               
0120-0007886501640  ,PLASTIC PALLET BLACK D4S-1012.16                            ,      2800.00,01/10/2026,FUR. & FIXT.        ,PALLET                                            ,         4,FIXRITE PANGLAO               ,FIXRITE PANGLAO-GROCERY STOCKROOM                 ,FAACQ               
0120-0007886501641  ,PLASTIC PALLET BLACK D4S-1012.16                            ,      2800.00,01/10/2026,FUR. & FIXT.        ,PALLET                                            ,         4,FIXRITE PANGLAO               ,FIXRITE PANGLAO-GROCERY STOCKROOM                 ,FAACQ               
0120-0007886501642  ,PLASTIC PALLET BLACK D4S-1012.16                            ,      2800.00,01/10/2026,FUR. & FIXT.        ,PALLET                                            ,         4,FIXRITE PANGLAO               ,FIXRITE PANGLAO-GROCERY STOCKROOM                 ,FAACQ               
0120-0007886501643  ,PLASTIC PALLET BLACK D4S-1012.16                            ,      2800.00,01/10/2026,FUR. & FIXT.        ,PALLET                                            ,         4,FIXRITE PANGLAO               ,FIXRITE PANGLAO-GROCERY STOCKROOM                 ,FAACQ               
0120-0007886501644  ,PLASTIC PALLET BLACK D4S-1012.16                            ,      2800.00,01/10/2026,FUR. & FIXT.        ,PALLET                                            ,         4,FIXRITE PANGLAO               ,FIXRITE PANGLAO-GROCERY STOCKROOM                 ,FAACQ               
0120-0007886501645  ,PLASTIC PALLET BLACK D4S-1012.16                            ,      2800.00,01/10/2026,FUR. & FIXT.        ,PALLET                                            ,         4,FIXRITE PANGLAO               ,FIXRITE PANGLAO-GROCERY STOCKROOM                 ,FAACQ               
0120-0007886501646  ,PLASTIC PALLET BLACK D4S-1012.16                            ,      2800.00,01/10/2026,FUR. & FIXT.        ,PALLET                                            ,         4,FIXRITE PANGLAO               ,FIXRITE PANGLAO-GROCERY STOCKROOM                 ,FAACQ               
0120-0007886501647  ,PLASTIC PALLET BLACK D4S-1012.16                            ,      2800.00,01/10/2026,FUR. & FIXT.        ,PALLET                                            ,         4,FIXRITE PANGLAO               ,FIXRITE PANGLAO-GROCERY STOCKROOM                 ,FAACQ               
0120-0007886501648  ,PLASTIC PALLET BLACK D4S-1012.16                            ,      2800.00,01/10/2026,FUR. & FIXT.        ,PALLET                                            ,         4,FIXRITE PANGLAO               ,FIXRITE PANGLAO-GROCERY STOCKROOM                 ,FAACQ               
0120-0007886501649  ,PLASTIC PALLET BLACK D4S-1012.16                            ,      2800.00,01/10/2026,FUR. & FIXT.        ,PALLET                                            ,         4,FIXRITE PANGLAO               ,FIXRITE PANGLAO-GROCERY STOCKROOM                 ,FAACQ               
0120-0007886501650  ,PLASTIC PALLET BLACK D4S-1012.16                            ,      2800.00,01/10/2026,FUR. & FIXT.        ,PALLET                                            ,         4,FIXRITE PANGLAO               ,FIXRITE PANGLAO-GROCERY STOCKROOM                 ,FAACQ               
0120-0007886501651  ,PLASTIC PALLET BLACK D4S-1012.16                            ,      2800.00,01/10/2026,FUR. & FIXT.        ,PALLET                                            ,         4,FIXRITE PANGLAO               ,FIXRITE PANGLAO-GROCERY STOCKROOM                 ,FAACQ               
0120-0007886501652  ,PLASTIC PALLET BLACK D4S-1012.16                            ,      2800.00,01/10/2026,FUR. & FIXT.        ,PALLET                                            ,         4,FIXRITE PANGLAO               ,FIXRITE PANGLAO-GROCERY STOCKROOM                 ,FAACQ               
0120-0007886501653  ,PLASTIC PALLET BLACK D4S-1012.16                            ,      2800.00,01/10/2026,FUR. & FIXT.        ,PALLET                                            ,         4,FIXRITE PANGLAO               ,FIXRITE PANGLAO-GROCERY STOCKROOM                 ,FAACQ               
0120-0007886501654  ,PLASTIC PALLET BLACK D4S-1012.16                            ,      2800.00,01/10/2026,FUR. & FIXT.        ,PALLET                                            ,         4,FIXRITE PANGLAO               ,FIXRITE PANGLAO-GROCERY STOCKROOM                 ,FAACQ               
0120-0007886501655  ,PLASTIC PALLET BLACK D4S-1012.16                            ,      2800.00,01/10/2026,FUR. & FIXT.        ,PALLET                                            ,         4,FIXRITE PANGLAO               ,FIXRITE PANGLAO-GROCERY STOCKROOM                 ,FAACQ               
0120-0007886501656  ,PLASTIC PALLET BLACK D4S-1012.16                            ,      2800.00,01/10/2026,FUR. & FIXT.        ,PALLET                                            ,         4,FIXRITE PANGLAO               ,FIXRITE PANGLAO-GROCERY STOCKROOM                 ,FAACQ               
0120-0007886501657  ,PLASTIC PALLET BLACK D4S-1012.16                            ,      2800.00,01/10/2026,FUR. & FIXT.        ,PALLET                                            ,         4,FIXRITE PANGLAO               ,FIXRITE PANGLAO-GROCERY STOCKROOM                 ,FAACQ               
0120-0007886501658  ,PLASTIC PALLET BLACK D4S-1012.16                            ,      2800.00,01/10/2026,FUR. & FIXT.        ,PALLET                                            ,         4,FIXRITE PANGLAO               ,FIXRITE PANGLAO-GROCERY STOCKROOM                 ,FAACQ               
0120-0007886501659  ,PLASTIC PALLET BLACK D4S-1012.16                            ,      2800.00,01/10/2026,FUR. & FIXT.        ,PALLET                                            ,         4,FIXRITE PANGLAO               ,FIXRITE PANGLAO-GROCERY STOCKROOM                 ,FAACQ               
0120-0007886501660  ,PLASTIC PALLET BLACK D4S-1012.16                            ,      2800.00,01/10/2026,FUR. & FIXT.        ,PALLET                                            ,         4,FIXRITE PANGLAO               ,FIXRITE PANGLAO-GROCERY STOCKROOM                 ,FAACQ               
0120-0007886501661  ,PLASTIC PALLET BLACK D4S-1012.16                            ,      2800.00,01/10/2026,FUR. & FIXT.        ,PALLET                                            ,         4,FIXRITE PANGLAO               ,FIXRITE PANGLAO-GROCERY STOCKROOM                 ,FAACQ               
0120-0007886501662  ,PLASTIC PALLET BLACK D4S-1012.16                            ,      2800.00,01/10/2026,FUR. & FIXT.        ,PALLET                                            ,         4,FIXRITE PANGLAO               ,FIXRITE PANGLAO-GROCERY STOCKROOM                 ,FAACQ               
0120-0007886501663  ,PLASTIC PALLET BLACK D4S-1012.16                            ,      2800.00,01/10/2026,FUR. & FIXT.        ,PALLET                                            ,         4,FIXRITE PANGLAO               ,FIXRITE PANGLAO-GROCERY STOCKROOM                 ,FAACQ               
0120-0007886501664  ,PLASTIC PALLET BLACK D4S-1012.16                            ,      2800.00,01/10/2026,FUR. & FIXT.        ,PALLET                                            ,         4,FIXRITE PANGLAO               ,FIXRITE PANGLAO-GROCERY STOCKROOM                 ,FAACQ               
0120-0007886501665  ,PLASTIC PALLET BLACK D4S-1012.16                            ,      2800.00,01/10/2026,FUR. & FIXT.        ,PALLET                                            ,         4,FIXRITE PANGLAO               ,FIXRITE PANGLAO-GROCERY STOCKROOM                 ,FAACQ               
0120-0007886501666  ,PLASTIC PALLET BLACK D4S-1012.16                            ,      2800.00,01/10/2026,FUR. & FIXT.        ,PALLET                                            ,         4,FIXRITE PANGLAO               ,FIXRITE PANGLAO-GROCERY STOCKROOM                 ,FAACQ               
0120-0007886501667  ,PLASTIC PALLET BLACK D4S-1012.16                            ,      2800.00,01/10/2026,FUR. & FIXT.        ,PALLET                                            ,         4,FIXRITE PANGLAO               ,FIXRITE PANGLAO-GROCERY STOCKROOM                 ,FAACQ               
0120-0007886501668  ,PLASTIC PALLET BLACK D4S-1012.16                            ,      2800.00,01/10/2026,FUR. & FIXT.        ,PALLET                                            ,         4,FIXRITE PANGLAO               ,FIXRITE PANGLAO-GROCERY STOCKROOM                 ,FAACQ               
0120-0007886501669  ,PLASTIC PALLET BLACK D4S-1012.16                            ,      2800.00,01/10/2026,FUR. & FIXT.        ,PALLET                                            ,         4,FIXRITE PANGLAO               ,FIXRITE PANGLAO-GROCERY STOCKROOM                 ,FAACQ               
0120-0007886501670  ,PLASTIC PALLET BLACK D4S-1012.16                            ,      2800.00,01/10/2026,FUR. & FIXT.        ,PALLET                                            ,         4,FIXRITE PANGLAO               ,FIXRITE PANGLAO-GROCERY STOCKROOM                 ,FAACQ               
0120-0007886501671  ,PLASTIC PALLET BLACK D4S-1012.16                            ,      2800.00,01/10/2026,FUR. & FIXT.        ,PALLET                                            ,         4,FIXRITE PANGLAO               ,FIXRITE PANGLAO-GROCERY STOCKROOM                 ,FAACQ               
0120-0007886501672  ,PLASTIC PALLET BLACK D4S-1012.16                            ,      2800.00,01/10/2026,FUR. & FIXT.        ,PALLET                                            ,         4,FIXRITE PANGLAO               ,FIXRITE PANGLAO-GROCERY STOCKROOM                 ,FAACQ               
0120-0007886501673  ,PLASTIC PALLET BLACK D4S-1012.16                            ,      2800.00,01/10/2026,FUR. & FIXT.        ,PALLET                                            ,         4,FIXRITE PANGLAO               ,FIXRITE PANGLAO-GROCERY STOCKROOM                 ,FAACQ               
0120-0007886501674  ,PLASTIC PALLET BLACK D4S-1012.16                            ,      2800.00,01/10/2026,FUR. & FIXT.        ,PALLET                                            ,         4,FIXRITE PANGLAO               ,FIXRITE PANGLAO-GROCERY STOCKROOM                 ,FAACQ               
0120-0007886501675  ,PLASTIC PALLET BLACK D4S-1012.16                            ,      2800.00,01/10/2026,FUR. & FIXT.        ,PALLET                                            ,         4,FIXRITE PANGLAO               ,FIXRITE PANGLAO-GROCERY STOCKROOM                 ,FAACQ               
0120-0007886501676  ,PLASTIC PALLET BLACK D4S-1012.16                            ,      2800.00,01/10/2026,FUR. & FIXT.        ,PALLET                                            ,         4,FIXRITE PANGLAO               ,FIXRITE PANGLAO-GROCERY STOCKROOM                 ,FAACQ               
0120-0007886501677  ,PLASTIC PALLET BLACK D4S-1012.16                            ,      2800.00,01/10/2026,FUR. & FIXT.        ,PALLET                                            ,         4,FIXRITE PANGLAO               ,FIXRITE PANGLAO-GROCERY STOCKROOM                 ,FAACQ               
0120-0007886501678  ,PLASTIC PALLET BLACK D4S-1012.16                            ,      2800.00,01/10/2026,FUR. & FIXT.        ,PALLET                                            ,         4,FIXRITE PANGLAO               ,FIXRITE PANGLAO-GROCERY STOCKROOM                 ,FAACQ               
0120-0007886501679  ,PLASTIC PALLET BLACK D4S-1012.16                            ,      2800.00,01/10/2026,FUR. & FIXT.        ,PALLET                                            ,         4,FIXRITE PANGLAO               ,FIXRITE PANGLAO-GROCERY STOCKROOM                 ,FAACQ               
0120-0007886501680  ,PLASTIC PALLET BLACK D4S-1012.16                            ,      2800.00,01/10/2026,FUR. & FIXT.        ,PALLET                                            ,         4,FIXRITE PANGLAO               ,FIXRITE PANGLAO-GROCERY STOCKROOM                 ,FAACQ               
0120-0007886501681  ,PLASTIC PALLET BLACK D4S-1012.16                            ,      2800.00,01/10/2026,FUR. & FIXT.        ,PALLET                                            ,         4,FIXRITE PANGLAO               ,FIXRITE PANGLAO-GROCERY STOCKROOM                 ,FAACQ               
0120-0007886501682  ,PLASTIC PALLET BLACK D4S-1012.16                            ,      2800.00,01/10/2026,FUR. & FIXT.        ,PALLET                                            ,         4,FIXRITE PANGLAO               ,FIXRITE PANGLAO-GROCERY STOCKROOM                 ,FAACQ               
0120-0007886501683  ,PLASTIC PALLET BLACK D4S-1012.16                            ,      2800.00,01/10/2026,FUR. & FIXT.        ,PALLET                                            ,         4,FIXRITE PANGLAO               ,FIXRITE PANGLAO-GROCERY STOCKROOM                 ,FAACQ               
0120-0007886501684  ,PLASTIC PALLET BLACK D4S-1012.16                            ,      2800.00,01/10/2026,FUR. & FIXT.        ,PALLET                                            ,         4,FIXRITE PANGLAO               ,FIXRITE PANGLAO-GROCERY STOCKROOM                 ,FAACQ               
0120-0007886501685  ,PLASTIC PALLET BLACK D4S-1012.16                            ,      2800.00,01/10/2026,FUR. & FIXT.        ,PALLET                                            ,         4,FIXRITE PANGLAO               ,FIXRITE PANGLAO-GROCERY STOCKROOM                 ,FAACQ               
0120-0007886501686  ,PLASTIC PALLET BLACK D4S-1012.16                            ,      2800.00,01/10/2026,FUR. & FIXT.        ,PALLET                                            ,         4,FIXRITE PANGLAO               ,FIXRITE PANGLAO-GROCERY STOCKROOM                 ,FAACQ               
0120-0007886501687  ,PLASTIC PALLET BLACK D4S-1012.16                            ,      2800.00,01/10/2026,FUR. & FIXT.        ,PALLET                                            ,         4,FIXRITE PANGLAO               ,FIXRITE PANGLAO-GROCERY STOCKROOM                 ,FAACQ               
0120-0007886501688  ,PLASTIC PALLET BLACK D4S-1012.16                            ,      2800.00,01/10/2026,FUR. & FIXT.        ,PALLET                                            ,         4,FIXRITE PANGLAO               ,FIXRITE PANGLAO-GROCERY STOCKROOM                 ,FAACQ               
0120-0007886501689  ,PLASTIC PALLET BLACK D4S-1012.16                            ,      2800.00,01/10/2026,FUR. & FIXT.        ,PALLET                                            ,         4,FIXRITE PANGLAO               ,FIXRITE PANGLAO-GROCERY STOCKROOM                 ,FAACQ               
0120-0007886501690  ,PLASTIC PALLET BLACK D4S-1012.16                            ,      2800.00,01/10/2026,FUR. & FIXT.        ,PALLET                                            ,         4,FIXRITE PANGLAO               ,FIXRITE PANGLAO-GROCERY STOCKROOM                 ,FAACQ               
0120-0007886501691  ,PLASTIC PALLET BLACK D4S-1012.16                            ,      2800.00,01/10/2026,FUR. & FIXT.        ,PALLET                                            ,         4,FIXRITE PANGLAO               ,FIXRITE PANGLAO-GROCERY STOCKROOM                 ,FAACQ               
0120-0007886501692  ,PLASTIC PALLET BLACK D4S-1012.16                            ,      2800.00,01/10/2026,FUR. & FIXT.        ,PALLET                                            ,         4,FIXRITE PANGLAO               ,FIXRITE PANGLAO-GROCERY STOCKROOM                 ,FAACQ               
0120-0007886501693  ,PLASTIC PALLET BLACK D4S-1012.16                            ,      2800.00,01/10/2026,FUR. & FIXT.        ,PALLET                                            ,         4,FIXRITE PANGLAO               ,FIXRITE PANGLAO-GROCERY STOCKROOM                 ,FAACQ               
0120-0007886501694  ,PLASTIC PALLET BLACK D4S-1012.16                            ,      2800.00,01/10/2026,FUR. & FIXT.        ,PALLET                                            ,         4,FIXRITE PANGLAO               ,FIXRITE PANGLAO-GROCERY STOCKROOM                 ,FAACQ               
0120-0007886501695  ,PLASTIC PALLET BLACK D4S-1012.16                            ,      2800.00,01/10/2026,FUR. & FIXT.        ,PALLET                                            ,         4,FIXRITE PANGLAO               ,FIXRITE PANGLAO-GROCERY STOCKROOM                 ,FAACQ               
0120-0007886501696  ,PLASTIC PALLET BLACK D4S-1012.16                            ,      2800.00,01/10/2026,FUR. & FIXT.        ,PALLET                                            ,         4,FIXRITE PANGLAO               ,FIXRITE PANGLAO-GROCERY STOCKROOM                 ,FAACQ               
0120-0007886501697  ,PLASTIC PALLET BLACK D4S-1012.16                            ,      2800.00,01/10/2026,FUR. & FIXT.        ,PALLET                                            ,         4,FIXRITE PANGLAO               ,FIXRITE PANGLAO-GROCERY STOCKROOM                 ,FAACQ               
0120-0007886501698  ,PLASTIC PALLET BLACK D4S-1012.16                            ,      2800.00,01/10/2026,FUR. & FIXT.        ,PALLET                                            ,         4,FIXRITE PANGLAO               ,FIXRITE PANGLAO-GROCERY STOCKROOM                 ,FAACQ               
0120-0007886501699  ,PLASTIC PALLET BLACK D4S-1012.16                            ,      2800.00,01/10/2026,FUR. & FIXT.        ,PALLET                                            ,         4,FIXRITE PANGLAO               ,FIXRITE PANGLAO-GROCERY STOCKROOM                 ,FAACQ               
0120-0007886501700  ,PLASTIC PALLET BLACK D4S-1012.16                            ,      2800.00,01/10/2026,FUR. & FIXT.        ,PALLET                                            ,         4,FIXRITE PANGLAO               ,FIXRITE PANGLAO-GROCERY STOCKROOM                 ,FAACQ               
0120-0007886501701  ,PLASTIC PALLET BLACK D4S-1012.16                            ,      2800.00,01/10/2026,FUR. & FIXT.        ,PALLET                                            ,         4,FIXRITE PANGLAO               ,FIXRITE PANGLAO-GROCERY STOCKROOM                 ,FAACQ               
0120-0007886501702  ,PLASTIC PALLET BLACK D4S-1012.16                            ,      2800.00,01/10/2026,FUR. & FIXT.        ,PALLET                                            ,         4,FIXRITE PANGLAO               ,FIXRITE PANGLAO-GROCERY STOCKROOM                 ,FAACQ               
0120-0007886501703  ,PLASTIC PALLET BLACK D4S-1012.16                            ,      2800.00,01/10/2026,FUR. & FIXT.        ,PALLET                                            ,         4,FIXRITE PANGLAO               ,FIXRITE PANGLAO-GROCERY STOCKROOM                 ,FAACQ               
0120-0007886501704  ,PLASTIC PALLET BLACK D4S-1012.16                            ,      2800.00,01/10/2026,FUR. & FIXT.        ,PALLET                                            ,         4,FIXRITE PANGLAO               ,FIXRITE PANGLAO-GROCERY STOCKROOM                 ,FAACQ               
0120-0007886501705  ,PLASTIC PALLET BLACK D4S-1012.16                            ,      2800.00,01/10/2026,FUR. & FIXT.        ,PALLET                                            ,         4,FIXRITE PANGLAO               ,FIXRITE PANGLAO-GROCERY STOCKROOM                 ,FAACQ               
0120-0007886501706  ,PLASTIC PALLET BLACK D4S-1012.16                            ,      2800.00,01/10/2026,FUR. & FIXT.        ,PALLET                                            ,         4,FIXRITE PANGLAO               ,FIXRITE PANGLAO-GROCERY STOCKROOM                 ,FAACQ               
0120-0007886501707  ,PLASTIC PALLET BLACK D4S-1012.16                            ,      2800.00,01/10/2026,FUR. & FIXT.        ,PALLET                                            ,         4,FIXRITE PANGLAO               ,FIXRITE PANGLAO-GROCERY STOCKROOM                 ,FAACQ               
0120-0007886501708  ,PLASTIC PALLET BLACK D4S-1012.16                            ,      2800.00,01/10/2026,FUR. & FIXT.        ,PALLET                                            ,         4,FIXRITE PANGLAO               ,FIXRITE PANGLAO-GROCERY STOCKROOM                 ,FAACQ               
0120-0007886501709  ,PLASTIC PALLET BLACK D4S-1012.16                            ,      2800.00,01/10/2026,FUR. & FIXT.        ,PALLET                                            ,         4,FIXRITE PANGLAO               ,FIXRITE PANGLAO-GROCERY STOCKROOM                 ,FAACQ               
0120-0007886501710  ,PLASTIC PALLET BLACK D4S-1012.16                            ,      2800.00,01/10/2026,FUR. & FIXT.        ,PALLET                                            ,         4,FIXRITE PANGLAO               ,FIXRITE PANGLAO-GROCERY STOCKROOM                 ,FAACQ               
0120-0007886501711  ,PLASTIC PALLET BLACK D4S-1012.16                            ,      2800.00,01/10/2026,FUR. & FIXT.        ,PALLET                                            ,         4,FIXRITE PANGLAO               ,FIXRITE PANGLAO-GROCERY STOCKROOM                 ,FAACQ               
0120-0007886501712  ,PLASTIC PALLET BLACK D4S-1012.16                            ,      2800.00,01/10/2026,FUR. & FIXT.        ,PALLET                                            ,         4,FIXRITE PANGLAO               ,FIXRITE PANGLAO-GROCERY STOCKROOM                 ,FAACQ               
0120-0007886501713  ,PLASTIC PALLET BLACK D4S-1012.16                            ,      2800.00,01/10/2026,FUR. & FIXT.        ,PALLET                                            ,         4,FIXRITE PANGLAO               ,FIXRITE PANGLAO-GROCERY STOCKROOM                 ,FAACQ               
0120-0007886501714  ,PLASTIC PALLET BLACK D4S-1012.16                            ,      2800.00,01/10/2026,FUR. & FIXT.        ,PALLET                                            ,         4,FIXRITE PANGLAO               ,FIXRITE PANGLAO-GROCERY STOCKROOM                 ,FAACQ               
0120-0007886501715  ,PLASTIC PALLET BLACK D4S-1012.16                            ,      2800.00,01/10/2026,FUR. & FIXT.        ,PALLET                                            ,         4,FIXRITE PANGLAO               ,FIXRITE PANGLAO-GROCERY STOCKROOM                 ,FAACQ               
0120-0007886501716  ,PLASTIC PALLET BLACK D4S-1012.16                            ,      2800.00,01/10/2026,FUR. & FIXT.        ,PALLET                                            ,         4,FIXRITE PANGLAO               ,FIXRITE PANGLAO-GROCERY STOCKROOM                 ,FAACQ               
0120-0007886501717  ,PLASTIC PALLET BLACK D4S-1012.16                            ,      2800.00,01/10/2026,FUR. & FIXT.        ,PALLET                                            ,         4,FIXRITE PANGLAO               ,FIXRITE PANGLAO-GROCERY STOCKROOM                 ,FAACQ               
0120-0007886501718  ,PLASTIC PALLET BLACK D4S-1012.16                            ,      2800.00,01/10/2026,FUR. & FIXT.        ,PALLET                                            ,         4,FIXRITE PANGLAO               ,FIXRITE PANGLAO-GROCERY STOCKROOM                 ,FAACQ               
0120-0007886501719  ,PLASTIC PALLET BLACK D4S-1012.16                            ,      2800.00,01/10/2026,FUR. & FIXT.        ,PALLET                                            ,         4,FIXRITE PANGLAO               ,FIXRITE PANGLAO-GROCERY STOCKROOM                 ,FAACQ               
0120-0007886501720  ,PLASTIC PALLET BLACK D4S-1012.16                            ,      2800.00,01/10/2026,FUR. & FIXT.        ,PALLET                                            ,         4,FIXRITE PANGLAO               ,FIXRITE PANGLAO-GROCERY STOCKROOM                 ,FAACQ               
0120-0007886501721  ,PLASTIC PALLET BLACK D4S-1012.16                            ,      2800.00,01/10/2026,FUR. & FIXT.        ,PALLET                                            ,         4,FIXRITE PANGLAO               ,FIXRITE PANGLAO-GROCERY STOCKROOM                 ,FAACQ               
0120-0007886501722  ,PLASTIC PALLET BLACK D4S-1012.16                            ,      2800.00,01/10/2026,FUR. & FIXT.        ,PALLET                                            ,         4,FIXRITE PANGLAO               ,FIXRITE PANGLAO-GROCERY STOCKROOM                 ,FAACQ               
0120-0007886501723  ,PLASTIC PALLET BLACK D4S-1012.16                            ,      2800.00,01/10/2026,FUR. & FIXT.        ,PALLET                                            ,         4,FIXRITE PANGLAO               ,FIXRITE PANGLAO-GROCERY STOCKROOM                 ,FAACQ               
0120-0007886501724  ,PLASTIC PALLET BLACK D4S-1012.16                            ,      2800.00,01/10/2026,FUR. & FIXT.        ,PALLET                                            ,         4,FIXRITE PANGLAO               ,FIXRITE PANGLAO-GROCERY STOCKROOM                 ,FAACQ               
0120-0007886501725  ,PLASTIC PALLET BLACK D4S-1012.16                            ,      2800.00,01/10/2026,FUR. & FIXT.        ,PALLET                                            ,         4,FIXRITE PANGLAO               ,FIXRITE PANGLAO-GROCERY STOCKROOM                 ,FAACQ               
0120-0007886501726  ,PLASTIC PALLET BLACK D4S-1012.16                            ,      2800.00,01/10/2026,FUR. & FIXT.        ,PALLET                                            ,         4,FIXRITE PANGLAO               ,FIXRITE PANGLAO-GROCERY STOCKROOM                 ,FAACQ               
0120-0007886501727  ,PLASTIC PALLET BLACK D4S-1012.16                            ,      2800.00,01/10/2026,FUR. & FIXT.        ,PALLET                                            ,         4,FIXRITE PANGLAO               ,FIXRITE PANGLAO-GROCERY STOCKROOM                 ,FAACQ               
0120-0007886501728  ,PLASTIC PALLET BLACK D4S-1012.16                            ,      2800.00,01/10/2026,FUR. & FIXT.        ,PALLET                                            ,         4,FIXRITE PANGLAO               ,FIXRITE PANGLAO-GROCERY STOCKROOM                 ,FAACQ               
0120-0007886501729  ,PLASTIC PALLET BLACK D4S-1012.16                            ,      2800.00,01/10/2026,FUR. & FIXT.        ,PALLET                                            ,         4,FIXRITE PANGLAO               ,FIXRITE PANGLAO-GROCERY STOCKROOM                 ,FAACQ               
0120-0007886501730  ,PLASTIC PALLET BLACK D4S-1012.16                            ,      2800.00,01/10/2026,FUR. & FIXT.        ,PALLET                                            ,         4,FIXRITE PANGLAO               ,FIXRITE PANGLAO-GROCERY STOCKROOM                 ,FAACQ               
0120-0007886501731  ,PLASTIC PALLET BLACK D4S-1012.16                            ,      2800.00,01/10/2026,FUR. & FIXT.        ,PALLET                                            ,         4,FIXRITE PANGLAO               ,FIXRITE PANGLAO-GROCERY STOCKROOM                 ,FAACQ               
0120-0007886501732  ,PLASTIC PALLET BLACK D4S-1012.16                            ,      2800.00,01/10/2026,FUR. & FIXT.        ,PALLET                                            ,         4,FIXRITE PANGLAO               ,FIXRITE PANGLAO-GROCERY STOCKROOM                 ,FAACQ               
0120-0007886501733  ,PLASTIC PALLET BLACK D4S-1012.16                            ,      2800.00,01/10/2026,FUR. & FIXT.        ,PALLET                                            ,         4,FIXRITE PANGLAO               ,FIXRITE PANGLAO-GROCERY STOCKROOM                 ,FAACQ               
0120-0007886501734  ,PLASTIC PALLET BLACK D4S-1012.16                            ,      2800.00,01/10/2026,FUR. & FIXT.        ,PALLET                                            ,         4,FIXRITE PANGLAO               ,FIXRITE PANGLAO-GROCERY STOCKROOM                 ,FAACQ               
0120-0007886501735  ,PLASTIC PALLET BLACK D4S-1012.16                            ,      2800.00,01/10/2026,FUR. & FIXT.        ,PALLET                                            ,         4,FIXRITE PANGLAO               ,FIXRITE PANGLAO-GROCERY STOCKROOM                 ,FAACQ               
0120-0007886501736  ,PLASTIC PALLET BLACK D4S-1012.16                            ,      2800.00,01/10/2026,FUR. & FIXT.        ,PALLET                                            ,         4,FIXRITE PANGLAO               ,FIXRITE PANGLAO-GROCERY STOCKROOM                 ,FAACQ               
0120-0007886501737  ,PLASTIC PALLET BLACK D4S-1012.16                            ,      2800.00,01/10/2026,FUR. & FIXT.        ,PALLET                                            ,         4,FIXRITE PANGLAO               ,FIXRITE PANGLAO-GROCERY STOCKROOM                 ,FAACQ               
0120-0007886501738  ,PLASTIC PALLET BLACK D4S-1012.16                            ,      2800.00,01/10/2026,FUR. & FIXT.        ,PALLET                                            ,         4,FIXRITE PANGLAO               ,FIXRITE PANGLAO-GROCERY STOCKROOM                 ,FAACQ               
0120-0007886501739  ,PLASTIC PALLET BLACK D4S-1012.16                            ,      2800.00,01/10/2026,FUR. & FIXT.        ,PALLET                                            ,         4,FIXRITE PANGLAO               ,FIXRITE PANGLAO-GROCERY STOCKROOM                 ,FAACQ               
0120-0007886501740  ,PLASTIC PALLET BLACK D4S-1012.16                            ,      2800.00,01/10/2026,FUR. & FIXT.        ,PALLET                                            ,         4,FIXRITE PANGLAO               ,FIXRITE PANGLAO-GROCERY STOCKROOM                 ,FAACQ               
0120-0007886501741  ,PLASTIC PALLET BLACK D4S-1012.16                            ,      2800.00,01/10/2026,FUR. & FIXT.        ,PALLET                                            ,         4,FIXRITE PANGLAO               ,FIXRITE PANGLAO-GROCERY STOCKROOM                 ,FAACQ               
0120-0007886501742  ,PLASTIC PALLET BLACK D4S-1012.16                            ,      2800.00,01/10/2026,FUR. & FIXT.        ,PALLET                                            ,         4,FIXRITE PANGLAO               ,FIXRITE PANGLAO-GROCERY STOCKROOM                 ,FAACQ               
0120-0007886501743  ,PLASTIC PALLET BLACK D4S-1012.16                            ,      2800.00,01/10/2026,FUR. & FIXT.        ,PALLET                                            ,         4,FIXRITE PANGLAO               ,FIXRITE PANGLAO-GROCERY STOCKROOM                 ,FAACQ               
0120-0007886501744  ,PLASTIC PALLET BLACK D4S-1012.16                            ,      2800.00,01/10/2026,FUR. & FIXT.        ,PALLET                                            ,         4,FIXRITE PANGLAO               ,FIXRITE PANGLAO-GROCERY STOCKROOM                 ,FAACQ               
0120-0007886501745  ,PLASTIC PALLET BLACK D4S-1012.16                            ,      2800.00,01/10/2026,FUR. & FIXT.        ,PALLET                                            ,         4,FIXRITE PANGLAO               ,FIXRITE PANGLAO-GROCERY STOCKROOM                 ,FAACQ               
0120-0007886501746  ,PLASTIC PALLET BLACK D4S-1012.16                            ,      2800.00,01/10/2026,FUR. & FIXT.        ,PALLET                                            ,         4,FIXRITE PANGLAO               ,FIXRITE PANGLAO-GROCERY STOCKROOM                 ,FAACQ               
0120-0007886501747  ,PLASTIC PALLET BLACK D4S-1012.16                            ,      2800.00,01/10/2026,FUR. & FIXT.        ,PALLET                                            ,         4,FIXRITE PANGLAO               ,FIXRITE PANGLAO-GROCERY STOCKROOM                 ,FAACQ               
0120-0007886501748  ,PLASTIC PALLET BLACK D4S-1012.16                            ,      2800.00,01/10/2026,FUR. & FIXT.        ,PALLET                                            ,         4,FIXRITE PANGLAO               ,FIXRITE PANGLAO-GROCERY STOCKROOM                 ,FAACQ               
0120-0007886501749  ,PLASTIC PALLET BLACK D4S-1012.16                            ,      2800.00,01/10/2026,FUR. & FIXT.        ,PALLET                                            ,         4,FIXRITE PANGLAO               ,FIXRITE PANGLAO-GROCERY STOCKROOM                 ,FAACQ               
0120-0007886501750  ,PLASTIC PALLET BLACK D4S-1012.16                            ,      2800.00,01/10/2026,FUR. & FIXT.        ,PALLET                                            ,         4,FIXRITE PANGLAO               ,FIXRITE PANGLAO-GROCERY STOCKROOM                 ,FAACQ               
0120-0007886501751  ,PLASTIC PALLET BLACK D4S-1012.16                            ,      2800.00,01/10/2026,FUR. & FIXT.        ,PALLET                                            ,         4,FIXRITE PANGLAO               ,FIXRITE PANGLAO-GROCERY STOCKROOM                 ,FAACQ               
0120-0007886501752  ,PLASTIC PALLET BLACK D4S-1012.16                            ,      2800.00,01/10/2026,FUR. & FIXT.        ,PALLET                                            ,         4,FIXRITE PANGLAO               ,FIXRITE PANGLAO-GROCERY STOCKROOM                 ,FAACQ               
0120-0007886501753  ,PLASTIC PALLET BLACK D4S-1012.16                            ,      2800.00,01/10/2026,FUR. & FIXT.        ,PALLET                                            ,         4,FIXRITE PANGLAO               ,FIXRITE PANGLAO-GROCERY STOCKROOM                 ,FAACQ               
0120-0007886501754  ,PLASTIC PALLET BLACK D4S-1012.16                            ,      2800.00,01/10/2026,FUR. & FIXT.        ,PALLET                                            ,         4,FIXRITE PANGLAO               ,FIXRITE PANGLAO-GROCERY STOCKROOM                 ,FAACQ               
0120-0007886501755  ,PLASTIC PALLET BLACK D4S-1012.16                            ,      2800.00,01/10/2026,FUR. & FIXT.        ,PALLET                                            ,         4,FIXRITE PANGLAO               ,FIXRITE PANGLAO-GROCERY STOCKROOM                 ,FAACQ               
0120-0007886501756  ,PLASTIC PALLET BLACK D4S-1012.16                            ,      2800.00,01/10/2026,FUR. & FIXT.        ,PALLET                                            ,         4,FIXRITE PANGLAO               ,FIXRITE PANGLAO-GROCERY STOCKROOM                 ,FAACQ               
0120-0007886501757  ,PLASTIC PALLET BLACK D4S-1012.16                            ,      2800.00,01/10/2026,FUR. & FIXT.        ,PALLET                                            ,         4,FIXRITE PANGLAO               ,FIXRITE PANGLAO-GROCERY STOCKROOM                 ,FAACQ               
0120-0007886501758  ,PLASTIC PALLET BLACK D4S-1012.16                            ,      2800.00,01/10/2026,FUR. & FIXT.        ,PALLET                                            ,         4,FIXRITE PANGLAO               ,FIXRITE PANGLAO-GROCERY STOCKROOM                 ,FAACQ               
0120-0007886501759  ,PLASTIC PALLET BLACK D4S-1012.16                            ,      2800.00,01/10/2026,FUR. & FIXT.        ,PALLET                                            ,         4,FIXRITE PANGLAO               ,FIXRITE PANGLAO-GROCERY STOCKROOM                 ,FAACQ               
0120-0007886501760  ,PLASTIC PALLET BLACK D4S-1012.16                            ,      2800.00,01/10/2026,FUR. & FIXT.        ,PALLET                                            ,         4,FIXRITE PANGLAO               ,FIXRITE PANGLAO-GROCERY STOCKROOM                 ,FAACQ               
0120-0007886501761  ,PLASTIC PALLET BLACK D4S-1012.16                            ,      2800.00,01/10/2026,FUR. & FIXT.        ,PALLET                                            ,         4,FIXRITE PANGLAO               ,FIXRITE PANGLAO-GROCERY STOCKROOM                 ,FAACQ               
0120-0007886501762  ,PLASTIC PALLET BLACK D4S-1012.16                            ,      2800.00,01/10/2026,FUR. & FIXT.        ,PALLET                                            ,         4,FIXRITE PANGLAO               ,FIXRITE PANGLAO-GROCERY STOCKROOM                 ,FAACQ               
0120-0007886501763  ,PLASTIC PALLET BLACK D4S-1012.16                            ,      2800.00,01/10/2026,FUR. & FIXT.        ,PALLET                                            ,         4,FIXRITE PANGLAO               ,FIXRITE PANGLAO-GROCERY STOCKROOM                 ,FAACQ               
0120-0007886501764  ,PLASTIC PALLET BLACK D4S-1012.16                            ,      2800.00,01/10/2026,FUR. & FIXT.        ,PALLET                                            ,         4,FIXRITE PANGLAO               ,FIXRITE PANGLAO-GROCERY STOCKROOM                 ,FAACQ               
0120-0007886501765  ,PLASTIC PALLET BLACK D4S-1012.16                            ,      2800.00,01/10/2026,FUR. & FIXT.        ,PALLET                                            ,         4,FIXRITE PANGLAO               ,FIXRITE PANGLAO-GROCERY STOCKROOM                 ,FAACQ               
0120-0007886501766  ,PLASTIC PALLET BLACK D4S-1012.16                            ,      2800.00,01/10/2026,FUR. & FIXT.        ,PALLET                                            ,         4,FIXRITE PANGLAO               ,FIXRITE PANGLAO-GROCERY STOCKROOM                 ,FAACQ               
0120-0007886501767  ,PLASTIC PALLET BLACK D4S-1012.16                            ,      2800.00,01/10/2026,FUR. & FIXT.        ,PALLET                                            ,         4,FIXRITE PANGLAO               ,FIXRITE PANGLAO-GROCERY STOCKROOM                 ,FAACQ               
0120-0007886501768  ,PLASTIC PALLET BLACK D4S-1012.16                            ,      2800.00,01/10/2026,FUR. & FIXT.        ,PALLET                                            ,         4,FIXRITE PANGLAO               ,FIXRITE PANGLAO-GROCERY STOCKROOM                 ,FAACQ               
0120-0007886501769  ,PLASTIC PALLET BLACK D4S-1012.16                            ,      2800.00,01/10/2026,FUR. & FIXT.        ,PALLET                                            ,         4,FIXRITE PANGLAO               ,FIXRITE PANGLAO-GROCERY STOCKROOM                 ,FAACQ               
0120-0007886501770  ,PLASTIC PALLET BLACK D4S-1012.16                            ,      2800.00,01/10/2026,FUR. & FIXT.        ,PALLET                                            ,         4,FIXRITE PANGLAO               ,FIXRITE PANGLAO-GROCERY STOCKROOM                 ,FAACQ               
0120-0007886501771  ,PLASTIC PALLET BLACK D4S-1012.16                            ,      2800.00,01/10/2026,FUR. & FIXT.        ,PALLET                                            ,         4,FIXRITE PANGLAO               ,FIXRITE PANGLAO-GROCERY STOCKROOM                 ,FAACQ               
0120-0007886501772  ,PLASTIC PALLET BLACK D4S-1012.16                            ,      2800.00,01/10/2026,FUR. & FIXT.        ,PALLET                                            ,         4,FIXRITE PANGLAO               ,FIXRITE PANGLAO-GROCERY STOCKROOM                 ,FAACQ               
0120-0007886501773  ,PLASTIC PALLET BLACK D4S-1012.16                            ,      2800.00,01/10/2026,FUR. & FIXT.        ,PALLET                                            ,         4,FIXRITE PANGLAO               ,FIXRITE PANGLAO-GROCERY STOCKROOM                 ,FAACQ               
0120-0007886501774  ,PLASTIC PALLET BLACK D4S-1012.16                            ,      2800.00,01/10/2026,FUR. & FIXT.        ,PALLET                                            ,         4,FIXRITE PANGLAO               ,FIXRITE PANGLAO-GROCERY STOCKROOM                 ,FAACQ               
0120-0007886501775  ,PLASTIC PALLET BLACK D4S-1012.16                            ,      2800.00,01/10/2026,FUR. & FIXT.        ,PALLET                                            ,         4,FIXRITE PANGLAO               ,FIXRITE PANGLAO-GROCERY STOCKROOM                 ,FAACQ               
0120-0007886501776  ,PLASTIC PALLET BLACK D4S-1012.16                            ,      2800.00,01/10/2026,FUR. & FIXT.        ,PALLET                                            ,         4,FIXRITE PANGLAO               ,FIXRITE PANGLAO-GROCERY STOCKROOM                 ,FAACQ               
0120-0007886501777  ,PLASTIC PALLET BLACK D4S-1012.16                            ,      2800.00,01/10/2026,FUR. & FIXT.        ,PALLET                                            ,         4,FIXRITE PANGLAO               ,FIXRITE PANGLAO-GROCERY STOCKROOM                 ,FAACQ               
0120-0007886501778  ,PLASTIC PALLET BLACK D4S-1012.16                            ,      2800.00,01/10/2026,FUR. & FIXT.        ,PALLET                                            ,         4,FIXRITE PANGLAO               ,FIXRITE PANGLAO-GROCERY STOCKROOM                 ,FAACQ               
0120-0007886501779  ,PLASTIC PALLET BLACK D4S-1012.16                            ,      2800.00,01/10/2026,FUR. & FIXT.        ,PALLET                                            ,         4,FIXRITE PANGLAO               ,FIXRITE PANGLAO-GROCERY STOCKROOM                 ,FAACQ               
0120-0007886501780  ,PLASTIC PALLET BLACK D4S-1012.16                            ,      2800.00,01/10/2026,FUR. & FIXT.        ,PALLET                                            ,         4,FIXRITE PANGLAO               ,FIXRITE PANGLAO-GROCERY STOCKROOM                 ,FAACQ               
0120-0007886501781  ,PLASTIC PALLET BLACK D4S-1012.16                            ,      2800.00,01/10/2026,FUR. & FIXT.        ,PALLET                                            ,         4,FIXRITE PANGLAO               ,FIXRITE PANGLAO-GROCERY STOCKROOM                 ,FAACQ               
0120-0007886501782  ,PLASTIC PALLET BLACK D4S-1012.16                            ,      2800.00,01/10/2026,FUR. & FIXT.        ,PALLET                                            ,         4,FIXRITE PANGLAO               ,FIXRITE PANGLAO-GROCERY STOCKROOM                 ,FAACQ               
0120-0007886501783  ,PLASTIC PALLET BLACK D4S-1012.16                            ,      2800.00,01/10/2026,FUR. & FIXT.        ,PALLET                                            ,         4,FIXRITE PANGLAO               ,FIXRITE PANGLAO-GROCERY STOCKROOM                 ,FAACQ               
0120-0007886501784  ,PLASTIC PALLET BLACK D4S-1012.16                            ,      2800.00,01/10/2026,FUR. & FIXT.        ,PALLET                                            ,         4,FIXRITE PANGLAO               ,FIXRITE PANGLAO-GROCERY STOCKROOM                 ,FAACQ               
0120-0007886501785  ,PLASTIC PALLET BLACK D4S-1012.16                            ,      2800.00,01/10/2026,FUR. & FIXT.        ,PALLET                                            ,         4,FIXRITE PANGLAO               ,FIXRITE PANGLAO-GROCERY STOCKROOM                 ,FAACQ               
0120-0007886501786  ,PLASTIC PALLET BLACK D4S-1012.16                            ,      2800.00,01/10/2026,FUR. & FIXT.        ,PALLET                                            ,         4,FIXRITE PANGLAO               ,FIXRITE PANGLAO-GROCERY STOCKROOM                 ,FAACQ               
0120-0007886501787  ,PLASTIC PALLET BLACK D4S-1012.16                            ,      2800.00,01/10/2026,FUR. & FIXT.        ,PALLET                                            ,         4,FIXRITE PANGLAO               ,FIXRITE PANGLAO-GROCERY STOCKROOM                 ,FAACQ               
0120-0007886501788  ,PLASTIC PALLET BLACK D4S-1012.16                            ,      2800.00,01/10/2026,FUR. & FIXT.        ,PALLET                                            ,         4,FIXRITE PANGLAO               ,FIXRITE PANGLAO-GROCERY STOCKROOM                 ,FAACQ               
0120-0007886501789  ,PLASTIC PALLET BLACK D4S-1012.16                            ,      2800.00,01/10/2026,FUR. & FIXT.        ,PALLET                                            ,         4,FIXRITE PANGLAO               ,FIXRITE PANGLAO-GROCERY STOCKROOM                 ,FAACQ               
0120-0007886501790  ,PLASTIC PALLET BLACK D4S-1012.16                            ,      2800.00,01/10/2026,FUR. & FIXT.        ,PALLET                                            ,         4,FIXRITE PANGLAO               ,FIXRITE PANGLAO-GROCERY STOCKROOM                 ,FAACQ               
0120-0007886501791  ,PLASTIC PALLET BLACK D4S-1012.16                            ,      2800.00,01/10/2026,FUR. & FIXT.        ,PALLET                                            ,         4,FIXRITE PANGLAO               ,FIXRITE PANGLAO-GROCERY STOCKROOM                 ,FAACQ               
0120-0007886501792  ,PLASTIC PALLET BLACK D4S-1012.16                            ,      2800.00,01/10/2026,FUR. & FIXT.        ,PALLET                                            ,         4,FIXRITE PANGLAO               ,FIXRITE PANGLAO-GROCERY STOCKROOM                 ,FAACQ               
0120-0007886501793  ,PLASTIC PALLET BLACK D4S-1012.16                            ,      2800.00,01/10/2026,FUR. & FIXT.        ,PALLET                                            ,         4,FIXRITE PANGLAO               ,FIXRITE PANGLAO-GROCERY STOCKROOM                 ,FAACQ               
0120-0007886501794  ,PLASTIC PALLET BLACK D4S-1012.16                            ,      2800.00,01/10/2026,FUR. & FIXT.        ,PALLET                                            ,         4,FIXRITE PANGLAO               ,FIXRITE PANGLAO-GROCERY STOCKROOM                 ,FAACQ               
0120-0007886501795  ,PLASTIC PALLET BLACK D4S-1012.16                            ,      2800.00,01/10/2026,FUR. & FIXT.        ,PALLET                                            ,         4,FIXRITE PANGLAO               ,FIXRITE PANGLAO-GROCERY STOCKROOM                 ,FAACQ               
0120-0007886501796  ,PLASTIC PALLET BLACK D4S-1012.16                            ,      2800.00,01/10/2026,FUR. & FIXT.        ,PALLET                                            ,         4,FIXRITE PANGLAO               ,FIXRITE PANGLAO-GROCERY STOCKROOM                 ,FAACQ               
0120-0007886501797  ,PLASTIC PALLET BLACK D4S-1012.16                            ,      2800.00,01/10/2026,FUR. & FIXT.        ,PALLET                                            ,         4,FIXRITE PANGLAO               ,FIXRITE PANGLAO-GROCERY STOCKROOM                 ,FAACQ               
0120-0007886501798  ,PLASTIC PALLET BLACK D4S-1012.16                            ,      2800.00,01/10/2026,FUR. & FIXT.        ,PALLET                                            ,         4,FIXRITE PANGLAO               ,FIXRITE PANGLAO-GROCERY STOCKROOM                 ,FAACQ               
0120-0007886501799  ,PLASTIC PALLET BLACK D4S-1012.16                            ,      2800.00,01/10/2026,FUR. & FIXT.        ,PALLET                                            ,         4,FIXRITE PANGLAO               ,FIXRITE PANGLAO-GROCERY STOCKROOM                 ,FAACQ               
0120-0007886501800  ,PLASTIC PALLET BLACK D4S-1012.16                            ,      2800.00,01/10/2026,FUR. & FIXT.        ,PALLET                                            ,         4,FIXRITE PANGLAO               ,FIXRITE PANGLAO-GROCERY STOCKROOM                 ,FAACQ               
0120-0007886501801  ,PLASTIC PALLET BLACK D4S-1012.16                            ,      2800.00,01/10/2026,FUR. & FIXT.        ,PALLET                                            ,         4,FIXRITE PANGLAO               ,FIXRITE PANGLAO-GROCERY STOCKROOM                 ,FAACQ               
0120-0007886501802  ,PLASTIC PALLET BLACK D4S-1012.16                            ,      2800.00,01/10/2026,FUR. & FIXT.        ,PALLET                                            ,         4,FIXRITE PANGLAO               ,FIXRITE PANGLAO-GROCERY STOCKROOM                 ,FAACQ               
0120-0007886501803  ,PLASTIC PALLET BLACK D4S-1012.16                            ,      2800.00,01/10/2026,FUR. & FIXT.        ,PALLET                                            ,         4,FIXRITE PANGLAO               ,FIXRITE PANGLAO-GROCERY STOCKROOM                 ,FAACQ               
0120-0007886501804  ,PLASTIC PALLET BLACK D4S-1012.16                            ,      2800.00,01/10/2026,FUR. & FIXT.        ,PALLET                                            ,         4,FIXRITE PANGLAO               ,FIXRITE PANGLAO-GROCERY STOCKROOM                 ,FAACQ               
0120-0007886501805  ,PLASTIC PALLET BLACK D4S-1012.16                            ,      2800.00,01/10/2026,FUR. & FIXT.        ,PALLET                                            ,         4,FIXRITE PANGLAO               ,FIXRITE PANGLAO-GROCERY STOCKROOM                 ,FAACQ               
0120-0007886501806  ,PLASTIC PALLET BLACK D4S-1012.16                            ,      2800.00,01/10/2026,FUR. & FIXT.        ,PALLET                                            ,         4,FIXRITE PANGLAO               ,FIXRITE PANGLAO-GROCERY STOCKROOM                 ,FAACQ               
0120-0007886501807  ,PLASTIC PALLET BLACK D4S-1012.16                            ,      2800.00,01/10/2026,FUR. & FIXT.        ,PALLET                                            ,         4,FIXRITE PANGLAO               ,FIXRITE PANGLAO-GROCERY STOCKROOM                 ,FAACQ               
0120-0007886501808  ,PLASTIC PALLET BLACK D4S-1012.16                            ,      2800.00,01/10/2026,FUR. & FIXT.        ,PALLET                                            ,         4,FIXRITE PANGLAO               ,FIXRITE PANGLAO-GROCERY STOCKROOM                 ,FAACQ               
0120-0007886501809  ,PLASTIC PALLET BLACK D4S-1012.16                            ,      2800.00,01/10/2026,FUR. & FIXT.        ,PALLET                                            ,         4,FIXRITE PANGLAO               ,FIXRITE PANGLAO-GROCERY STOCKROOM                 ,FAACQ               
0120-0007886501810  ,PLASTIC PALLET BLACK D4S-1012.16                            ,      2800.00,01/10/2026,FUR. & FIXT.        ,PALLET                                            ,         4,FIXRITE PANGLAO               ,FIXRITE PANGLAO-GROCERY STOCKROOM                 ,FAACQ               
0120-0007886501811  ,PLASTIC PALLET BLACK D4S-1012.16                            ,      2800.00,01/10/2026,FUR. & FIXT.        ,PALLET                                            ,         4,FIXRITE PANGLAO               ,FIXRITE PANGLAO-GROCERY STOCKROOM                 ,FAACQ               
0120-0007886501812  ,PLASTIC PALLET BLACK D4S-1012.16                            ,      2800.00,01/10/2026,FUR. & FIXT.        ,PALLET                                            ,         4,FIXRITE PANGLAO               ,FIXRITE PANGLAO-GROCERY STOCKROOM                 ,FAACQ               
0120-0007886501813  ,PLASTIC PALLET BLACK D4S-1012.16                            ,      2800.00,01/10/2026,FUR. & FIXT.        ,PALLET                                            ,         4,FIXRITE PANGLAO               ,FIXRITE PANGLAO-GROCERY STOCKROOM                 ,FAACQ               
0120-0007886501814  ,PLASTIC PALLET BLACK D4S-1012.16                            ,      2800.00,01/10/2026,FUR. & FIXT.        ,PALLET                                            ,         4,FIXRITE PANGLAO               ,FIXRITE PANGLAO-GROCERY STOCKROOM                 ,FAACQ               
0120-0007886501815  ,PLASTIC PALLET BLACK D4S-1012.16                            ,      2800.00,01/10/2026,FUR. & FIXT.        ,PALLET                                            ,         4,FIXRITE PANGLAO               ,FIXRITE PANGLAO-GROCERY STOCKROOM                 ,FAACQ               
0120-0007886501816  ,PLASTIC PALLET BLACK D4S-1012.16                            ,      2800.00,01/10/2026,FUR. & FIXT.        ,PALLET                                            ,         4,FIXRITE PANGLAO               ,FIXRITE PANGLAO-GROCERY STOCKROOM                 ,FAACQ               
0120-0007886501817  ,PLASTIC PALLET BLACK D4S-1012.16                            ,      2800.00,01/10/2026,FUR. & FIXT.        ,PALLET                                            ,         4,FIXRITE PANGLAO               ,FIXRITE PANGLAO-GROCERY STOCKROOM                 ,FAACQ               
0120-0007886501818  ,PLASTIC PALLET BLACK D4S-1012.16                            ,      2800.00,01/10/2026,FUR. & FIXT.        ,PALLET                                            ,         4,FIXRITE PANGLAO               ,FIXRITE PANGLAO-GROCERY STOCKROOM                 ,FAACQ               
0120-0007886501819  ,PLASTIC PALLET BLACK D4S-1012.16                            ,      2800.00,01/10/2026,FUR. & FIXT.        ,PALLET                                            ,         4,FIXRITE PANGLAO               ,FIXRITE PANGLAO-GROCERY STOCKROOM                 ,FAACQ               
0120-0007886501820  ,PLASTIC PALLET BLACK D4S-1012.16                            ,      2800.00,01/10/2026,FUR. & FIXT.        ,PALLET                                            ,         4,FIXRITE PANGLAO               ,FIXRITE PANGLAO-GROCERY STOCKROOM                 ,FAACQ               
0120-0007886501821  ,PLASTIC PALLET BLACK D4S-1012.16                            ,      2800.00,01/10/2026,FUR. & FIXT.        ,PALLET                                            ,         4,FIXRITE PANGLAO               ,FIXRITE PANGLAO-GROCERY STOCKROOM                 ,FAACQ               
0120-0007886501822  ,PLASTIC PALLET BLACK D4S-1012.16                            ,      2800.00,01/10/2026,FUR. & FIXT.        ,PALLET                                            ,         4,FIXRITE PANGLAO               ,FIXRITE PANGLAO-GROCERY STOCKROOM                 ,FAACQ               
0120-0007886501823  ,PLASTIC PALLET BLACK D4S-1012.16                            ,      2800.00,01/10/2026,FUR. & FIXT.        ,PALLET                                            ,         4,FIXRITE PANGLAO               ,FIXRITE PANGLAO-GROCERY STOCKROOM                 ,FAACQ               
0120-0007886501824  ,PLASTIC PALLET BLACK D4S-1012.16                            ,      2800.00,01/10/2026,FUR. & FIXT.        ,PALLET                                            ,         4,FIXRITE PANGLAO               ,FIXRITE PANGLAO-GROCERY STOCKROOM                 ,FAACQ               
0120-0007886501825  ,PLASTIC PALLET BLACK D4S-1012.16                            ,      2800.00,01/10/2026,FUR. & FIXT.        ,PALLET                                            ,         4,FIXRITE PANGLAO               ,FIXRITE PANGLAO-GROCERY STOCKROOM                 ,FAACQ               
0120-0007886501826  ,PLASTIC PALLET BLACK D4S-1012.16                            ,      2800.00,01/10/2026,FUR. & FIXT.        ,PALLET                                            ,         4,FIXRITE PANGLAO               ,FIXRITE PANGLAO-GROCERY STOCKROOM                 ,FAACQ               
0120-0007886501827  ,PLASTIC PALLET BLACK D4S-1012.16                            ,      2800.00,01/10/2026,FUR. & FIXT.        ,PALLET                                            ,         4,FIXRITE PANGLAO               ,FIXRITE PANGLAO-GROCERY STOCKROOM                 ,FAACQ               
0120-0007886501828  ,PLASTIC PALLET BLACK D4S-1012.16                            ,      2800.00,01/10/2026,FUR. & FIXT.        ,PALLET                                            ,         4,FIXRITE PANGLAO               ,FIXRITE PANGLAO-GROCERY STOCKROOM                 ,FAACQ               
0120-0007886501829  ,PLASTIC PALLET BLACK D4S-1012.16                            ,      2800.00,01/10/2026,FUR. & FIXT.        ,PALLET                                            ,         4,FIXRITE PANGLAO               ,FIXRITE PANGLAO-GROCERY STOCKROOM                 ,FAACQ               
0120-0007886501830  ,PLASTIC PALLET BLACK D4S-1012.16                            ,      2800.00,01/10/2026,FUR. & FIXT.        ,PALLET                                            ,         4,FIXRITE PANGLAO               ,FIXRITE PANGLAO-GROCERY STOCKROOM                 ,FAACQ               
0120-0007886501831  ,PLASTIC PALLET BLACK D4S-1012.16                            ,      2800.00,01/10/2026,FUR. & FIXT.        ,PALLET                                            ,         4,FIXRITE PANGLAO               ,FIXRITE PANGLAO-GROCERY STOCKROOM                 ,FAACQ               
0120-0007886501832  ,PLASTIC PALLET BLACK D4S-1012.16                            ,      2800.00,01/10/2026,FUR. & FIXT.        ,PALLET                                            ,         4,FIXRITE PANGLAO               ,FIXRITE PANGLAO-GROCERY STOCKROOM                 ,FAACQ               
0120-0007886501833  ,PLASTIC PALLET BLACK D4S-1012.16                            ,      2800.00,01/10/2026,FUR. & FIXT.        ,PALLET                                            ,         4,FIXRITE PANGLAO               ,FIXRITE PANGLAO-GROCERY STOCKROOM                 ,FAACQ               
0120-0007886501834  ,PLASTIC PALLET BLACK D4S-1012.16                            ,      2800.00,01/10/2026,FUR. & FIXT.        ,PALLET                                            ,         4,FIXRITE PANGLAO               ,FIXRITE PANGLAO-GROCERY STOCKROOM                 ,FAACQ               
0120-0007886501835  ,PLASTIC PALLET BLACK D4S-1012.16                            ,      2800.00,01/10/2026,FUR. & FIXT.        ,PALLET                                            ,         4,FIXRITE PANGLAO               ,FIXRITE PANGLAO-GROCERY STOCKROOM                 ,FAACQ               
0120-0007886501836  ,PLASTIC PALLET BLACK D4S-1012.16                            ,      2800.00,01/10/2026,FUR. & FIXT.        ,PALLET                                            ,         4,FIXRITE PANGLAO               ,FIXRITE PANGLAO-GROCERY STOCKROOM                 ,FAACQ               
0120-0007886501837  ,PLASTIC PALLET BLACK D4S-1012.16                            ,      2800.00,01/10/2026,FUR. & FIXT.        ,PALLET                                            ,         4,FIXRITE PANGLAO               ,FIXRITE PANGLAO-GROCERY STOCKROOM                 ,FAACQ               
0120-0007886501838  ,PLASTIC PALLET BLACK D4S-1012.16                            ,      2800.00,01/10/2026,FUR. & FIXT.        ,PALLET                                            ,         4,FIXRITE PANGLAO               ,FIXRITE PANGLAO-GROCERY STOCKROOM                 ,FAACQ               
0120-0007886501839  ,PLASTIC PALLET BLACK D4S-1012.16                            ,      2800.00,01/10/2026,FUR. & FIXT.        ,PALLET                                            ,         4,FIXRITE PANGLAO               ,FIXRITE PANGLAO-GROCERY STOCKROOM                 ,FAACQ               
0120-0007886501840  ,PLASTIC PALLET BLACK D4S-1012.16                            ,      2800.00,01/10/2026,FUR. & FIXT.        ,PALLET                                            ,         4,FIXRITE PANGLAO               ,FIXRITE PANGLAO-GROCERY STOCKROOM                 ,FAACQ               
0120-0007886501841  ,PLASTIC PALLET BLACK D4S-1012.16                            ,      2800.00,01/10/2026,FUR. & FIXT.        ,PALLET                                            ,         4,FIXRITE PANGLAO               ,FIXRITE PANGLAO-GROCERY STOCKROOM                 ,FAACQ               
0120-0007886501842  ,PLASTIC PALLET BLACK D4S-1012.16                            ,      2800.00,01/10/2026,FUR. & FIXT.        ,PALLET                                            ,         4,FIXRITE PANGLAO               ,FIXRITE PANGLAO-GROCERY STOCKROOM                 ,FAACQ               
0120-0007886501843  ,PLASTIC PALLET BLACK D4S-1012.16                            ,      2800.00,01/10/2026,FUR. & FIXT.        ,PALLET                                            ,         4,FIXRITE PANGLAO               ,FIXRITE PANGLAO-GROCERY STOCKROOM                 ,FAACQ               
0120-0007886501844  ,PLASTIC PALLET BLACK D4S-1012.16                            ,      2800.00,01/10/2026,FUR. & FIXT.        ,PALLET                                            ,         4,FIXRITE PANGLAO               ,FIXRITE PANGLAO-GROCERY STOCKROOM                 ,FAACQ               
0120-0007886501845  ,PLASTIC PALLET BLACK D4S-1012.16                            ,      2800.00,01/10/2026,FUR. & FIXT.        ,PALLET                                            ,         4,FIXRITE PANGLAO               ,FIXRITE PANGLAO-GROCERY STOCKROOM                 ,FAACQ               
0120-0007886501846  ,PLASTIC PALLET BLACK D4S-1012.16                            ,      2800.00,01/10/2026,FUR. & FIXT.        ,PALLET                                            ,         4,FIXRITE PANGLAO               ,FIXRITE PANGLAO-GROCERY STOCKROOM                 ,FAACQ               
0120-0007886501847  ,PLASTIC PALLET BLACK D4S-1012.16                            ,      2800.00,01/10/2026,FUR. & FIXT.        ,PALLET                                            ,         4,FIXRITE PANGLAO               ,FIXRITE PANGLAO-GROCERY STOCKROOM                 ,FAACQ               
0120-0007886501848  ,PLASTIC PALLET BLACK D4S-1012.16                            ,      2800.00,01/10/2026,FUR. & FIXT.        ,PALLET                                            ,         4,FIXRITE PANGLAO               ,FIXRITE PANGLAO-GROCERY STOCKROOM                 ,FAACQ               
0120-0007886501849  ,PLASTIC PALLET BLACK D4S-1012.16                            ,      2800.00,01/10/2026,FUR. & FIXT.        ,PALLET                                            ,         4,FIXRITE PANGLAO               ,FIXRITE PANGLAO-GROCERY STOCKROOM                 ,FAACQ               
0120-0007886501850  ,PLASTIC PALLET BLACK D4S-1012.16                            ,      2800.00,01/10/2026,FUR. & FIXT.        ,PALLET                                            ,         4,FIXRITE PANGLAO               ,FIXRITE PANGLAO-GROCERY STOCKROOM                 ,FAACQ               
0120-0007886501851  ,PLASTIC PALLET BLACK D4S-1012.16                            ,      2800.00,01/10/2026,FUR. & FIXT.        ,PALLET                                            ,         4,FIXRITE PANGLAO               ,FIXRITE PANGLAO-GROCERY STOCKROOM                 ,FAACQ               
0120-0007886501852  ,PLASTIC PALLET BLACK D4S-1012.16                            ,      2800.00,01/10/2026,FUR. & FIXT.        ,PALLET                                            ,         4,FIXRITE PANGLAO               ,FIXRITE PANGLAO-GROCERY STOCKROOM                 ,FAACQ               
0120-0007886501853  ,PLASTIC PALLET BLACK D4S-1012.16                            ,      2800.00,01/10/2026,FUR. & FIXT.        ,PALLET                                            ,         4,FIXRITE PANGLAO               ,FIXRITE PANGLAO-GROCERY STOCKROOM                 ,FAACQ               
0120-0007886501854  ,PLASTIC PALLET BLACK D4S-1012.16                            ,      2800.00,01/10/2026,FUR. & FIXT.        ,PALLET                                            ,         4,FIXRITE PANGLAO               ,FIXRITE PANGLAO-GROCERY STOCKROOM                 ,FAACQ               
0120-0007886501855  ,PLASTIC PALLET BLACK D4S-1012.16                            ,      2800.00,01/10/2026,FUR. & FIXT.        ,PALLET                                            ,         4,FIXRITE PANGLAO               ,FIXRITE PANGLAO-GROCERY STOCKROOM                 ,FAACQ               
0120-0007886501856  ,PLASTIC PALLET BLACK D4S-1012.16                            ,      2800.00,01/10/2026,FUR. & FIXT.        ,PALLET                                            ,         4,FIXRITE PANGLAO               ,FIXRITE PANGLAO-GROCERY STOCKROOM                 ,FAACQ               
0120-0007886501857  ,PLASTIC PALLET BLACK D4S-1012.16                            ,      2800.00,01/10/2026,FUR. & FIXT.        ,PALLET                                            ,         4,FIXRITE PANGLAO               ,FIXRITE PANGLAO-GROCERY STOCKROOM                 ,FAACQ               
0120-0007886501858  ,PLASTIC PALLET BLACK D4S-1012.16                            ,      2800.00,01/10/2026,FUR. & FIXT.        ,PALLET                                            ,         4,FIXRITE PANGLAO               ,FIXRITE PANGLAO-GROCERY STOCKROOM                 ,FAACQ               
0120-0007886501859  ,PLASTIC PALLET BLACK D4S-1012.16                            ,      2800.00,01/10/2026,FUR. & FIXT.        ,PALLET                                            ,         4,FIXRITE PANGLAO               ,FIXRITE PANGLAO-GROCERY STOCKROOM                 ,FAACQ               
0120-0007886501860  ,PLASTIC PALLET BLACK D4S-1012.16                            ,      2800.00,01/10/2026,FUR. & FIXT.        ,PALLET                                            ,         4,FIXRITE PANGLAO               ,FIXRITE PANGLAO-GROCERY STOCKROOM                 ,FAACQ               
0120-0007886501861  ,PLASTIC PALLET BLACK D4S-1012.16                            ,      2800.00,01/10/2026,FUR. & FIXT.        ,PALLET                                            ,         4,FIXRITE PANGLAO               ,FIXRITE PANGLAO-GROCERY STOCKROOM                 ,FAACQ               
0120-0007886501862  ,PLASTIC PALLET BLACK D4S-1012.16                            ,      2800.00,01/10/2026,FUR. & FIXT.        ,PALLET                                            ,         4,FIXRITE PANGLAO               ,FIXRITE PANGLAO-GROCERY STOCKROOM                 ,FAACQ               
0120-0007886501863  ,PLASTIC PALLET BLACK D4S-1012.16                            ,      2800.00,01/10/2026,FUR. & FIXT.        ,PALLET                                            ,         4,FIXRITE PANGLAO               ,FIXRITE PANGLAO-GROCERY STOCKROOM                 ,FAACQ               
0120-0007886501864  ,PLASTIC PALLET BLACK D4S-1012.16                            ,      2800.00,01/10/2026,FUR. & FIXT.        ,PALLET                                            ,         4,FIXRITE PANGLAO               ,FIXRITE PANGLAO-GROCERY STOCKROOM                 ,FAACQ               
0120-0007886501865  ,PLASTIC PALLET BLACK D4S-1012.16                            ,      2800.00,01/10/2026,FUR. & FIXT.        ,PALLET                                            ,         4,FIXRITE PANGLAO               ,FIXRITE PANGLAO-GROCERY STOCKROOM                 ,FAACQ               
0120-0007886501866  ,PLASTIC PALLET BLACK D4S-1012.16                            ,      2800.00,01/10/2026,FUR. & FIXT.        ,PALLET                                            ,         4,FIXRITE PANGLAO               ,FIXRITE PANGLAO-GROCERY STOCKROOM                 ,FAACQ               
0120-0007886501867  ,PLASTIC PALLET BLACK D4S-1012.16                            ,      2800.00,01/10/2026,FUR. & FIXT.        ,PALLET                                            ,         4,FIXRITE PANGLAO               ,FIXRITE PANGLAO-GROCERY STOCKROOM                 ,FAACQ               
0120-0007886501868  ,PLASTIC PALLET BLACK D4S-1012.16                            ,      2800.00,01/10/2026,FUR. & FIXT.        ,PALLET                                            ,         4,FIXRITE PANGLAO               ,FIXRITE PANGLAO-GROCERY STOCKROOM                 ,FAACQ               
0120-0007886501869  ,PLASTIC PALLET BLACK D4S-1012.16                            ,      2800.00,01/10/2026,FUR. & FIXT.        ,PALLET                                            ,         4,FIXRITE PANGLAO               ,FIXRITE PANGLAO-GROCERY STOCKROOM                 ,FAACQ               
0120-0007886501870  ,PLASTIC PALLET BLACK D4S-1012.16                            ,      2800.00,01/10/2026,FUR. & FIXT.        ,PALLET                                            ,         4,FIXRITE PANGLAO               ,FIXRITE PANGLAO-GROCERY STOCKROOM                 ,FAACQ               
0120-0007886501871  ,PLASTIC PALLET BLACK D4S-1012.16                            ,      2800.00,01/10/2026,FUR. & FIXT.        ,PALLET                                            ,         4,FIXRITE PANGLAO               ,FIXRITE PANGLAO-GROCERY STOCKROOM                 ,FAACQ               
0120-0007886501872  ,PLASTIC PALLET BLACK D4S-1012.16                            ,      2800.00,01/10/2026,FUR. & FIXT.        ,PALLET                                            ,         4,FIXRITE PANGLAO               ,FIXRITE PANGLAO-GROCERY STOCKROOM                 ,FAACQ               
0120-0007886501873  ,PLASTIC PALLET BLACK D4S-1012.16                            ,      2800.00,01/10/2026,FUR. & FIXT.        ,PALLET                                            ,         4,FIXRITE PANGLAO               ,FIXRITE PANGLAO-GROCERY STOCKROOM                 ,FAACQ               
0120-0007886501874  ,PLASTIC PALLET BLACK D4S-1012.16                            ,      2800.00,01/10/2026,FUR. & FIXT.        ,PALLET                                            ,         4,FIXRITE PANGLAO               ,FIXRITE PANGLAO-GROCERY STOCKROOM                 ,FAACQ               
0120-0007886501875  ,PLASTIC PALLET BLACK D4S-1012.16                            ,      2800.00,01/10/2026,FUR. & FIXT.        ,PALLET                                            ,         4,FIXRITE PANGLAO               ,FIXRITE PANGLAO-GROCERY STOCKROOM                 ,FAACQ               
0120-0007886501876  ,PLASTIC PALLET BLACK D4S-1012.16                            ,      2800.00,01/10/2026,FUR. & FIXT.        ,PALLET                                            ,         4,FIXRITE PANGLAO               ,FIXRITE PANGLAO-GROCERY STOCKROOM                 ,FAACQ               
0120-0007886501877  ,PLASTIC PALLET BLACK D4S-1012.16                            ,      2800.00,01/10/2026,FUR. & FIXT.        ,PALLET                                            ,         4,FIXRITE PANGLAO               ,FIXRITE PANGLAO-GROCERY STOCKROOM                 ,FAACQ               
0120-0007886501878  ,PLASTIC PALLET BLACK D4S-1012.16                            ,      2800.00,01/10/2026,FUR. & FIXT.        ,PALLET                                            ,         4,FIXRITE PANGLAO               ,FIXRITE PANGLAO-GROCERY STOCKROOM                 ,FAACQ               
0120-0007886501879  ,PLASTIC PALLET BLACK D4S-1012.16                            ,      2800.00,01/10/2026,FUR. & FIXT.        ,PALLET                                            ,         4,FIXRITE PANGLAO               ,FIXRITE PANGLAO-GROCERY STOCKROOM                 ,FAACQ               
0120-0007886501880  ,PLASTIC PALLET BLACK D4S-1012.16                            ,      2800.00,01/10/2026,FUR. & FIXT.        ,PALLET                                            ,         4,FIXRITE PANGLAO               ,FIXRITE PANGLAO-GROCERY STOCKROOM                 ,FAACQ               
0120-0007886501881  ,PLASTIC PALLET BLACK D4S-1012.16                            ,      2800.00,01/10/2026,FUR. & FIXT.        ,PALLET                                            ,         4,FIXRITE PANGLAO               ,FIXRITE PANGLAO-GROCERY STOCKROOM                 ,FAACQ               
0120-0007886501882  ,PLASTIC PALLET BLACK D4S-1012.16                            ,      2800.00,01/10/2026,FUR. & FIXT.        ,PALLET                                            ,         4,FIXRITE PANGLAO               ,FIXRITE PANGLAO-GROCERY STOCKROOM                 ,FAACQ               
0120-0007886501883  ,PLASTIC PALLET BLACK D4S-1012.16                            ,      2800.00,01/10/2026,FUR. & FIXT.        ,PALLET                                            ,         4,FIXRITE PANGLAO               ,FIXRITE PANGLAO-GROCERY STOCKROOM                 ,FAACQ               
0120-0007886501884  ,PLASTIC PALLET BLACK D4S-1012.16                            ,      2800.00,01/10/2026,FUR. & FIXT.        ,PALLET                                            ,         4,FIXRITE PANGLAO               ,FIXRITE PANGLAO-GROCERY STOCKROOM                 ,FAACQ               
0120-0007886501885  ,PLASTIC PALLET BLACK D4S-1012.16                            ,      2800.00,01/10/2026,FUR. & FIXT.        ,PALLET                                            ,         4,FIXRITE PANGLAO               ,FIXRITE PANGLAO-GROCERY STOCKROOM                 ,FAACQ               
0120-0007886501886  ,PLASTIC PALLET BLACK D4S-1012.16                            ,      2800.00,01/10/2026,FUR. & FIXT.        ,PALLET                                            ,         4,FIXRITE PANGLAO               ,FIXRITE PANGLAO-GROCERY STOCKROOM                 ,FAACQ               
0120-0007886501887  ,PLASTIC PALLET BLACK D4S-1012.16                            ,      2800.00,01/10/2026,FUR. & FIXT.        ,PALLET                                            ,         4,FIXRITE PANGLAO               ,FIXRITE PANGLAO-GROCERY STOCKROOM                 ,FAACQ               
0120-0007886501888  ,PLASTIC PALLET BLACK D4S-1012.16                            ,      2800.00,01/10/2026,FUR. & FIXT.        ,PALLET                                            ,         4,FIXRITE PANGLAO               ,FIXRITE PANGLAO-GROCERY STOCKROOM                 ,FAACQ               
0120-0007886501889  ,PLASTIC PALLET BLACK D4S-1012.16                            ,      2800.00,01/10/2026,FUR. & FIXT.        ,PALLET                                            ,         4,FIXRITE PANGLAO               ,FIXRITE PANGLAO-GROCERY STOCKROOM                 ,FAACQ               
0120-0007886501890  ,PLASTIC PALLET BLACK D4S-1012.16                            ,      2800.00,01/10/2026,FUR. & FIXT.        ,PALLET                                            ,         4,FIXRITE PANGLAO               ,FIXRITE PANGLAO-GROCERY STOCKROOM                 ,FAACQ               
0120-0007886501891  ,PLASTIC PALLET BLACK D4S-1012.16                            ,      2800.00,01/10/2026,FUR. & FIXT.        ,PALLET                                            ,         4,FIXRITE PANGLAO               ,FIXRITE PANGLAO-GROCERY STOCKROOM                 ,FAACQ               
0120-0007886501892  ,PLASTIC PALLET BLACK D4S-1012.16                            ,      2800.00,01/10/2026,FUR. & FIXT.        ,PALLET                                            ,         4,FIXRITE PANGLAO               ,FIXRITE PANGLAO-GROCERY STOCKROOM                 ,FAACQ               
0120-0007886501893  ,PLASTIC PALLET BLACK D4S-1012.16                            ,      2800.00,01/10/2026,FUR. & FIXT.        ,PALLET                                            ,         4,FIXRITE PANGLAO               ,FIXRITE PANGLAO-GROCERY STOCKROOM                 ,FAACQ               
0120-0007886501894  ,PLASTIC PALLET BLACK D4S-1012.16                            ,      2800.00,01/10/2026,FUR. & FIXT.        ,PALLET                                            ,         4,FIXRITE PANGLAO               ,FIXRITE PANGLAO-GROCERY STOCKROOM                 ,FAACQ               
0120-0007886501895  ,PLASTIC PALLET BLACK D4S-1012.16                            ,      2800.00,01/10/2026,FUR. & FIXT.        ,PALLET                                            ,         4,FIXRITE PANGLAO               ,FIXRITE PANGLAO-GROCERY STOCKROOM                 ,FAACQ               
0120-0012963900001  ,VACCUM PUMP 12CFM 1HP 220V VALUE                            ,     19200.00,02/10/2026,MACH. & EQPT.       ,PUMP                                              ,         5,FIXRITE PANGLAO               ,FIXRITE PANGLAO-ENGINEERING                       ,FAACQ               
0120-0012964000001  ,GAUGE MANIFOLD FOR R-22/R-410/R404A UNIWELD                 ,      4560.00,02/10/2026,STR. EQPT.          ,MEASURING EQUIPMENT                               ,         5,FIXRITE PANGLAO               ,FIXRITE PANGLAO-ENGINEERING                       ,FAACQ               
0120-0012964100001  ,FLARING TOOLS 1/8-3/4 WITH FLARE BLOCK & SWAGING            ,      2185.00,02/10/2026,TOOLS               ,TOOLS                                             ,         3,FIXRITE PANGLAO               ,FIXRITE PANGLAO-ENGINEERING                       ,FAACQ               
0120-0012964200001  ,CLAMP METER DIGITAL VALUE                                   ,      2260.00,02/10/2026,TOOLS               ,CLAMP METER                                       ,         3,FIXRITE PANGLAO               ,FIXRITE PANGLAO-ENGINEERING                       ,FAACQ               
0120-0013047400001  ,RUIJIE | REYEE RG-EG105G-P V3 POE+ MULTI-WAN                ,      5104.00,02/25/2026,OFF. EQPT.          ,ROUTER                                            ,         5,FIXRITE PANGLAO               ,FIXRITE PANGLAO-INFORMATION TECHNOLOGY            ,FAACQ               
0120-0007886501896  ,PLASTIC PALLET BLACK D4S-1012.16                            ,      2800.00,02/20/2026,FUR. & FIXT.        ,PALLET                                            ,         4,FIXRITE PANGLAO               ,FIXRITE PANGLAO-GROCERY STOCKROOM                 ,FAACQ               
0120-0007886501897  ,PLASTIC PALLET BLACK D4S-1012.16                            ,      2800.00,02/20/2026,FUR. & FIXT.        ,PALLET                                            ,         4,FIXRITE PANGLAO               ,FIXRITE PANGLAO-GROCERY STOCKROOM                 ,FAACQ               
0120-0007886501898  ,PLASTIC PALLET BLACK D4S-1012.16                            ,      2800.00,02/20/2026,FUR. & FIXT.        ,PALLET                                            ,         4,FIXRITE PANGLAO               ,FIXRITE PANGLAO-GROCERY STOCKROOM                 ,FAACQ               
0120-0007886501899  ,PLASTIC PALLET BLACK D4S-1012.16                            ,      2800.00,02/20/2026,FUR. & FIXT.        ,PALLET                                            ,         4,FIXRITE PANGLAO               ,FIXRITE PANGLAO-GROCERY STOCKROOM                 ,FAACQ               
0120-0007886501900  ,PLASTIC PALLET BLACK D4S-1012.16                            ,      2800.00,02/20/2026,FUR. & FIXT.        ,PALLET                                            ,         4,FIXRITE PANGLAO               ,FIXRITE PANGLAO-GROCERY STOCKROOM                 ,FAACQ               
0120-0007886501901  ,PLASTIC PALLET BLACK D4S-1012.16                            ,      2800.00,02/20/2026,FUR. & FIXT.        ,PALLET                                            ,         4,FIXRITE PANGLAO               ,FIXRITE PANGLAO-GROCERY STOCKROOM                 ,FAACQ               
0120-0007886501902  ,PLASTIC PALLET BLACK D4S-1012.16                            ,      2800.00,02/20/2026,FUR. & FIXT.        ,PALLET                                            ,         4,FIXRITE PANGLAO               ,FIXRITE PANGLAO-GROCERY STOCKROOM                 ,FAACQ               
0120-0007886501903  ,PLASTIC PALLET BLACK D4S-1012.16                            ,      2800.00,02/20/2026,FUR. & FIXT.        ,PALLET                                            ,         4,FIXRITE PANGLAO               ,FIXRITE PANGLAO-GROCERY STOCKROOM                 ,FAACQ               
0120-0007886501904  ,PLASTIC PALLET BLACK D4S-1012.16                            ,      2800.00,02/20/2026,FUR. & FIXT.        ,PALLET                                            ,         4,FIXRITE PANGLAO               ,FIXRITE PANGLAO-GROCERY STOCKROOM                 ,FAACQ               
0120-0007886501905  ,PLASTIC PALLET BLACK D4S-1012.16                            ,      2800.00,02/20/2026,FUR. & FIXT.        ,PALLET                                            ,         4,FIXRITE PANGLAO               ,FIXRITE PANGLAO-GROCERY STOCKROOM                 ,FAACQ               
0120-0007886501906  ,PLASTIC PALLET BLACK D4S-1012.16                            ,      2800.00,02/20/2026,FUR. & FIXT.        ,PALLET                                            ,         4,FIXRITE PANGLAO               ,FIXRITE PANGLAO-GROCERY STOCKROOM                 ,FAACQ               
0120-0007886501907  ,PLASTIC PALLET BLACK D4S-1012.16                            ,      2800.00,02/20/2026,FUR. & FIXT.        ,PALLET                                            ,         4,FIXRITE PANGLAO               ,FIXRITE PANGLAO-GROCERY STOCKROOM                 ,FAACQ               
0120-0007886501908  ,PLASTIC PALLET BLACK D4S-1012.16                            ,      2800.00,02/20/2026,FUR. & FIXT.        ,PALLET                                            ,         4,FIXRITE PANGLAO               ,FIXRITE PANGLAO-GROCERY STOCKROOM                 ,FAACQ               
0120-0007886501909  ,PLASTIC PALLET BLACK D4S-1012.16                            ,      2800.00,02/20/2026,FUR. & FIXT.        ,PALLET                                            ,         4,FIXRITE PANGLAO               ,FIXRITE PANGLAO-GROCERY STOCKROOM                 ,FAACQ               
0120-0007886501910  ,PLASTIC PALLET BLACK D4S-1012.16                            ,      2800.00,02/20/2026,FUR. & FIXT.        ,PALLET                                            ,         4,FIXRITE PANGLAO               ,FIXRITE PANGLAO-GROCERY STOCKROOM                 ,FAACQ               
0120-0007886501911  ,PLASTIC PALLET BLACK D4S-1012.16                            ,      2800.00,02/20/2026,FUR. & FIXT.        ,PALLET                                            ,         4,FIXRITE PANGLAO               ,FIXRITE PANGLAO-GROCERY STOCKROOM                 ,FAACQ               
0120-0007886501912  ,PLASTIC PALLET BLACK D4S-1012.16                            ,      2800.00,02/20/2026,FUR. & FIXT.        ,PALLET                                            ,         4,FIXRITE PANGLAO               ,FIXRITE PANGLAO-GROCERY STOCKROOM                 ,FAACQ               
0120-0007886501913  ,PLASTIC PALLET BLACK D4S-1012.16                            ,      2800.00,02/20/2026,FUR. & FIXT.        ,PALLET                                            ,         4,FIXRITE PANGLAO               ,FIXRITE PANGLAO-GROCERY STOCKROOM                 ,FAACQ               
0120-0007886501914  ,PLASTIC PALLET BLACK D4S-1012.16                            ,      2800.00,02/20/2026,FUR. & FIXT.        ,PALLET                                            ,         4,FIXRITE PANGLAO               ,FIXRITE PANGLAO-GROCERY STOCKROOM                 ,FAACQ               
0120-0007886501915  ,PLASTIC PALLET BLACK D4S-1012.16                            ,      2800.00,02/20/2026,FUR. & FIXT.        ,PALLET                                            ,         4,FIXRITE PANGLAO               ,FIXRITE PANGLAO-GROCERY STOCKROOM                 ,FAACQ               
0120-0007886501916  ,PLASTIC PALLET BLACK D4S-1012.16                            ,      2800.00,02/20/2026,FUR. & FIXT.        ,PALLET                                            ,         4,FIXRITE PANGLAO               ,FIXRITE PANGLAO-GROCERY STOCKROOM                 ,FAACQ               
0120-0007886501917  ,PLASTIC PALLET BLACK D4S-1012.16                            ,      2800.00,02/20/2026,FUR. & FIXT.        ,PALLET                                            ,         4,FIXRITE PANGLAO               ,FIXRITE PANGLAO-GROCERY STOCKROOM                 ,FAACQ               
0120-0007886501918  ,PLASTIC PALLET BLACK D4S-1012.16                            ,      2800.00,02/20/2026,FUR. & FIXT.        ,PALLET                                            ,         4,FIXRITE PANGLAO               ,FIXRITE PANGLAO-GROCERY STOCKROOM                 ,FAACQ               
0120-0007886501919  ,PLASTIC PALLET BLACK D4S-1012.16                            ,      2800.00,02/20/2026,FUR. & FIXT.        ,PALLET                                            ,         4,FIXRITE PANGLAO               ,FIXRITE PANGLAO-GROCERY STOCKROOM                 ,FAACQ               
0120-0007886501920  ,PLASTIC PALLET BLACK D4S-1012.16                            ,      2800.00,02/20/2026,FUR. & FIXT.        ,PALLET                                            ,         4,FIXRITE PANGLAO               ,FIXRITE PANGLAO-GROCERY STOCKROOM                 ,FAACQ               
0120-0007886501921  ,PLASTIC PALLET BLACK D4S-1012.16                            ,      2800.00,02/20/2026,FUR. & FIXT.        ,PALLET                                            ,         4,FIXRITE PANGLAO               ,FIXRITE PANGLAO-GROCERY STOCKROOM                 ,FAACQ               
0120-0007886501922  ,PLASTIC PALLET BLACK D4S-1012.16                            ,      2800.00,02/20/2026,FUR. & FIXT.        ,PALLET                                            ,         4,FIXRITE PANGLAO               ,FIXRITE PANGLAO-GROCERY STOCKROOM                 ,FAACQ               
0120-0007886501923  ,PLASTIC PALLET BLACK D4S-1012.16                            ,      2800.00,02/20/2026,FUR. & FIXT.        ,PALLET                                            ,         4,FIXRITE PANGLAO               ,FIXRITE PANGLAO-GROCERY STOCKROOM                 ,FAACQ               
0120-0007886501924  ,PLASTIC PALLET BLACK D4S-1012.16                            ,      2800.00,02/20/2026,FUR. & FIXT.        ,PALLET                                            ,         4,FIXRITE PANGLAO               ,FIXRITE PANGLAO-GROCERY STOCKROOM                 ,FAACQ               
0120-0007886501925  ,PLASTIC PALLET BLACK D4S-1012.16                            ,      2800.00,02/20/2026,FUR. & FIXT.        ,PALLET                                            ,         4,FIXRITE PANGLAO               ,FIXRITE PANGLAO-GROCERY STOCKROOM                 ,FAACQ               
0120-0007886501926  ,PLASTIC PALLET BLACK D4S-1012.16                            ,      2800.00,02/20/2026,FUR. & FIXT.        ,PALLET                                            ,         4,FIXRITE PANGLAO               ,FIXRITE PANGLAO-GROCERY STOCKROOM                 ,FAACQ               
0120-0007886501927  ,PLASTIC PALLET BLACK D4S-1012.16                            ,      2800.00,02/20/2026,FUR. & FIXT.        ,PALLET                                            ,         4,FIXRITE PANGLAO               ,FIXRITE PANGLAO-GROCERY STOCKROOM                 ,FAACQ               
0120-0007886501928  ,PLASTIC PALLET BLACK D4S-1012.16                            ,      2800.00,02/20/2026,FUR. & FIXT.        ,PALLET                                            ,         4,FIXRITE PANGLAO               ,FIXRITE PANGLAO-GROCERY STOCKROOM                 ,FAACQ               
0120-0007886501929  ,PLASTIC PALLET BLACK D4S-1012.16                            ,      2800.00,02/20/2026,FUR. & FIXT.        ,PALLET                                            ,         4,FIXRITE PANGLAO               ,FIXRITE PANGLAO-GROCERY STOCKROOM                 ,FAACQ               
0120-0007886501930  ,PLASTIC PALLET BLACK D4S-1012.16                            ,      2800.00,02/20/2026,FUR. & FIXT.        ,PALLET                                            ,         4,FIXRITE PANGLAO               ,FIXRITE PANGLAO-GROCERY STOCKROOM                 ,FAACQ               
0120-0007886501931  ,PLASTIC PALLET BLACK D4S-1012.16                            ,      2800.00,02/20/2026,FUR. & FIXT.        ,PALLET                                            ,         4,FIXRITE PANGLAO               ,FIXRITE PANGLAO-GROCERY STOCKROOM                 ,FAACQ               
0120-0007886501932  ,PLASTIC PALLET BLACK D4S-1012.16                            ,      2800.00,02/20/2026,FUR. & FIXT.        ,PALLET                                            ,         4,FIXRITE PANGLAO               ,FIXRITE PANGLAO-GROCERY STOCKROOM                 ,FAACQ               
0120-0007886501933  ,PLASTIC PALLET BLACK D4S-1012.16                            ,      2800.00,02/20/2026,FUR. & FIXT.        ,PALLET                                            ,         4,FIXRITE PANGLAO               ,FIXRITE PANGLAO-GROCERY STOCKROOM                 ,FAACQ               
0120-0007886501934  ,PLASTIC PALLET BLACK D4S-1012.16                            ,      2800.00,02/20/2026,FUR. & FIXT.        ,PALLET                                            ,         4,FIXRITE PANGLAO               ,FIXRITE PANGLAO-GROCERY STOCKROOM                 ,FAACQ               
0120-0007886501935  ,PLASTIC PALLET BLACK D4S-1012.16                            ,      2800.00,02/20/2026,FUR. & FIXT.        ,PALLET                                            ,         4,FIXRITE PANGLAO               ,FIXRITE PANGLAO-GROCERY STOCKROOM                 ,FAACQ               
0120-0007886501936  ,PLASTIC PALLET BLACK D4S-1012.16                            ,      2800.00,02/20/2026,FUR. & FIXT.        ,PALLET                                            ,         4,FIXRITE PANGLAO               ,FIXRITE PANGLAO-GROCERY STOCKROOM                 ,FAACQ               
0120-0007886501937  ,PLASTIC PALLET BLACK D4S-1012.16                            ,      2800.00,02/20/2026,FUR. & FIXT.        ,PALLET                                            ,         4,FIXRITE PANGLAO               ,FIXRITE PANGLAO-GROCERY STOCKROOM                 ,FAACQ               
0120-0007886501938  ,PLASTIC PALLET BLACK D4S-1012.16                            ,      2800.00,02/20/2026,FUR. & FIXT.        ,PALLET                                            ,         4,FIXRITE PANGLAO               ,FIXRITE PANGLAO-GROCERY STOCKROOM                 ,FAACQ               
0120-0007886501939  ,PLASTIC PALLET BLACK D4S-1012.16                            ,      2800.00,02/20/2026,FUR. & FIXT.        ,PALLET                                            ,         4,FIXRITE PANGLAO               ,FIXRITE PANGLAO-GROCERY STOCKROOM                 ,FAACQ               
0120-0007886501940  ,PLASTIC PALLET BLACK D4S-1012.16                            ,      2800.00,02/20/2026,FUR. & FIXT.        ,PALLET                                            ,         4,FIXRITE PANGLAO               ,FIXRITE PANGLAO-GROCERY STOCKROOM                 ,FAACQ               
0120-0007886501941  ,PLASTIC PALLET BLACK D4S-1012.16                            ,      2800.00,02/20/2026,FUR. & FIXT.        ,PALLET                                            ,         4,FIXRITE PANGLAO               ,FIXRITE PANGLAO-GROCERY STOCKROOM                 ,FAACQ               
0120-0007886501942  ,PLASTIC PALLET BLACK D4S-1012.16                            ,      2800.00,02/20/2026,FUR. & FIXT.        ,PALLET                                            ,         4,FIXRITE PANGLAO               ,FIXRITE PANGLAO-GROCERY STOCKROOM                 ,FAACQ               
0120-0007886501943  ,PLASTIC PALLET BLACK D4S-1012.16                            ,      2800.00,02/20/2026,FUR. & FIXT.        ,PALLET                                            ,         4,FIXRITE PANGLAO               ,FIXRITE PANGLAO-GROCERY STOCKROOM                 ,FAACQ               
0120-0007886501944  ,PLASTIC PALLET BLACK D4S-1012.16                            ,      2800.00,02/20/2026,FUR. & FIXT.        ,PALLET                                            ,         4,FIXRITE PANGLAO               ,FIXRITE PANGLAO-GROCERY STOCKROOM                 ,FAACQ               
0120-0007886501945  ,PLASTIC PALLET BLACK D4S-1012.16                            ,      2800.00,02/20/2026,FUR. & FIXT.        ,PALLET                                            ,         4,FIXRITE PANGLAO               ,FIXRITE PANGLAO-GROCERY STOCKROOM                 ,FAACQ               
0120-0007886501946  ,PLASTIC PALLET BLACK D4S-1012.16                            ,      2800.00,02/20/2026,FUR. & FIXT.        ,PALLET                                            ,         4,FIXRITE PANGLAO               ,FIXRITE PANGLAO-GROCERY STOCKROOM                 ,FAACQ               
0120-0007886501947  ,PLASTIC PALLET BLACK D4S-1012.16                            ,      2800.00,02/20/2026,FUR. & FIXT.        ,PALLET                                            ,         4,FIXRITE PANGLAO               ,FIXRITE PANGLAO-GROCERY STOCKROOM                 ,FAACQ               
0120-0007886501948  ,PLASTIC PALLET BLACK D4S-1012.16                            ,      2800.00,02/20/2026,FUR. & FIXT.        ,PALLET                                            ,         4,FIXRITE PANGLAO               ,FIXRITE PANGLAO-GROCERY STOCKROOM                 ,FAACQ               
0120-0007886501949  ,PLASTIC PALLET BLACK D4S-1012.16                            ,      2800.00,02/20/2026,FUR. & FIXT.        ,PALLET                                            ,         4,FIXRITE PANGLAO               ,FIXRITE PANGLAO-GROCERY STOCKROOM                 ,FAACQ               
0120-0007886501950  ,PLASTIC PALLET BLACK D4S-1012.16                            ,      2800.00,02/20/2026,FUR. & FIXT.        ,PALLET                                            ,         4,FIXRITE PANGLAO               ,FIXRITE PANGLAO-GROCERY STOCKROOM                 ,FAACQ               
0120-0007886501951  ,PLASTIC PALLET BLACK D4S-1012.16                            ,      2800.00,02/20/2026,FUR. & FIXT.        ,PALLET                                            ,         4,FIXRITE PANGLAO               ,FIXRITE PANGLAO-GROCERY STOCKROOM                 ,FAACQ               
0120-0007886501952  ,PLASTIC PALLET BLACK D4S-1012.16                            ,      2800.00,02/20/2026,FUR. & FIXT.        ,PALLET                                            ,         4,FIXRITE PANGLAO               ,FIXRITE PANGLAO-GROCERY STOCKROOM                 ,FAACQ               
0120-0007886501953  ,PLASTIC PALLET BLACK D4S-1012.16                            ,      2800.00,02/20/2026,FUR. & FIXT.        ,PALLET                                            ,         4,FIXRITE PANGLAO               ,FIXRITE PANGLAO-GROCERY STOCKROOM                 ,FAACQ               
0120-0007886501954  ,PLASTIC PALLET BLACK D4S-1012.16                            ,      2800.00,02/20/2026,FUR. & FIXT.        ,PALLET                                            ,         4,FIXRITE PANGLAO               ,FIXRITE PANGLAO-GROCERY STOCKROOM                 ,FAACQ               
0120-0007886501955  ,PLASTIC PALLET BLACK D4S-1012.16                            ,      2800.00,02/20/2026,FUR. & FIXT.        ,PALLET                                            ,         4,FIXRITE PANGLAO               ,FIXRITE PANGLAO-GROCERY STOCKROOM                 ,FAACQ               
0120-0007886501956  ,PLASTIC PALLET BLACK D4S-1012.16                            ,      2800.00,02/20/2026,FUR. & FIXT.        ,PALLET                                            ,         4,FIXRITE PANGLAO               ,FIXRITE PANGLAO-GROCERY STOCKROOM                 ,FAACQ               
0120-0007886501957  ,PLASTIC PALLET BLACK D4S-1012.16                            ,      2800.00,02/20/2026,FUR. & FIXT.        ,PALLET                                            ,         4,FIXRITE PANGLAO               ,FIXRITE PANGLAO-GROCERY STOCKROOM                 ,FAACQ               
0120-0007886501958  ,PLASTIC PALLET BLACK D4S-1012.16                            ,      2800.00,02/20/2026,FUR. & FIXT.        ,PALLET                                            ,         4,FIXRITE PANGLAO               ,FIXRITE PANGLAO-GROCERY STOCKROOM                 ,FAACQ               
0120-0007886501959  ,PLASTIC PALLET BLACK D4S-1012.16                            ,      2800.00,02/20/2026,FUR. & FIXT.        ,PALLET                                            ,         4,FIXRITE PANGLAO               ,FIXRITE PANGLAO-GROCERY STOCKROOM                 ,FAACQ               
0120-0007886501960  ,PLASTIC PALLET BLACK D4S-1012.16                            ,      2800.00,02/20/2026,FUR. & FIXT.        ,PALLET                                            ,         4,FIXRITE PANGLAO               ,FIXRITE PANGLAO-GROCERY STOCKROOM                 ,FAACQ               
0120-0007886501961  ,PLASTIC PALLET BLACK D4S-1012.16                            ,      2800.00,02/20/2026,FUR. & FIXT.        ,PALLET                                            ,         4,FIXRITE PANGLAO               ,FIXRITE PANGLAO-GROCERY STOCKROOM                 ,FAACQ               
0120-0007886501962  ,PLASTIC PALLET BLACK D4S-1012.16                            ,      2800.00,02/20/2026,FUR. & FIXT.        ,PALLET                                            ,         4,FIXRITE PANGLAO               ,FIXRITE PANGLAO-GROCERY STOCKROOM                 ,FAACQ               
0120-0007886501963  ,PLASTIC PALLET BLACK D4S-1012.16                            ,      2800.00,02/20/2026,FUR. & FIXT.        ,PALLET                                            ,         4,FIXRITE PANGLAO               ,FIXRITE PANGLAO-GROCERY STOCKROOM                 ,FAACQ               
0120-0007886501964  ,PLASTIC PALLET BLACK D4S-1012.16                            ,      2800.00,02/20/2026,FUR. & FIXT.        ,PALLET                                            ,         4,FIXRITE PANGLAO               ,FIXRITE PANGLAO-GROCERY STOCKROOM                 ,FAACQ               
0120-0007886501965  ,PLASTIC PALLET BLACK D4S-1012.16                            ,      2800.00,02/20/2026,FUR. & FIXT.        ,PALLET                                            ,         4,FIXRITE PANGLAO               ,FIXRITE PANGLAO-GROCERY STOCKROOM                 ,FAACQ               
0120-0007886501966  ,PLASTIC PALLET BLACK D4S-1012.16                            ,      2800.00,02/20/2026,FUR. & FIXT.        ,PALLET                                            ,         4,FIXRITE PANGLAO               ,FIXRITE PANGLAO-GROCERY STOCKROOM                 ,FAACQ               
0120-0007886501967  ,PLASTIC PALLET BLACK D4S-1012.16                            ,      2800.00,02/20/2026,FUR. & FIXT.        ,PALLET                                            ,         4,FIXRITE PANGLAO               ,FIXRITE PANGLAO-GROCERY STOCKROOM                 ,FAACQ               
0120-0007886501968  ,PLASTIC PALLET BLACK D4S-1012.16                            ,      2800.00,02/20/2026,FUR. & FIXT.        ,PALLET                                            ,         4,FIXRITE PANGLAO               ,FIXRITE PANGLAO-GROCERY STOCKROOM                 ,FAACQ               
0120-0007886501969  ,PLASTIC PALLET BLACK D4S-1012.16                            ,      2800.00,02/20/2026,FUR. & FIXT.        ,PALLET                                            ,         4,FIXRITE PANGLAO               ,FIXRITE PANGLAO-GROCERY STOCKROOM                 ,FAACQ               
0120-0007886501970  ,PLASTIC PALLET BLACK D4S-1012.16                            ,      2800.00,02/20/2026,FUR. & FIXT.        ,PALLET                                            ,         4,FIXRITE PANGLAO               ,FIXRITE PANGLAO-GROCERY STOCKROOM                 ,FAACQ               
0120-0007886501971  ,PLASTIC PALLET BLACK D4S-1012.16                            ,      2800.00,02/20/2026,FUR. & FIXT.        ,PALLET                                            ,         4,FIXRITE PANGLAO               ,FIXRITE PANGLAO-GROCERY STOCKROOM                 ,FAACQ               
0120-0007886501972  ,PLASTIC PALLET BLACK D4S-1012.16                            ,      2800.00,02/20/2026,FUR. & FIXT.        ,PALLET                                            ,         4,FIXRITE PANGLAO               ,FIXRITE PANGLAO-GROCERY STOCKROOM                 ,FAACQ               
0120-0007886501973  ,PLASTIC PALLET BLACK D4S-1012.16                            ,      2800.00,02/20/2026,FUR. & FIXT.        ,PALLET                                            ,         4,FIXRITE PANGLAO               ,FIXRITE PANGLAO-GROCERY STOCKROOM                 ,FAACQ               
0120-0007886501974  ,PLASTIC PALLET BLACK D4S-1012.16                            ,      2800.00,02/20/2026,FUR. & FIXT.        ,PALLET                                            ,         4,FIXRITE PANGLAO               ,FIXRITE PANGLAO-GROCERY STOCKROOM                 ,FAACQ               
0120-0007886501975  ,PLASTIC PALLET BLACK D4S-1012.16                            ,      2800.00,02/20/2026,FUR. & FIXT.        ,PALLET                                            ,         4,FIXRITE PANGLAO               ,FIXRITE PANGLAO-GROCERY STOCKROOM                 ,FAACQ               
0120-0007886501976  ,PLASTIC PALLET BLACK D4S-1012.16                            ,      2800.00,02/20/2026,FUR. & FIXT.        ,PALLET                                            ,         4,FIXRITE PANGLAO               ,FIXRITE PANGLAO-GROCERY STOCKROOM                 ,FAACQ               
0120-0007886501977  ,PLASTIC PALLET BLACK D4S-1012.16                            ,      2800.00,02/20/2026,FUR. & FIXT.        ,PALLET                                            ,         4,FIXRITE PANGLAO               ,FIXRITE PANGLAO-GROCERY STOCKROOM                 ,FAACQ               
0120-0007886501978  ,PLASTIC PALLET BLACK D4S-1012.16                            ,      2800.00,02/20/2026,FUR. & FIXT.        ,PALLET                                            ,         4,FIXRITE PANGLAO               ,FIXRITE PANGLAO-GROCERY STOCKROOM                 ,FAACQ               
0120-0007886501979  ,PLASTIC PALLET BLACK D4S-1012.16                            ,      2800.00,02/20/2026,FUR. & FIXT.        ,PALLET                                            ,         4,FIXRITE PANGLAO               ,FIXRITE PANGLAO-GROCERY STOCKROOM                 ,FAACQ               
0120-0007886501980  ,PLASTIC PALLET BLACK D4S-1012.16                            ,      2800.00,02/20/2026,FUR. & FIXT.        ,PALLET                                            ,         4,FIXRITE PANGLAO               ,FIXRITE PANGLAO-GROCERY STOCKROOM                 ,FAACQ               
0120-0007886501981  ,PLASTIC PALLET BLACK D4S-1012.16                            ,      2800.00,02/20/2026,FUR. & FIXT.        ,PALLET                                            ,         4,FIXRITE PANGLAO               ,FIXRITE PANGLAO-GROCERY STOCKROOM                 ,FAACQ               
0120-0007886501982  ,PLASTIC PALLET BLACK D4S-1012.16                            ,      2800.00,02/20/2026,FUR. & FIXT.        ,PALLET                                            ,         4,FIXRITE PANGLAO               ,FIXRITE PANGLAO-GROCERY STOCKROOM                 ,FAACQ               
0120-0007886501983  ,PLASTIC PALLET BLACK D4S-1012.16                            ,      2800.00,02/20/2026,FUR. & FIXT.        ,PALLET                                            ,         4,FIXRITE PANGLAO               ,FIXRITE PANGLAO-GROCERY STOCKROOM                 ,FAACQ               
0120-0007886501984  ,PLASTIC PALLET BLACK D4S-1012.16                            ,      2800.00,02/20/2026,FUR. & FIXT.        ,PALLET                                            ,         4,FIXRITE PANGLAO               ,FIXRITE PANGLAO-GROCERY STOCKROOM                 ,FAACQ               
0120-0007886501985  ,PLASTIC PALLET BLACK D4S-1012.16                            ,      2800.00,02/20/2026,FUR. & FIXT.        ,PALLET                                            ,         4,FIXRITE PANGLAO               ,FIXRITE PANGLAO-GROCERY STOCKROOM                 ,FAACQ               
0120-0007886501986  ,PLASTIC PALLET BLACK D4S-1012.16                            ,      2800.00,02/20/2026,FUR. & FIXT.        ,PALLET                                            ,         4,FIXRITE PANGLAO               ,FIXRITE PANGLAO-GROCERY STOCKROOM                 ,FAACQ               
0120-0007886501987  ,PLASTIC PALLET BLACK D4S-1012.16                            ,      2800.00,02/20/2026,FUR. & FIXT.        ,PALLET                                            ,         4,FIXRITE PANGLAO               ,FIXRITE PANGLAO-GROCERY STOCKROOM                 ,FAACQ               
0120-0007886501988  ,PLASTIC PALLET BLACK D4S-1012.16                            ,      2800.00,02/20/2026,FUR. & FIXT.        ,PALLET                                            ,         4,FIXRITE PANGLAO               ,FIXRITE PANGLAO-GROCERY STOCKROOM                 ,FAACQ               
0120-0007886501989  ,PLASTIC PALLET BLACK D4S-1012.16                            ,      2800.00,02/20/2026,FUR. & FIXT.        ,PALLET                                            ,         4,FIXRITE PANGLAO               ,FIXRITE PANGLAO-GROCERY STOCKROOM                 ,FAACQ               
0120-0007886501990  ,PLASTIC PALLET BLACK D4S-1012.16                            ,      2800.00,02/20/2026,FUR. & FIXT.        ,PALLET                                            ,         4,FIXRITE PANGLAO               ,FIXRITE PANGLAO-GROCERY STOCKROOM                 ,FAACQ               
0120-0007886501991  ,PLASTIC PALLET BLACK D4S-1012.16                            ,      2800.00,02/20/2026,FUR. & FIXT.        ,PALLET                                            ,         4,FIXRITE PANGLAO               ,FIXRITE PANGLAO-GROCERY STOCKROOM                 ,FAACQ               
0120-0007886501992  ,PLASTIC PALLET BLACK D4S-1012.16                            ,      2800.00,02/20/2026,FUR. & FIXT.        ,PALLET                                            ,         4,FIXRITE PANGLAO               ,FIXRITE PANGLAO-GROCERY STOCKROOM                 ,FAACQ               
0120-0007886501993  ,PLASTIC PALLET BLACK D4S-1012.16                            ,      2800.00,02/20/2026,FUR. & FIXT.        ,PALLET                                            ,         4,FIXRITE PANGLAO               ,FIXRITE PANGLAO-GROCERY STOCKROOM                 ,FAACQ               
0120-0007886501994  ,PLASTIC PALLET BLACK D4S-1012.16                            ,      2800.00,02/20/2026,FUR. & FIXT.        ,PALLET                                            ,         4,FIXRITE PANGLAO               ,FIXRITE PANGLAO-GROCERY STOCKROOM                 ,FAACQ               
0120-0007886501995  ,PLASTIC PALLET BLACK D4S-1012.16                            ,      2800.00,02/20/2026,FUR. & FIXT.        ,PALLET                                            ,         4,FIXRITE PANGLAO               ,FIXRITE PANGLAO-GROCERY STOCKROOM                 ,FAACQ               
0120-0007886501996  ,PLASTIC PALLET BLACK D4S-1012.16                            ,      2800.00,02/20/2026,FUR. & FIXT.        ,PALLET                                            ,         4,FIXRITE PANGLAO               ,FIXRITE PANGLAO-GROCERY STOCKROOM                 ,FAACQ               
0120-0007886501997  ,PLASTIC PALLET BLACK D4S-1012.16                            ,      2800.00,02/20/2026,FUR. & FIXT.        ,PALLET                                            ,         4,FIXRITE PANGLAO               ,FIXRITE PANGLAO-GROCERY STOCKROOM                 ,FAACQ               
0120-0007886501998  ,PLASTIC PALLET BLACK D4S-1012.16                            ,      2800.00,02/20/2026,FUR. & FIXT.        ,PALLET                                            ,         4,FIXRITE PANGLAO               ,FIXRITE PANGLAO-GROCERY STOCKROOM                 ,FAACQ               
0120-0007886501999  ,PLASTIC PALLET BLACK D4S-1012.16                            ,      2800.00,02/20/2026,FUR. & FIXT.        ,PALLET                                            ,         4,FIXRITE PANGLAO               ,FIXRITE PANGLAO-GROCERY STOCKROOM                 ,FAACQ               
0120-0007886502000  ,PLASTIC PALLET BLACK D4S-1012.16                            ,      2800.00,02/20/2026,FUR. & FIXT.        ,PALLET                                            ,         4,FIXRITE PANGLAO               ,FIXRITE PANGLAO-GROCERY STOCKROOM                 ,FAACQ               
0120-0012619600001  ,PORTABLE WELDING SET OXYGEN-ACETYLENE UNIWELD               ,     28025.00,03/19/2026,MACH. & EQPT.       ,MACHINE TOOLS                                     ,         5,FIXRITE PANGLAO               ,FIXRITE PANGLAO-ENGINEERING                       ,FAACQ               
0120-0012921200001  ,5HP DIRECT ON LINE CONTROLLER WITH MAIN BREAKER             ,      9229.25,04/01/2026,ELEC. INTS. & EQPT. ,CONTROLLER                                        ,         5,FIXRITE PANGLAO               ,FIXRITE PANGLAO-ENGINEERING                       ,FAACQ               
0120-0012921200002  ,5HP DIRECT ON LINE CONTROLLER WITH MAIN BREAKER             ,      9229.25,04/01/2026,ELEC. INTS. & EQPT. ,CONTROLLER                                        ,         5,FIXRITE PANGLAO               ,FIXRITE PANGLAO-ENGINEERING                       ,FAACQ               
0120-0012921200003  ,5HP DIRECT ON LINE CONTROLLER WITH MAIN BREAKER             ,      9229.25,04/01/2026,ELEC. INTS. & EQPT. ,CONTROLLER                                        ,         5,FIXRITE PANGLAO               ,FIXRITE PANGLAO-ENGINEERING                       ,FAACQ               
0120-0012921200004  ,5HP DIRECT ON LINE CONTROLLER WITH MAIN BREAKER             ,      9229.25,04/01/2026,ELEC. INTS. & EQPT. ,CONTROLLER                                        ,         5,FIXRITE PANGLAO               ,FIXRITE PANGLAO-ENGINEERING                       ,FAACQ               
0120-0012921200005  ,5HP DIRECT ON LINE CONTROLLER WITH MAIN BREAKER             ,      9229.25,04/01/2026,ELEC. INTS. & EQPT. ,CONTROLLER                                        ,         5,FIXRITE PANGLAO               ,FIXRITE PANGLAO-ENGINEERING                       ,FAACQ               
0120-0012921200006  ,5HP DIRECT ON LINE CONTROLLER WITH MAIN BREAKER             ,      9229.25,04/01/2026,ELEC. INTS. & EQPT. ,CONTROLLER                                        ,         5,FIXRITE PANGLAO               ,FIXRITE PANGLAO-ENGINEERING                       ,FAACQ               
0120-0012921200007  ,5HP DIRECT ON LINE CONTROLLER WITH MAIN BREAKER             ,      9229.25,04/01/2026,ELEC. INTS. & EQPT. ,CONTROLLER                                        ,         5,FIXRITE PANGLAO               ,FIXRITE PANGLAO-ENGINEERING                       ,FAACQ               
0120-0012921200008  ,5HP DIRECT ON LINE CONTROLLER WITH MAIN BREAKER             ,      9229.25,04/01/2026,ELEC. INTS. & EQPT. ,CONTROLLER                                        ,         5,FIXRITE PANGLAO               ,FIXRITE PANGLAO-ENGINEERING                       ,FAACQ               
0120-0012921200009  ,5HP DIRECT ON LINE CONTROLLER WITH MAIN BREAKER             ,      9229.25,04/01/2026,ELEC. INTS. & EQPT. ,CONTROLLER                                        ,         5,FIXRITE PANGLAO               ,FIXRITE PANGLAO-ENGINEERING                       ,FAACQ               
0120-0012921200010  ,5HP DIRECT ON LINE CONTROLLER WITH MAIN BREAKER             ,      9229.25,04/01/2026,ELEC. INTS. & EQPT. ,CONTROLLER                                        ,         5,FIXRITE PANGLAO               ,FIXRITE PANGLAO-ENGINEERING                       ,FAACQ               
0120-0012921200011  ,5HP DIRECT ON LINE CONTROLLER WITH MAIN BREAKER             ,      9229.25,04/01/2026,ELEC. INTS. & EQPT. ,CONTROLLER                                        ,         5,FIXRITE PANGLAO               ,FIXRITE PANGLAO-ENGINEERING                       ,FAACQ               
0120-0012922700001  ,1HP DIRECT ON LINE CONTROLLER WITH MAIN BREAKER             ,      6584.45,04/01/2026,ELEC. INTS. & EQPT. ,CONTROLLER                                        ,         5,FIXRITE PANGLAO               ,FIXRITE PANGLAO-ENGINEERING                       ,FAACQ               
0120-0012923300001  ,0.5 HP DIRECT ON LINE CONTROLLER WITH MAIN BREAKER          ,      6584.45,04/01/2026,ELEC. INTS. & EQPT. ,CONTROLLER                                        ,         5,FIXRITE PANGLAO               ,FIXRITE PANGLAO-ENGINEERING                       ,FAACQ               
0120-0013097500001  ,TSURUMI SUBMERSIBLE PUMP                                    ,     54801.56,04/08/2026,MACH. & EQPT.       ,PUMP                                              ,         5,FIXRITE PANGLAO               ,FIXRITE PANGLAO-ENGINEERING                       ,FAACQ               
0120-0013097500002  ,TSURUMI SUBMERSIBLE PUMP                                    ,     54801.56,04/08/2026,MACH. & EQPT.       ,PUMP                                              ,         5,FIXRITE PANGLAO               ,FIXRITE PANGLAO-ENGINEERING                       ,FAACQ               
0120-0013097600001  ,ASSEMBLY IEC STANDARD DUPLEX CONTROLLER                     ,     34646.87,04/08/2026,                    ,OTHERS                                            ,         0,FIXRITE PANGLAO               ,FIXRITE PANGLAO-ENGINEERING                       ,FAACQ               
0120-0001640600001  ,CHECK OUT COUNTER SIGN                                      ,      3977.44,05/12/2026,BLDG. IMPVT.        ,IMPROVEMENTS                                      ,         5,FIXRITE PANGLAO               ,FIXRITE PANGLAO-ADMIN                             ,FAACQ               
0120-0001640600002  ,CHECK OUT COUNTER SIGN                                      ,      3977.44,05/12/2026,BLDG. IMPVT.        ,IMPROVEMENTS                                      ,         5,FIXRITE PANGLAO               ,FIXRITE PANGLAO-ADMIN                             ,FAACQ               
0120-0001640600003  ,CHECK OUT COUNTER SIGN                                      ,      3977.44,05/12/2026,BLDG. IMPVT.        ,IMPROVEMENTS                                      ,         5,FIXRITE PANGLAO               ,FIXRITE PANGLAO-ADMIN                             ,FAACQ               
0120-0001640600004  ,CHECK OUT COUNTER SIGN                                      ,      3977.44,05/12/2026,BLDG. IMPVT.        ,IMPROVEMENTS                                      ,         5,FIXRITE PANGLAO               ,FIXRITE PANGLAO-ADMIN                             ,FAACQ               
0120-0001640600005  ,CHECK OUT COUNTER SIGN                                      ,      3977.44,05/12/2026,BLDG. IMPVT.        ,IMPROVEMENTS                                      ,         5,FIXRITE PANGLAO               ,FIXRITE PANGLAO-ADMIN                             ,FAACQ               
0120-0001640600006  ,CHECK OUT COUNTER SIGN                                      ,      3977.44,05/12/2026,BLDG. IMPVT.        ,IMPROVEMENTS                                      ,         5,FIXRITE PANGLAO               ,FIXRITE PANGLAO-ADMIN                             ,FAACQ               
0120-0001640600007  ,CHECK OUT COUNTER SIGN                                      ,      3977.44,05/12/2026,BLDG. IMPVT.        ,IMPROVEMENTS                                      ,         5,FIXRITE PANGLAO               ,FIXRITE PANGLAO-ADMIN                             ,FAACQ               
0120-0010438700001  ,ESCALATOR STICKERS CUT OUT ( SUPERMARKET)                   ,     15909.75,05/12/2026,BLDG. IMPVT.        ,IMPROVEMENTS                                      ,         5,FIXRITE PANGLAO               ,FIXRITE PANGLAO-ADMIN                             ,FAACQ               
0120-0010438700002  ,ESCALATOR STICKERS CUT OUT ( SUPERMARKET)                   ,     15909.75,05/12/2026,BLDG. IMPVT.        ,IMPROVEMENTS                                      ,         5,FIXRITE PANGLAO               ,FIXRITE PANGLAO-ADMIN                             ,FAACQ               
0120-0010443700001  ,WINE EXCHANGE WITH LED LIGHTS                               ,     49320.22,05/12/2026,BLDG. IMPVT.        ,IMPROVEMENTS                                      ,         5,FIXRITE PANGLAO               ,FIXRITE PANGLAO-ADMIN                             ,FAACQ               
0120-0010443900001  ,SOD WITH LED LIGHTS                                         ,     42081.28,05/12/2026,BLDG. IMPVT.        ,IMPROVEMENTS                                      ,         5,FIXRITE PANGLAO               ,FIXRITE PANGLAO-ADMIN                             ,FAACQ               
0120-0010444100001  ,WELCOME SIGNAGE - NON LIGHTED                               ,     19489.44,05/12/2026,BLDG. IMPVT.        ,IMPROVEMENTS                                      ,         5,FIXRITE PANGLAO               ,FIXRITE PANGLAO-ADMIN                             ,FAACQ               
0120-0010444200001  ,THANK YOU FOR SHOPPING 3D SIGNAGE - NON LIGHTED             ,     28637.55,05/12/2026,BLDG. IMPVT.        ,IMPROVEMENTS                                      ,         5,FIXRITE PANGLAO               ,FIXRITE PANGLAO-ADMIN                             ,FAACQ               
0120-0010444400001  ,SUPERMARKET WITH LOGO 3D SIGNAGE WITH LED LIGHTS            ,     60457.04,05/12/2026,BLDG. IMPVT.        ,IMPROVEMENTS                                      ,         5,FIXRITE PANGLAO               ,FIXRITE PANGLAO-ADMIN                             ,FAACQ               
0120-0010444500001  ,MILK STATION SIGNAGE WITH LED LIGHTS                        ,     40569.86,05/12/2026,BLDG. IMPVT.        ,IMPROVEMENTS                                      ,         5,FIXRITE PANGLAO               ,FIXRITE PANGLAO-ADMIN                             ,FAACQ               
0120-0010444700001  ,ALTURAS SUPERMARKET LOGO (WATER TANK) 500CMX170CM           ,    111368.24,05/12/2026,BLDG. IMPVT.        ,IMPROVEMENTS                                      ,         5,FIXRITE PANGLAO               ,FIXRITE PANGLAO-ADMIN                             ,FAACQ               
0120-0010444800001  ,ALTURAS SUPERMARKET LOGO (WATER TANK) 445CMX170CM           ,    103413.36,05/12/2026,BLDG. IMPVT.        ,IMPROVEMENTS                                      ,         5,FIXRITE PANGLAO               ,FIXRITE PANGLAO-ADMIN                             ,FAACQ               
0120-0010444800002  ,ALTURAS SUPERMARKET LOGO (WATER TANK) 445CMX170CM           ,    103413.36,05/12/2026,BLDG. IMPVT.        ,IMPROVEMENTS                                      ,         5,FIXRITE PANGLAO               ,FIXRITE PANGLAO-ADMIN                             ,FAACQ               
0120-0010445200001  ,ALTURAS PANGLAO MAIN LOGO                                   ,    310240.09,05/12/2026,BLDG. IMPVT.        ,IMPROVEMENTS                                      ,         5,FIXRITE PANGLAO               ,FIXRITE PANGLAO-ADMIN                             ,FAACQ               
0120-0010445300001  ,FIXRITE LOGO                                                ,    103811.11,05/12/2026,BLDG. IMPVT.        ,IMPROVEMENTS                                      ,         5,FIXRITE PANGLAO               ,FIXRITE PANGLAO-ADMIN                             ,FAACQ               
0120-0010445500001  ,CATEGORY SIGN                                               ,      5488.86,05/12/2026,BLDG. IMPVT.        ,IMPROVEMENTS                                      ,         5,FIXRITE PANGLAO               ,FIXRITE PANGLAO-ADMIN                             ,FAACQ               
0120-0010445500002  ,CATEGORY SIGN                                               ,      5488.86,05/12/2026,BLDG. IMPVT.        ,IMPROVEMENTS                                      ,         5,FIXRITE PANGLAO               ,FIXRITE PANGLAO-ADMIN                             ,FAACQ               
0120-0010445500003  ,CATEGORY SIGN                                               ,      5488.86,05/12/2026,BLDG. IMPVT.        ,IMPROVEMENTS                                      ,         5,FIXRITE PANGLAO               ,FIXRITE PANGLAO-ADMIN                             ,FAACQ               
0120-0010445500004  ,CATEGORY SIGN                                               ,      5488.86,05/12/2026,BLDG. IMPVT.        ,IMPROVEMENTS                                      ,         5,FIXRITE PANGLAO               ,FIXRITE PANGLAO-ADMIN                             ,FAACQ               
0120-0010445500005  ,CATEGORY SIGN                                               ,      5488.86,05/12/2026,BLDG. IMPVT.        ,IMPROVEMENTS                                      ,         5,FIXRITE PANGLAO               ,FIXRITE PANGLAO-ADMIN                             ,FAACQ               
0120-0010445500006  ,CATEGORY SIGN                                               ,      5488.86,05/12/2026,BLDG. IMPVT.        ,IMPROVEMENTS                                      ,         5,FIXRITE PANGLAO               ,FIXRITE PANGLAO-ADMIN                             ,FAACQ               
0120-0010445500007  ,CATEGORY SIGN                                               ,      5488.86,05/12/2026,BLDG. IMPVT.        ,IMPROVEMENTS                                      ,         5,FIXRITE PANGLAO               ,FIXRITE PANGLAO-ADMIN                             ,FAACQ               
0120-0010445500008  ,CATEGORY SIGN                                               ,      5488.86,05/12/2026,BLDG. IMPVT.        ,IMPROVEMENTS                                      ,         5,FIXRITE PANGLAO               ,FIXRITE PANGLAO-ADMIN                             ,FAACQ               
0120-0010445500009  ,CATEGORY SIGN                                               ,      5488.86,05/12/2026,BLDG. IMPVT.        ,IMPROVEMENTS                                      ,         5,FIXRITE PANGLAO               ,FIXRITE PANGLAO-ADMIN                             ,FAACQ               
0120-0010445500010  ,CATEGORY SIGN                                               ,      5488.86,05/12/2026,BLDG. IMPVT.        ,IMPROVEMENTS                                      ,         5,FIXRITE PANGLAO               ,FIXRITE PANGLAO-ADMIN                             ,FAACQ               
0120-0010445500011  ,CATEGORY SIGN                                               ,      5488.86,05/12/2026,BLDG. IMPVT.        ,IMPROVEMENTS                                      ,         5,FIXRITE PANGLAO               ,FIXRITE PANGLAO-ADMIN                             ,FAACQ               
0000543700008       ,SINGLE COUNTER TABLE                                        ,     25000.00,04/19/1997,FUR. & FIXT.        ,TABLE                                             ,         7,FIXRITE PANGLAO               ,FIXRITE PANGLAO-FIXED ASSET DEPT.                 ,FA_TRAN             
0000543700009       ,SINGLE COUNTER TABLE                                        ,     25000.00,04/19/1997,FUR. & FIXT.        ,TABLE                                             ,         7,FIXRITE PANGLAO               ,FIXRITE PANGLAO-FIXED ASSET DEPT.                 ,FA_TRAN             
0000543700010       ,SINGLE COUNTER TABLE                                        ,     25000.00,04/19/1997,FUR. & FIXT.        ,TABLE                                             ,         7,FIXRITE PANGLAO               ,FIXRITE PANGLAO-FIXED ASSET DEPT.                 ,FA_TRAN             
0000543700011       ,SINGLE COUNTER TABLE                                        ,     25000.00,04/19/1997,FUR. & FIXT.        ,TABLE                                             ,         7,FIXRITE PANGLAO               ,FIXRITE PANGLAO-FIXED ASSET DEPT.                 ,FA_TRAN             
0000543700012       ,SINGLE COUNTER TABLE                                        ,     25000.00,04/19/1997,FUR. & FIXT.        ,TABLE                                             ,         7,FIXRITE PANGLAO               ,FIXRITE PANGLAO-FIXED ASSET DEPT.                 ,FA_TRAN             
0000543700015       ,SINGLE COUNTER TABLE                                        ,     25000.00,04/19/1997,FUR. & FIXT.        ,TABLE                                             ,         7,FIXRITE PANGLAO               ,FIXRITE PANGLAO-FIXED ASSET DEPT.                 ,FA_TRAN             
0120-0012074600001  ,MATERIALS                                                   ,   2088979.59,06/24/2026,BLDG. IMPVT.        ,OTHERS                                            ,         5,FIXRITE PANGLAO               ,FIXRITE PANGLAO-ENGINEERING                       ,FAACQ               
0120-0012075000001  ,DISCHARGE PERMIT                                            ,    104448.98,06/24/2026,                    ,SUPPLIES                                          ,         0,FIXRITE PANGLAO               ,FIXRITE PANGLAO-ENGINEERING                       ,FAACQ               
0120-0012075100001  ,SUPPLY OF SEWAGE PUMP                                       ,     52224.49,06/24/2026,MACH. & EQPT.       ,PUMP                                              ,         5,FIXRITE PANGLAO               ,FIXRITE PANGLAO-ENGINEERING                       ,FAACQ               
0120-0012888800001  ,INSTALLATION CHARGES                                        ,     69632.65,06/24/2026,                    ,SUPPLIES                                          ,         0,FIXRITE PANGLAO               ,FIXRITE PANGLAO-ENGINEERING                       ,FAACQ               
0120-0012889000001  ,DELIVERY CHARGE                                             ,    139265.31,06/24/2026,                    ,SUPPLIES                                          ,         0,FIXRITE PANGLAO               ,FIXRITE PANGLAO-ENGINEERING                       ,FAACQ               
0120-0012889200001  ,SUPPLY OF STEPDOWN TRANSFORMER                              ,     69632.65,06/24/2026,ELEC. INTS. & EQPT. ,TRANSFORMER                                       ,         5,FIXRITE PANGLAO               ,FIXRITE PANGLAO-ENGINEERING                       ,FAACQ               
0120-0013578500001  ,CPU SET INTEL CORE I3                                       ,     26120.00,07/20/2026,OFF. EQPT.          ,CPU                                               ,         3,FIXRITE PANGLAO               ,FIXRITE PANGLAO-INTERNAL AUDIT DEPARTMENT         ,FAACQ               
0120-0013578600001  ,AOPEN 20E0Q BI 19.5"" WIDE LED MONITOR 7H WLMNT              ,      2800.00,07/20/2026,OFF. EQPT.          ,MONITOR                                           ,         3,FIXRITE PANGLAO               ,FIXRITE PANGLAO-INTERNAL AUDIT DEPARTMENT         ,FAACQ               
0120-0013788400001  ,FAB.&INSTALL OF RAILINGS                                    ,     87646.74,01/31/2026,BLDG. IMPVT.        ,IMPROVEMENTS                                      ,        10,FIXRITE PANGLAO               ,FIXRITE PANGLAO-ADMIN                             ,FAACQ               
0110-0011342500001  ,DRY TYPE TRANSFORMER                                        ,    458707.50,03/10/2026,ELEC. INTS. & EQPT. ,TRANSFORMER                                       ,         3,FIXRITE PANGLAO               ,FIXRITE PANGLAO-ADMIN                             ,FA_TRAN             
0110-0011343200001  ,DRY TYPE TRANSFORMER                                        ,    195252.55,03/10/2026,ELEC. INTS. & EQPT. ,TRANSFORMER                                       ,         3,FIXRITE PANGLAO               ,FIXRITE PANGLAO-ADMIN                             ,FA_TRAN             
0110-0013671100001  ,ECB NEMA-1 40AT 2P MCCB 230V W/ GROUNDING                   ,      2339.85,08/07/2026,ELEC. INTS. & EQPT. ,CIRCUIT BREAKER                                   ,         3,FIXRITE PANGLAO               ,FIXRITE PANGLAO-ADMIN                             ,FA_TRAN             
0110-0013671100002  ,ECB NEMA-1 40AT 2P MCCB 230V W/ GROUNDING                   ,      2339.85,08/07/2026,ELEC. INTS. & EQPT. ,CIRCUIT BREAKER                                   ,         3,FIXRITE PANGLAO               ,FIXRITE PANGLAO-ADMIN                             ,FA_TRAN             
0110-0013671100003  ,ECB NEMA-1 40AT 2P MCCB 230V W/ GROUNDING                   ,      2339.85,08/07/2026,ELEC. INTS. & EQPT. ,CIRCUIT BREAKER                                   ,         3,FIXRITE PANGLAO               ,FIXRITE PANGLAO-ADMIN                             ,FA_TRAN             
0110-0013671100004  ,ECB NEMA-1 40AT 2P MCCB 230V W/ GROUNDING                   ,      2339.85,08/07/2026,ELEC. INTS. & EQPT. ,CIRCUIT BREAKER                                   ,         3,FIXRITE PANGLAO               ,FIXRITE PANGLAO-ADMIN                             ,FA_TRAN             
0110-0013671100005  ,ECB NEMA-1 40AT 2P MCCB 230V W/ GROUNDING                   ,      2339.85,08/07/2026,ELEC. INTS. & EQPT. ,CIRCUIT BREAKER                                   ,         3,FIXRITE PANGLAO               ,FIXRITE PANGLAO-ADMIN                             ,FA_TRAN             
0110-0013671100006  ,ECB NEMA-1 40AT 2P MCCB 230V W/ GROUNDING                   ,      2339.85,08/07/2026,ELEC. INTS. & EQPT. ,CIRCUIT BREAKER                                   ,         3,FIXRITE PANGLAO               ,FIXRITE PANGLAO-ADMIN                             ,FA_TRAN             
0110-0013671200001  ,LPP-ADMIN NEMA-1 SURFACE MOUNTED BEIGE PUSHLOCK             ,     12156.20,08/07/2026,ELEC. INTS. & EQPT. ,PANEL BOARD                                       ,         5,FIXRITE PANGLAO               ,FIXRITE PANGLAO-ADMIN                             ,FA_TRAN             
0110-0013671300001  ,PP-UPS NEMA-1 SURFACE MOUNTED BEIGE PUSHLOCK                ,      9964.55,08/07/2026,ELEC. INTS. & EQPT. ,PANEL BOARD                                       ,         5,FIXRITE PANGLAO               ,FIXRITE PANGLAO-ADMIN                             ,FA_TRAN             
0110-0013531900001  ,PP-WATER HEATER PANELBOARD NEMA 3R WALL MOUNTED             ,     67608.55,08/20/2026,ELEC. INTS. & EQPT. ,PANEL BOARD                                       ,         5,DRESSING PLANT                ,DRESSING PLANT-MAINTENANCE                        ,FA_TRAN             
0110-0013727800002  ,MANUAL KNOCK OUT PUNCH 1/2 TO 2                             ,      2955.00,08/22/2026,TOOLS               ,TOOLS                                             ,         3,FIXRITE PANGLAO               ,FIXRITE PANGLAO-ADMIN                             ,FA_TRAN             
