barcode,desc,acost,adate,cat_type,locname,dept,status
0041-0008028000001            ,AOC LCD 18.5"" E970SWN WLED MONITOR                          ,      2767.86,11/10/2023,MONITOR                                           ,MFI-GP FARM                   ,GPF-ADMIN                                         ,FAACQ               
0041-0008585000001            ,CPU SET                                                     ,     15000.00,11/10/2023,CPU                                               ,MFI-GP FARM                   ,GPF-ADMIN                                         ,FAACQ               
0041-0003207700005            ,PRINTER EPSON LQ-310                                        ,     13388.39,02/24/2024,PRINTER                                           ,MFI-GP FARM                   ,GPF-ADMIN                                         ,FAACQ               
0041-0007498200001            ,MOTOPLUS DUALBAND HANDHELD RADIO TRANSCEIVER                ,      2400.00,06/21/2024,RADIO HANDSET                                     ,MFI-GP FARM                   ,GPF-ADMIN                                         ,FAACQ               
0041-0007498200002            ,MOTOPLUS DUALBAND HANDHELD RADIO TRANSCEIVER                ,      2400.00,06/21/2024,RADIO HANDSET                                     ,MFI-GP FARM                   ,GPF-ADMIN                                         ,FAACQ               
0041-0007498200003            ,MOTOPLUS DUALBAND HANDHELD RADIO TRANSCEIVER                ,      2400.00,06/21/2024,RADIO HANDSET                                     ,MFI-GP FARM                   ,GPF-ADMIN                                         ,FAACQ               
0041-0007498200004            ,MOTOPLUS DUALBAND HANDHELD RADIO TRANSCEIVER                ,      2400.00,06/21/2024,RADIO HANDSET                                     ,MFI-GP FARM                   ,GPF-ADMIN                                         ,FAACQ               
0041-0010135200001            ,RADIO TRANSCEIVER MOTOPLUS GP- 5R MODEL                     ,      2400.00,06/20/2024,RADIO                                             ,MFI-GP FARM                   ,GPF-ADMIN                                         ,FAACQ               
0041-0007418000001            ,MITS. FUSO FIV1P 6W CS#:H0F196 PL#:GBE-7908                 ,   2214285.71,07/05/2024,VEHICLE                                           ,MFI-GP FARM                   ,GPF-ADMIN                                         ,FAACQ               
0041-0007418000002            ,MITS. FUSO FIV1P 6W CS#:H0F195 PL#:GBE-7907                 ,   2214285.71,07/05/2024,VEHICLE                                           ,MFI-GP FARM                   ,GPF-ADMIN                                         ,FAACQ               
0041-0007418000003            ,MITS. FUSO FIV1P 6W CS#:H0F171 PL#:GBE-7909                 ,   2214286.00,07/05/2024,VEHICLE                                           ,MFI-GP FARM                   ,GPF-ADMIN                                         ,FAACQ               
0041-0007418000004            ,MITS. FUSO FIV1P 6W CS#:H0F172 PL#:GBE-7906                 ,   2214285.71,07/05/2024,VEHICLE                                           ,MFI-GP FARM                   ,GPF-ADMIN                                         ,FAACQ               
0041-0010018700001            ,CPU SET CORE I3 (> MICRO ATX NEUTRON CASE W/700W            ,     15491.07,07/10/2024,CPU                                               ,MFI-GP FARM                   ,GPF-ADMIN                                         ,FAACQ               
0041-0010020000001            ,ACER LED20 K202QBL 19.5 MONITOR                             ,      3080.36,07/10/2024,MONITOR                                           ,MFI-GP FARM                   ,GPF-ADMIN                                         ,FAACQ               
0041-0007379900001            ,MITS. FUSO CANTER FE85 CS#:H0F755 PL#:GBE-7913              ,   1589286.00,07/10/2024,VEHICLE                                           ,MFI-GP FARM                   ,GPF-ADMIN                                         ,FAACQ               
0041-0004753300001            ,MITS. FUSO CANTER FE84 CS#:H0F713 PL#:GBE-7911              ,   1464285.71,07/10/2024,VEHICLE                                           ,MFI-GP FARM                   ,GPF-ADMIN                                         ,FAACQ               
0041-0004753300002            ,MITS. FUSO CANTER FE84 CS#:H0F712 PL#:GBE-7910              ,   1464286.00,07/10/2024,VEHICLE                                           ,DRESSING PLANT                ,DRESSING PLANT-ADMIN                              ,FA_TRAN             
0041-0004753300003            ,MITS. FUSO CANTER FE84 CS#:H0F714 PL#:GBE-7912              ,   1464286.00,07/10/2024,VEHICLE                                           ,DRESSING PLANT                ,DRESSING PLANT-ADMIN                              ,FA_TRAN             
0041-0010125400001            ,TOYOTA HILUX FX MT CS#:JD151A PL#:GBF-3823                  ,   1119000.00,07/18/2024,VEHICLE                                           ,MFI-GP FARM                   ,GPF-ADMIN                                         ,FAACQ               
0041-0010125400002            ,TOYOTA HILUX FX MT CS#:MR0CB8CB8R4318331 PLATE#:GBF-3824    ,    999107.00,07/19/2024,VEHICLE                                           ,MFI-GP FARM                   ,GPF-ADMIN                                         ,FAACQ               
0117-0009771200001            ,PULSATRON( CHLORINATOR)0.2 AMPS SINGLE PHASE 230V           ,     40000.00,06/04/2024,OTHERS                                            ,MFI-GP FARM                   ,GPF-ADMIN                                         ,FA_TRAN             
0041-0009894400001            ,FUJIDENZO REF INR 83HS 8CUFT                                ,     14417.86,08/21/2024,REFRIGERATOR                                      ,MFI-GP FARM                   ,GPF-ADMIN                                         ,FAACQ               
0041-0009896000001            ,FUJIDENZO CFRZR FD 15AD 15CF                                ,     24131.25,08/21/2024,FREEZER/CHILLER                                   ,MFI-GP FARM                   ,GPF-ADMIN                                         ,FAACQ               
0070-0009264100012            ,DOSATRON CHLORINATOR D20S/ D20AL2VF                         ,    145535.71,12/29/2023,TOOLS                                             ,MFI-GP FARM                   ,GPF-ADMIN                                         ,FA_TRAN             
0070-0009365700001            ,TOYOTA HILUX 4X4 CS#:Z9D299 PL#:GBC-1570                    ,   1057143.00,01/15/2024,VEHICLE                                           ,MFI-GP FARM                   ,GPF-ADMIN                                         ,FA_TRAN             
0041-0009554200001            ,SUPPLY OF 4 MEMBRANE UF SYSTEM                              ,   1184400.00,08/22/2024,OTHERS                                            ,MFI-GP FARM                   ,GPF-ADMIN                                         ,FAACQ               
0041-0010171600001            ,FUSO CANTER FE85 CHECK VAN BODY PL#:GBE-7913                ,    362000.00,10/01/2024,VEHICLE                                           ,MFI-GP FARM                   ,GPF-ADMIN                                         ,FAACQ               
0041-0010136300001            ,WEICHAI INDUSTRIAL GENERATOR SET                            ,    580000.00,11/08/2024,GENERATOR                                         ,MFI-GP FARM                   ,GPF-ADMIN                                         ,FAACQ               
0041-0010136300002            ,WEICHAI INDUSTRIAL GENERATOR SET                            ,    580000.00,11/08/2024,GENERATOR                                         ,MFI-GP FARM                   ,GPF-ADMIN                                         ,FAACQ               
0041-0010192000001            ,COOLAIRE REFRIGERATION FOR CANTER FE84 PL#:GBE-7911         ,    995536.00,11/12/2024,VEHICLE                                           ,MFI-GP FARM                   ,GPF-ADMIN                                         ,FAACQ               
0041-0010192000002            ,COOLAIRE REFRIGERATION FOR CANTER FE84 PL#:GBE-7912         ,    995536.00,11/12/2024,VEHICLE                                           ,DRESSING PLANT                ,DRESSING PLANT-ADMIN                              ,FA_TRAN             
0041-0010192000003            ,COOLAIRE REFRIGERATION FOR CANTER FE84 PL#:GBE-7910         ,    995536.00,11/12/2024,VEHICLE                                           ,DRESSING PLANT                ,DRESSING PLANT-ADMIN                              ,FA_TRAN             
0041-0010136300003            ,WEICHAI INDUSTRIAL GENERATOR SET                            ,    580000.00,11/14/2024,GENERATOR                                         ,MFI-GP FARM                   ,GPF-ADMIN                                         ,FAACQ               
0041-0010136300004            ,WEICHAI INDUSTRIAL GENERATOR SET                            ,    580000.00,11/14/2024,GENERATOR                                         ,MFI-GP FARM                   ,GPF-ADMIN                                         ,FAACQ               
0041-0010136300005            ,WEICHAI INDUSTRIAL GENERATOR SET                            ,    580000.00,11/14/2024,GENERATOR                                         ,MFI-GP FARM                   ,GPF-ADMIN                                         ,FAACQ               
0041-0010136300006            ,WEICHAI INDUSTRIAL GENERATOR SET                            ,    580000.00,11/14/2024,GENERATOR                                         ,MFI-GP FARM                   ,GPF-ADMIN                                         ,FAACQ               
0041-0000927300003            ,STEEL CABINET 4 DRAWERS                                     ,     12600.00,11/18/2024,CABINET                                           ,MFI-GP FARM                   ,GPF-ADMIN                                         ,FAACQ               
0041-0008354700001            ,HONDA XRM DS (DUAL BREAK)                                   ,     65625.00,02/25/2025,MOTORCYCLE-BRAND NEW                              ,MFI-GP FARM                   ,GPF-ADMIN                                         ,FAACQ               
0041-0010857700001            ,ACER LED20 K202QBI 19.5"" LED MONITOR (VGAHDMI)              ,      3258.93,03/05/2025,MONITOR                                           ,MFI-GP FARM                   ,GPF-ADMIN                                         ,FAACQ               
0041-0010857700002            ,ACER LED20 K202QBI 19.5"" LED MONITOR (VGAHDMI)              ,      3258.93,03/05/2025,MONITOR                                           ,MFI-GP FARM                   ,GPF-ADMIN                                         ,FAACQ               
0041-0011580400001            ,CPU SET I3 MICRO ATX TRENDSONIC CERES                       ,     15178.57,03/05/2025,CPU                                               ,MFI-GP FARM                   ,GPF-ADMIN                                         ,FAACQ               
0041-0011580400002            ,CPU SET I3 MICRO ATX TRENDSONIC CERES                       ,     15178.57,03/05/2025,CPU                                               ,MFI-GP FARM                   ,GPF-ADMIN                                         ,FAACQ               
FAD-0026-0004542300011        ,CISCO IP PHONE 7821                                         ,      7738.10,10/03/2024,TELEPHONE                                         ,CENTRAL CONSTRUCTION GROUP    ,CCG-CDC CONSTRUCTION                              ,FA_TRAN             
FAD-0026-0004542300015        ,CISCO IP PHONE 7821                                         ,      7738.10,10/03/2024,TELEPHONE                                         ,MFI-GP FARM                   ,GPF-ADMIN                                         ,FA_TRAN             
FAD-0026-0004542300026        ,CISCO IP PHONE 7821                                         ,      7738.10,10/03/2024,TELEPHONE                                         ,ALTA CITTA                    ,AC-ADMIN                                          ,FA_TRAN             
FAD-0026-0004542300035        ,CISCO IP PHONE 7821                                         ,      7738.10,10/03/2024,TELEPHONE                                         ,MFI-GP FARM                   ,GPF-ADMIN                                         ,FA_TRAN             
0041-0011239100001            ,FCU/ACCU-1 42CAC024/38CAC024 2.5HP                          ,     37812.50,03/20/2025,AIRCON                                            ,MFI-GP FARM                   ,GPF-ADMIN                                         ,FAACQ               
0041-0011239100002            ,FCU/ACCU-1 42CAC024/38CAC024 2.5HP                          ,     37812.50,03/20/2025,AIRCON                                            ,MFI-GP FARM                   ,GPF-ADMIN                                         ,FAACQ               
0041-0011239200001            ,WRAC-2 WCARJ010EE 1.0HP                                     ,     14500.00,03/20/2025,AIRCON                                            ,MFI-GP FARM                   ,GPF-ADMIN                                         ,FAACQ               
0041-0011239200002            ,WRAC-2 WCARJ010EE 1.0HP                                     ,     14500.00,03/20/2025,AIRCON                                            ,MFI-GP FARM                   ,GPF-ADMIN                                         ,FAACQ               
0041-0011239200003            ,WRAC-2 WCARJ010EE 1.0HP                                     ,     14500.00,03/20/2025,AIRCON                                            ,MFI-GP FARM                   ,GPF-ADMIN                                         ,FAACQ               
0041-0011239200004            ,WRAC-2 WCARJ010EE 1.0HP                                     ,     14500.00,03/20/2025,AIRCON                                            ,MFI-GP FARM                   ,GPF-ADMIN                                         ,FAACQ               
0041-0011239200005            ,WRAC-2 WCARJ010EE 1.0HP                                     ,     14500.00,03/20/2025,AIRCON                                            ,MFI-GP FARM                   ,GPF-ADMIN                                         ,FAACQ               
0041-0011239300001            ,WRAC-3 WCARJ024EE 2.5HP                                     ,     25625.00,03/20/2025,AIRCON                                            ,MFI-GP FARM                   ,GPF-ADMIN                                         ,FAACQ               
0041-0011239300002            ,WRAC-3 WCARJ024EE 2.5HP                                     ,     25625.00,03/20/2025,AIRCON                                            ,MFI-GP FARM                   ,GPF-ADMIN                                         ,FAACQ               
0041-0011239300003            ,WRAC-3 WCARJ024EE 2.5HP                                     ,     25625.00,03/20/2025,AIRCON                                            ,MFI-GP FARM                   ,GPF-ADMIN                                         ,FAACQ               
0041-0011239300004            ,WRAC-3 WCARJ024EE 2.5HP                                     ,     25625.00,03/20/2025,AIRCON                                            ,MFI-GP FARM                   ,GPF-ADMIN                                         ,FAACQ               
0041-0011239300005            ,WRAC-3 WCARJ024EE 2.5HP                                     ,     25625.00,03/20/2025,AIRCON                                            ,MFI-GP FARM                   ,GPF-ADMIN                                         ,FAACQ               
0041-0011239400001            ,WRAC-4 WCARZ006EC1 0.5HP                                    ,      8250.00,03/20/2025,AIRCON                                            ,MFI-GP FARM                   ,GPF-ADMIN                                         ,FAACQ               
0041-0011239500001            ,WRAC-5 WCARJ010EE 1.5HP                                     ,     14500.00,03/20/2025,AIRCON                                            ,MFI-GP FARM                   ,GPF-ADMIN                                         ,FAACQ               
0070-0009264100003            ,DOSATRON CHLORINATOR D20S/ D20AL2VF                         ,    145535.71,12/29/2023,TOOLS                                             ,GROWOUT-LOMANGOG              ,GROWOUT LOMANGOG PHASE 1                          ,FA_TRAN             
0070-0009264100004            ,DOSATRON CHLORINATOR D20S/ D20AL2VF                         ,    145535.71,12/29/2023,TOOLS                                             ,GROWOUT-LOMANGOG              ,GROWOUT LOMANGOG PHASE 1                          ,FA_TRAN             
0070-0010194000001            ,EJ 400V 500GPM 110PSI                                       ,    240670.00,01/02/2025,MACH. & EQUIPMENT                                 ,MFI-GP FARM                   ,GPF-ADMIN                                         ,FA_TRAN             
0041-0004774300004            ,SALTER HANGING SCALE 5KG X 20G                              ,      8500.00,04/22/2025,WEIGHING SCALE                                    ,MFI-GP FARM                   ,GPF-ADMIN                                         ,FAACQ               
0041-0004774300005            ,SALTER HANGING SCALE 5KG X 20G                              ,      8500.00,04/22/2025,WEIGHING SCALE                                    ,MFI-GP FARM                   ,GPF-ADMIN                                         ,FAACQ               
0041-0004774300006            ,SALTER HANGING SCALE 5KG X 20G                              ,      8500.00,04/22/2025,WEIGHING SCALE                                    ,MFI-GP FARM                   ,GPF-ADMIN                                         ,FAACQ               
0041-0004774300007            ,SALTER HANGING SCALE 5KG X 20G                              ,      8500.00,04/22/2025,WEIGHING SCALE                                    ,MFI-GP FARM                   ,GPF-ADMIN                                         ,FAACQ               
0041-0004774300008            ,SALTER HANGING SCALE 5KG X 20G                              ,      8500.00,04/22/2025,WEIGHING SCALE                                    ,MFI-GP FARM                   ,GPF-ADMIN                                         ,FAACQ               
0041-0004774300009            ,SALTER HANGING SCALE 5KG X 20G                              ,      8500.00,04/22/2025,WEIGHING SCALE                                    ,MFI-GP FARM                   ,GPF-ADMIN                                         ,FAACQ               
0041-0007721200001            ,NUTEX MECHANICAL SCALE                                      ,     12300.00,04/22/2025,WEIGHING SCALE                                    ,MFI-GP FARM                   ,GPF-ADMIN                                         ,FAACQ               
0041-0007721200002            ,NUTEX MECHANICAL SCALE                                      ,     12300.00,04/22/2025,WEIGHING SCALE                                    ,MFI-GP FARM                   ,GPF-ADMIN                                         ,FAACQ               
0041-0007721200003            ,NUTEX MECHANICAL SCALE                                      ,     12300.00,04/22/2025,WEIGHING SCALE                                    ,MFI-GP FARM                   ,GPF-ADMIN                                         ,FAACQ               
0041-0007721200004            ,NUTEX MECHANICAL SCALE                                      ,     12300.00,04/22/2025,WEIGHING SCALE                                    ,MFI-GP FARM                   ,GPF-ADMIN                                         ,FAACQ               
0041-0007721200005            ,NUTEX MECHANICAL SCALE                                      ,     12300.00,04/22/2025,WEIGHING SCALE                                    ,MFI-GP FARM                   ,GPF-ADMIN                                         ,FAACQ               
0041-0007721200006            ,NUTEX MECHANICAL SCALE                                      ,     12300.00,04/22/2025,WEIGHING SCALE                                    ,MFI-GP FARM                   ,GPF-ADMIN                                         ,FAACQ               
0041-0007721200007            ,NUTEX MECHANICAL SCALE                                      ,     12300.00,04/22/2025,WEIGHING SCALE                                    ,MFI-GP FARM                   ,GPF-ADMIN                                         ,FAACQ               
0041-0007721200008            ,NUTEX MECHANICAL SCALE                                      ,     12300.00,04/22/2025,WEIGHING SCALE                                    ,MFI-GP FARM                   ,GPF-ADMIN                                         ,FAACQ               
0041-0007721200009            ,NUTEX MECHANICAL SCALE                                      ,     12300.00,04/22/2025,WEIGHING SCALE                                    ,MFI-GP FARM                   ,GPF-ADMIN                                         ,FAACQ               
0041-0007721200010            ,NUTEX MECHANICAL SCALE                                      ,     12300.00,04/22/2025,WEIGHING SCALE                                    ,MFI-GP FARM                   ,GPF-ADMIN                                         ,FAACQ               
0041-0007721200011            ,NUTEX MECHANICAL SCALE                                      ,     12300.00,04/22/2025,WEIGHING SCALE                                    ,MFI-GP FARM                   ,GPF-ADMIN                                         ,FAACQ               
0041-0007721200012            ,NUTEX MECHANICAL SCALE                                      ,     12300.00,04/22/2025,WEIGHING SCALE                                    ,MFI-GP FARM                   ,GPF-ADMIN                                         ,FAACQ               
0041-0011582300001            ,HANGING WEIGHING SCALE 10KGS 50 GRAM CALIBRA                ,      3000.00,04/22/2025,WEIGHING SCALE                                    ,MFI-GP FARM                   ,GPF-ADMIN                                         ,FAACQ               
0041-0011582300002            ,HANGING WEIGHING SCALE 10KGS 50 GRAM CALIBRA                ,      3000.00,04/22/2025,WEIGHING SCALE                                    ,MFI-GP FARM                   ,GPF-ADMIN                                         ,FAACQ               
0041-0011582300003            ,HANGING WEIGHING SCALE 10KGS 50 GRAM CALIBRA                ,      3000.00,04/22/2025,WEIGHING SCALE                                    ,MFI-GP FARM                   ,GPF-ADMIN                                         ,FAACQ               
0041-0011582300004            ,HANGING WEIGHING SCALE 10KGS 50 GRAM CALIBRA                ,      3000.00,04/22/2025,WEIGHING SCALE                                    ,MFI-GP FARM                   ,GPF-ADMIN                                         ,FAACQ               
0041-0011582300005            ,HANGING WEIGHING SCALE 10KGS 50 GRAM CALIBRA                ,      3000.00,04/22/2025,WEIGHING SCALE                                    ,MFI-GP FARM                   ,GPF-ADMIN                                         ,FAACQ               
0041-0011582300006            ,HANGING WEIGHING SCALE 10KGS 50 GRAM CALIBRA                ,      3000.00,04/22/2025,WEIGHING SCALE                                    ,MFI-GP FARM                   ,GPF-ADMIN                                         ,FAACQ               
0041-0011582300007            ,HANGING WEIGHING SCALE 10KGS 50 GRAM CALIBRA                ,      3000.00,04/22/2025,WEIGHING SCALE                                    ,MFI-GP FARM                   ,GPF-ADMIN                                         ,FAACQ               
0041-0011582300008            ,HANGING WEIGHING SCALE 10KGS 50 GRAM CALIBRA                ,      3000.00,04/22/2025,WEIGHING SCALE                                    ,MFI-GP FARM                   ,GPF-ADMIN                                         ,FAACQ               
0041-0011582400001            ,DIGITAL (ELECTRIC) GRAMER 3KL CAP. 2 GRAMS CALIBRA          ,     17000.00,04/22/2025,WEIGHING SCALE                                    ,MFI-GP FARM                   ,GPF-ADMIN                                         ,FAACQ               
0041-0011582400002            ,DIGITAL (ELECTRIC) GRAMER 3KL CAP. 2 GRAMS CALIBRA          ,     17000.00,04/22/2025,WEIGHING SCALE                                    ,MFI-GP FARM                   ,GPF-ADMIN                                         ,FAACQ               
0041-0011582400003            ,DIGITAL (ELECTRIC) GRAMER 3KL CAP. 2 GRAMS CALIBRA          ,     17000.00,04/22/2025,WEIGHING SCALE                                    ,MFI-GP FARM                   ,GPF-ADMIN                                         ,FAACQ               
0041-0007717200001            ,1.5 FT. WALL MOUNTED DATA CABINET W/PDU &                   ,      8750.00,05/28/2025,CABINET-STEEL                                     ,MFI-GP FARM                   ,GPF-ADMIN                                         ,FAACQ               
0041-0007717200002            ,1.5 FT. WALL MOUNTED DATA CABINET W/PDU &                   ,      8750.00,05/28/2025,CABINET-STEEL                                     ,MFI-GP FARM                   ,GPF-ADMIN                                         ,FAACQ               
0041-0010682400001            ,RG-S2915-10GT2MS-P-L 10-PORT GIGABIT                        ,     16250.00,05/28/2025,OTHERS                                            ,MFI-GP FARM                   ,GPF-ADMIN                                         ,FAACQ               
0041-0010682400002            ,RG-S2915-10GT2MS-P-L 10-PORT GIGABIT                        ,     16250.00,05/28/2025,SUPPLIES                                          ,MFI-GP FARM                   ,GPF-ADMIN                                         ,FAACQ               
0041-0010601000001            ,SOLAR STREET LIGHTS                                         ,     19849.72,06/21/2025,LIGHTING FIXTURES                                 ,CENTRAL CONSTRUCTION GROUP    ,CCG-CDC CONSTRUCTION                              ,FA_TRAN             
0041-0010601000002            ,SOLAR STREET LIGHTS                                         ,     19849.72,06/21/2025,LIGHTING FIXTURES                                 ,CENTRAL CONSTRUCTION GROUP    ,CCG-CDC CONSTRUCTION                              ,FA_TRAN             
0041-0010601000003            ,SOLAR STREET LIGHTS                                         ,     19849.72,06/21/2025,LIGHTING FIXTURES                                 ,CENTRAL CONSTRUCTION GROUP    ,CCG-CDC CONSTRUCTION                              ,FA_TRAN             
0041-0010601000004            ,SOLAR STREET LIGHTS                                         ,     19849.72,06/21/2025,LIGHTING FIXTURES                                 ,CENTRAL CONSTRUCTION GROUP    ,CCG-CDC CONSTRUCTION                              ,FA_TRAN             
0041-0010601000005            ,SOLAR STREET LIGHTS                                         ,     19849.72,06/21/2025,LIGHTING FIXTURES                                 ,CENTRAL CONSTRUCTION GROUP    ,CCG-CDC CONSTRUCTION                              ,FA_TRAN             
0041-0010601000006            ,SOLAR STREET LIGHTS                                         ,     19849.72,06/21/2025,LIGHTING FIXTURES                                 ,CENTRAL CONSTRUCTION GROUP    ,CCG-CDC CONSTRUCTION                              ,FA_TRAN             
0041-0010601000007            ,SOLAR STREET LIGHTS                                         ,     19849.72,06/21/2025,LIGHTING FIXTURES                                 ,CENTRAL CONSTRUCTION GROUP    ,CCG-CDC CONSTRUCTION                              ,FA_TRAN             
0041-0010601000008            ,SOLAR STREET LIGHTS                                         ,     19849.72,06/21/2025,LIGHTING FIXTURES                                 ,CENTRAL CONSTRUCTION GROUP    ,CCG-CDC CONSTRUCTION                              ,FA_TRAN             
0041-0010601000009            ,SOLAR STREET LIGHTS                                         ,     19849.72,06/21/2025,LIGHTING FIXTURES                                 ,CENTRAL CONSTRUCTION GROUP    ,CCG-CDC CONSTRUCTION                              ,FA_TRAN             
0041-0010601000010            ,SOLAR STREET LIGHTS                                         ,     19849.72,06/21/2025,LIGHTING FIXTURES                                 ,CENTRAL CONSTRUCTION GROUP    ,CCG-CDC CONSTRUCTION                              ,FA_TRAN             
0041-0010601000011            ,SOLAR STREET LIGHTS                                         ,     19849.72,06/21/2025,LIGHTING FIXTURES                                 ,CENTRAL CONSTRUCTION GROUP    ,CCG-CDC CONSTRUCTION                              ,FA_TRAN             
0041-0010601000012            ,SOLAR STREET LIGHTS                                         ,     19849.72,06/21/2025,LIGHTING FIXTURES                                 ,CENTRAL CONSTRUCTION GROUP    ,CCG-CDC CONSTRUCTION                              ,FA_TRAN             
0041-0010601000013            ,SOLAR STREET LIGHTS                                         ,     19849.72,06/21/2025,LIGHTING FIXTURES                                 ,CENTRAL CONSTRUCTION GROUP    ,CCG-CDC CONSTRUCTION                              ,FA_TRAN             
0041-0010601000014            ,SOLAR STREET LIGHTS                                         ,     19849.72,06/21/2025,LIGHTING FIXTURES                                 ,CENTRAL CONSTRUCTION GROUP    ,CCG-CDC CONSTRUCTION                              ,FA_TRAN             
0041-0010601000015            ,SOLAR STREET LIGHTS                                         ,     19849.72,06/21/2025,LIGHTING FIXTURES                                 ,CENTRAL CONSTRUCTION GROUP    ,CCG-CDC CONSTRUCTION                              ,FA_TRAN             
0041-0010601000016            ,SOLAR STREET LIGHTS                                         ,     19849.72,06/21/2025,LIGHTING FIXTURES                                 ,CENTRAL CONSTRUCTION GROUP    ,CCG-CDC CONSTRUCTION                              ,FA_TRAN             
0041-0010601000017            ,SOLAR STREET LIGHTS                                         ,     19849.72,06/21/2025,LIGHTING FIXTURES                                 ,CENTRAL CONSTRUCTION GROUP    ,CCG-CDC CONSTRUCTION                              ,FA_TRAN             
0041-0010601000018            ,SOLAR STREET LIGHTS                                         ,     19849.72,06/21/2025,LIGHTING FIXTURES                                 ,CENTRAL CONSTRUCTION GROUP    ,CCG-CDC CONSTRUCTION                              ,FA_TRAN             
0041-0010601000019            ,SOLAR STREET LIGHTS                                         ,     19849.72,06/21/2025,LIGHTING FIXTURES                                 ,CENTRAL CONSTRUCTION GROUP    ,CCG-CDC CONSTRUCTION                              ,FA_TRAN             
0041-0010601000020            ,SOLAR STREET LIGHTS                                         ,     19849.72,06/21/2025,LIGHTING FIXTURES                                 ,CENTRAL CONSTRUCTION GROUP    ,CCG-CDC CONSTRUCTION                              ,FA_TRAN             
0041-0010601000021            ,SOLAR STREET LIGHTS                                         ,     19849.72,06/21/2025,LIGHTING FIXTURES                                 ,CENTRAL CONSTRUCTION GROUP    ,CCG-CDC CONSTRUCTION                              ,FA_TRAN             
0041-0010601000022            ,SOLAR STREET LIGHTS                                         ,     19849.72,06/21/2025,LIGHTING FIXTURES                                 ,CENTRAL CONSTRUCTION GROUP    ,CCG-CDC CONSTRUCTION                              ,FA_TRAN             
0041-0010601000023            ,SOLAR STREET LIGHTS                                         ,     19849.72,06/21/2025,LIGHTING FIXTURES                                 ,CENTRAL CONSTRUCTION GROUP    ,CCG-CDC CONSTRUCTION                              ,FA_TRAN             
0041-0010601000024            ,SOLAR STREET LIGHTS                                         ,     19849.72,06/21/2025,LIGHTING FIXTURES                                 ,CENTRAL CONSTRUCTION GROUP    ,CCG-CDC CONSTRUCTION                              ,FA_TRAN             
0041-0010601000025            ,SOLAR STREET LIGHTS                                         ,     19849.72,06/21/2025,LIGHTING FIXTURES                                 ,CENTRAL CONSTRUCTION GROUP    ,CCG-CDC CONSTRUCTION                              ,FA_TRAN             
0041-0010601000026            ,SOLAR STREET LIGHTS                                         ,     19849.72,06/21/2025,LIGHTING FIXTURES                                 ,CENTRAL CONSTRUCTION GROUP    ,CCG-CDC CONSTRUCTION                              ,FA_TRAN             
0041-0010601000027            ,SOLAR STREET LIGHTS                                         ,     19849.72,06/21/2025,LIGHTING FIXTURES                                 ,CENTRAL CONSTRUCTION GROUP    ,CCG-CDC CONSTRUCTION                              ,FA_TRAN             
0041-0010601000028            ,SOLAR STREET LIGHTS                                         ,     19849.72,06/21/2025,LIGHTING FIXTURES                                 ,CENTRAL CONSTRUCTION GROUP    ,CCG-CDC CONSTRUCTION                              ,FA_TRAN             
0041-0010601000029            ,SOLAR STREET LIGHTS                                         ,     19849.72,06/21/2025,LIGHTING FIXTURES                                 ,CENTRAL CONSTRUCTION GROUP    ,CCG-CDC CONSTRUCTION                              ,FA_TRAN             
0041-0010601000030            ,SOLAR STREET LIGHTS                                         ,     19849.72,06/21/2025,LIGHTING FIXTURES                                 ,CENTRAL CONSTRUCTION GROUP    ,CCG-CDC CONSTRUCTION                              ,FA_TRAN             
0041-0010601000031            ,SOLAR STREET LIGHTS                                         ,     19849.72,06/21/2025,LIGHTING FIXTURES                                 ,CENTRAL CONSTRUCTION GROUP    ,CCG-CDC CONSTRUCTION                              ,FA_TRAN             
0041-0010601000032            ,SOLAR STREET LIGHTS                                         ,     19849.72,06/21/2025,LIGHTING FIXTURES                                 ,CENTRAL CONSTRUCTION GROUP    ,CCG-CDC CONSTRUCTION                              ,FA_TRAN             
0041-0010601000033            ,SOLAR STREET LIGHTS                                         ,     19849.72,06/21/2025,LIGHTING FIXTURES                                 ,CENTRAL CONSTRUCTION GROUP    ,CCG-CDC CONSTRUCTION                              ,FA_TRAN             
0041-0010601000034            ,SOLAR STREET LIGHTS                                         ,     19849.72,06/21/2025,LIGHTING FIXTURES                                 ,CENTRAL CONSTRUCTION GROUP    ,CCG-CDC CONSTRUCTION                              ,FA_TRAN             
0041-0010601000035            ,SOLAR STREET LIGHTS                                         ,     19849.72,06/21/2025,LIGHTING FIXTURES                                 ,CENTRAL CONSTRUCTION GROUP    ,CCG-CDC CONSTRUCTION                              ,FA_TRAN             
0041-0010601000036            ,SOLAR STREET LIGHTS                                         ,     19849.72,06/21/2025,LIGHTING FIXTURES                                 ,CENTRAL CONSTRUCTION GROUP    ,CCG-CDC CONSTRUCTION                              ,FA_TRAN             
0041-0010601000037            ,SOLAR STREET LIGHTS                                         ,     19849.72,06/21/2025,LIGHTING FIXTURES                                 ,CENTRAL CONSTRUCTION GROUP    ,CCG-CDC CONSTRUCTION                              ,FA_TRAN             
0041-0010601000038            ,SOLAR STREET LIGHTS                                         ,     19849.72,06/21/2025,LIGHTING FIXTURES                                 ,CENTRAL CONSTRUCTION GROUP    ,CCG-CDC CONSTRUCTION                              ,FA_TRAN             
0041-0010601000039            ,SOLAR STREET LIGHTS                                         ,     19849.72,06/21/2025,LIGHTING FIXTURES                                 ,CENTRAL CONSTRUCTION GROUP    ,CCG-CDC CONSTRUCTION                              ,FA_TRAN             
0041-0010601000040            ,SOLAR STREET LIGHTS                                         ,     19849.72,06/21/2025,LIGHTING FIXTURES                                 ,CENTRAL CONSTRUCTION GROUP    ,CCG-CDC CONSTRUCTION                              ,FA_TRAN             
0041-0010601000041            ,SOLAR STREET LIGHTS                                         ,     19849.72,06/21/2025,LIGHTING FIXTURES                                 ,CENTRAL CONSTRUCTION GROUP    ,CCG-CDC CONSTRUCTION                              ,FA_TRAN             
0041-0010601000042            ,SOLAR STREET LIGHTS                                         ,     19849.72,06/21/2025,LIGHTING FIXTURES                                 ,CENTRAL CONSTRUCTION GROUP    ,CCG-CDC CONSTRUCTION                              ,FA_TRAN             
0041-0010601000043            ,SOLAR STREET LIGHTS                                         ,     19849.72,06/21/2025,LIGHTING FIXTURES                                 ,CENTRAL CONSTRUCTION GROUP    ,CCG-CDC CONSTRUCTION                              ,FA_TRAN             
0041-0010601000044            ,SOLAR STREET LIGHTS                                         ,     19849.72,06/21/2025,LIGHTING FIXTURES                                 ,CENTRAL CONSTRUCTION GROUP    ,CCG-CDC CONSTRUCTION                              ,FA_TRAN             
0041-0010601000045            ,SOLAR STREET LIGHTS                                         ,     19849.72,06/21/2025,LIGHTING FIXTURES                                 ,CENTRAL CONSTRUCTION GROUP    ,CCG-CDC CONSTRUCTION                              ,FA_TRAN             
0041-0010601000046            ,SOLAR STREET LIGHTS                                         ,     19849.72,06/21/2025,LIGHTING FIXTURES                                 ,CENTRAL CONSTRUCTION GROUP    ,CCG-CDC CONSTRUCTION                              ,FA_TRAN             
0041-0010601000047            ,SOLAR STREET LIGHTS                                         ,     19849.72,06/21/2025,LIGHTING FIXTURES                                 ,CENTRAL CONSTRUCTION GROUP    ,CCG-CDC CONSTRUCTION                              ,FA_TRAN             
0041-0010601000048            ,SOLAR STREET LIGHTS                                         ,     19849.72,06/21/2025,LIGHTING FIXTURES                                 ,CENTRAL CONSTRUCTION GROUP    ,CCG-CDC CONSTRUCTION                              ,FA_TRAN             
0041-0010601000049            ,SOLAR STREET LIGHTS                                         ,     19849.72,06/21/2025,LIGHTING FIXTURES                                 ,CENTRAL CONSTRUCTION GROUP    ,CCG-CDC CONSTRUCTION                              ,FA_TRAN             
0041-0010601000050            ,SOLAR STREET LIGHTS                                         ,     19849.72,06/21/2025,LIGHTING FIXTURES                                 ,CENTRAL CONSTRUCTION GROUP    ,CCG-CDC CONSTRUCTION                              ,FA_TRAN             
0041-0010601000051            ,SOLAR STREET LIGHTS                                         ,     19849.72,06/21/2025,LIGHTING FIXTURES                                 ,CENTRAL CONSTRUCTION GROUP    ,CCG-CDC CONSTRUCTION                              ,FA_TRAN             
0041-0010601000052            ,SOLAR STREET LIGHTS                                         ,     19849.72,06/21/2025,LIGHTING FIXTURES                                 ,CENTRAL CONSTRUCTION GROUP    ,CCG-CDC CONSTRUCTION                              ,FA_TRAN             
0041-0010601000053            ,SOLAR STREET LIGHTS                                         ,     19849.72,06/21/2025,LIGHTING FIXTURES                                 ,CENTRAL CONSTRUCTION GROUP    ,CCG-CDC CONSTRUCTION                              ,FA_TRAN             
0041-0010601000054            ,SOLAR STREET LIGHTS                                         ,     19849.72,06/21/2025,LIGHTING FIXTURES                                 ,CENTRAL CONSTRUCTION GROUP    ,CCG-CDC CONSTRUCTION                              ,FA_TRAN             
0041-0010601000055            ,SOLAR STREET LIGHTS                                         ,     19849.72,06/21/2025,LIGHTING FIXTURES                                 ,CENTRAL CONSTRUCTION GROUP    ,CCG-CDC CONSTRUCTION                              ,FA_TRAN             
0041-0010601000056            ,SOLAR STREET LIGHTS                                         ,     19849.72,06/21/2025,LIGHTING FIXTURES                                 ,CENTRAL CONSTRUCTION GROUP    ,CCG-CDC CONSTRUCTION                              ,FA_TRAN             
0041-0010601000057            ,SOLAR STREET LIGHTS                                         ,     19849.72,06/21/2025,LIGHTING FIXTURES                                 ,CENTRAL CONSTRUCTION GROUP    ,CCG-CDC CONSTRUCTION                              ,FA_TRAN             
0041-0010601000058            ,SOLAR STREET LIGHTS                                         ,     19849.72,06/21/2025,LIGHTING FIXTURES                                 ,CENTRAL CONSTRUCTION GROUP    ,CCG-CDC CONSTRUCTION                              ,FA_TRAN             
0041-0010601000059            ,SOLAR STREET LIGHTS                                         ,     19849.72,06/21/2025,LIGHTING FIXTURES                                 ,CENTRAL CONSTRUCTION GROUP    ,CCG-CDC CONSTRUCTION                              ,FA_TRAN             
0041-0010601100001            ,LIGHT POLE                                                  ,      9527.86,06/21/2025,LIGHTING FIXTURES                                 ,CENTRAL CONSTRUCTION GROUP    ,CCG-CDC CONSTRUCTION                              ,FA_TRAN             
0041-0010601100002            ,LIGHT POLE                                                  ,      9527.86,06/21/2025,LIGHTING FIXTURES                                 ,CENTRAL CONSTRUCTION GROUP    ,CCG-CDC CONSTRUCTION                              ,FA_TRAN             
0041-0010601100003            ,LIGHT POLE                                                  ,      9527.86,06/21/2025,LIGHTING FIXTURES                                 ,CENTRAL CONSTRUCTION GROUP    ,CCG-CDC CONSTRUCTION                              ,FA_TRAN             
0041-0010601100004            ,LIGHT POLE                                                  ,      9527.86,06/21/2025,LIGHTING FIXTURES                                 ,CENTRAL CONSTRUCTION GROUP    ,CCG-CDC CONSTRUCTION                              ,FA_TRAN             
0041-0010601100005            ,LIGHT POLE                                                  ,      9527.86,06/21/2025,LIGHTING FIXTURES                                 ,CENTRAL CONSTRUCTION GROUP    ,CCG-CDC CONSTRUCTION                              ,FA_TRAN             
0041-0010601100006            ,LIGHT POLE                                                  ,      9527.86,06/21/2025,LIGHTING FIXTURES                                 ,CENTRAL CONSTRUCTION GROUP    ,CCG-CDC CONSTRUCTION                              ,FA_TRAN             
0041-0010601100007            ,LIGHT POLE                                                  ,      9527.86,06/21/2025,LIGHTING FIXTURES                                 ,CENTRAL CONSTRUCTION GROUP    ,CCG-CDC CONSTRUCTION                              ,FA_TRAN             
0041-0010601100008            ,LIGHT POLE                                                  ,      9527.86,06/21/2025,LIGHTING FIXTURES                                 ,CENTRAL CONSTRUCTION GROUP    ,CCG-CDC CONSTRUCTION                              ,FA_TRAN             
0041-0010601100009            ,LIGHT POLE                                                  ,      9527.86,06/21/2025,LIGHTING FIXTURES                                 ,CENTRAL CONSTRUCTION GROUP    ,CCG-CDC CONSTRUCTION                              ,FA_TRAN             
0041-0010601100010            ,LIGHT POLE                                                  ,      9527.86,06/21/2025,LIGHTING FIXTURES                                 ,CENTRAL CONSTRUCTION GROUP    ,CCG-CDC CONSTRUCTION                              ,FA_TRAN             
0041-0010601100011            ,LIGHT POLE                                                  ,      9527.86,06/21/2025,LIGHTING FIXTURES                                 ,CENTRAL CONSTRUCTION GROUP    ,CCG-CDC CONSTRUCTION                              ,FA_TRAN             
0041-0010601100012            ,LIGHT POLE                                                  ,      9527.86,06/21/2025,LIGHTING FIXTURES                                 ,CENTRAL CONSTRUCTION GROUP    ,CCG-CDC CONSTRUCTION                              ,FA_TRAN             
0041-0010601100013            ,LIGHT POLE                                                  ,      9527.86,06/21/2025,LIGHTING FIXTURES                                 ,CENTRAL CONSTRUCTION GROUP    ,CCG-CDC CONSTRUCTION                              ,FA_TRAN             
0041-0010601100014            ,LIGHT POLE                                                  ,      9527.86,06/21/2025,LIGHTING FIXTURES                                 ,CENTRAL CONSTRUCTION GROUP    ,CCG-CDC CONSTRUCTION                              ,FA_TRAN             
0041-0010601100015            ,LIGHT POLE                                                  ,      9527.86,06/21/2025,LIGHTING FIXTURES                                 ,CENTRAL CONSTRUCTION GROUP    ,CCG-CDC CONSTRUCTION                              ,FA_TRAN             
0041-0010601100016            ,LIGHT POLE                                                  ,      9527.86,06/21/2025,LIGHTING FIXTURES                                 ,CENTRAL CONSTRUCTION GROUP    ,CCG-CDC CONSTRUCTION                              ,FA_TRAN             
0041-0010601100017            ,LIGHT POLE                                                  ,      9527.86,06/21/2025,LIGHTING FIXTURES                                 ,CENTRAL CONSTRUCTION GROUP    ,CCG-CDC CONSTRUCTION                              ,FA_TRAN             
0041-0010601100018            ,LIGHT POLE                                                  ,      9527.86,06/21/2025,LIGHTING FIXTURES                                 ,CENTRAL CONSTRUCTION GROUP    ,CCG-CDC CONSTRUCTION                              ,FA_TRAN             
0041-0010601100019            ,LIGHT POLE                                                  ,      9527.86,06/21/2025,LIGHTING FIXTURES                                 ,CENTRAL CONSTRUCTION GROUP    ,CCG-CDC CONSTRUCTION                              ,FA_TRAN             
0041-0010601100020            ,LIGHT POLE                                                  ,      9527.86,06/21/2025,LIGHTING FIXTURES                                 ,CENTRAL CONSTRUCTION GROUP    ,CCG-CDC CONSTRUCTION                              ,FA_TRAN             
0041-0010601100021            ,LIGHT POLE                                                  ,      9527.86,06/21/2025,LIGHTING FIXTURES                                 ,CENTRAL CONSTRUCTION GROUP    ,CCG-CDC CONSTRUCTION                              ,FA_TRAN             
0041-0010601100022            ,LIGHT POLE                                                  ,      9527.86,06/21/2025,LIGHTING FIXTURES                                 ,CENTRAL CONSTRUCTION GROUP    ,CCG-CDC CONSTRUCTION                              ,FA_TRAN             
0041-0010601100023            ,LIGHT POLE                                                  ,      9527.86,06/21/2025,LIGHTING FIXTURES                                 ,CENTRAL CONSTRUCTION GROUP    ,CCG-CDC CONSTRUCTION                              ,FA_TRAN             
0041-0010601100024            ,LIGHT POLE                                                  ,      9527.86,06/21/2025,LIGHTING FIXTURES                                 ,CENTRAL CONSTRUCTION GROUP    ,CCG-CDC CONSTRUCTION                              ,FA_TRAN             
0041-0010601100025            ,LIGHT POLE                                                  ,      9527.86,06/21/2025,LIGHTING FIXTURES                                 ,CENTRAL CONSTRUCTION GROUP    ,CCG-CDC CONSTRUCTION                              ,FA_TRAN             
0041-0010601100026            ,LIGHT POLE                                                  ,      9527.86,06/21/2025,LIGHTING FIXTURES                                 ,CENTRAL CONSTRUCTION GROUP    ,CCG-CDC CONSTRUCTION                              ,FA_TRAN             
0041-0010601100027            ,LIGHT POLE                                                  ,      9527.86,06/21/2025,LIGHTING FIXTURES                                 ,CENTRAL CONSTRUCTION GROUP    ,CCG-CDC CONSTRUCTION                              ,FA_TRAN             
0041-0010601100028            ,LIGHT POLE                                                  ,      9527.86,06/21/2025,LIGHTING FIXTURES                                 ,CENTRAL CONSTRUCTION GROUP    ,CCG-CDC CONSTRUCTION                              ,FA_TRAN             
0041-0010601100029            ,LIGHT POLE                                                  ,      9527.86,06/21/2025,LIGHTING FIXTURES                                 ,CENTRAL CONSTRUCTION GROUP    ,CCG-CDC CONSTRUCTION                              ,FA_TRAN             
0041-0010601100030            ,LIGHT POLE                                                  ,      9527.86,06/21/2025,LIGHTING FIXTURES                                 ,CENTRAL CONSTRUCTION GROUP    ,CCG-CDC CONSTRUCTION                              ,FA_TRAN             
0041-0010601100031            ,LIGHT POLE                                                  ,      9527.86,06/21/2025,LIGHTING FIXTURES                                 ,CENTRAL CONSTRUCTION GROUP    ,CCG-CDC CONSTRUCTION                              ,FA_TRAN             
0041-0010601100032            ,LIGHT POLE                                                  ,      9527.86,06/21/2025,LIGHTING FIXTURES                                 ,CENTRAL CONSTRUCTION GROUP    ,CCG-CDC CONSTRUCTION                              ,FA_TRAN             
0041-0010601100033            ,LIGHT POLE                                                  ,      9527.86,06/21/2025,LIGHTING FIXTURES                                 ,CENTRAL CONSTRUCTION GROUP    ,CCG-CDC CONSTRUCTION                              ,FA_TRAN             
0041-0010601100034            ,LIGHT POLE                                                  ,      9527.86,06/21/2025,LIGHTING FIXTURES                                 ,CENTRAL CONSTRUCTION GROUP    ,CCG-CDC CONSTRUCTION                              ,FA_TRAN             
0041-0010601100035            ,LIGHT POLE                                                  ,      9527.86,06/21/2025,LIGHTING FIXTURES                                 ,CENTRAL CONSTRUCTION GROUP    ,CCG-CDC CONSTRUCTION                              ,FA_TRAN             
0041-0010601100036            ,LIGHT POLE                                                  ,      9527.86,06/21/2025,LIGHTING FIXTURES                                 ,CENTRAL CONSTRUCTION GROUP    ,CCG-CDC CONSTRUCTION                              ,FA_TRAN             
0041-0010601100037            ,LIGHT POLE                                                  ,      9527.86,06/21/2025,LIGHTING FIXTURES                                 ,CENTRAL CONSTRUCTION GROUP    ,CCG-CDC CONSTRUCTION                              ,FA_TRAN             
0041-0010601100038            ,LIGHT POLE                                                  ,      9527.86,06/21/2025,LIGHTING FIXTURES                                 ,CENTRAL CONSTRUCTION GROUP    ,CCG-CDC CONSTRUCTION                              ,FA_TRAN             
0041-0010601100039            ,LIGHT POLE                                                  ,      9527.86,06/21/2025,LIGHTING FIXTURES                                 ,CENTRAL CONSTRUCTION GROUP    ,CCG-CDC CONSTRUCTION                              ,FA_TRAN             
0041-0010601100040            ,LIGHT POLE                                                  ,      9527.86,06/21/2025,LIGHTING FIXTURES                                 ,CENTRAL CONSTRUCTION GROUP    ,CCG-CDC CONSTRUCTION                              ,FA_TRAN             
0041-0010601100041            ,LIGHT POLE                                                  ,      9527.86,06/21/2025,LIGHTING FIXTURES                                 ,CENTRAL CONSTRUCTION GROUP    ,CCG-CDC CONSTRUCTION                              ,FA_TRAN             
0041-0010601100042            ,LIGHT POLE                                                  ,      9527.86,06/21/2025,LIGHTING FIXTURES                                 ,CENTRAL CONSTRUCTION GROUP    ,CCG-CDC CONSTRUCTION                              ,FA_TRAN             
0041-0010601100043            ,LIGHT POLE                                                  ,      9527.86,06/21/2025,LIGHTING FIXTURES                                 ,CENTRAL CONSTRUCTION GROUP    ,CCG-CDC CONSTRUCTION                              ,FA_TRAN             
0041-0010601100044            ,LIGHT POLE                                                  ,      9527.86,06/21/2025,LIGHTING FIXTURES                                 ,CENTRAL CONSTRUCTION GROUP    ,CCG-CDC CONSTRUCTION                              ,FA_TRAN             
0041-0010601100045            ,LIGHT POLE                                                  ,      9527.86,06/21/2025,LIGHTING FIXTURES                                 ,CENTRAL CONSTRUCTION GROUP    ,CCG-CDC CONSTRUCTION                              ,FA_TRAN             
0041-0010601100046            ,LIGHT POLE                                                  ,      9527.86,06/21/2025,LIGHTING FIXTURES                                 ,CENTRAL CONSTRUCTION GROUP    ,CCG-CDC CONSTRUCTION                              ,FA_TRAN             
0041-0010601100047            ,LIGHT POLE                                                  ,      9527.86,06/21/2025,LIGHTING FIXTURES                                 ,CENTRAL CONSTRUCTION GROUP    ,CCG-CDC CONSTRUCTION                              ,FA_TRAN             
0041-0010601100048            ,LIGHT POLE                                                  ,      9527.86,06/21/2025,LIGHTING FIXTURES                                 ,CENTRAL CONSTRUCTION GROUP    ,CCG-CDC CONSTRUCTION                              ,FA_TRAN             
0041-0010601100049            ,LIGHT POLE                                                  ,      9527.86,06/21/2025,LIGHTING FIXTURES                                 ,CENTRAL CONSTRUCTION GROUP    ,CCG-CDC CONSTRUCTION                              ,FA_TRAN             
0041-0010601100050            ,LIGHT POLE                                                  ,      9527.86,06/21/2025,LIGHTING FIXTURES                                 ,CENTRAL CONSTRUCTION GROUP    ,CCG-CDC CONSTRUCTION                              ,FA_TRAN             
0041-0010601100051            ,LIGHT POLE                                                  ,      9527.86,06/21/2025,LIGHTING FIXTURES                                 ,CENTRAL CONSTRUCTION GROUP    ,CCG-CDC CONSTRUCTION                              ,FA_TRAN             
0041-0010601100052            ,LIGHT POLE                                                  ,      9527.86,06/21/2025,LIGHTING FIXTURES                                 ,CENTRAL CONSTRUCTION GROUP    ,CCG-CDC CONSTRUCTION                              ,FA_TRAN             
0041-0010601100053            ,LIGHT POLE                                                  ,      9527.86,06/21/2025,LIGHTING FIXTURES                                 ,CENTRAL CONSTRUCTION GROUP    ,CCG-CDC CONSTRUCTION                              ,FA_TRAN             
0041-0010601100054            ,LIGHT POLE                                                  ,      9527.86,06/21/2025,LIGHTING FIXTURES                                 ,CENTRAL CONSTRUCTION GROUP    ,CCG-CDC CONSTRUCTION                              ,FA_TRAN             
0041-0010601100055            ,LIGHT POLE                                                  ,      9527.86,06/21/2025,LIGHTING FIXTURES                                 ,CENTRAL CONSTRUCTION GROUP    ,CCG-CDC CONSTRUCTION                              ,FA_TRAN             
0041-0010601100056            ,LIGHT POLE                                                  ,      9527.86,06/21/2025,LIGHTING FIXTURES                                 ,CENTRAL CONSTRUCTION GROUP    ,CCG-CDC CONSTRUCTION                              ,FA_TRAN             
0041-0010601100057            ,LIGHT POLE                                                  ,      9527.86,06/21/2025,LIGHTING FIXTURES                                 ,CENTRAL CONSTRUCTION GROUP    ,CCG-CDC CONSTRUCTION                              ,FA_TRAN             
0041-0010601100058            ,LIGHT POLE                                                  ,      9527.86,06/21/2025,LIGHTING FIXTURES                                 ,CENTRAL CONSTRUCTION GROUP    ,CCG-CDC CONSTRUCTION                              ,FA_TRAN             
0041-0010601100059            ,LIGHT POLE                                                  ,      9527.86,06/21/2025,LIGHTING FIXTURES                                 ,CENTRAL CONSTRUCTION GROUP    ,CCG-CDC CONSTRUCTION                              ,FA_TRAN             
0041-0010852500001            ,DIGITAL CLAMP METER( NEW STAR UP-204+)                      ,      5588.39,07/02/2025,OTHERS                                            ,MFI-GP FARM                   ,GPF-ADMIN                                         ,FAACQ               
0041-0011184400001            ,MAKITA ANGLE GRINDER                                        ,      3481.25,07/02/2025,GRINDER                                           ,MFI-GP FARM                   ,GPF-ADMIN                                         ,FAACQ               
0041-0011186400001            ,STANLEY SOCKET SET                                          ,      6160.49,07/02/2025,OTHERS                                            ,MFI-GP FARM                   ,GPF-ADMIN                                         ,FAACQ               
0041-0011190700001            ,BERNMANN B-02 COMBINATION SET                               ,      5499.78,07/02/2025,OTHERS                                            ,MFI-GP FARM                   ,GPF-ADMIN                                         ,FAACQ               
0041-0011195000001            ,STANLEY ELECTRIC BLOWER                                     ,      3124.78,07/02/2025,BLOWER                                            ,MFI-GP FARM                   ,GPF-ADMIN                                         ,FAACQ               
0041-0011198900001            ,KYK CORDLESS IMPACK DRILL 1/2                               ,      6874.11,07/02/2025,DRILL                                             ,MFI-GP FARM                   ,GPF-ADMIN                                         ,FAACQ               
0041-0011563200001            ,ALPHA HEATER LH-1000                                        ,      5446.43,07/04/2025,HEATER                                            ,MFI-GP FARM                   ,GPF-ADMIN                                         ,FAACQ               
0041-0011563200002            ,ALPHA HEATER LH-1000                                        ,      5446.43,07/04/2025,HEATER                                            ,MFI-GP FARM                   ,GPF-ADMIN                                         ,FAACQ               
0041-0011563200003            ,ALPHA HEATER LH-1000                                        ,      5446.43,07/04/2025,HEATER                                            ,MFI-GP FARM                   ,GPF-ADMIN                                         ,FAACQ               
0041-0011563200004            ,ALPHA HEATER LH-1000                                        ,      5446.43,07/04/2025,HEATER                                            ,MFI-GP FARM                   ,GPF-ADMIN                                         ,FAACQ               
0041-0011563200005            ,ALPHA HEATER LH-1000                                        ,      5446.43,07/04/2025,HEATER                                            ,MFI-GP FARM                   ,GPF-ADMIN                                         ,FAACQ               
0041-0011563200006            ,ALPHA HEATER LH-1000                                        ,      5446.43,07/04/2025,HEATER                                            ,MFI-GP FARM                   ,GPF-ADMIN                                         ,FAACQ               
0041-0011563200007            ,ALPHA HEATER LH-1000                                        ,      5446.43,07/04/2025,HEATER                                            ,MFI-GP FARM                   ,GPF-ADMIN                                         ,FAACQ               
0041-0011563200008            ,ALPHA HEATER LH-1000                                        ,      5446.43,07/04/2025,HEATER                                            ,MFI-GP FARM                   ,GPF-ADMIN                                         ,FAACQ               
0041-0011563200009            ,ALPHA HEATER LH-1000                                        ,      5446.43,07/04/2025,HEATER                                            ,MFI-GP FARM                   ,GPF-ADMIN                                         ,FAACQ               
0041-0011563200010            ,ALPHA HEATER LH-1000                                        ,      5446.43,07/04/2025,HEATER                                            ,MFI-GP FARM                   ,GPF-ADMIN                                         ,FAACQ               
0041-0011563200011            ,ALPHA HEATER LH-1000                                        ,      5446.43,07/04/2025,HEATER                                            ,MFI-GP FARM                   ,GPF-ADMIN                                         ,FAACQ               
0041-0011563200012            ,ALPHA HEATER LH-1000                                        ,      5446.43,07/04/2025,HEATER                                            ,MFI-GP FARM                   ,GPF-ADMIN                                         ,FAACQ               
0041-0011563200013            ,ALPHA HEATER LH-1000                                        ,      5446.43,07/04/2025,HEATER                                            ,MFI-GP FARM                   ,GPF-ADMIN                                         ,FAACQ               
0041-0011563200014            ,ALPHA HEATER LH-1000                                        ,      5446.43,07/04/2025,HEATER                                            ,MFI-GP FARM                   ,GPF-ADMIN                                         ,FAACQ               
0041-0011563200015            ,ALPHA HEATER LH-1000                                        ,      5446.43,07/04/2025,HEATER                                            ,MFI-GP FARM                   ,GPF-ADMIN                                         ,FAACQ               
0041-0011224500001            ,CAMEL INDUCTION STOVE                                       ,      2781.25,07/11/2025,STOVE                                             ,MFI-GP FARM                   ,GPF-ADMIN                                         ,FAACQ               
0041-0011224500002            ,CAMEL INDUCTION STOVE                                       ,      2781.25,07/11/2025,STOVE                                             ,MFI-GP FARM                   ,GPF-ADMIN                                         ,FAACQ               
0041-0011224500003            ,CAMEL INDUCTION STOVE                                       ,      2781.25,07/11/2025,STOVE                                             ,MFI-GP FARM                   ,GPF-ADMIN                                         ,FAACQ               
0041-0011231800001            ,HANABISHI INDUCTION COOKER #HIC-40                          ,      2319.64,07/11/2025,OTHERS                                            ,MFI-GP FARM                   ,GPF-ADMIN                                         ,FAACQ               
0041-0012222100001            ,LOTUS DRILL DRIVER                                          ,      1427.86,08/01/2025,DRILL                                             ,MFI-GP FARM                   ,GPF-ADMIN                                         ,FAACQ               
0041-0009819300001            ,SUNNIK SECTIONAL WATER TANKS                                ,   1389360.00,08/01/2025,TANK                                              ,MFI-GP FARM                   ,GPF-ADMIN                                         ,FAACQ               
0041-0009782900001            ,RUIJIE 24 PORTS POE SWITCH (RG-S2915-24GT4MS-P-L)           ,     30590.00,08/06/2025,SWITCH                                            ,MFI-GP FARM                   ,GPF-ADMIN                                         ,FAACQ               
0041-0009782900002            ,RUIJIE 24 PORTS POE SWITCH (RG-S2915-24GT4MS-P-L)           ,     30590.00,08/06/2025,SWITCH                                            ,MFI-GP FARM                   ,GPF-ADMIN                                         ,FAACQ               
0041-0009782900003            ,RUIJIE 24 PORTS POE SWITCH (RG-S2915-24GT4MS-P-L)           ,     30590.00,08/06/2025,SWITCH                                            ,MFI-GP FARM                   ,GPF-ADMIN                                         ,FAACQ               
0041-0009782900004            ,RUIJIE 24 PORTS POE SWITCH (RG-S2915-24GT4MS-P-L)           ,     30590.00,08/06/2025,SWITCH                                            ,MFI-GP FARM                   ,GPF-ADMIN                                         ,FAACQ               
0041-0009782900005            ,RUIJIE 24 PORTS POE SWITCH (RG-S2915-24GT4MS-P-L)           ,     30590.00,08/06/2025,SWITCH                                            ,MFI-GP FARM                   ,GPF-ADMIN                                         ,FAACQ               
0041-0009782900006            ,RUIJIE 24 PORTS POE SWITCH (RG-S2915-24GT4MS-P-L)           ,     30590.00,08/06/2025,SWITCH                                            ,MFI-GP FARM                   ,GPF-ADMIN                                         ,FAACQ               
0041-0009782900007            ,RUIJIE 24 PORTS POE SWITCH (RG-S2915-24GT4MS-P-L)           ,     30590.00,08/06/2025,SWITCH                                            ,MFI-GP FARM                   ,GPF-ADMIN                                         ,FAACQ               
0041-0009782900008            ,RUIJIE 24 PORTS POE SWITCH (RG-S2915-24GT4MS-P-L)           ,     30590.00,08/06/2025,SWITCH                                            ,MFI-GP FARM                   ,GPF-ADMIN                                         ,FAACQ               
0041-0009782900009            ,RUIJIE 24 PORTS POE SWITCH (RG-S2915-24GT4MS-P-L)           ,     30590.00,08/06/2025,SWITCH                                            ,MFI-GP FARM                   ,GPF-ADMIN                                         ,FAACQ               
0041-0009782900010            ,RUIJIE 24 PORTS POE SWITCH (RG-S2915-24GT4MS-P-L)           ,     30590.00,08/06/2025,SWITCH                                            ,MFI-GP FARM                   ,GPF-ADMIN                                         ,FAACQ               
0041-0009782900011            ,RUIJIE 24 PORTS POE SWITCH (RG-S2915-24GT4MS-P-L)           ,     30590.00,08/06/2025,SWITCH                                            ,MFI-GP FARM                   ,GPF-ADMIN                                         ,FAACQ               
0041-0009782900012            ,RUIJIE 24 PORTS POE SWITCH (RG-S2915-24GT4MS-P-L)           ,     30590.00,08/06/2025,SWITCH                                            ,MFI-GP FARM                   ,GPF-ADMIN                                         ,FAACQ               
0041-0011827800001            ,PATCH PANEL 24 PORTS LOADED 1U WITH CABLE                   ,      4332.00,08/06/2025,SUPPLIES                                          ,MFI-GP FARM                   ,GPF-ADMIN                                         ,FAACQ               
0041-0011827800002            ,PATCH PANEL 24 PORTS LOADED 1U WITH CABLE                   ,      4332.00,08/06/2025,SUPPLIES                                          ,MFI-GP FARM                   ,GPF-ADMIN                                         ,FAACQ               
0041-0011828200001            ,RUIJIE 24 SFP PORTS SWICH (RG-CS85-24SFP/8GT8XS-D)          ,     87735.35,08/06/2025,OTHERS                                            ,MFI-GP FARM                   ,GPF-ADMIN                                         ,FAACQ               
0041-0011828700001            ,POWER MODULE (RG-PA150IB-F)                                 ,     18240.00,08/06/2025,SUPPLIES                                          ,MFI-GP FARM                   ,GPF-ADMIN                                         ,FAACQ               
0041-0011828700002            ,POWER MODULE (RG-PA150IB-F)                                 ,     18240.00,08/06/2025,SUPPLIES                                          ,MFI-GP FARM                   ,GPF-ADMIN                                         ,FAACQ               
0041-0011829000001            ,ACCESS POINT ( RUIJIE RG-RAP2260(G))                        ,      7604.75,08/06/2025,ROUTER                                            ,MFI-GP FARM                   ,GPF-ADMIN                                         ,FAACQ               
0041-0011829000002            ,ACCESS POINT ( RUIJIE RG-RAP2260(G))                        ,      7604.75,08/06/2025,ROUTER                                            ,MFI-GP FARM                   ,GPF-ADMIN                                         ,FAACQ               
0041-0011829000003            ,ACCESS POINT ( RUIJIE RG-RAP2260(G))                        ,      7604.75,08/06/2025,ROUTER                                            ,MFI-GP FARM                   ,GPF-ADMIN                                         ,FAACQ               
0041-0011829000004            ,ACCESS POINT ( RUIJIE RG-RAP2260(G))                        ,      7604.75,08/06/2025,ROUTER                                            ,MFI-GP FARM                   ,GPF-ADMIN                                         ,FAACQ               
0041-0011829000005            ,ACCESS POINT ( RUIJIE RG-RAP2260(G))                        ,      7604.75,08/06/2025,ROUTER                                            ,MFI-GP FARM                   ,GPF-ADMIN                                         ,FAACQ               
0041-0011829400001            ,ZYCOO COOFONE IP SYSTEM(T100S)                              ,     18525.00,08/06/2025,OTHERS                                            ,MFI-GP FARM                   ,GPF-ADMIN                                         ,FAACQ               
0041-0011829600001            ,ZYCOO PHONES (COOFONE H2P)                                  ,      3135.00,08/06/2025,TELEPHONE                                         ,MFI-GP FARM                   ,GPF-ADMIN                                         ,FAACQ               
0041-0011829600002            ,ZYCOO PHONES (COOFONE H2P)                                  ,      3135.00,08/06/2025,TELEPHONE                                         ,MFI-GP FARM                   ,GPF-ADMIN                                         ,FAACQ               
0041-0011829600003            ,ZYCOO PHONES (COOFONE H2P)                                  ,      3135.00,08/06/2025,TELEPHONE                                         ,MFI-GP FARM                   ,GPF-ADMIN                                         ,FAACQ               
0041-0011829600004            ,ZYCOO PHONES (COOFONE H2P)                                  ,      3135.00,08/06/2025,TELEPHONE                                         ,MFI-GP FARM                   ,GPF-ADMIN                                         ,FAACQ               
0041-0011829600005            ,ZYCOO PHONES (COOFONE H2P)                                  ,      3135.00,08/06/2025,TELEPHONE                                         ,MFI-GP FARM                   ,GPF-ADMIN                                         ,FAACQ               
0041-0011829600006            ,ZYCOO PHONES (COOFONE H2P)                                  ,      3135.00,08/06/2025,TELEPHONE                                         ,MFI-GP FARM                   ,GPF-ADMIN                                         ,FAACQ               
0041-0011829600007            ,ZYCOO PHONES (COOFONE H2P)                                  ,      3135.00,08/06/2025,TELEPHONE                                         ,MFI-GP FARM                   ,GPF-ADMIN                                         ,FAACQ               
0041-0011829600008            ,ZYCOO PHONES (COOFONE H2P)                                  ,      3135.00,08/06/2025,TELEPHONE                                         ,MFI-GP FARM                   ,GPF-ADMIN                                         ,FAACQ               
0041-0011829600009            ,ZYCOO PHONES (COOFONE H2P)                                  ,      3135.00,08/06/2025,TELEPHONE                                         ,MFI-GP FARM                   ,GPF-ADMIN                                         ,FAACQ               
0041-0011829600010            ,ZYCOO PHONES (COOFONE H2P)                                  ,      3135.00,08/06/2025,TELEPHONE                                         ,MFI-GP FARM                   ,GPF-ADMIN                                         ,FAACQ               
0041-0011829600011            ,ZYCOO PHONES (COOFONE H2P)                                  ,      3135.00,08/06/2025,TELEPHONE                                         ,MFI-GP FARM                   ,GPF-ADMIN                                         ,FAACQ               
0041-0011829600012            ,ZYCOO PHONES (COOFONE H2P)                                  ,      3135.00,08/06/2025,TELEPHONE                                         ,MFI-GP FARM                   ,GPF-ADMIN                                         ,FAACQ               
0041-0011829600013            ,ZYCOO PHONES (COOFONE H2P)                                  ,      3135.00,08/06/2025,TELEPHONE                                         ,MFI-GP FARM                   ,GPF-ADMIN                                         ,FAACQ               
0041-0011829600014            ,ZYCOO PHONES (COOFONE H2P)                                  ,      3135.00,08/06/2025,TELEPHONE                                         ,MFI-GP FARM                   ,GPF-ADMIN                                         ,FAACQ               
0041-0011829600015            ,ZYCOO PHONES (COOFONE H2P)                                  ,      3135.00,08/06/2025,TELEPHONE                                         ,MFI-GP FARM                   ,GPF-ADMIN                                         ,FAACQ               
0041-0011829600016            ,ZYCOO PHONES (COOFONE H2P)                                  ,      3135.00,08/06/2025,TELEPHONE                                         ,MFI-GP FARM                   ,GPF-ADMIN                                         ,FAACQ               
0041-0011829600017            ,ZYCOO PHONES (COOFONE H2P)                                  ,      3135.00,08/06/2025,TELEPHONE                                         ,MFI-GP FARM                   ,GPF-ADMIN                                         ,FAACQ               
0041-0011829600018            ,ZYCOO PHONES (COOFONE H2P)                                  ,      3135.00,08/06/2025,TELEPHONE                                         ,MFI-GP FARM                   ,GPF-ADMIN                                         ,FAACQ               
0041-0011829600019            ,ZYCOO PHONES (COOFONE H2P)                                  ,      3135.00,08/06/2025,TELEPHONE                                         ,MFI-GP FARM                   ,GPF-ADMIN                                         ,FAACQ               
0041-0011829600020            ,ZYCOO PHONES (COOFONE H2P)                                  ,      3135.00,08/06/2025,TELEPHONE                                         ,MFI-GP FARM                   ,GPF-ADMIN                                         ,FAACQ               
0041-0011829600021            ,ZYCOO PHONES (COOFONE H2P)                                  ,      3135.00,08/06/2025,TELEPHONE                                         ,MFI-GP FARM                   ,GPF-ADMIN                                         ,FAACQ               
0041-0011829600022            ,ZYCOO PHONES (COOFONE H2P)                                  ,      3135.00,08/06/2025,TELEPHONE                                         ,MFI-GP FARM                   ,GPF-ADMIN                                         ,FAACQ               
0041-0011829600023            ,ZYCOO PHONES (COOFONE H2P)                                  ,      3135.00,08/06/2025,TELEPHONE                                         ,MFI-GP FARM                   ,GPF-ADMIN                                         ,FAACQ               
0041-0011829600024            ,ZYCOO PHONES (COOFONE H2P)                                  ,      3135.00,08/06/2025,TELEPHONE                                         ,MFI-GP FARM                   ,GPF-ADMIN                                         ,FAACQ               
0041-0011829600025            ,ZYCOO PHONES (COOFONE H2P)                                  ,      3135.00,08/06/2025,TELEPHONE                                         ,MFI-GP FARM                   ,GPF-ADMIN                                         ,FAACQ               
0041-0011829600026            ,ZYCOO PHONES (COOFONE H2P)                                  ,      3135.00,08/06/2025,TELEPHONE                                         ,MFI-GP FARM                   ,GPF-ADMIN                                         ,FAACQ               
0041-0011829600027            ,ZYCOO PHONES (COOFONE H2P)                                  ,      3135.00,08/06/2025,TELEPHONE                                         ,MFI-GP FARM                   ,GPF-ADMIN                                         ,FAACQ               
0041-0011829600028            ,ZYCOO PHONES (COOFONE H2P)                                  ,      3135.00,08/06/2025,TELEPHONE                                         ,MFI-GP FARM                   ,GPF-ADMIN                                         ,FAACQ               
0041-0011829600029            ,ZYCOO PHONES (COOFONE H2P)                                  ,      3135.00,08/06/2025,TELEPHONE                                         ,MFI-GP FARM                   ,GPF-ADMIN                                         ,FAACQ               
0041-0011829600030            ,ZYCOO PHONES (COOFONE H2P)                                  ,      3135.00,08/06/2025,TELEPHONE                                         ,MFI-GP FARM                   ,GPF-ADMIN                                         ,FAACQ               
0041-0011829600031            ,ZYCOO PHONES (COOFONE H2P)                                  ,      3135.00,08/06/2025,TELEPHONE                                         ,MFI-GP FARM                   ,GPF-ADMIN                                         ,FAACQ               
0041-0011829600032            ,ZYCOO PHONES (COOFONE H2P)                                  ,      3135.00,08/06/2025,TELEPHONE                                         ,MFI-GP FARM                   ,GPF-ADMIN                                         ,FAACQ               
0041-0011829600033            ,ZYCOO PHONES (COOFONE H2P)                                  ,      3135.00,08/06/2025,TELEPHONE                                         ,MFI-GP FARM                   ,GPF-ADMIN                                         ,FAACQ               
0041-0011829600034            ,ZYCOO PHONES (COOFONE H2P)                                  ,      3135.00,08/06/2025,TELEPHONE                                         ,MFI-GP FARM                   ,GPF-ADMIN                                         ,FAACQ               
0041-0011829600035            ,ZYCOO PHONES (COOFONE H2P)                                  ,      3135.00,08/06/2025,TELEPHONE                                         ,MFI-GP FARM                   ,GPF-ADMIN                                         ,FAACQ               
0041-0011829800001            ,WALL MOUNT DATA CABINET 1FT WITH FANS(PREMIUM LINE          ,      9310.00,08/06/2025,OTHERS                                            ,MFI-GP FARM                   ,GPF-ADMIN                                         ,FAACQ               
0041-0011829800002            ,WALL MOUNT DATA CABINET 1FT WITH FANS(PREMIUM LINE          ,      9310.00,08/06/2025,OTHERS                                            ,MFI-GP FARM                   ,GPF-ADMIN                                         ,FAACQ               
0041-0011829800003            ,WALL MOUNT DATA CABINET 1FT WITH FANS(PREMIUM LINE          ,      9310.00,08/06/2025,OTHERS                                            ,MFI-GP FARM                   ,GPF-ADMIN                                         ,FAACQ               
0041-0011829800004            ,WALL MOUNT DATA CABINET 1FT WITH FANS(PREMIUM LINE          ,      9310.00,08/06/2025,OTHERS                                            ,MFI-GP FARM                   ,GPF-ADMIN                                         ,FAACQ               
0041-0011829800005            ,WALL MOUNT DATA CABINET 1FT WITH FANS(PREMIUM LINE          ,      9310.00,08/06/2025,OTHERS                                            ,MFI-GP FARM                   ,GPF-ADMIN                                         ,FAACQ               
0041-0011829800006            ,WALL MOUNT DATA CABINET 1FT WITH FANS(PREMIUM LINE          ,      9310.00,08/06/2025,OTHERS                                            ,MFI-GP FARM                   ,GPF-ADMIN                                         ,FAACQ               
0041-0011829800007            ,WALL MOUNT DATA CABINET 1FT WITH FANS(PREMIUM LINE          ,      9310.00,08/06/2025,OTHERS                                            ,MFI-GP FARM                   ,GPF-ADMIN                                         ,FAACQ               
0041-0011829800008            ,WALL MOUNT DATA CABINET 1FT WITH FANS(PREMIUM LINE          ,      9310.00,08/06/2025,OTHERS                                            ,MFI-GP FARM                   ,GPF-ADMIN                                         ,FAACQ               
0041-0011829800009            ,WALL MOUNT DATA CABINET 1FT WITH FANS(PREMIUM LINE          ,      9310.00,08/06/2025,OTHERS                                            ,MFI-GP FARM                   ,GPF-ADMIN                                         ,FAACQ               
0041-0011829800010            ,WALL MOUNT DATA CABINET 1FT WITH FANS(PREMIUM LINE          ,      9310.00,08/06/2025,OTHERS                                            ,MFI-GP FARM                   ,GPF-ADMIN                                         ,FAACQ               
0041-0011829800011            ,WALL MOUNT DATA CABINET 1FT WITH FANS(PREMIUM LINE          ,      9310.00,08/06/2025,OTHERS                                            ,MFI-GP FARM                   ,GPF-ADMIN                                         ,FAACQ               
0041-0011830000001            ,WALL MOUNT DATA CABINET 15U 2.5FT W/ FANS                   ,     10640.00,08/06/2025,BOX                                               ,MFI-GP FARM                   ,GPF-ADMIN                                         ,FAACQ               
0041-0011830200001            ,FTTH AERIAL DROP FLAT CABLE 2 CORE SINGLE-MODE              ,     11970.00,08/06/2025,SUPPLIES                                          ,MFI-GP FARM                   ,GPF-ADMIN                                         ,FAACQ               
0041-0011830200002            ,FTTH AERIAL DROP FLAT CABLE 2 CORE SINGLE-MODE              ,     11970.00,08/06/2025,SUPPLIES                                          ,MFI-GP FARM                   ,GPF-ADMIN                                         ,FAACQ               
0041-0011830200003            ,FTTH AERIAL DROP FLAT CABLE 2 CORE SINGLE-MODE              ,     11970.00,08/06/2025,SUPPLIES                                          ,MFI-GP FARM                   ,GPF-ADMIN                                         ,FAACQ               
0041-0011334100001            ,LG WM P1500RTW TT 15KG                                      ,     15174.11,08/18/2025,WASHING MACHINE                                   ,MFI-GP FARM                   ,GPF-ADMIN                                         ,FAACQ               
0041-0011334100002            ,LG WM P1500RTW TT 15KG                                      ,     15174.11,08/18/2025,WASHING MACHINE                                   ,MFI-GP FARM                   ,GPF-ADMIN                                         ,FAACQ               
0041-0012242400001            ,FUJIDENZO CHILLER SUD220A 22CF                              ,     49955.36,08/18/2025,CHILLER                                           ,MFI-GP FARM                   ,GPF-ADMIN                                         ,FAACQ               
0041-0012242500001            ,PANA REF NR BP272VD 9.5CF TMNF                              ,     20981.25,08/18/2025,REFRIGERATOR                                      ,MFI-GP FARM                   ,GPF-ADMIN                                         ,FAACQ               
0041-0011563200016            ,ALPHA HEATER LH-1000                                        ,      5446.43,08/27/2025,HEATER                                            ,MFI-GP FARM                   ,GPF-ADMIN                                         ,FAACQ               
0041-0011563200017            ,ALPHA HEATER LH-1000                                        ,      5446.43,08/27/2025,HEATER                                            ,MFI-GP FARM                   ,GPF-ADMIN                                         ,FAACQ               
0041-0011563200018            ,ALPHA HEATER LH-1000                                        ,      5446.43,08/27/2025,HEATER                                            ,MFI-GP FARM                   ,GPF-ADMIN                                         ,FAACQ               
0041-0011563200019            ,ALPHA HEATER LH-1000                                        ,      5446.43,08/27/2025,HEATER                                            ,MFI-GP FARM                   ,GPF-ADMIN                                         ,FAACQ               
0041-0011563200020            ,ALPHA HEATER LH-1000                                        ,      5446.43,08/27/2025,HEATER                                            ,MFI-GP FARM                   ,GPF-ADMIN                                         ,FAACQ               
0041-0011563200021            ,ALPHA HEATER LH-1000                                        ,      5446.43,08/27/2025,HEATER                                            ,MFI-GP FARM                   ,GPF-ADMIN                                         ,FAACQ               
0041-0011563200022            ,ALPHA HEATER LH-1000                                        ,      5446.43,08/27/2025,HEATER                                            ,MFI-GP FARM                   ,GPF-ADMIN                                         ,FAACQ               
0041-0011563200023            ,ALPHA HEATER LH-1000                                        ,      5446.43,08/27/2025,HEATER                                            ,MFI-GP FARM                   ,GPF-ADMIN                                         ,FAACQ               
0041-0011563200024            ,ALPHA HEATER LH-1000                                        ,      5446.43,08/27/2025,HEATER                                            ,MFI-GP FARM                   ,GPF-ADMIN                                         ,FAACQ               
0041-0011563200025            ,ALPHA HEATER LH-1000                                        ,      5446.43,08/27/2025,HEATER                                            ,MFI-GP FARM                   ,GPF-ADMIN                                         ,FAACQ               
0041-0011563200026            ,ALPHA HEATER LH-1000                                        ,      5446.43,08/27/2025,HEATER                                            ,MFI-GP FARM                   ,GPF-ADMIN                                         ,FAACQ               
0041-0011563200027            ,ALPHA HEATER LH-1000                                        ,      5446.43,08/27/2025,HEATER                                            ,MFI-GP FARM                   ,GPF-ADMIN                                         ,FAACQ               
0041-0011563200028            ,ALPHA HEATER LH-1000                                        ,      5446.43,08/27/2025,HEATER                                            ,MFI-GP FARM                   ,GPF-ADMIN                                         ,FAACQ               
0041-0011563200029            ,ALPHA HEATER LH-1000                                        ,      5446.43,08/27/2025,HEATER                                            ,MFI-GP FARM                   ,GPF-ADMIN                                         ,FAACQ               
0041-0011563200030            ,ALPHA HEATER LH-1000                                        ,      5446.43,08/27/2025,HEATER                                            ,MFI-GP FARM                   ,GPF-ADMIN                                         ,FAACQ               
0041-0012203300001            ,POWER SPRAYER 2.0HP                                         ,     27900.00,09/02/2025,POWER SPRAYER                                     ,MFI-GP FARM                   ,GPF-ADMIN                                         ,FAACQ               
0041-0012203300002            ,POWER SPRAYER 2.0HP                                         ,     27900.00,09/02/2025,POWER SPRAYER                                     ,MFI-GP FARM                   ,GPF-ADMIN                                         ,FAACQ               
0041-0012203300003            ,POWER SPRAYER 2.0HP                                         ,     27900.00,09/02/2025,POWER SPRAYER                                     ,MFI-GP FARM                   ,GPF-ADMIN                                         ,FAACQ               
0041-0012203300004            ,POWER SPRAYER 2.0HP                                         ,     27900.00,09/02/2025,POWER SPRAYER                                     ,MFI-GP FARM                   ,GPF-ADMIN                                         ,FAACQ               
0041-0012203300005            ,POWER SPRAYER 2.0HP                                         ,     27900.00,09/02/2025,POWER SPRAYER                                     ,MFI-GP FARM                   ,GPF-ADMIN                                         ,FAACQ               
0041-0007855300001            ,KARCHER CLASSIC HIGH PRESSURE CLEANERS HD 6/15-4            ,     54428.50,09/02/2025,CLEANING DEVICE                                   ,MFI-GP FARM                   ,GPF-ADMIN                                         ,FAACQ               
0041-0012202700001            ,SANYANG WOODEN DOUBLE DECK                                  ,     12129.91,09/16/2025,BED                                               ,MFI-GP FARM                   ,GPF-ADMIN                                         ,FAACQ               
0041-0012202700002            ,SANYANG WOODEN DOUBLE DECK                                  ,     12129.91,09/16/2025,BED                                               ,MFI-GP FARM                   ,GPF-ADMIN                                         ,FAACQ               
0041-0012202700003            ,SANYANG WOODEN DOUBLE DECK                                  ,     12129.91,09/16/2025,BED                                               ,MFI-GP FARM                   ,GPF-ADMIN                                         ,FAACQ               
0041-0012203200001            ,SANYANG SINGLE BED                                          ,     10120.98,09/16/2025,BED                                               ,MFI-GP FARM                   ,GPF-ADMIN                                         ,FAACQ               
0041-0012203200002            ,SANYANG SINGLE BED                                          ,     10120.98,09/16/2025,BED                                               ,MFI-GP FARM                   ,GPF-ADMIN                                         ,FAACQ               
0041-0007505300001            ,NIAGARA NON-REVERSIBLE TYPE WALL MOUNTED FAN                ,     10267.86,09/18/2025,FAN                                               ,MFI-GP FARM                   ,GPF-ADMIN                                         ,FAACQ               
0041-0007505300002            ,NIAGARA NON-REVERSIBLE TYPE WALL MOUNTED FAN                ,     10267.86,09/18/2025,FAN                                               ,MFI-GP FARM                   ,GPF-ADMIN                                         ,FAACQ               
0041-0008166400001            ,EPSON LQ310 DOT MATRIX PRINTER                              ,     14370.54,09/23/2025,PRINTER                                           ,MFI-GP FARM                   ,GPF-ADMIN                                         ,FAACQ               
0041-0008166400002            ,EPSON LQ310 DOT MATRIX PRINTER                              ,     14370.54,09/23/2025,PRINTER                                           ,MFI-GP FARM                   ,GPF-ADMIN                                         ,FAACQ               
0041-0009805300001            ,ACER LED20 K202QBI 19.5"" LED MONITOR (VGAHDMI)              ,      3258.93,09/23/2025,MONITOR                                           ,MFI-GP FARM                   ,GPF-ADMIN                                         ,FAACQ               
0041-0009805300002            ,ACER LED20 K202QBI 19.5"" LED MONITOR (VGAHDMI)              ,      3258.93,09/23/2025,MONITOR                                           ,MFI-GP FARM                   ,GPF-ADMIN                                         ,FAACQ               
0041-0011579300001            ,EPSON ECOTANK L5290 AIO PRINTER                             ,     12138.39,09/23/2025,PRINTER                                           ,MFI-GP FARM                   ,GPF-ADMIN                                         ,FAACQ               
0041-0012409700001            ,CPU SET I3                                                  ,     14776.79,09/23/2025,CPU                                               ,MFI-GP FARM                   ,GPF-ADMIN                                         ,FAACQ               
0041-0012409700002            ,CPU SET I3                                                  ,     14776.79,09/23/2025,CPU                                               ,MFI-GP FARM                   ,GPF-ADMIN                                         ,FAACQ               
0041-0012462500001            ,ALUMINUM LADDER A TYPE 7 STEPS                              ,      2544.64,09/26/2025,LADDER                                            ,MFI-GP FARM                   ,GPF-ADMIN                                         ,FAACQ               
0041-0012446900001            ,HG COOLER BOX 60LTRS                                        ,      5571.25,09/29/2025,COOLER                                            ,MFI-GP FARM                   ,GPF-ADMIN                                         ,FAACQ               
0041-0012548700001            ,HANDTRUCK HD WHEEL                                          ,      3977.68,10/10/2025,HANDTRUCK                                         ,MFI-GP FARM                   ,GPF-ADMIN                                         ,FAACQ               
0041-0012548700002            ,HANDTRUCK HD WHEEL                                          ,      3977.68,10/10/2025,HANDTRUCK                                         ,MFI-GP FARM                   ,GPF-ADMIN                                         ,FAACQ               
0041-0012534600001            ,SY DISPLAY SHELF 211041                                     ,      1566.96,10/13/2025,SHELVES                                           ,MFI-GP FARM                   ,GPF-ADMIN                                         ,FAACQ               
0041-0012534600002            ,SY DISPLAY SHELF 211041                                     ,      1566.96,10/13/2025,SHELVES                                           ,MFI-GP FARM                   ,GPF-ADMIN                                         ,FAACQ               
0041-0012531700001            ,HANABISHI ORBIT FAN                                         ,      2423.21,10/13/2025,FAN                                               ,MFI-GP FARM                   ,GPF-ADMIN                                         ,FAACQ               
0041-0012531700002            ,HANABISHI ORBIT FAN                                         ,      2423.21,10/13/2025,FAN                                               ,MFI-GP FARM                   ,GPF-ADMIN                                         ,FAACQ               
0041-0012531800001            ,D.S/FAN SIMPLY WHT # STF3-TE18                              ,      2060.71,10/13/2025,FAN                                               ,MFI-GP FARM                   ,GPF-ADMIN                                         ,FAACQ               
0041-0012531800002            ,D.S/FAN SIMPLY WHT # STF3-TE18                              ,      2060.71,10/13/2025,FAN                                               ,MFI-GP FARM                   ,GPF-ADMIN                                         ,FAACQ               
0041-0012531800003            ,D.S/FAN SIMPLY WHT # STF3-TE18                              ,      2060.71,10/13/2025,FAN                                               ,MFI-GP FARM                   ,GPF-ADMIN                                         ,FAACQ               
0041-0012531800004            ,D.S/FAN SIMPLY WHT # STF3-TE18                              ,      2060.71,10/13/2025,FAN                                               ,MFI-GP FARM                   ,GPF-ADMIN                                         ,FAACQ               
0041-0012531800005            ,D.S/FAN SIMPLY WHT # STF3-TE18                              ,      2060.71,10/13/2025,FAN                                               ,MFI-GP FARM                   ,GPF-ADMIN                                         ,FAACQ               
0041-0012532000001            ,EUREKA WATER DISP. EUROBEST                                 ,      4375.00,10/13/2025,DISPENSER                                         ,MFI-GP FARM                   ,GPF-ADMIN                                         ,FAACQ               
0041-0012537700001            ,1TB SEAGATE STKY1000400 ONE TOUCH SLIM 2.5""                 ,      3348.21,10/13/2025,HARD DISK                                         ,MFI-GP FARM                   ,GPF-ADMIN                                         ,FAACQ               
0041-0005191700001            ,BLOWER STANLEY                                              ,      2499.82,10/13/2025,TOOLS                                             ,MFI-BREEDER SUBAYON BILAR     ,BSB-SUBAYON ADMIN                                 ,FA_TRAN             
0041-0007968400002            ,CPU SET CORE I3                                             ,     15312.50,10/15/2025,CPU                                               ,MFI-GP FARM                   ,GPF-ADMIN                                         ,FAACQ               
0041-0007968400003            ,CPU SET CORE I3                                             ,     15312.50,10/15/2025,CPU                                               ,MFI-GP FARM                   ,GPF-ADMIN                                         ,FAACQ               
0041-0007968400004            ,CPU SET CORE I3                                             ,     15312.50,10/15/2025,CPU                                               ,MFI-GP FARM                   ,GPF-ADMIN                                         ,FAACQ               
0041-0009805300003            ,ACER LED20 K202QBI 19.5"" LED MONITOR (VGAHDMI)              ,      3258.93,10/15/2025,MONITOR                                           ,MFI-GP FARM                   ,GPF-ADMIN                                         ,FAACQ               
0041-0009805300004            ,ACER LED20 K202QBI 19.5"" LED MONITOR (VGAHDMI)              ,      3258.93,10/15/2025,MONITOR                                           ,MFI-GP FARM                   ,GPF-ADMIN                                         ,FAACQ               
0041-0009805300005            ,ACER LED20 K202QBI 19.5"" LED MONITOR (VGAHDMI)              ,      3258.93,10/15/2025,MONITOR                                           ,MFI-GP FARM                   ,GPF-ADMIN                                         ,FAACQ               
0070-0006111700003            ,FUJI DIGITAL WEIGHING SCALE 400 KILOS CAPACITY              ,     90848.22,04/03/2024,WEIGHING SCALE                                    ,MFI-PIGGERY UNTAGA            ,PIGGERY UNTAGA-MAIN ADMIN                         ,FA_TRAN             
0070-0010191200004            ,EJ 230V 500 GPM 110PSI                                      ,    240670.00,01/02/2025,PUMP                                              ,MFI-GP FARM                   ,GPF-ADMIN                                         ,FA_TRAN             
0041-0012203200003            ,SANYANG SINGLE BED                                          ,     10120.98,10/20/2025,BED                                               ,MFI-GP FARM                   ,GPF-ADMIN                                         ,FAACQ               
0041-0012203200004            ,SANYANG SINGLE BED                                          ,     10120.98,10/20/2025,BED                                               ,MFI-GP FARM                   ,GPF-ADMIN                                         ,FAACQ               
0041-0010243400001            ,MODULAR CRIMPER(FLUKE NETWORKS)                             ,      5349.64,08/14/2025,TOOLS                                             ,MFI-GP FARM                   ,GPF-ADMIN                                         ,FAACQ               
0041-0011829200001            ,BIOMETRIC (ZKTECO)- LX117                                   ,      5272.11,08/14/2025,BIOMETRICS                                        ,MFI-GP FARM                   ,GPF-ADMIN                                         ,FAACQ               
0041-0011829200002            ,BIOMETRIC (ZKTECO)- LX117                                   ,      5272.11,08/14/2025,BIOMETRICS                                        ,MFI-GP FARM                   ,GPF-ADMIN                                         ,FAACQ               
0041-0011829200003            ,BIOMETRIC (ZKTECO)- LX117                                   ,      5272.11,08/14/2025,BIOMETRICS                                        ,MFI-GP FARM                   ,GPF-ADMIN                                         ,FAACQ               
0041-0011829200004            ,BIOMETRIC (ZKTECO)- LX117                                   ,      5272.11,08/14/2025,BIOMETRICS                                        ,MFI-GP FARM                   ,GPF-ADMIN                                         ,FAACQ               
0041-0011829200005            ,BIOMETRIC (ZKTECO)- LX117                                   ,      5272.11,08/14/2025,BIOMETRICS                                        ,MFI-GP FARM                   ,GPF-ADMIN                                         ,FAACQ               
0041-0011829200006            ,BIOMETRIC (ZKTECO)- LX117                                   ,      5272.11,08/14/2025,BIOMETRICS                                        ,MFI-GP FARM                   ,GPF-ADMIN                                         ,FAACQ               
0041-0011831600001            ,19"" 1U RACK MOUNTED ODF FULLY-LOADED                        ,      3721.49,08/14/2025,OTHERS                                            ,MFI-GP FARM                   ,GPF-ADMIN                                         ,FAACQ               
0041-0011831800001            ,10 KVA UPS INPUT/OUTPUT 230 VAC 1 PHASE                     ,    170568.34,08/14/2025,OTHERS                                            ,MFI-GP FARM                   ,GPF-ADMIN                                         ,FAACQ               
0041-0011832000001            ,1 KVA UPS INPUT/OUTPUT 230 VAC 1 PHASE                      ,      5349.64,08/14/2025,OTHERS                                            ,MFI-GP FARM                   ,GPF-ADMIN                                         ,FAACQ               
0041-0011832000002            ,1 KVA UPS INPUT/OUTPUT 230 VAC 1 PHASE                      ,      5349.64,08/14/2025,OTHERS                                            ,MFI-GP FARM                   ,GPF-ADMIN                                         ,FAACQ               
0041-0011832000003            ,1 KVA UPS INPUT/OUTPUT 230 VAC 1 PHASE                      ,      5349.64,08/14/2025,OTHERS                                            ,MFI-GP FARM                   ,GPF-ADMIN                                         ,FAACQ               
0041-0011832000004            ,1 KVA UPS INPUT/OUTPUT 230 VAC 1 PHASE                      ,      5349.64,08/14/2025,OTHERS                                            ,MFI-GP FARM                   ,GPF-ADMIN                                         ,FAACQ               
0041-0011832000005            ,1 KVA UPS INPUT/OUTPUT 230 VAC 1 PHASE                      ,      5349.64,08/14/2025,OTHERS                                            ,MFI-GP FARM                   ,GPF-ADMIN                                         ,FAACQ               
0041-0011832000006            ,1 KVA UPS INPUT/OUTPUT 230 VAC 1 PHASE                      ,      5349.64,08/14/2025,OTHERS                                            ,MFI-GP FARM                   ,GPF-ADMIN                                         ,FAACQ               
0041-0011832000007            ,1 KVA UPS INPUT/OUTPUT 230 VAC 1 PHASE                      ,      5349.64,08/14/2025,OTHERS                                            ,MFI-GP FARM                   ,GPF-ADMIN                                         ,FAACQ               
0041-0011832000008            ,1 KVA UPS INPUT/OUTPUT 230 VAC 1 PHASE                      ,      5349.64,08/14/2025,OTHERS                                            ,MFI-GP FARM                   ,GPF-ADMIN                                         ,FAACQ               
0041-0011832000009            ,1 KVA UPS INPUT/OUTPUT 230 VAC 1 PHASE                      ,      5349.64,08/14/2025,OTHERS                                            ,MFI-GP FARM                   ,GPF-ADMIN                                         ,FAACQ               
0041-0011832000010            ,1 KVA UPS INPUT/OUTPUT 230 VAC 1 PHASE                      ,      5349.64,08/14/2025,OTHERS                                            ,MFI-GP FARM                   ,GPF-ADMIN                                         ,FAACQ               
0041-0011832000011            ,1 KVA UPS INPUT/OUTPUT 230 VAC 1 PHASE                      ,      5349.64,08/14/2025,OTHERS                                            ,MFI-GP FARM                   ,GPF-ADMIN                                         ,FAACQ               
0041-0011832000012            ,1 KVA UPS INPUT/OUTPUT 230 VAC 1 PHASE                      ,      5349.64,08/14/2025,OTHERS                                            ,MFI-GP FARM                   ,GPF-ADMIN                                         ,FAACQ               
0041-0011832000013            ,1 KVA UPS INPUT/OUTPUT 230 VAC 1 PHASE                      ,      5349.64,08/14/2025,OTHERS                                            ,MFI-GP FARM                   ,GPF-ADMIN                                         ,FAACQ               
0041-0011832000014            ,1 KVA UPS INPUT/OUTPUT 230 VAC 1 PHASE                      ,      5349.64,08/14/2025,OTHERS                                            ,MFI-GP FARM                   ,GPF-ADMIN                                         ,FAACQ               
0041-0011832000015            ,1 KVA UPS INPUT/OUTPUT 230 VAC 1 PHASE                      ,      5349.64,08/14/2025,OTHERS                                            ,MFI-GP FARM                   ,GPF-ADMIN                                         ,FAACQ               
0041-0011832000016            ,1 KVA UPS INPUT/OUTPUT 230 VAC 1 PHASE                      ,      5349.64,08/14/2025,OTHERS                                            ,MFI-GP FARM                   ,GPF-ADMIN                                         ,FAACQ               
0041-0011832000017            ,1 KVA UPS INPUT/OUTPUT 230 VAC 1 PHASE                      ,      5349.64,08/14/2025,OTHERS                                            ,MFI-GP FARM                   ,GPF-ADMIN                                         ,FAACQ               
0041-0011832000018            ,1 KVA UPS INPUT/OUTPUT 230 VAC 1 PHASE                      ,      5349.64,08/14/2025,OTHERS                                            ,MFI-GP FARM                   ,GPF-ADMIN                                         ,FAACQ               
0041-0011832000019            ,1 KVA UPS INPUT/OUTPUT 230 VAC 1 PHASE                      ,      5349.64,08/14/2025,OTHERS                                            ,MFI-GP FARM                   ,GPF-ADMIN                                         ,FAACQ               
0041-0011832000020            ,1 KVA UPS INPUT/OUTPUT 230 VAC 1 PHASE                      ,      5349.64,08/14/2025,OTHERS                                            ,MFI-GP FARM                   ,GPF-ADMIN                                         ,FAACQ               
0041-0012613800001            ,AV FOLDING BED 779                                          ,      3526.79,10/22/2025,BED                                               ,MFI-GP FARM                   ,GPF-ADMIN                                         ,FAACQ               
0041-0012613800002            ,AV FOLDING BED 779                                          ,      3526.79,10/22/2025,BED                                               ,MFI-GP FARM                   ,GPF-ADMIN                                         ,FAACQ               
0116-0006254100008            ,KNAPSACK SPRAYER STAINLESS                                  ,      2232.14,07/14/2025,SPRAYER                                           ,MFI-GP FARM                   ,GPF-ADMIN                                         ,FA_TRAN             
0116-0006254100009            ,KNAPSACK SPRAYER STAINLESS                                  ,      2232.14,07/14/2025,SPRAYER                                           ,MFI-GP FARM                   ,GPF-ADMIN                                         ,FA_TRAN             
0116-0006254100010            ,KNAPSACK SPRAYER STAINLESS                                  ,      2232.14,07/14/2025,SPRAYER                                           ,MFI-GP FARM                   ,GPF-ADMIN                                         ,FA_TRAN             
0041-0012242400002            ,FUJIDENZO CHILLER SUD220A 22CF                              ,     47500.00,10/09/2025,CHILLER                                           ,MFI-GP FARM                   ,GPF-ADMIN                                         ,FAACQ               
0070-0006401900008            ,MAKITA 7650H MIST BLOWER                                    ,     26167.50,11/02/2021,MACHINE                                           ,MFI-GP FARM                   ,GPF-ADMIN                                         ,FA_TRAN             
0041-0012680900001            ,85379 EUREKA WATER DISPENSER H&C ECO                        ,      5066.97,11/10/2025,DISPENSER                                         ,MFI-GP FARM                   ,GPF-ADMIN                                         ,FAACQ               
0041-0001677800001            ,LOCKER CABINET 15 DOORS                                     ,      9776.79,11/17/2025,CABINET                                           ,MFI-GP FARM                   ,GPF-ADMIN                                         ,FAACQ               
0041-0001677800002            ,LOCKER CABINET 15 DOORS                                     ,      9776.79,11/17/2025,CABINET                                           ,MFI-GP FARM                   ,GPF-ADMIN                                         ,FAACQ               
0041-0001677800003            ,LOCKER CABINET 15 DOORS                                     ,      9776.79,11/17/2025,CABINET                                           ,MFI-GP FARM                   ,GPF-ADMIN                                         ,FAACQ               
0041-0001677800004            ,LOCKER CABINET 15 DOORS                                     ,      9776.79,11/17/2025,CABINET                                           ,MFI-GP FARM                   ,GPF-ADMIN                                         ,FAACQ               
0041-0001677800005            ,LOCKER CABINET 15 DOORS                                     ,      9776.79,11/17/2025,CABINET                                           ,MFI-GP FARM                   ,GPF-ADMIN                                         ,FAACQ               
0041-0001677800006            ,LOCKER CABINET 15 DOORS                                     ,      9776.79,11/17/2025,CABINET                                           ,MFI-GP FARM                   ,GPF-ADMIN                                         ,FAACQ               
0041-0001677800007            ,LOCKER CABINET 15 DOORS                                     ,      9776.79,11/17/2025,CABINET                                           ,MFI-GP FARM                   ,GPF-ADMIN                                         ,FAACQ               
0041-0001677800008            ,LOCKER CABINET 15 DOORS                                     ,      9776.79,11/17/2025,CABINET                                           ,MFI-GP FARM                   ,GPF-ADMIN                                         ,FAACQ               
0041-0001677800009            ,LOCKER CABINET 15 DOORS                                     ,      9776.79,11/17/2025,CABINET                                           ,MFI-GP FARM                   ,GPF-ADMIN                                         ,FAACQ               
0041-0001677800010            ,LOCKER CABINET 15 DOORS                                     ,      9776.79,11/17/2025,CABINET                                           ,MFI-GP FARM                   ,GPF-ADMIN                                         ,FAACQ               
0041-0012531900001            ,W.TUBWASHER 10.5KN WDC10503BC                               ,     11605.36,11/01/2025,WASHING MACHINE                                   ,MFI-GP FARM                   ,GPF-ADMIN                                         ,FAACQ               
0041-0012462500002            ,ALUMINUM LADDER A TYPE 7 STEPS                              ,      2544.64,11/17/2025,LADDER                                            ,MFI-GP FARM                   ,GPF-ADMIN                                         ,FAACQ               
0041-0012754800001            ,EAGLE INVERTER WELDING MACHINE 200 AMP                      ,     11250.00,11/17/2025,OTHERS                                            ,MFI-GP FARM                   ,GPF-ADMIN                                         ,FAACQ               
0041-0012723100001            ,STEEL LOCKER CABINET 9 DOORS                                ,     17232.14,11/13/2025,LOCKER                                            ,MFI-GP FARM                   ,GPF-ADMIN                                         ,FAACQ               
0041-0012723100002            ,STEEL LOCKER CABINET 9 DOORS                                ,     17232.14,11/13/2025,LOCKER                                            ,MFI-GP FARM                   ,GPF-ADMIN                                         ,FAACQ               
0041-0012723100003            ,STEEL LOCKER CABINET 9 DOORS                                ,     17232.14,11/13/2025,LOCKER                                            ,MFI-GP FARM                   ,GPF-ADMIN                                         ,FAACQ               
0041-0012723100004            ,STEEL LOCKER CABINET 9 DOORS                                ,     17232.14,11/13/2025,LOCKER                                            ,MFI-GP FARM                   ,GPF-ADMIN                                         ,FAACQ               
0041-0012723100005            ,STEEL LOCKER CABINET 9 DOORS                                ,     17232.14,11/13/2025,LOCKER                                            ,MFI-GP FARM                   ,GPF-ADMIN                                         ,FAACQ               
0041-0012655200001            ,CONDURA CFRZR CCF70DCI 7CF                                  ,     13125.00,11/10/2025,FREEZER/CHILLER                                   ,MFI-GP FARM                   ,GPF-ADMIN                                         ,FAACQ               
0041-0012740500001            ,REDMI 15C 8GB RAM 256GB ROM                                 ,      5774.13,11/24/2025,CELLPHONE                                         ,MFI-GP FARM                   ,GPF-ADMIN                                         ,FAACQ               
0041-0012740500002            ,REDMI 15C 8GB RAM 256GB ROM                                 ,      5774.13,11/24/2025,CELLPHONE                                         ,MFI-GP FARM                   ,GPF-ADMIN                                         ,FAACQ               
0041-0002768300001            ,HONDA XRM 125 (4STROKE)                                     ,     74600.00,11/13/2025,MOTORCYCLE-BRAND NEW                              ,MFI-GP FARM                   ,GPF-ADMIN                                         ,FAACQ               
0041-0012819600001            ,SY 100152 (DOUBLE DECK)                                     ,     12129.91,11/21/2025,BED                                               ,MFI-GP FARM                   ,GPF-ADMIN                                         ,FAACQ               
0041-0012820100001            ,SY 100422 (SINGLE BED)                                      ,      7031.25,11/21/2025,BED                                               ,MFI-GP FARM                   ,GPF-ADMIN                                         ,FAACQ               
0110-0009903600001            ,BRAND NEW WEICHAI(UNDER LICENSED BY DEUTZ GERMANY)          ,   2250000.00,03/06/2025,GENERATOR                                         ,MFI-GP FARM                   ,GPF-ADMIN                                         ,FA_TRAN             
FAD-0110-0009841000001        ,CATERPILLAR ELECTRIC GENSET C13                             ,   4062500.00,09/26/2024,GENERATOR                                         ,MFI-GP FARM                   ,GPF-ADMIN                                         ,FA_TRAN             
0041-0009840200001            ,SINOTRUK NX WATER TANKER CS#:M3J856                         ,   2589286.00,12/12/2025,VEHICLE                                           ,MFI-GP FARM                   ,GPF-ADMIN                                         ,FAACQ               
0012-0012424900002            ,40-DOORS CUSTOM MADE STEEL LOCKER CABINET- GRAY             ,     38839.29,12/09/2025,LOCKER                                            ,MFI-GP FARM                   ,GPF-ADMIN                                         ,FA_TRAN             
0012-0012424900003            ,40-DOORS CUSTOM MADE STEEL LOCKER CABINET- GRAY             ,     38839.29,12/09/2025,LOCKER                                            ,MFI-GP FARM                   ,GPF-ADMIN                                         ,FA_TRAN             
0012-0012424900004            ,40-DOORS CUSTOM MADE STEEL LOCKER CABINET- GRAY             ,     38839.29,12/09/2025,LOCKER                                            ,MFI-GP FARM                   ,GPF-ADMIN                                         ,FA_TRAN             
FAD-0026-0004542300020        ,CISCO IP PHONE 7821                                         ,      7738.10,10/03/2024,TELEPHONE                                         ,MFI-GP FARM                   ,GPF-ADMIN                                         ,FA_TRAN             
FAD-0026-0004542300034        ,CISCO IP PHONE 7821                                         ,      7738.10,10/03/2024,TELEPHONE                                         ,MFI-GP FARM                   ,GPF-ADMIN                                         ,FA_TRAN             
FAD-0026-0004542300040        ,CISCO IP PHONE 7821                                         ,      7738.10,10/03/2024,TELEPHONE                                         ,MFI-GP FARM                   ,GPF-ADMIN                                         ,FA_TRAN             
0041-0010135400001            ,MIDEA WASHING MACHINE MT100W130/WB 13KG TT                  ,     10176.79,01/05/2026,WASHING MACHINE                                   ,MFI-GP FARM                   ,GPF-ADMIN                                         ,FAACQ               
0041-0011477100001            ,DELL POWEREDGE T360 SERVER                                  ,    115674.11,01/12/2026,SERVER                                            ,MFI-GP FARM                   ,GPF-ADMIN                                         ,FAACQ               
0041-0010135400002            ,MIDEA WASHING MACHINE MT100W130/WB 13KG TT                  ,     10982.14,01/12/2026,WASHING MACHINE                                   ,MFI-GP FARM                   ,GPF-ADMIN                                         ,FAACQ               
0041-0010135400003            ,MIDEA WASHING MACHINE MT100W130/WB 13KG TT                  ,     10982.14,01/12/2026,WASHING MACHINE                                   ,MFI-GP FARM                   ,GPF-ADMIN                                         ,FAACQ               
0041-0010269500001            ,ACER LED MONITOR 19.5                                       ,      3258.93,01/07/2026,MONITOR                                           ,MFI-GP FARM                   ,GPF-ADMIN                                         ,FAACQ               
0041-0010269500002            ,ACER LED MONITOR 19.5                                       ,      3258.93,01/07/2026,MONITOR                                           ,MFI-GP FARM                   ,GPF-ADMIN                                         ,FAACQ               
0041-0012979100001            ,CPU SET CORE I3                                             ,     19687.50,01/07/2026,COMPUTER                                          ,MFI-GP FARM                   ,GPF-ADMIN                                         ,FAACQ               
0041-0012979100002            ,CPU SET CORE I3                                             ,     19687.50,01/07/2026,COMPUTER                                          ,MFI-GP FARM                   ,GPF-ADMIN                                         ,FAACQ               
0041-0011591700001            ,CONDURA REF CTF650I 6.3CF TMNF                              ,     13571.43,01/19/2026,REFRIGERATOR                                      ,MFI-GP FARM                   ,GPF-ADMIN                                         ,FAACQ               
0041-0008059900002            ,GRINDER                                                     ,      2039.20,01/29/2026,TOOLS                                             ,MFI-GP FARM                   ,GPF-ADMIN                                         ,FAACQ               
0041-0011351700002            ,ELECTRIC DRILL                                              ,      3356.00,01/29/2026,TOOLS                                             ,MFI-GP FARM                   ,GPF-ADMIN                                         ,FAACQ               
0041-0008166400003            ,EPSON LQ310 DOT MATRIX PRINTER                              ,     14370.54,02/24/2026,PRINTER                                           ,MFI-GP FARM                   ,GPF-ADMIN                                         ,FAACQ               
0041-0012203300006            ,POWER SPRAYER 2.0HP                                         ,     27900.00,03/26/2026,POWER SPRAYER                                     ,MFI-GP FARM                   ,GPF-ADMIN                                         ,FAACQ               
0041-0012203300007            ,POWER SPRAYER 2.0HP                                         ,     27900.00,03/26/2026,POWER SPRAYER                                     ,MFI-GP FARM                   ,GPF-ADMIN                                         ,FAACQ               
0041-0012203300008            ,POWER SPRAYER 2.0HP                                         ,     27900.00,03/26/2026,POWER SPRAYER                                     ,MFI-GP FARM                   ,GPF-ADMIN                                         ,FAACQ               
0041-0012203300009            ,POWER SPRAYER 2.0HP                                         ,     27900.00,03/26/2026,POWER SPRAYER                                     ,MFI-GP FARM                   ,GPF-ADMIN                                         ,FAACQ               
0041-0012203300010            ,POWER SPRAYER 2.0HP                                         ,     27900.00,03/26/2026,POWER SPRAYER                                     ,MFI-GP FARM                   ,GPF-ADMIN                                         ,FAACQ               
0041-0009978000001            ,MITS. FUSO CANTER FE84 CS#:FA305B                           ,   1607142.86,04/20/2026,VEHICLE                                           ,MFI-GP FARM                   ,GPF-ADMIN                                         ,FAACQ               
0041-0009978000002            ,MITS. FUSO CANTER FE84 CS#:FA208B                           ,   1607142.86,04/20/2026,VEHICLE                                           ,MFI-GP FARM                   ,GPF-ADMIN                                         ,FAACQ               
0041-0013092700001            ,SY DOUBLE DECK                                              ,     12290.63,03/19/2026,BED                                               ,MFI-GP FARM                   ,GPF-ADMIN                                         ,FAACQ               
0041-0013092700002            ,SY DOUBLE DECK                                              ,     12290.63,03/19/2026,BED                                               ,MFI-GP FARM                   ,GPF-ADMIN                                         ,FAACQ               
0041-0009531200001            ,FRP TANK 36X72 WAVE CYBER BEIGE COLOR                       ,     80000.00,04/01/2026,TANK                                              ,MFI-GP FARM                   ,GPF-ADMIN                                         ,FAACQ               
0041-0011048200001            ,BRINE TANK 290 L (WHITE)                                    ,     12000.00,04/01/2026,TANK                                              ,MFI-GP FARM                   ,GPF-ADMIN                                         ,FAACQ               
0041-0012761500001            ,RUXIN DIGITAL HEAD F77A3 SOFT 4"" (18M³/H) METER             ,     43500.00,04/01/2026,OTHERS                                            ,MFI-GP FARM                   ,GPF-ADMIN                                         ,FAACQ               
0041-0004879500001            ,ELECTRIC GRINDER                                            ,      3258.71,04/09/2026,GRINDER                                           ,MFI-GP FARM                   ,GPF-ADMIN                                         ,FAACQ               
0041-0004879500002            ,ELECTRIC GRINDER                                            ,      3258.71,04/09/2026,GRINDER                                           ,MFI-GP FARM                   ,GPF-ADMIN                                         ,FAACQ               
0041-0004879500003            ,ELECTRIC GRINDER                                            ,      2946.21,04/01/2026,GRINDER                                           ,MFI-GP FARM                   ,GPF-ADMIN                                         ,FAACQ               
0041-0006503200001            ,NEWSTAR UT-380TRH MULTI-TESTER                              ,      5615.18,04/01/2026,MULTI-TESTER                                      ,MFI-GP FARM                   ,GPF-ADMIN                                         ,FAACQ               
0041-0013092800001            ,URATEX MATRESS COMFORTEX 6X36X75                            ,      2249.82,04/01/2026,OTHERS                                            ,MFI-GP FARM                   ,GPF-ADMIN                                         ,FAACQ               
0041-0013092800002            ,URATEX MATRESS COMFORTEX 6X36X75                            ,      2249.82,04/01/2026,OTHERS                                            ,MFI-GP FARM                   ,GPF-ADMIN                                         ,FAACQ               
0041-0013092800003            ,URATEX MATRESS COMFORTEX 6X36X75                            ,      2249.82,04/01/2026,OTHERS                                            ,MFI-GP FARM                   ,GPF-ADMIN                                         ,FAACQ               
0041-0013092900001            ,GEN FOAM POLY 6X36X75                                       ,      2541.29,04/01/2026,OTHERS                                            ,MFI-GP FARM                   ,GPF-ADMIN                                         ,FAACQ               
0041-0013092900002            ,GEN FOAM POLY 6X36X75                                       ,      2541.29,04/01/2026,OTHERS                                            ,MFI-GP FARM                   ,GPF-ADMIN                                         ,FAACQ               
0041-0013092900003            ,GEN FOAM POLY 6X36X75                                       ,      2541.29,04/01/2026,OTHERS                                            ,MFI-GP FARM                   ,GPF-ADMIN                                         ,FAACQ               
0041-0013093000001            ,URATEX MATRESS W/ THIN COVER 4X36X75                        ,      2178.39,04/01/2026,OTHERS                                            ,MFI-GP FARM                   ,GPF-ADMIN                                         ,FAACQ               
0041-0013093000002            ,URATEX MATRESS W/ THIN COVER 4X36X75                        ,      2178.39,04/01/2026,OTHERS                                            ,MFI-GP FARM                   ,GPF-ADMIN                                         ,FAACQ               
0041-0013093000003            ,URATEX MATRESS W/ THIN COVER 4X36X75                        ,      2178.39,04/01/2026,OTHERS                                            ,MFI-GP FARM                   ,GPF-ADMIN                                         ,FAACQ               
0041-0013093000004            ,URATEX MATRESS W/ THIN COVER 4X36X75                        ,      2178.39,04/01/2026,OTHERS                                            ,MFI-GP FARM                   ,GPF-ADMIN                                         ,FAACQ               
0041-0013093100001            ,WASHING MACHINE # WMP - 624                                 ,      6627.69,04/01/2026,OTHERS                                            ,MFI-GP FARM                   ,GPF-ADMIN                                         ,FAACQ               
0041-0013093100002            ,WASHING MACHINE # WMP - 624                                 ,      6627.69,04/01/2026,OTHERS                                            ,MFI-GP FARM                   ,GPF-ADMIN                                         ,FAACQ               
0041-0013093100003            ,WASHING MACHINE # WMP - 624                                 ,      6627.69,04/01/2026,OTHERS                                            ,MFI-GP FARM                   ,GPF-ADMIN                                         ,FAACQ               
0041-0004879400001            ,ELECTRIC BLOWER                                             ,      1840.18,04/01/2026,BLOWER                                            ,MFI-GP FARM                   ,GPF-ADMIN                                         ,FAACQ               
0041-0004879400002            ,ELECTRIC BLOWER                                             ,      1840.18,04/01/2026,BLOWER                                            ,MFI-GP FARM                   ,GPF-ADMIN                                         ,FAACQ               
0116-0010000100001            ,WASSERNISSON SINGLE POINT WATER HEATER 4.5                  ,      4114.29,07/10/2024,HEATER                                            ,MFI-GP FARM                   ,GPF-ADMIN                                         ,FA_TRAN             
0116-0010000100002            ,WASSERNISSON SINGLE POINT WATER HEATER 4.5                  ,      4114.29,07/10/2024,HEATER                                            ,MFI-GP FARM                   ,GPF-ADMIN                                         ,FA_TRAN             
0116-0010000100003            ,WASSERNISSON SINGLE POINT WATER HEATER 4.5                  ,      4114.29,07/10/2024,HEATER                                            ,MFI-GP FARM                   ,GPF-ADMIN                                         ,FA_TRAN             
0041-0013254800001            ,TOPLIFT PALLET JACK HPHR711BF-III  2500 KG                  ,     14136.62,04/17/2026,PALLET TRUCK                                      ,MFI-GP FARM                   ,GPF-ADMIN                                         ,FAACQ               
0041-0013254800002            ,TOPLIFT PALLET JACK HPHR711BF-III  2500 KG                  ,     14136.62,04/17/2026,PALLET TRUCK                                      ,MFI-GP FARM                   ,GPF-ADMIN                                         ,FAACQ               
0041-0013254800003            ,TOPLIFT PALLET JACK HPHR711BF-III  2500 KG                  ,     14136.62,04/17/2026,PALLET TRUCK                                      ,MFI-GP FARM                   ,GPF-ADMIN                                         ,FAACQ               
0041-0009805300006            ,ACER LED20 K202QBI 19.5"" LED MONITOR (VGA HDMI)             ,      3258.93,05/04/2026,MONITOR                                           ,MFI-GP FARM                   ,GPF-ADMIN                                         ,FAACQ               
0041-0009805300007            ,ACER LED20 K202QBI 19.5"" LED MONITOR (VGA HDMI)             ,      3258.93,05/04/2026,MONITOR                                           ,MFI-GP FARM                   ,GPF-ADMIN                                         ,FAACQ               
0041-0009805300008            ,ACER LED20 K202QBI 19.5"" LED MONITOR (VGA HDMI)             ,      3258.93,05/04/2026,MONITOR                                           ,MFI-GP FARM                   ,GPF-ADMIN                                         ,FAACQ               
0041-0012859900001            ,CPU SET INTEL CORE I3                                       ,     23839.29,05/04/2026,CPU                                               ,MFI-GP FARM                   ,GPF-ADMIN                                         ,FAACQ               
0041-0012859900002            ,CPU SET INTEL CORE I3                                       ,     23839.29,05/04/2026,CPU                                               ,MFI-GP FARM                   ,GPF-ADMIN                                         ,FAACQ               
0041-0012859900003            ,CPU SET INTEL CORE I3                                       ,     23839.29,05/04/2026,CPU                                               ,MFI-GP FARM                   ,GPF-ADMIN                                         ,FAACQ               
0041-0013094200001            ,SWAN BRAND AIR COMPRESSOR 2 H/P SVP 202                     ,     23437.50,05/04/2026,AIR COMPRESSOR                                    ,MFI-GP FARM                   ,GPF-ADMIN                                         ,FAACQ               
0041-0013094200002            ,SWAN BRAND AIR COMPRESSOR 2 H/P SVP 202                     ,     23437.50,05/04/2026,AIR COMPRESSOR                                    ,MFI-GP FARM                   ,GPF-ADMIN                                         ,FAACQ               
0041-0013094300001            ,SWAN BRAND AIR DRYER SDE-8E                                 ,     44531.25,05/04/2026,AIR HANDLING UNIT                                 ,MFI-GP FARM                   ,GPF-ADMIN                                         ,FAACQ               
0041-0013094300002            ,SWAN BRAND AIR DRYER SDE-8E                                 ,     44531.25,05/04/2026,AIR HANDLING UNIT                                 ,MFI-GP FARM                   ,GPF-ADMIN                                         ,FAACQ               
0041-0011563200031            ,ALPHA HEATER LH-1000                                        ,      5446.43,05/11/2026,HEATER                                            ,MFI-GP FARM                   ,GPF-ADMIN                                         ,FAACQ               
0041-0011563200032            ,ALPHA HEATER LH-1000                                        ,      5446.43,05/11/2026,HEATER                                            ,MFI-GP FARM                   ,GPF-ADMIN                                         ,FAACQ               
0041-0011563200033            ,ALPHA HEATER LH-1000                                        ,      5446.43,05/11/2026,HEATER                                            ,MFI-GP FARM                   ,GPF-ADMIN                                         ,FAACQ               
0041-0011563200034            ,ALPHA HEATER LH-1000                                        ,      5446.43,05/11/2026,HEATER                                            ,MFI-GP FARM                   ,GPF-ADMIN                                         ,FAACQ               
0041-0011563200035            ,ALPHA HEATER LH-1000                                        ,      5446.43,05/11/2026,HEATER                                            ,MFI-GP FARM                   ,GPF-ADMIN                                         ,FAACQ               
0041-0011563200036            ,ALPHA HEATER LH-1000                                        ,      5446.43,05/11/2026,HEATER                                            ,MFI-GP FARM                   ,GPF-ADMIN                                         ,FAACQ               
0041-0011563200037            ,ALPHA HEATER LH-1000                                        ,      5446.43,05/11/2026,HEATER                                            ,MFI-GP FARM                   ,GPF-ADMIN                                         ,FAACQ               
0041-0011563200038            ,ALPHA HEATER LH-1000                                        ,      5446.43,05/11/2026,HEATER                                            ,MFI-GP FARM                   ,GPF-ADMIN                                         ,FAACQ               
0041-0011563200039            ,ALPHA HEATER LH-1000                                        ,      5446.43,05/11/2026,HEATER                                            ,MFI-GP FARM                   ,GPF-ADMIN                                         ,FAACQ               
0041-0011563200040            ,ALPHA HEATER LH-1000                                        ,      5446.43,05/11/2026,HEATER                                            ,MFI-GP FARM                   ,GPF-ADMIN                                         ,FAACQ               
0041-0011563200041            ,ALPHA HEATER LH-1000                                        ,      5446.43,05/11/2026,HEATER                                            ,MFI-GP FARM                   ,GPF-ADMIN                                         ,FAACQ               
0041-0011563200042            ,ALPHA HEATER LH-1000                                        ,      5446.43,05/11/2026,HEATER                                            ,MFI-GP FARM                   ,GPF-ADMIN                                         ,FAACQ               
0041-0011563200043            ,ALPHA HEATER LH-1000                                        ,      5446.43,05/11/2026,HEATER                                            ,MFI-GP FARM                   ,GPF-ADMIN                                         ,FAACQ               
0041-0011081200001            ,CARRIER A/C WCARZ006EC/EC1                                  ,     10601.79,04/30/2026,AIRCON                                            ,MFI-BREEDER SUBAYON BILAR     ,BSB-SUBAYON ADMIN                                 ,FA_TRAN             
0041-0011081200002            ,CARRIER A/C WCARZ006EC/EC1                                  ,     10601.79,04/30/2026,AIRCON                                            ,MFI-BREEDER SUBAYON BILAR     ,BSB-SUBAYON ADMIN                                 ,FA_TRAN             
0041-0013320900001            ,SOCOREX VACCINATOR 1ML HOSE TYPE                            ,      4910.71,05/28/2026,OTHERS                                            ,MFI-GP FARM                   ,GPF-ADMIN                                         ,FAACQ               
0041-0013320900002            ,SOCOREX VACCINATOR 1ML HOSE TYPE                            ,      4910.71,05/28/2026,OTHERS                                            ,MFI-GP FARM                   ,GPF-ADMIN                                         ,FAACQ               
0041-0013320900003            ,SOCOREX VACCINATOR 1ML HOSE TYPE                            ,      4910.71,05/28/2026,OTHERS                                            ,MFI-GP FARM                   ,GPF-ADMIN                                         ,FAACQ               
0041-0013320900004            ,SOCOREX VACCINATOR 1ML HOSE TYPE                            ,      4910.71,05/28/2026,OTHERS                                            ,MFI-GP FARM                   ,GPF-ADMIN                                         ,FAACQ               
0041-0013320900005            ,SOCOREX VACCINATOR 1ML HOSE TYPE                            ,      4910.71,05/28/2026,OTHERS                                            ,MFI-GP FARM                   ,GPF-ADMIN                                         ,FAACQ               
0041-0013320900006            ,SOCOREX VACCINATOR 1ML HOSE TYPE                            ,      4910.71,05/28/2026,OTHERS                                            ,MFI-BREEDER SUBAYON BILAR     ,BSB-SUBAYON ADMIN                                 ,FA_TRAN             
0041-0013320900007            ,SOCOREX VACCINATOR 1ML HOSE TYPE                            ,      4910.71,05/28/2026,OTHERS                                            ,MFI-BREEDER SUBAYON BILAR     ,BSB-SUBAYON ADMIN                                 ,FA_TRAN             
0041-0013320900008            ,SOCOREX VACCINATOR 1ML HOSE TYPE                            ,      4910.71,05/28/2026,OTHERS                                            ,MFI-BREEDER SUBAYON BILAR     ,BSB-SUBAYON ADMIN                                 ,FA_TRAN             
0041-0013320900009            ,SOCOREX VACCINATOR 1ML HOSE TYPE                            ,      4910.71,05/28/2026,OTHERS                                            ,MFI-BREEDER SUBAYON BILAR     ,BSB-SUBAYON ADMIN                                 ,FA_TRAN             
0041-0013320900010            ,SOCOREX VACCINATOR 1ML HOSE TYPE                            ,      4910.71,05/28/2026,OTHERS                                            ,MFI-BREEDER SUBAYON BILAR     ,BSB-SUBAYON ADMIN                                 ,FA_TRAN             
0041-0013339600001            ,HOT STICK 15KV 25FT. TELESCOPIC TYPE 20FT                   ,     40250.00,06/11/2026,OTHERS                                            ,MFI-GP FARM                   ,GPF-ADMIN                                         ,FAACQ               
0041-0013339700001            ,HIGH VOLTAGE GLOOVES 15KV RUBBER+LEATHER                    ,     19250.00,06/11/2026,SUPPLIES                                          ,MFI-GP FARM                   ,GPF-ADMIN                                         ,FAACQ               
0041-0000968900004            ,OFFICE TABLE                                                ,      8967.46,06/01/2026,TABLE                                             ,MFI-GP FARM                   ,GPF-ADMIN                                         ,FAACQ               
0041-0000968900005            ,OFFICE TABLE                                                ,      8967.46,06/01/2026,TABLE                                             ,MFI-GP FARM                   ,GPF-ADMIN                                         ,FAACQ               
0041-0000968900006            ,OFFICE TABLE                                                ,      8967.46,06/01/2026,TABLE                                             ,MFI-GP FARM                   ,GPF-ADMIN                                         ,FAACQ               
0041-0000968900007            ,OFFICE TABLE                                                ,      8967.46,06/01/2026,TABLE                                             ,MFI-GP FARM                   ,GPF-ADMIN                                         ,FAACQ               
0041-0013254200001            ,ALUMINUM STEP LADDER W/ HANDRALL STEP-7                     ,      2544.64,06/18/2026,LADDER                                            ,MFI-GP FARM                   ,GPF-ADMIN                                         ,FAACQ               
0041-0013254200002            ,ALUMINUM STEP LADDER W/ HANDRALL STEP-7                     ,      2544.64,06/18/2026,LADDER                                            ,MFI-GP FARM                   ,GPF-ADMIN                                         ,FAACQ               
0041-0013254200003            ,ALUMINUM STEP LADDER W/ HANDRALL STEP-7                     ,      2544.64,06/18/2026,LADDER                                            ,MFI-GP FARM                   ,GPF-ADMIN                                         ,FAACQ               
0041-0001930700001            ,PIPE WRENCH 36""                                             ,      2053.57,04/09/2026,TOOLS                                             ,MFI-GP FARM                   ,GPF-ADMIN                                         ,FAACQ               
0041-0004879400003            ,ELECTRIC BLOWER                                             ,      1853.57,04/09/2026,BLOWER                                            ,MFI-GP FARM                   ,GPF-ADMIN                                         ,FAACQ               
0041-0004879400004            ,ELECTRIC BLOWER                                             ,      1853.57,04/09/2026,BLOWER                                            ,MFI-GP FARM                   ,GPF-ADMIN                                         ,FAACQ               
0041-0004879400005            ,ELECTRIC BLOWER                                             ,      1853.57,04/09/2026,BLOWER                                            ,MFI-GP FARM                   ,GPF-ADMIN                                         ,FAACQ               
0041-0004879400006            ,ELECTRIC BLOWER                                             ,      1853.57,04/09/2026,BLOWER                                            ,MFI-GP FARM                   ,GPF-ADMIN                                         ,FAACQ               
0041-0008932400001            ,RG-RAP2260-(G) REYEE WI-FI 6 AX1800 CEILING ACCESS          ,      6473.21,07/01/2026,ROUTER                                            ,MFI-GP FARM                   ,GPF-ADMIN                                         ,FAACQ               
0041-0008932400002            ,RG-RAP2260-(G) REYEE WI-FI 6 AX1800 CEILING ACCESS          ,      6473.21,07/01/2026,ROUTER                                            ,MFI-GP FARM                   ,GPF-ADMIN                                         ,FAACQ               
0041-0008932400003            ,RG-RAP2260-(G) REYEE WI-FI 6 AX1800 CEILING ACCESS          ,      6473.21,07/01/2026,ROUTER                                            ,MFI-GP FARM                   ,GPF-ADMIN                                         ,FAACQ               
0041-0008932400004            ,RG-RAP2260-(G) REYEE WI-FI 6 AX1800 CEILING ACCESS          ,      6473.21,07/01/2026,ROUTER                                            ,MFI-GP FARM                   ,GPF-ADMIN                                         ,FAACQ               
0041-0008932400005            ,RG-RAP2260-(G) REYEE WI-FI 6 AX1800 CEILING ACCESS          ,      6473.21,07/01/2026,ROUTER                                            ,MFI-GP FARM                   ,GPF-ADMIN                                         ,FAACQ               
0041-0008932400006            ,RG-RAP2260-(G) REYEE WI-FI 6 AX1800 CEILING ACCESS          ,      6473.21,07/01/2026,ROUTER                                            ,MFI-GP FARM                   ,GPF-ADMIN                                         ,FAACQ               
0041-0008932400007            ,RG-RAP2260-(G) REYEE WI-FI 6 AX1800 CEILING ACCESS          ,      6473.21,07/01/2026,ROUTER                                            ,MFI-GP FARM                   ,GPF-ADMIN                                         ,FAACQ               
0118-0007721200005            ,NUTEX MECHANICAL SCALE                                      ,     12300.00,07/24/2024,WEIGHING SCALE                                    ,MFI-GP FARM                   ,GPF-ADMIN                                         ,FA_TRAN             
FAD-0110-0011144800001        ,NEMA-1 ATS-ADMIN                                            ,     84738.93,03/28/2025,PANEL BOARD                                       ,MFI-GP FARM                   ,GPF-ADMIN                                         ,FA_TRAN             
FAD-0110-0011145100001        ,NEMA-1 DP ADMIN                                             ,     27904.29,03/28/2025,PANEL BOARD                                       ,MFI-GP FARM                   ,GPF-ADMIN                                         ,FA_TRAN             
FAD-0110-0011145800001        ,NEMA-1 ADMIN-GP                                             ,     18311.43,03/28/2025,PANEL BOARD                                       ,MFI-GP FARM                   ,GPF-ADMIN                                         ,FA_TRAN             
FAD-0110-0011145900001        ,NEAM-1 LP-EGGROOM                                           ,     16908.93,03/28/2025,PANEL BOARD                                       ,MFI-GP FARM                   ,GPF-ADMIN                                         ,FA_TRAN             
FAD-0110-0011146100001        ,NEMA-1 LPP-GUARDHOUSE THERMOPLASTIC ENCLOSURE               ,      3260.36,03/28/2025,PANEL BOARD                                       ,MFI-GP FARM                   ,GPF-ADMIN                                         ,FA_TRAN             
FAD-0110-0011146200001        ,NEMA-1 UPS C.O THERMOPLASTIC ENCLOSURE                      ,      2143.21,03/28/2025,PANEL BOARD                                       ,MFI-GP FARM                   ,GPF-ADMIN                                         ,FA_TRAN             
FAD-0110-0011290100001        ,NEMA-1 ATS-200A3P400V                                       ,     64857.14,12/09/2025,OTHERS                                            ,MFI-GP FARM                   ,GPF-ADMIN                                         ,FA_TRAN             
FAD-0110-0011476600001        ,NEMA-1 PANELBOARD MCCB 60A 3P 15KA 400V ABB                 ,     21428.57,03/28/2025,PANEL BOARD                                       ,MFI-GP FARM                   ,GPF-ADMIN                                         ,FA_TRAN             
0110-0009291100007            ,SHIHLIN OUTDOOR  CURRENT TRANSFORMER 100/50:5               ,     36100.00,04/01/2024,TRANSFORMER                                       ,MFI-GP FARM                   ,GPF-ADMIN                                         ,FA_TRAN             
0110-0009291100008            ,SHIHLIN OUTDOOR  CURRENT TRANSFORMER 100/50:5               ,     36100.00,04/01/2024,TRANSFORMER                                       ,MFI-GP FARM                   ,GPF-ADMIN                                         ,FA_TRAN             
0110-0009291100009            ,SHIHLIN OUTDOOR  CURRENT TRANSFORMER 100/50:5               ,     36100.00,04/01/2024,TRANSFORMER                                       ,MFI-GP FARM                   ,GPF-ADMIN                                         ,FA_TRAN             
0110-0009291200007            ,SHIHLIN POTENTIAL TRANSFORMER RATIO: 8400:                  ,     42750.00,04/01/2024,TRANSFORMER                                       ,MFI-GP FARM                   ,GPF-ADMIN                                         ,FA_TRAN             
0110-0009291200008            ,SHIHLIN POTENTIAL TRANSFORMER RATIO: 8400:                  ,     42750.00,04/01/2024,TRANSFORMER                                       ,MFI-GP FARM                   ,GPF-ADMIN                                         ,FA_TRAN             
0110-0009291200009            ,SHIHLIN POTENTIAL TRANSFORMER RATIO: 8400:                  ,     42750.00,04/01/2024,TRANSFORMER                                       ,MFI-GP FARM                   ,GPF-ADMIN                                         ,FA_TRAN             
0110-0009857000001            ,25 KVA DISTRIBUTION TRANSFORMER                             ,     96900.00,07/24/2024,TRANSFORMER                                       ,MFI-GP FARM                   ,GPF-ADMIN                                         ,FA_TRAN             
0110-0009857000002            ,25 KVA DISTRIBUTION TRANSFORMER                             ,     96900.00,07/24/2024,TRANSFORMER                                       ,MFI-GP FARM                   ,GPF-ADMIN                                         ,FA_TRAN             
0110-0009857000003            ,25 KVA DISTRIBUTION TRANSFORMER                             ,     96900.00,07/24/2024,TRANSFORMER                                       ,MFI-GP FARM                   ,GPF-ADMIN                                         ,FA_TRAN             
0110-0009857000004            ,25 KVA DISTRIBUTION TRANSFORMER                             ,     96900.00,07/24/2024,TRANSFORMER                                       ,MFI-GP FARM                   ,GPF-ADMIN                                         ,FA_TRAN             
0110-0009857000005            ,25 KVA DISTRIBUTION TRANSFORMER                             ,     96900.00,07/24/2024,TRANSFORMER                                       ,MFI-GP FARM                   ,GPF-ADMIN                                         ,FA_TRAN             
0110-0009857000006            ,25 KVA DISTRIBUTION TRANSFORMER                             ,     96900.00,07/24/2024,TRANSFORMER                                       ,MFI-GP FARM                   ,GPF-ADMIN                                         ,FA_TRAN             
0110-0009857000007            ,25 KVA DISTRIBUTION TRANSFORMER                             ,     96900.00,07/24/2024,TRANSFORMER                                       ,MFI-GP FARM                   ,GPF-ADMIN                                         ,FA_TRAN             
0110-0009857000008            ,25 KVA DISTRIBUTION TRANSFORMER                             ,     96900.00,07/24/2024,TRANSFORMER                                       ,MFI-GP FARM                   ,GPF-ADMIN                                         ,FA_TRAN             
0110-0009857000009            ,25 KVA DISTRIBUTION TRANSFORMER                             ,     96900.00,07/24/2024,TRANSFORMER                                       ,MFI-GP FARM                   ,GPF-ADMIN                                         ,FA_TRAN             
0110-0008615500001            ,PANELBOARD 5HPCOMPLETE W/ CIRCUIT BREAKERSET                ,     22500.00,01/07/2025,CIRCUIT BREAKER                                   ,MFI-GP FARM                   ,GPF-ADMIN                                         ,FA_TRAN             
0110-0009382900004            ,JIYO SUBMERSIBLE PUMP MODEL JSP4R05 5HP                     ,     78000.00,01/07/2025,PUMP                                              ,MFI-GP FARM                   ,GPF-ADMIN                                         ,FA_TRAN             
0110-0011368100001            ,DISTRIBUTION TRANSFORMER 50KVA                              ,    131100.00,02/26/2025,TRANSFORMER                                       ,MFI-GP FARM                   ,GPF-ADMIN                                         ,FA_TRAN             
0110-0011368100002            ,DISTRIBUTION TRANSFORMER 50KVA                              ,    131100.00,02/26/2025,TRANSFORMER                                       ,MFI-GP FARM                   ,GPF-ADMIN                                         ,FA_TRAN             
0110-0011368100003            ,DISTRIBUTION TRANSFORMER 50KVA                              ,    131100.00,02/26/2025,TRANSFORMER                                       ,MFI-GP FARM                   ,GPF-ADMIN                                         ,FA_TRAN             
0041-0010242100001            ,COOLAIRE REFRIGERATION FOR CANTER FE84 CS#:FA208B           ,    995536.00,07/15/2026,VEHICLE                                           ,MFI-GP FARM                   ,GPF-ADMIN                                         ,FAACQ               
0041-0010242100002            ,COOLAIRE REFRIGERATION FOR CANTER FE84 CS#:FA305B           ,    995536.00,07/15/2026,VEHICLE                                           ,MFI-GP FARM                   ,GPF-ADMIN                                         ,FAACQ               
0041-0007975900001            ,BED FRAME 36X75""                                            ,     10245.54,07/16/2026,BED                                               ,MFI-GP FARM                   ,GPF-ADMIN                                         ,FAACQ               
0041-0013604800001            ,BED FOAM 36X75                                              ,      4357.14,07/16/2026,BED                                               ,MFI-GP FARM                   ,GPF-ADMIN                                         ,FAACQ               
0041-0013604900001            ,FDZ PRSN REF INVERTER 46 LITRES 'IRV 18MKS                  ,      5712.50,07/16/2026,REFRIGERATOR                                      ,MFI-GP FARM                   ,GPF-ADMIN                                         ,FAACQ               
0041-0013575100001            ,TRUE ONLINE DOUBLE CONVERSION UPS                           ,     30550.60,07/22/2026,UPS                                               ,MFI-GP FARM                   ,GPF-ADMIN                                         ,FAACQ               
0041-0013575100002            ,TRUE ONLINE DOUBLE CONVERSION UPS                           ,     30550.60,07/22/2026,UPS                                               ,MFI-GP FARM                   ,GPF-ADMIN                                         ,FAACQ               
0041-0013575100003            ,TRUE ONLINE DOUBLE CONVERSION UPS                           ,     30550.60,07/22/2026,UPS                                               ,MFI-GP FARM                   ,GPF-ADMIN                                         ,FAACQ               
0041-0013575100004            ,TRUE ONLINE DOUBLE CONVERSION UPS                           ,     30550.60,07/22/2026,UPS                                               ,MFI-GP FARM                   ,GPF-ADMIN                                         ,FAACQ               
0041-0013575100005            ,TRUE ONLINE DOUBLE CONVERSION UPS                           ,     30550.60,07/22/2026,UPS                                               ,MFI-GP FARM                   ,GPF-ADMIN                                         ,FAACQ               
0041-0013575100006            ,TRUE ONLINE DOUBLE CONVERSION UPS                           ,     30550.60,07/22/2026,UPS                                               ,MFI-GP FARM                   ,GPF-ADMIN                                         ,FAACQ               
0041-0013650100001            ,BRAUN THERMOSCAN IRT6520/IRT6520 DIGITAL EAR                ,      1963.00,07/27/2026,THERMOMETER                                       ,MFI-GP FARM                   ,GPF-ADMIN                                         ,FAACQ               
0041-0012429500001            ,HP NBK 15 FC0486AU R5                                       ,     32135.72,07/23/2026,LAPTOP                                            ,MFI-GP FARM                   ,GPF-ADMIN                                         ,FAACQ               
0041-0013666600001            ,SAMSUNG GLX A57 5G 8+256GB NVY                              ,     27669.64,07/23/2026,CELLPHONE                                         ,MFI-GP FARM                   ,GPF-ADMIN                                         ,FAACQ               
