barcode,desc,acost,adate,ast_type,cat_type,est_life,locname,dept,status
0004205100001            ,AOC MONITOR 18.5 S#DYOCC1A002644                            ,         0.00,  /  /    ,OFF. EQPT.          ,MONITOR                                           ,         3,MFI-PIGGERY                   ,PIGGERY-MAIN ADMIN                                ,                    
0004205200001            ,CPU CORE I3-4170 S#F9MOFM047878                             ,         0.00,  /  /    ,OFF. EQPT.          ,CPU                                               ,         3,MFI-PIGGERY                   ,PIGGERY-MAIN ADMIN                                ,                    
0004205300001            ,AOC MONITOR 18.5 S#KCYH51A002630                            ,         0.00,  /  /    ,OFF. EQPT.          ,MONITOR                                           ,         3,MFI-PIGGERY                   ,PIGGERY-MAIN ADMIN                                ,                    
0004205400001            ,EPSON LQ-310 S#R9FY016017                                   ,         0.00,  /  /    ,OFF. EQPT.          ,PRINTER                                           ,         3,MFI-PIGGERY                   ,PIGGERY-MAIN ADMIN                                ,                    
0004205600001            ,CPU CORE I3-7100                                            ,         0.00,  /  /    ,OFF. EQPT.          ,CPU                                               ,         3,MFI-PIGGERY                   ,PIGGERY-MAIN ADMIN                                ,                    
0004205700001            ,DELL MONITOR S#CN-VCD-64180-046-32ML                        ,         0.00,  /  /    ,OFF. EQPT.          ,MONITOR                                           ,         3,MFI-PIGGERY                   ,PIGGERY-MAIN ADMIN                                ,                    
0004205800001            ,EPSON LQ-310 S#R9FY008180                                   ,         0.00,  /  /    ,OFF. EQPT.          ,PRINTER                                           ,         3,MFI-PIGGERY                   ,PIGGERY-MAIN ADMIN                                ,                    
0004205900001            ,EPSON L360 S#VGFK369893                                     ,         0.00,  /  /    ,OFF. EQPT.          ,PRINTER                                           ,         3,MFI-PIGGERY                   ,PIGGERY-MAIN ADMIN                                ,                    
0004206000001            ,AOC LED MONITOR S#D2MC71A00228                              ,         0.00,  /  /    ,OFF. EQPT.          ,MONITOR                                           ,         3,MFI-PIGGERY                   ,PIGGERY-MAIN ADMIN                                ,                    
0004206100001            ,ASUS PENTIUM DUAL CORE CPU EG600                            ,         0.00,  /  /    ,OFF. EQPT.          ,CPU                                               ,         3,MFI-PIGGERY                   ,PIGGERY-MAIN ADMIN                                ,                    
0004206200001            ,EPSON SCANNER GT-1500 S#KSMW9196                            ,         0.00,  /  /    ,OFF. EQPT.          ,SCANNER                                           ,         3,MFI-PIGGERY                   ,PIGGERY-MAIN ADMIN                                ,                    
0004206300001            ,EPSON L220 S#VGWK086793                                     ,         0.00,  /  /    ,OFF. EQPT.          ,PRINTER                                           ,         3,MFI-PIGGERY                   ,PIGGERY-MAIN ADMIN                                ,                    
0004206400001            ,ASUS LAPTOP 14"" S#CVC53016322                               ,         0.00,  /  /    ,OFF. EQPT.          ,LAPTOP                                            ,         3,MFI-PIGGERY                   ,PIGGERY-MAIN ADMIN                                ,                    
0004206500001            ,CISCO IP PHONE 7911                                         ,         0.00,  /  /    ,OFF. EQPT.          ,TELEPHONE                                         ,         3,MFI-PIGGERY                   ,PIGGERY-MAIN ADMIN                                ,                    
0004206600001            ,EXTERNAL BATTERY EATON DX 3000H S#110720-426B0012           ,         0.00,  /  /    ,OFF. EQPT.          ,UPS                                               ,         5,MFI-PIGGERY                   ,PIGGERY-MAIN ADMIN                                ,                    
0004206700001            ,AOC MONITOR 18.5 S#ANIG81A014279                            ,         0.00,  /  /    ,OFF. EQPT.          ,MONITOR                                           ,         3,MFI-PIGGERY                   ,PIGGERY-MAIN ADMIN                                ,                    
0004206900001            ,CPU CORE I3-7100 S#GCMOKC341153                             ,         0.00,  /  /    ,OFF. EQPT.          ,CPU                                               ,         3,MFI-PIGGERY                   ,PIGGERY-MAIN ADMIN                                ,                    
0004207100001            ,AOC LED MONITOR S#CLCBBHA026023                             ,         0.00,  /  /    ,OFF. EQPT.          ,MONITOR                                           ,         3,MFI-PIGGERY                   ,PIGGERY-MAIN ADMIN                                ,                    
0004207200001            ,CPU CORE I3-7100 S#GCMOKC341622                             ,         0.00,  /  /    ,OFF. EQPT.          ,CPU                                               ,         3,MFI-PIGGERY                   ,PIGGERY-MAIN ADMIN                                ,                    
0004206500002            ,CISCO IP PHONE 7911                                         ,         0.00,  /  /    ,OFF. EQPT.          ,TELEPHONE                                         ,         3,MFI-PIGGERY                   ,PIGGERY-MAIN ADMIN                                ,                    
0004207300001            ,EPSON LQ-310 S#R9FY030037                                   ,         0.00,  /  /    ,OFF. EQPT.          ,PRINTER                                           ,         3,MFI-PIGGERY                   ,PIGGERY-MAIN ADMIN                                ,                    
0004207400001            ,CPU CORE I3-4170 S#F7MOFMD37407                             ,         0.00,  /  /    ,OFF. EQPT.          ,CPU                                               ,         3,MFI-PIGGERY                   ,PIGGERY-MAIN ADMIN                                ,                    
0004207500001            ,AOC MONITOR 18.5"" S#KCYG51A001922                           ,         0.00,  /  /    ,OFF. EQPT.          ,MONITOR                                           ,         3,MFI-PIGGERY                   ,PIGGERY-MAIN ADMIN                                ,                    
0004207600001            ,EPSON LQ-300+II S#G85Y031934                                ,         0.00,  /  /    ,OFF. EQPT.          ,PRINTER                                           ,         3,MFI-PIGGERY                   ,PIGGERY-MAIN ADMIN                                ,                    
0004207700001            ,AOC MONITOR 18.5 S#KCYG51A001825                            ,         0.00,  /  /    ,OFF. EQPT.          ,MONITOR                                           ,         3,MFI-PIGGERY                   ,PIGGERY-MAIN ADMIN                                ,                    
0004207800001            ,CPU CORE I3-4170 S#F8M0FM012288                             ,         0.00,  /  /    ,OFF. EQPT.          ,CPU                                               ,         3,MFI-PIGGERY                   ,PIGGERY-MAIN ADMIN                                ,                    
0004207900001            ,AOC MON. 18.5 S#HNDFA1A003723                               ,         0.00,  /  /    ,OFF. EQPT.          ,MONITOR                                           ,         3,MFI-PIGGERY                   ,PIGGERY-MAIN ADMIN                                ,                    
0004208000001            ,CPU CORE I3-4170 S#F9MOFM047956                             ,         0.00,  /  /    ,OFF. EQPT.          ,CPU                                               ,         3,MFI-PIGGERY                   ,PIGGERY-MAIN ADMIN                                ,                    
0004206500003            ,CISCO IP PHONE 7911                                         ,         0.00,  /  /    ,OFF. EQPT.          ,TELEPHONE                                         ,         3,MFI-PIGGERY                   ,PIGGERY-MAIN ADMIN                                ,                    
0004208100001            ,EPSON LQ-310 S#R9FY022599                                   ,         0.00,  /  /    ,OFF. EQPT.          ,PRINTER                                           ,         3,MFI-PIGGERY                   ,PIGGERY-MAIN ADMIN                                ,                    
0004208200001            ,CPU CORE I3-4170 S#F9MOFM047952                             ,         0.00,  /  /    ,OFF. EQPT.          ,CPU                                               ,         3,MFI-PIGGERY                   ,PIGGERY-MAIN ADMIN                                ,                    
0004208300001            ,AOC MON. 18.5 S#HNDFA1A003686                               ,         0.00,  /  /    ,OFF. EQPT.          ,MONITOR                                           ,         3,MFI-PIGGERY                   ,PIGGERY-MAIN ADMIN                                ,                    
0004208400001            ,AOC MONITOR 18.5 S#HNDEC1A015063                            ,         0.00,  /  /    ,OFF. EQPT.          ,MONITOR                                           ,         3,MFI-PIGGERY                   ,PIGGERY-MAIN ADMIN                                ,                    
0004208500001            ,INTEL CORE I3-2120                                          ,         0.00,  /  /    ,OFF. EQPT.          ,CPU                                               ,         3,MFI-PIGGERY                   ,PIGGERY-MAIN ADMIN                                ,                    
0000234600008            ,CANON LIDE 110 SCANNER S#024278006                          ,         0.00,  /  /    ,STR. EQPT.          ,SCANNER                                           ,         3,MFI-PIGGERY                   ,PIGGERY-MAIN ADMIN                                ,                    
0001683900060            ,B4-5 VERTICAL CABINET                                       ,         0.00,  /  /    ,FUR. & FIXT.        ,CABINET                                           ,         5,MFI-PIGGERY                   ,PIGGERY-MAIN ADMIN                                ,                    
0001683900061            ,B4-5 VERTICAL CABINET                                       ,         0.00,  /  /    ,FUR. & FIXT.        ,CABINET                                           ,         5,MFI-PIGGERY                   ,PIGGERY-MAIN ADMIN                                ,                    
0001566200002            ,HERMACO STEEL CABINET 4 DRAWER                              ,         0.00,  /  /    ,FUR. & FIXT.        ,CABINET                                           ,         5,MFI-PIGGERY                   ,PIGGERY-MAIN ADMIN                                ,                    
0004208600001            ,CARRIER AIRCON 2HP S#R17PC-1125751                          ,         0.00,  /  /    ,OFF. EQPT.          ,AIRCON                                            ,         5,MFI-PIGGERY                   ,PIGGERY-MAIN ADMIN                                ,                    
0004210100001            ,CPU CORE I3-7100 S#H5MOAB048881                             ,         0.00,  /  /    ,OFF. EQPT.          ,CPU                                               ,         3,MFI-PIGGERY                   ,PIGGERY-MAIN ADMIN                                ,                    
0004215400001            ,SKOV DEL 339                                                ,         0.00,  /  /    ,MACH. & EQPT.       ,OTHERS                                            ,         5,MFI-PIGGERY                   ,PIGGERY-GROWING                                   ,                    
0004215400002            ,SKOV DEL 339                                                ,         0.00,  /  /    ,MACH. & EQPT.       ,OTHERS                                            ,         5,MFI-PIGGERY                   ,PIGGERY-GROWING                                   ,                    
0004215400003            ,SKOV DEL 339                                                ,         0.00,  /  /    ,MACH. & EQPT.       ,OTHERS                                            ,         5,MFI-PIGGERY                   ,PIGGERY-GROWING                                   ,                    
0004215400004            ,SKOV DEL 339                                                ,         0.00,  /  /    ,MACH. & EQPT.       ,OTHERS                                            ,         5,MFI-PIGGERY                   ,PIGGERY-GROWING                                   ,                    
0004215400005            ,SKOV DEL 339                                                ,         0.00,  /  /    ,MACH. & EQPT.       ,OTHERS                                            ,         5,MFI-PIGGERY                   ,PIGGERY-GROWING                                   ,                    
0004215400006            ,SKOV DEL 339                                                ,         0.00,  /  /    ,MACH. & EQPT.       ,OTHERS                                            ,         5,MFI-PIGGERY                   ,PIGGERY-GROWING                                   ,                    
0004215400007            ,SKOV DEL 339                                                ,         0.00,  /  /    ,MACH. & EQPT.       ,OTHERS                                            ,         5,MFI-PIGGERY                   ,PIGGERY-GROWING                                   ,                    
0004215400008            ,SKOV DEL 339                                                ,         0.00,  /  /    ,MACH. & EQPT.       ,OTHERS                                            ,         5,MFI-PIGGERY                   ,PIGGERY-GROWING                                   ,                    
0004215400009            ,SKOV DEL 339                                                ,         0.00,  /  /    ,MACH. & EQPT.       ,OTHERS                                            ,         5,MFI-PIGGERY                   ,PIGGERY-GROWING                                   ,                    
0004215400010            ,SKOV DEL 339                                                ,         0.00,  /  /    ,MACH. & EQPT.       ,OTHERS                                            ,         5,MFI-PIGGERY                   ,PIGGERY-GROWING                                   ,                    
0004215400011            ,SKOV DEL 339                                                ,         0.00,  /  /    ,MACH. & EQPT.       ,OTHERS                                            ,         5,MFI-PIGGERY                   ,PIGGERY-GROWING                                   ,                    
0004215400012            ,SKOV DEL 339                                                ,         0.00,  /  /    ,MACH. & EQPT.       ,OTHERS                                            ,         5,MFI-PIGGERY                   ,PIGGERY-GROWING                                   ,                    
0004215400013            ,SKOV DEL 339                                                ,         0.00,  /  /    ,MACH. & EQPT.       ,OTHERS                                            ,         5,MFI-PIGGERY                   ,PIGGERY-GROWING                                   ,                    
0004215400014            ,SKOV DEL 339                                                ,         0.00,  /  /    ,MACH. & EQPT.       ,OTHERS                                            ,         5,MFI-PIGGERY                   ,PIGGERY-GROWING                                   ,                    
0004215400015            ,SKOV DEL 339                                                ,         0.00,  /  /    ,MACH. & EQPT.       ,OTHERS                                            ,         5,MFI-PIGGERY                   ,PIGGERY-GROWING                                   ,                    
0004215400016            ,SKOV DEL 339                                                ,         0.00,  /  /    ,MACH. & EQPT.       ,OTHERS                                            ,         5,MFI-PIGGERY                   ,PIGGERY-GROWING                                   ,                    
0004215400017            ,SKOV DEL 339                                                ,         0.00,  /  /    ,MACH. & EQPT.       ,OTHERS                                            ,         5,MFI-PIGGERY                   ,PIGGERY-GROWING                                   ,                    
0004215400018            ,SKOV DEL 339                                                ,         0.00,  /  /    ,MACH. & EQPT.       ,OTHERS                                            ,         5,MFI-PIGGERY                   ,PIGGERY-GROWING                                   ,                    
0004215400019            ,SKOV DEL 339                                                ,         0.00,  /  /    ,MACH. & EQPT.       ,OTHERS                                            ,         5,MFI-PIGGERY                   ,PIGGERY-GROWING                                   ,                    
0004215400020            ,SKOV DEL 339                                                ,         0.00,  /  /    ,MACH. & EQPT.       ,OTHERS                                            ,         5,MFI-PIGGERY                   ,PIGGERY-GROWING                                   ,                    
0004215400021            ,SKOV DEL 339                                                ,         0.00,  /  /    ,MACH. & EQPT.       ,OTHERS                                            ,         5,MFI-PIGGERY                   ,PIGGERY-GROWING                                   ,                    
0004215400022            ,SKOV DEL 339                                                ,         0.00,  /  /    ,MACH. & EQPT.       ,OTHERS                                            ,         5,MFI-PIGGERY                   ,PIGGERY-GROWING                                   ,                    
0004215400023            ,SKOV DEL 339                                                ,         0.00,  /  /    ,MACH. & EQPT.       ,OTHERS                                            ,         5,MFI-PIGGERY                   ,PIGGERY-GROWING                                   ,                    
0004215400024            ,SKOV DEL 339                                                ,         0.00,  /  /    ,MACH. & EQPT.       ,OTHERS                                            ,         5,MFI-PIGGERY                   ,PIGGERY-GROWING                                   ,                    
0004215400025            ,SKOV DEL 339                                                ,         0.00,  /  /    ,MACH. & EQPT.       ,OTHERS                                            ,         5,MFI-PIGGERY                   ,PIGGERY-GROWING                                   ,                    
0004215400026            ,SKOV DEL 339                                                ,         0.00,  /  /    ,MACH. & EQPT.       ,OTHERS                                            ,         5,MFI-PIGGERY                   ,PIGGERY-GROWING                                   ,                    
0004215400027            ,SKOV DEL 339                                                ,         0.00,  /  /    ,MACH. & EQPT.       ,OTHERS                                            ,         5,MFI-PIGGERY                   ,PIGGERY-GROWING                                   ,                    
0004215400028            ,SKOV DEL 339                                                ,         0.00,  /  /    ,MACH. & EQPT.       ,OTHERS                                            ,         5,MFI-PIGGERY                   ,PIGGERY-GROWING                                   ,                    
0004215400029            ,SKOV DEL 339                                                ,         0.00,  /  /    ,MACH. & EQPT.       ,OTHERS                                            ,         5,MFI-PIGGERY                   ,PIGGERY-GROWING                                   ,                    
0004215400030            ,SKOV DEL 339                                                ,         0.00,  /  /    ,MACH. & EQPT.       ,OTHERS                                            ,         5,MFI-PIGGERY                   ,PIGGERY-GROWING                                   ,                    
0004215400031            ,SKOV DEL 339                                                ,         0.00,  /  /    ,MACH. & EQPT.       ,OTHERS                                            ,         5,MFI-PIGGERY                   ,PIGGERY-GROWING                                   ,                    
0004215400032            ,SKOV DEL 339                                                ,         0.00,  /  /    ,MACH. & EQPT.       ,OTHERS                                            ,         5,MFI-PIGGERY                   ,PIGGERY-GROWING                                   ,                    
0004215400033            ,SKOV DEL 339                                                ,         0.00,  /  /    ,MACH. & EQPT.       ,OTHERS                                            ,         5,MFI-PIGGERY                   ,PIGGERY-GROWING                                   ,                    
0004216800001            ,SKOV 534                                                    ,         0.00,  /  /    ,MACH. & EQPT.       ,OTHERS                                            ,         5,MFI-PIGGERY                   ,PIGGERY-GROWING                                   ,                    
0004216800002            ,SKOV 534                                                    ,         0.00,  /  /    ,MACH. & EQPT.       ,OTHERS                                            ,         5,MFI-PIGGERY                   ,PIGGERY-GROWING                                   ,                    
0004216900001            ,SKOV 278                                                    ,         0.00,  /  /    ,MACH. & EQPT.       ,OTHERS                                            ,         5,MFI-PIGGERY                   ,PIGGERY-GROWING                                   ,                    
0004215500001            ,BLADDER TANK                                                ,         0.00,  /  /    ,MACH. & EQPT.       ,TANK                                              ,         5,MFI-PIGGERY                   ,PIGGERY-GROWING                                   ,                    
0004215500002            ,BLADDER TANK                                                ,         0.00,  /  /    ,MACH. & EQPT.       ,TANK                                              ,         5,MFI-PIGGERY                   ,PIGGERY-GROWING                                   ,                    
0004215500003            ,BLADDER TANK                                                ,         0.00,  /  /    ,MACH. & EQPT.       ,TANK                                              ,         5,MFI-PIGGERY                   ,PIGGERY-GROWING                                   ,                    
0004215500004            ,BLADDER TANK                                                ,         0.00,  /  /    ,MACH. & EQPT.       ,TANK                                              ,         5,MFI-PIGGERY                   ,PIGGERY-GROWING                                   ,                    
0004215500005            ,BLADDER TANK                                                ,         0.00,  /  /    ,MACH. & EQPT.       ,TANK                                              ,         5,MFI-PIGGERY                   ,PIGGERY-GROWING                                   ,                    
0002707900001            ,EBARRA WATER PUMP 10HP                                      ,         0.00,  /  /    ,MACH. & EQPT.       ,PUMP                                              ,         4,MFI-PIGGERY                   ,PIGGERY-GROWING                                   ,                    
0002707900002            ,EBARRA WATER PUMP 10HP                                      ,         0.00,  /  /    ,MACH. & EQPT.       ,PUMP                                              ,         4,MFI-PIGGERY                   ,PIGGERY-GROWING                                   ,                    
0002707900003            ,EBARRA WATER PUMP 10HP                                      ,         0.00,  /  /    ,MACH. & EQPT.       ,PUMP                                              ,         4,MFI-PIGGERY                   ,PIGGERY-GROWING                                   ,                    
0002707900004            ,EBARRA WATER PUMP 10HP                                      ,         0.00,  /  /    ,MACH. & EQPT.       ,PUMP                                              ,         4,MFI-PIGGERY                   ,PIGGERY-GROWING                                   ,                    
0002707900005            ,EBARRA WATER PUMP 10HP                                      ,         0.00,  /  /    ,MACH. & EQPT.       ,PUMP                                              ,         4,MFI-PIGGERY                   ,PIGGERY-GROWING                                   ,                    
0000989000002            ,KAWASAKI PRESSURE WASHER .5HP                               ,         0.00,  /  /    ,MACH. & EQPT.       ,PRESSURE WASHER                                   ,         2,MFI-PIGGERY                   ,PIGGERY-GROWING                                   ,                    
0000989000003            ,KAWASAKI PRESSURE WASHER .5HP                               ,         0.00,  /  /    ,MACH. & EQPT.       ,PRESSURE WASHER                                   ,         2,MFI-PIGGERY                   ,PIGGERY-GROWING                                   ,                    
0000989000004            ,KAWASAKI PRESSURE WASHER .5HP                               ,         0.00,  /  /    ,MACH. & EQPT.       ,PRESSURE WASHER                                   ,         2,MFI-PIGGERY                   ,PIGGERY-GROWING                                   ,                    
0004216100001            ,BACKPACK SPRAYER HONDA M. WJR 4025                          ,         0.00,  /  /    ,STR. EQPT.          ,SPRAYER                                           ,         3,MFI-PIGGERY                   ,PIGGERY-GROWING                                   ,                    
0001566200003            ,HERMACO STEEL CABINET 4 DRAWER                              ,         0.00,  /  /    ,FUR. & FIXT.        ,CABINET                                           ,         5,MFI-PIGGERY                   ,PIGGERY-MAIN ADMIN                                ,                    
0001566200004            ,HERMACO STEEL CABINET 4 DRAWER                              ,         0.00,  /  /    ,FUR. & FIXT.        ,CABINET                                           ,         5,MFI-PIGGERY                   ,PIGGERY-MAIN ADMIN                                ,                    
0001566200005            ,HERMACO STEEL CABINET 4 DRAWER                              ,         0.00,  /  /    ,FUR. & FIXT.        ,CABINET                                           ,         5,MFI-PIGGERY                   ,PIGGERY-MAIN ADMIN                                ,                    
0001566200006            ,HERMACO STEEL CABINET 4 DRAWER                              ,         0.00,  /  /    ,FUR. & FIXT.        ,CABINET                                           ,         5,MFI-PIGGERY                   ,PIGGERY-MAIN ADMIN                                ,                    
0000373200005            ,CASH VAULT                                                  ,         0.00,  /  /    ,FUR. & FIXT.        ,VAULT                                             ,        10,MFI-PIGGERY                   ,PIGGERY-MAIN ADMIN                                ,                    
0001570500001            ,LAMINATED OFFICE TABLE WHITE                                ,         0.00,  /  /    ,OFF. EQPT.          ,TABLE                                             ,         5,MFI-PIGGERY                   ,PIGGERY-MAIN ADMIN                                ,                    
0001570500002            ,LAMINATED OFFICE TABLE WHITE                                ,         0.00,  /  /    ,OFF. EQPT.          ,TABLE                                             ,         5,MFI-PIGGERY                   ,PIGGERY-MAIN ADMIN                                ,                    
0001570500003            ,LAMINATED OFFICE TABLE WHITE                                ,         0.00,  /  /    ,OFF. EQPT.          ,TABLE                                             ,         5,MFI-PIGGERY                   ,PIGGERY-MAIN ADMIN                                ,                    
0001570500004            ,LAMINATED OFFICE TABLE WHITE                                ,         0.00,  /  /    ,OFF. EQPT.          ,TABLE                                             ,         5,MFI-PIGGERY                   ,PIGGERY-MAIN ADMIN                                ,                    
0000447400006            ,OFFICE TABLE BROWN                                          ,         0.00,  /  /    ,FUR. & FIXT.        ,TABLE                                             ,         5,MFI-PIGGERY                   ,PIGGERY-MAIN ADMIN                                ,                    
0000447400007            ,OFFICE TABLE BROWN                                          ,         0.00,  /  /    ,FUR. & FIXT.        ,TABLE                                             ,         5,MFI-PIGGERY                   ,PIGGERY-MAIN ADMIN                                ,                    
0000412100028            ,WOODEN OFFICE TABLE                                         ,         0.00,  /  /    ,FUR. & FIXT.        ,TABLE                                             ,         5,MFI-PIGGERY                   ,PIGGERY-MAIN ADMIN                                ,                    
0000412100029            ,WOODEN OFFICE TABLE                                         ,         0.00,  /  /    ,FUR. & FIXT.        ,TABLE                                             ,         5,MFI-PIGGERY                   ,PIGGERY-MAIN ADMIN                                ,                    
0000412100030            ,WOODEN OFFICE TABLE                                         ,         0.00,  /  /    ,FUR. & FIXT.        ,TABLE                                             ,         5,MFI-PIGGERY                   ,PIGGERY-MAIN ADMIN                                ,                    
0000412100031            ,WOODEN OFFICE TABLE                                         ,         0.00,  /  /    ,FUR. & FIXT.        ,TABLE                                             ,         5,MFI-PIGGERY                   ,PIGGERY-MAIN ADMIN                                ,                    
0000412100032            ,WOODEN OFFICE TABLE                                         ,         0.00,  /  /    ,FUR. & FIXT.        ,TABLE                                             ,         5,MFI-PIGGERY                   ,PIGGERY-MAIN ADMIN                                ,                    
0002588900036            ,OFFICE TABLE                                                ,         0.00,  /  /    ,FUR. & FIXT.        ,TABLE                                             ,         5,MFI-PIGGERY                   ,PIGGERY-MAIN ADMIN                                ,                    
0000331800030            ,CARRIER AIRCON                                              ,         0.00,  /  /    ,MACH. & EQPT.       ,AIRCON                                            ,         5,MFI-PIGGERY                   ,PIGGERY-SUPERVISORS QUARTERS                      ,                    
0000331800031            ,CARRIER AIRCON                                              ,         0.00,  /  /    ,MACH. & EQPT.       ,AIRCON                                            ,         5,MFI-PIGGERY                   ,PIGGERY-SUPERVISORS QUARTERS                      ,                    
0000928600034            ,DOUBLE DECK                                                 ,         0.00,  /  /    ,FUR. & FIXT.        ,BED                                               ,         3,MFI-PIGGERY                   ,PIGGERY-GUARDS QUARTERS                           ,                    
0000928600035            ,DOUBLE DECK                                                 ,         0.00,  /  /    ,FUR. & FIXT.        ,BED                                               ,         3,MFI-PIGGERY                   ,PIGGERY-GUARDS QUARTERS                           ,                    
0000928600036            ,DOUBLE DECK                                                 ,         0.00,  /  /    ,FUR. & FIXT.        ,BED                                               ,         3,MFI-PIGGERY                   ,PIGGERY-GUARDS QUARTERS                           ,                    
0000928600037            ,DOUBLE DECK                                                 ,         0.00,  /  /    ,FUR. & FIXT.        ,BED                                               ,         3,MFI-PIGGERY                   ,PIGGERY-GUARDS QUARTERS                           ,                    
0000928600038            ,DOUBLE DECK                                                 ,         0.00,  /  /    ,FUR. & FIXT.        ,BED                                               ,         3,MFI-PIGGERY                   ,PIGGERY-GUARDS QUARTERS                           ,                    
0000928600039            ,DOUBLE DECK                                                 ,         0.00,  /  /    ,FUR. & FIXT.        ,BED                                               ,         3,MFI-PIGGERY                   ,PIGGERY-GUARDS QUARTERS                           ,                    
0000928600040            ,DOUBLE DECK                                                 ,         0.00,  /  /    ,FUR. & FIXT.        ,BED                                               ,         3,MFI-PIGGERY                   ,PIGGERY-GUARDS QUARTERS                           ,                    
0004219500001            ,MOTORCYCLE XRM 125 0701-0603389                             ,         0.00,  /  /    ,TRNS. EQPT.         ,MOTORCYCLE-BRAND NEW                              ,        10,MFI-PIGGERY                   ,PIGGERY-SAFETY AND SECURITY DEPT.                 ,                    
0000992000008            ,IWATA TIME RECORDER                                         ,         0.00,  /  /    ,OFF. EQPT.          ,TIMERECORDER                                      ,         3,MFI-PIGGERY                   ,PIGGERY-SAFETY AND SECURITY DEPT.                 ,                    
0001187300008            ,BIOMETRICS                                                  ,         0.00,  /  /    ,OFF. EQPT.          ,BIOMETRICS                                        ,         5,MFI-PIGGERY                   ,PIGGERY-SAFETY AND SECURITY DEPT.                 ,                    
0004219100001            ,REFRIGERATOR SINGER 54""                                     ,         0.00,  /  /    ,STR. EQPT.          ,REFRIGERATOR                                      ,         3,MFI-PIGGERY                   ,PIGGERY-KITCHEN                                   ,                    
0004219200001            ,REFRIGERATOR SANYO 53""                                      ,         0.00,  /  /    ,STR. EQPT.          ,REFRIGERATOR                                      ,         3,MFI-PIGGERY                   ,PIGGERY-KITCHEN                                   ,                    
0004219300001            ,DUAL FUNCTION REF/FREEZER WHIRLPOOL                         ,         0.00,  /  /    ,STR. EQPT.          ,REFRIGERATOR                                      ,         3,MFI-PIGGERY                   ,PIGGERY-KITCHEN                                   ,                    
0004219400001            ,LAMINATED DINING TABLE 96""X48""                              ,         0.00,  /  /    ,FUR. & FIXT.        ,TABLE                                             ,         5,MFI-PIGGERY                   ,PIGGERY-KITCHEN                                   ,                    
0004219400002            ,LAMINATED DINING TABLE 96""X48""                              ,         0.00,  /  /    ,FUR. & FIXT.        ,TABLE                                             ,         5,MFI-PIGGERY                   ,PIGGERY-KITCHEN                                   ,                    
0004218400001            ,BIO REFIGERATOR FUJIDENZO                                   ,         0.00,  /  /    ,STR. EQPT.          ,REFRIGERATOR                                      ,         3,MFI-PIGGERY                   ,PIGGERY-CONFERENCE 2                              ,                    
0004218500001            ,WATER DISPENSER CAMEL                                       ,         0.00,  /  /    ,STR. EQPT.          ,DISPENSER                                         ,         3,MFI-PIGGERY                   ,PIGGERY-CONFERENCE 2                              ,                    
0004218600001            ,CARRIER AIRCON 2HP S#K17PC0942434                           ,         0.00,  /  /    ,MACH. & EQPT.       ,AIRCON                                            ,         5,MFI-PIGGERY                   ,PIGGERY-CONFERENCE 2                              ,                    
0004218700001            ,MULTIMEDIA PROJECTOR SET EB-X31                             ,         0.00,  /  /    ,OFF. EQPT.          ,PROJECTOR                                         ,         3,MFI-PIGGERY                   ,PIGGERY-CONFERENCE 2                              ,                    
0004218800001            ,LAMINATED CONFERENCE TABLE 96""X20""                          ,         0.00,  /  /    ,FUR. & FIXT.        ,TABLE                                             ,         5,MFI-PIGGERY                   ,PIGGERY-CONFERENCE 2                              ,                    
0004218800002            ,LAMINATED CONFERENCE TABLE 96""X20""                          ,         0.00,  /  /    ,FUR. & FIXT.        ,TABLE                                             ,         5,MFI-PIGGERY                   ,PIGGERY-CONFERENCE 2                              ,                    
0004218800003            ,LAMINATED CONFERENCE TABLE 96""X20""                          ,         0.00,  /  /    ,FUR. & FIXT.        ,TABLE                                             ,         5,MFI-PIGGERY                   ,PIGGERY-CONFERENCE 2                              ,                    
0004218800004            ,LAMINATED CONFERENCE TABLE 96""X20""                          ,         0.00,  /  /    ,FUR. & FIXT.        ,TABLE                                             ,         5,MFI-PIGGERY                   ,PIGGERY-CONFERENCE 2                              ,                    
0004218900001            ,LAMINATED CONFERENCE TABLE 43""X23.5""                        ,         0.00,  /  /    ,FUR. & FIXT.        ,TABLE                                             ,         5,MFI-PIGGERY                   ,PIGGERY-CONFERENCE 2                              ,                    
0004218900002            ,LAMINATED CONFERENCE TABLE 43""X23.5""                        ,         0.00,  /  /    ,FUR. & FIXT.        ,TABLE                                             ,         5,MFI-PIGGERY                   ,PIGGERY-CONFERENCE 2                              ,                    
0004219000001            ,WHITE BOARD 48""X96""                                         ,         0.00,  /  /    ,FUR. & FIXT.        ,WHITE BOARD                                       ,         3,MFI-PIGGERY                   ,PIGGERY-CONFERENCE 2                              ,                    
0000928600041            ,DOUBLE DECK                                                 ,         0.00,  /  /    ,FUR. & FIXT.        ,BED                                               ,         3,MFI-PIGGERY                   ,PIGGERY-BOYS DORM GROWING                         ,                    
0000928600042            ,DOUBLE DECK                                                 ,         0.00,  /  /    ,FUR. & FIXT.        ,BED                                               ,         3,MFI-PIGGERY                   ,PIGGERY-BOYS DORM GROWING                         ,                    
0000928600043            ,DOUBLE DECK                                                 ,         0.00,  /  /    ,FUR. & FIXT.        ,BED                                               ,         3,MFI-PIGGERY                   ,PIGGERY-BOYS DORM GROWING                         ,                    
0000928600044            ,DOUBLE DECK                                                 ,         0.00,  /  /    ,FUR. & FIXT.        ,BED                                               ,         3,MFI-PIGGERY                   ,PIGGERY-BOYS DORM GROWING                         ,                    
0000928600045            ,DOUBLE DECK                                                 ,         0.00,  /  /    ,FUR. & FIXT.        ,BED                                               ,         3,MFI-PIGGERY                   ,PIGGERY-BOYS DORM GROWING                         ,                    
0000928600046            ,DOUBLE DECK                                                 ,         0.00,  /  /    ,FUR. & FIXT.        ,BED                                               ,         3,MFI-PIGGERY                   ,PIGGERY-BOYS DORM GROWING                         ,                    
0000928600047            ,DOUBLE DECK                                                 ,         0.00,  /  /    ,FUR. & FIXT.        ,BED                                               ,         3,MFI-PIGGERY                   ,PIGGERY-BOYS DORM GROWING                         ,                    
0000928600048            ,DOUBLE DECK                                                 ,         0.00,  /  /    ,FUR. & FIXT.        ,BED                                               ,         3,MFI-PIGGERY                   ,PIGGERY-BOYS DORM GROWING                         ,                    
0000928600049            ,DOUBLE DECK                                                 ,         0.00,  /  /    ,FUR. & FIXT.        ,BED                                               ,         3,MFI-PIGGERY                   ,PIGGERY-BOYS DORM GROWING                         ,                    
0000928600050            ,DOUBLE DECK                                                 ,         0.00,  /  /    ,FUR. & FIXT.        ,BED                                               ,         3,MFI-PIGGERY                   ,PIGGERY-BOYS DORM GROWING                         ,                    
0000928600051            ,DOUBLE DECK                                                 ,         0.00,  /  /    ,FUR. & FIXT.        ,BED                                               ,         3,MFI-PIGGERY                   ,PIGGERY-BOYS DORM GROWING                         ,                    
0000928600052            ,DOUBLE DECK                                                 ,         0.00,  /  /    ,FUR. & FIXT.        ,BED                                               ,         3,MFI-PIGGERY                   ,PIGGERY-BOYS DORM GROWING                         ,                    
0000928600053            ,DOUBLE DECK                                                 ,         0.00,  /  /    ,FUR. & FIXT.        ,BED                                               ,         3,MFI-PIGGERY                   ,PIGGERY-BOYS DORM GROWING                         ,                    
0000928600054            ,DOUBLE DECK                                                 ,         0.00,  /  /    ,FUR. & FIXT.        ,BED                                               ,         3,MFI-PIGGERY                   ,PIGGERY-BOYS DORM GROWING                         ,                    
0000928600055            ,DOUBLE DECK                                                 ,         0.00,  /  /    ,FUR. & FIXT.        ,BED                                               ,         3,MFI-PIGGERY                   ,PIGGERY-BOYS DORM GROWING                         ,                    
0000928600056            ,DOUBLE DECK                                                 ,         0.00,  /  /    ,FUR. & FIXT.        ,BED                                               ,         3,MFI-PIGGERY                   ,PIGGERY-BOYS DORM GROWING                         ,                    
0004219600001            ,STEEL RACK 78""X51""                                          ,         0.00,  /  /    ,FUR. & FIXT.        ,RACK                                              ,         5,MFI-PIGGERY                   ,PIGGERY-BOYS DORM GROWING                         ,                    
0004219700001            ,STEEL LOCKER 12 DOORS                                       ,         0.00,  /  /    ,FUR. & FIXT.        ,LOCKER                                            ,         5,MFI-PIGGERY                   ,PIGGERY-BOYS DORM GROWING                         ,                    
0004219700002            ,STEEL LOCKER 12 DOORS                                       ,         0.00,  /  /    ,FUR. & FIXT.        ,LOCKER                                            ,         5,MFI-PIGGERY                   ,PIGGERY-BOYS DORM GROWING                         ,                    
0004219700003            ,STEEL LOCKER 12 DOORS                                       ,         0.00,  /  /    ,FUR. & FIXT.        ,LOCKER                                            ,         5,MFI-PIGGERY                   ,PIGGERY-BOYS DORM GROWING                         ,                    
0004219900001            ,SHOWER HEATER ALPHA S100E SERIES                            ,         0.00,  /  /    ,STR. EQPT.          ,HEATER                                            ,         3,MFI-PIGGERY                   ,PIGGERY-BOYS DORM GROWING                         ,                    
0004220000001            ,WIND JET DRY WASHING MACHINE LG                             ,         0.00,  /  /    ,STR. EQPT.          ,WASHING MACHINE                                   ,         3,MFI-PIGGERY                   ,PIGGERY-BOYS DORM GROWING                         ,                    
0004220200001            ,LOCKER WOODEN 25 DOORS                                      ,         0.00,  /  /    ,FUR. & FIXT.        ,LOCKER                                            ,         5,MFI-PIGGERY                   ,PIGGERY-GROWING                                   ,                    
0004220200002            ,LOCKER WOODEN 25 DOORS                                      ,         0.00,  /  /    ,FUR. & FIXT.        ,LOCKER                                            ,         5,MFI-PIGGERY                   ,PIGGERY-GROWING                                   ,                    
0004220200003            ,LOCKER WOODEN 25 DOORS                                      ,         0.00,  /  /    ,FUR. & FIXT.        ,LOCKER                                            ,         5,MFI-PIGGERY                   ,PIGGERY-GROWING                                   ,                    
0004220200004            ,LOCKER WOODEN 25 DOORS                                      ,         0.00,  /  /    ,FUR. & FIXT.        ,LOCKER                                            ,         5,MFI-PIGGERY                   ,PIGGERY-GROWING                                   ,                    
0004220400001            ,STEEL FUMIGATION BOX                                        ,         0.00,  /  /    ,FUR. & FIXT.        ,BOX                                               ,         5,MFI-PIGGERY                   ,PIGGERY-GROWING                                   ,                    
0004220600001            ,PRESSURE WASHER 3-5 HP                                      ,         0.00,  /  /    ,STR. EQPT.          ,PRESSURE WASHER                                   ,         2,MFI-PIGGERY                   ,PIGGERY-GROWING                                   ,                    
0004220600002            ,PRESSURE WASHER 3-5 HP                                      ,         0.00,  /  /    ,STR. EQPT.          ,PRESSURE WASHER                                   ,         2,MFI-PIGGERY                   ,PIGGERY-GROWING                                   ,                    
0001585500002            ,SHOE RACK                                                   ,         0.00,  /  /    ,FUR. & FIXT.        ,RACK                                              ,        10,MFI-PIGGERY                   ,PIGGERY-GROWING                                   ,                    
0001585500003            ,SHOE RACK                                                   ,         0.00,  /  /    ,FUR. & FIXT.        ,RACK                                              ,        10,MFI-PIGGERY                   ,PIGGERY-GROWING                                   ,                    
0000928600057            ,DOUBLE DECK                                                 ,         0.00,  /  /    ,FUR. & FIXT.        ,BED                                               ,         3,MFI-PIGGERY                   ,PIGGERY-BOYS DORM MAINTENANCE                     ,                    
0000928600058            ,DOUBLE DECK                                                 ,         0.00,  /  /    ,FUR. & FIXT.        ,BED                                               ,         3,MFI-PIGGERY                   ,PIGGERY-BOYS DORM MAINTENANCE                     ,                    
0000928600059            ,DOUBLE DECK                                                 ,         0.00,  /  /    ,FUR. & FIXT.        ,BED                                               ,         3,MFI-PIGGERY                   ,PIGGERY-BOYS DORM MAINTENANCE                     ,                    
0000928600060            ,DOUBLE DECK                                                 ,         0.00,  /  /    ,FUR. & FIXT.        ,BED                                               ,         3,MFI-PIGGERY                   ,PIGGERY-BOYS DORM MAINTENANCE                     ,                    
0000928600061            ,DOUBLE DECK                                                 ,         0.00,  /  /    ,FUR. & FIXT.        ,BED                                               ,         3,MFI-PIGGERY                   ,PIGGERY-BOYS DORM MAINTENANCE                     ,                    
0000928600062            ,DOUBLE DECK                                                 ,         0.00,  /  /    ,FUR. & FIXT.        ,BED                                               ,         3,MFI-PIGGERY                   ,PIGGERY-BOYS DORM MAINTENANCE                     ,                    
0000928600063            ,DOUBLE DECK                                                 ,         0.00,  /  /    ,FUR. & FIXT.        ,BED                                               ,         3,MFI-PIGGERY                   ,PIGGERY-BOYS DORM MAINTENANCE                     ,                    
0000928600064            ,DOUBLE DECK                                                 ,         0.00,  /  /    ,FUR. & FIXT.        ,BED                                               ,         3,MFI-PIGGERY                   ,PIGGERY-BOYS DORM MAINTENANCE                     ,                    
0000928600065            ,DOUBLE DECK                                                 ,         0.00,  /  /    ,FUR. & FIXT.        ,BED                                               ,         3,MFI-PIGGERY                   ,PIGGERY-BOYS DORM MAINTENANCE                     ,                    
0000928600066            ,DOUBLE DECK                                                 ,         0.00,  /  /    ,FUR. & FIXT.        ,BED                                               ,         3,MFI-PIGGERY                   ,PIGGERY-BOYS DORM MAINTENANCE                     ,                    
0000989000005            ,KAWASAKI PRESSURE WASHER .5HP                               ,         0.00,  /  /    ,MACH. & EQPT.       ,PRESSURE WASHER                                   ,         2,MFI-PIGGERY                   ,PIGGERY-GROWING                                   ,                    
0000989000006            ,KAWASAKI PRESSURE WASHER .5HP                               ,         0.00,  /  /    ,MACH. & EQPT.       ,PRESSURE WASHER                                   ,         2,MFI-PIGGERY                   ,PIGGERY-GROWING                                   ,                    
0000647700004            ,BOOTS RACK                                                  ,         0.00,  /  /    ,FUR. & FIXT.        ,RACK                                              ,        10,MFI-PIGGERY                   ,PIGGERY-GROWING                                   ,                    
0000647700005            ,BOOTS RACK                                                  ,         0.00,  /  /    ,FUR. & FIXT.        ,RACK                                              ,        10,MFI-PIGGERY                   ,PIGGERY-GROWING                                   ,                    
0000647700006            ,BOOTS RACK                                                  ,         0.00,  /  /    ,FUR. & FIXT.        ,RACK                                              ,        10,MFI-PIGGERY                   ,PIGGERY-GROWING                                   ,                    
0004205800002            ,EPSON LQ-310 S#R9FY008180                                   ,         0.00,  /  /    ,OFF. EQPT.          ,PRINTER                                           ,         3,MFI-PIGGERY                   ,PIGGERY-EXPANSION ADMIN                           ,                    
0004221100001            ,AOC LCD MONITOR S#DNIBCHA002107                             ,         0.00,  /  /    ,OFF. EQPT.          ,MONITOR                                           ,         3,MFI-PIGGERY                   ,PIGGERY-EXPANSION ADMIN                           ,                    
0004221200001            ,CPU CORE I3 S#F6MOAB017712                                  ,         0.00,  /  /    ,OFF. EQPT.          ,CPU                                               ,         3,MFI-PIGGERY                   ,PIGGERY-EXPANSION ADMIN                           ,                    
0004221300001            ,MONO LASER PRINTER SAMSUNG S#Z712BKBBA00                    ,         0.00,  /  /    ,OFF. EQPT.          ,PRINTER                                           ,         3,MFI-PIGGERY                   ,PIGGERY-EXPANSION ADMIN                           ,                    
0004221500001            ,AOC MONITOR 18.5 S#HNDF71A013435                            ,         0.00,  /  /    ,OFF. EQPT.          ,MONITOR                                           ,         3,MFI-PIGGERY                   ,PIGGERY-EXPANSION ADMIN                           ,                    
0004221600001            ,EPSON LQ-310 S#R9FY028792                                   ,         0.00,  /  /    ,OFF. EQPT.          ,PRINTER                                           ,         3,MFI-PIGGERY                   ,PIGGERY-EXPANSION ADMIN                           ,                    
0004221700001            ,EPSON LQ- 300+II S#G85Y023524                               ,         0.00,  /  /    ,OFF. EQPT.          ,PRINTER                                           ,         3,MFI-PIGGERY                   ,PIGGERY-EXPANSION ADMIN                           ,                    
0004221800001            ,CPU CORE I3-4170 S#G2MOFM061251                             ,         0.00,  /  /    ,OFF. EQPT.          ,CPU                                               ,         3,MFI-PIGGERY                   ,PIGGERY-EXPANSION ADMIN                           ,                    
0004221900001            ,MONITOR AOC 18.5 S#KCYG51A012957                            ,         0.00,  /  /    ,OFF. EQPT.          ,MONITOR                                           ,         3,MFI-PIGGERY                   ,PIGGERY-EXPANSION ADMIN                           ,                    
0004222000001            ,EXTERNAL BATTERY EATON DX 3000H S#110915-41050033           ,         0.00,  /  /    ,OFF. EQPT.          ,UPS                                               ,         3,MFI-PIGGERY                   ,PIGGERY-EXPANSION ADMIN                           ,                    
0004206500004            ,CISCO IP PHONE 7911                                         ,         0.00,  /  /    ,OFF. EQPT.          ,TELEPHONE                                         ,         3,MFI-PIGGERY                   ,PIGGERY-EXPANSION ADMIN                           ,                    
0004222100001            ,IMAGING CAMERA S#N27210                                     ,         0.00,  /  /    ,OFF. EQPT.          ,CAMERA                                            ,         3,MFI-PIGGERY                   ,PIGGERY-EXPANSION ADMIN                           ,                    
0001570500005            ,LAMINATED OFFICE TABLE WHITE                                ,         0.00,  /  /    ,OFF. EQPT.          ,TABLE                                             ,         5,MFI-PIGGERY                   ,PIGGERY-EXPANSION ADMIN                           ,                    
0001570500006            ,LAMINATED OFFICE TABLE WHITE                                ,         0.00,  /  /    ,OFF. EQPT.          ,TABLE                                             ,         5,MFI-PIGGERY                   ,PIGGERY-EXPANSION ADMIN                           ,                    
0001570500007            ,LAMINATED OFFICE TABLE WHITE                                ,         0.00,  /  /    ,OFF. EQPT.          ,TABLE                                             ,         5,MFI-PIGGERY                   ,PIGGERY-EXPANSION ADMIN                           ,                    
0001570500008            ,LAMINATED OFFICE TABLE WHITE                                ,         0.00,  /  /    ,OFF. EQPT.          ,TABLE                                             ,         5,MFI-PIGGERY                   ,PIGGERY-EXPANSION ADMIN                           ,                    
0001570500009            ,LAMINATED OFFICE TABLE WHITE                                ,         0.00,  /  /    ,OFF. EQPT.          ,TABLE                                             ,         5,MFI-PIGGERY                   ,PIGGERY-EXPANSION ADMIN                           ,                    
0000064900031            ,COMPUTER TABLE                                              ,         0.00,  /  /    ,FUR. & FIXT.        ,TABLE                                             ,         5,MFI-PIGGERY                   ,PIGGERY-EXPANSION ADMIN                           ,                    
0004221400001            ,DELL INSPIRON N4050 S#38611601893                           ,         0.00,  /  /    ,OFF. EQPT.          ,MONITOR                                           ,         3,MFI-PIGGERY                   ,PIGGERY-EXPANSION ADMIN                           ,                    
0004222300001            ,DELL INSPIRON N4050 S#17786683405                           ,         0.00,  /  /    ,OFF. EQPT.          ,MONITOR                                           ,         3,MFI-PIGGERY                   ,PIGGERY-EXPANSION ADMIN                           ,                    
0004222200001            ,LAMINATED OFFICE WHITE BROWN                                ,         0.00,  /  /    ,FUR. & FIXT.        ,TABLE                                             ,         5,MFI-PIGGERY                   ,PIGGERY-EXPANSION ADMIN                           ,                    
0004222200002            ,LAMINATED OFFICE WHITE BROWN                                ,         0.00,  /  /    ,FUR. & FIXT.        ,TABLE                                             ,         5,MFI-PIGGERY                   ,PIGGERY-EXPANSION ADMIN                           ,                    
0004222400001            ,REFRIGERATOR ELECTROLUX 2 DOOR                              ,         0.00,  /  /    ,STR. EQPT.          ,REFRIGERATOR                                      ,         3,MFI-PIGGERY                   ,PIGGERY-EXPANSION ADMIN                           ,                    
0004222400002            ,REFRIGERATOR ELECTROLUX 2 DOOR                              ,         0.00,  /  /    ,STR. EQPT.          ,REFRIGERATOR                                      ,         3,MFI-PIGGERY                   ,PIGGERY-EXPANSION ADMIN                           ,                    
0000331800032            ,CARRIER AIRCON                                              ,         0.00,  /  /    ,MACH. & EQPT.       ,AIRCON                                            ,         5,MFI-PIGGERY                   ,PIGGERY-EXPANSION ADMIN                           ,                    
0000393300002            ,PANASONIC REFRIGERATOR                                      ,         0.00,  /  /    ,STR. EQPT.          ,REFRIGERATOR                                      ,         3,MFI-PIGGERY                   ,PIGGERY-EXPANSION ADMIN                           ,                    
0000454300002            ,HERMACO STEEL CABINET                                       ,         0.00,  /  /    ,FUR. & FIXT.        ,CABINET                                           ,        10,MFI-PIGGERY                   ,PIGGERY-EXPANSION ADMIN                           ,                    
0000454300003            ,HERMACO STEEL CABINET                                       ,         0.00,  /  /    ,FUR. & FIXT.        ,CABINET                                           ,        10,MFI-PIGGERY                   ,PIGGERY-EXPANSION ADMIN                           ,                    
0004222500001            ,MS MULTISCAN SET                                            ,         0.00,  /  /    ,OFF. EQPT.          ,OTHERS                                            ,         3,MFI-PIGGERY                   ,PIGGERY-EXPANSION ADMIN                           ,                    
0004222600001            ,STEEL RACK 78""X94.5""                                        ,         0.00,  /  /    ,FUR. & FIXT.        ,RACK                                              ,         5,MFI-PIGGERY                   ,PIGGERY-EXPANSION ADMIN                           ,                    
0004222700001            ,STEEL RACK 84""X37""                                          ,         0.00,  /  /    ,FUR. & FIXT.        ,RACK                                              ,         5,MFI-PIGGERY                   ,PIGGERY-EXPANSION ADMIN                           ,                    
0004222800001            ,CHILLER FUJIDENZO 70""X20.5""                                 ,         0.00,  /  /    ,STR. EQPT.          ,CHILLER                                           ,         3,MFI-PIGGERY                   ,PIGGERY-EXPANSION ADMIN                           ,                    
0004222800002            ,CHILLER FUJIDENZO 70""X20.5""                                 ,         0.00,  /  /    ,STR. EQPT.          ,CHILLER                                           ,         3,MFI-PIGGERY                   ,PIGGERY-EXPANSION ADMIN                           ,                    
0004222900001            ,CHILLER FUJIDENZO 81""X26""                                   ,         0.00,  /  /    ,STR. EQPT.          ,CHILLER                                           ,         5,MFI-PIGGERY                   ,PIGGERY-EXPANSION ADMIN                           ,                    
0000992000009            ,IWATA TIME RECORDER                                         ,         0.00,  /  /    ,OFF. EQPT.          ,TIMERECORDER                                      ,         3,MFI-PIGGERY                   ,PIGGERY-EXPANSION ADMIN                           ,                    
0004219000002            ,WHITE BOARD 48""X96""                                         ,         0.00,  /  /    ,FUR. & FIXT.        ,WHITE BOARD                                       ,         3,MFI-PIGGERY                   ,PIGGERY-EXPANSION ADMIN                           ,                    
0004223000001            ,LAMINATED DINING TABLE 87""X32""                              ,         0.00,  /  /    ,FUR. & FIXT.        ,TABLE                                             ,         5,MFI-PIGGERY                   ,PIGGERY-EXPANSION GIRLS QUARTERS                  ,                    
0004223000002            ,LAMINATED DINING TABLE 87""X32""                              ,         0.00,  /  /    ,FUR. & FIXT.        ,TABLE                                             ,         5,MFI-PIGGERY                   ,PIGGERY-EXPANSION GIRLS QUARTERS                  ,                    
0004223000003            ,LAMINATED DINING TABLE 87""X32""                              ,         0.00,  /  /    ,FUR. & FIXT.        ,TABLE                                             ,         5,MFI-PIGGERY                   ,PIGGERY-EXPANSION GIRLS QUARTERS                  ,                    
0004223100001            ,LG TV 32"" S#JC121702NRCL870                                 ,         0.00,  /  /    ,STR. EQPT.          ,TV                                                ,         3,MFI-PIGGERY                   ,PIGGERY-EXPANSION GIRLS QUARTERS                  ,                    
0004223200001            ,CARRIER AIRCON .5 HP                                        ,         0.00,  /  /    ,MACH. & EQPT.       ,AIRCON                                            ,         5,MFI-PIGGERY                   ,PIGGERY-EXPANSION GIRLS QUARTERS                  ,                    
0004223300001            ,LENOVO LAPTOP S#YB09155390                                  ,         0.00,  /  /    ,OFF. EQPT.          ,LAPTOP                                            ,         3,MFI-PIGGERY                   ,PIGGERY-EXPANSION GIRLS QUARTERS                  ,                    
0004223400001            ,SHOWER HEATER ALPHA VIZZ-98EM                               ,         0.00,  /  /    ,STR. EQPT.          ,HEATER                                            ,         3,MFI-PIGGERY                   ,PIGGERY-EXPANSION GIRLS QUARTERS                  ,                    
0000928600067            ,DOUBLE DECK                                                 ,         0.00,  /  /    ,FUR. & FIXT.        ,BED                                               ,         3,MFI-PIGGERY                   ,PIGGERY-EXPANSION GIRLS QUARTERS                  ,                    
0000928600068            ,DOUBLE DECK                                                 ,         0.00,  /  /    ,FUR. & FIXT.        ,BED                                               ,         3,MFI-PIGGERY                   ,PIGGERY-EXPANSION GIRLS QUARTERS                  ,                    
0000928600069            ,DOUBLE DECK                                                 ,         0.00,  /  /    ,FUR. & FIXT.        ,BED                                               ,         3,MFI-PIGGERY                   ,PIGGERY-EXPANSION GIRLS QUARTERS                  ,                    
0000928600070            ,DOUBLE DECK                                                 ,         0.00,  /  /    ,FUR. & FIXT.        ,BED                                               ,         3,MFI-PIGGERY                   ,PIGGERY-EXPANSION GIRLS QUARTERS                  ,                    
0000928600071            ,DOUBLE DECK                                                 ,         0.00,  /  /    ,FUR. & FIXT.        ,BED                                               ,         3,MFI-PIGGERY                   ,PIGGERY-EXPANSION GIRLS QUARTERS                  ,                    
0000928600072            ,DOUBLE DECK                                                 ,         0.00,  /  /    ,FUR. & FIXT.        ,BED                                               ,         3,MFI-PIGGERY                   ,PIGGERY-EXPANSION GIRLS QUARTERS                  ,                    
0000928600073            ,DOUBLE DECK                                                 ,         0.00,  /  /    ,FUR. & FIXT.        ,BED                                               ,         3,MFI-PIGGERY                   ,PIGGERY-EXPANSION GIRLS QUARTERS                  ,                    
0000928600074            ,DOUBLE DECK                                                 ,         0.00,  /  /    ,FUR. & FIXT.        ,BED                                               ,         3,MFI-PIGGERY                   ,PIGGERY-EXPANSION GIRLS QUARTERS                  ,                    
0000928600075            ,DOUBLE DECK                                                 ,         0.00,  /  /    ,FUR. & FIXT.        ,BED                                               ,         3,MFI-PIGGERY                   ,PIGGERY-EXPANSION GIRLS QUARTERS                  ,                    
0000928600076            ,DOUBLE DECK                                                 ,         0.00,  /  /    ,FUR. & FIXT.        ,BED                                               ,         3,MFI-PIGGERY                   ,PIGGERY-EXPANSION SUPERVISORS QUARTERS            ,                    
0000928600077            ,DOUBLE DECK                                                 ,         0.00,  /  /    ,FUR. & FIXT.        ,BED                                               ,         3,MFI-PIGGERY                   ,PIGGERY-EXPANSION SUPERVISORS QUARTERS            ,                    
0000928600078            ,DOUBLE DECK                                                 ,         0.00,  /  /    ,FUR. & FIXT.        ,BED                                               ,         3,MFI-PIGGERY                   ,PIGGERY-EXPANSION SUPERVISORS QUARTERS            ,                    
0004223200002            ,CARRIER AIRCON .5 HP                                        ,         0.00,  /  /    ,MACH. & EQPT.       ,AIRCON                                            ,         5,MFI-PIGGERY                   ,PIGGERY-EXPANSION SUPERVISORS QUARTERS            ,                    
0004223500001            ,TCL TV                                                      ,         0.00,  /  /    ,STR. EQPT.          ,TV                                                ,         3,MFI-PIGGERY                   ,PIGGERY-EXPANSION SUPERVISORS QUARTERS            ,                    
0004223600001            ,DUAL FUNCTION REF/FREEZER FUJIDENZO                         ,         0.00,  /  /    ,STR. EQPT.          ,REFRIGERATOR                                      ,         3,MFI-PIGGERY                   ,PIGGERY-EXPANSION KITCHEN                         ,                    
0004223700001            ,STANDARD STAND FAN                                          ,         0.00,  /  /    ,STR. EQPT.          ,FAN                                               ,         3,MFI-PIGGERY                   ,PIGGERY-EXPANSION KITCHEN                         ,                    
0001585500004            ,SHOE RACK                                                   ,         0.00,  /  /    ,FUR. & FIXT.        ,RACK                                              ,        10,MFI-PIGGERY                   ,PIGGERY-EXPANSION PRODUCTION ENTRANCE BOYS        ,                    
0004223800001            ,FINGERPRINT ATTENDANCE S#506058                             ,         0.00,  /  /    ,OFF. EQPT.          ,OTHERS                                            ,         3,MFI-PIGGERY                   ,PIGGERY-EXPANSION PRODUCTION ENTRANCE BOYS        ,                    
0004220400002            ,STEEL FUMIGATION BOX                                        ,         0.00,  /  /    ,FUR. & FIXT.        ,BOX                                               ,         5,MFI-PIGGERY                   ,PIGGERY-EXPANSION PRODUCTION ENTRANCE BOYS        ,                    
0000731300003            ,DC REGULATED POWER SUPPLY                                   ,         0.00,  /  /    ,OFF. EQPT.          ,POWER SUPPLY                                      ,         3,MFI-PIGGERY                   ,PIGGERY-EXPANSION PRODUCTION ENTRANCE BOYS        ,                    
0004223900001            ,KENWOOD VHF FM TRANSCEIVER                                  ,         0.00,  /  /    ,STR. EQPT.          ,RADIO BASE                                        ,         3,MFI-PIGGERY                   ,PIGGERY-EXPANSION PRODUCTION ENTRANCE BOYS        ,                    
0004219700004            ,STEEL LOCKER 12 DOORS                                       ,         0.00,  /  /    ,FUR. & FIXT.        ,LOCKER                                            ,         5,MFI-PIGGERY                   ,PIGGERY-EXPANSION PRODUCTION ENTRANCE BOYS        ,                    
0004219700005            ,STEEL LOCKER 12 DOORS                                       ,         0.00,  /  /    ,FUR. & FIXT.        ,LOCKER                                            ,         5,MFI-PIGGERY                   ,PIGGERY-EXPANSION PRODUCTION ENTRANCE BOYS        ,                    
0004219700006            ,STEEL LOCKER 12 DOORS                                       ,         0.00,  /  /    ,FUR. & FIXT.        ,LOCKER                                            ,         5,MFI-PIGGERY                   ,PIGGERY-EXPANSION PRODUCTION ENTRANCE BOYS        ,                    
0004219700007            ,STEEL LOCKER 12 DOORS                                       ,         0.00,  /  /    ,FUR. & FIXT.        ,LOCKER                                            ,         5,MFI-PIGGERY                   ,PIGGERY-EXPANSION PRODUCTION ENTRANCE BOYS        ,                    
0004219700008            ,STEEL LOCKER 12 DOORS                                       ,         0.00,  /  /    ,FUR. & FIXT.        ,LOCKER                                            ,         5,MFI-PIGGERY                   ,PIGGERY-EXPANSION PRODUCTION ENTRANCE BOYS        ,                    
0004219700009            ,STEEL LOCKER 12 DOORS                                       ,         0.00,  /  /    ,FUR. & FIXT.        ,LOCKER                                            ,         5,MFI-PIGGERY                   ,PIGGERY-EXPANSION PRODUCTION ENTRANCE BOYS        ,                    
0004219700010            ,STEEL LOCKER 12 DOORS                                       ,         0.00,  /  /    ,FUR. & FIXT.        ,LOCKER                                            ,         5,MFI-PIGGERY                   ,PIGGERY-EXPANSION PRODUCTION ENTRANCE BOYS        ,                    
0004219700011            ,STEEL LOCKER 12 DOORS                                       ,         0.00,  /  /    ,FUR. & FIXT.        ,LOCKER                                            ,         5,MFI-PIGGERY                   ,PIGGERY-EXPANSION PRODUCTION ENTRANCE BOYS        ,                    
0004219700012            ,STEEL LOCKER 12 DOORS                                       ,         0.00,  /  /    ,FUR. & FIXT.        ,LOCKER                                            ,         5,MFI-PIGGERY                   ,PIGGERY-EXPANSION PRODUCTION ENTRANCE BOYS        ,                    
0004219700013            ,STEEL LOCKER 12 DOORS                                       ,         0.00,  /  /    ,FUR. & FIXT.        ,LOCKER                                            ,         5,MFI-PIGGERY                   ,PIGGERY-EXPANSION PRODUCTION ENTRANCE BOYS        ,                    
0004219700014            ,STEEL LOCKER 12 DOORS                                       ,         0.00,  /  /    ,FUR. & FIXT.        ,LOCKER                                            ,         5,MFI-PIGGERY                   ,PIGGERY-EXPANSION PRODUCTION ENTRANCE BOYS        ,                    
0004219700015            ,STEEL LOCKER 12 DOORS                                       ,         0.00,  /  /    ,FUR. & FIXT.        ,LOCKER                                            ,         5,MFI-PIGGERY                   ,PIGGERY-EXPANSION PRODUCTION ENTRANCE BOYS        ,                    
0004219700016            ,STEEL LOCKER 12 DOORS                                       ,         0.00,  /  /    ,FUR. & FIXT.        ,LOCKER                                            ,         5,MFI-PIGGERY                   ,PIGGERY-EXPANSION PRODUCTION ENTRANCE BOYS        ,                    
0004219700017            ,STEEL LOCKER 12 DOORS                                       ,         0.00,  /  /    ,FUR. & FIXT.        ,LOCKER                                            ,         5,MFI-PIGGERY                   ,PIGGERY-EXPANSION PRODUCTION ENTRANCE BOYS        ,                    
0004223400002            ,SHOWER HEATER ALPHA VIZZ-98EM                               ,         0.00,  /  /    ,STR. EQPT.          ,HEATER                                            ,         3,MFI-PIGGERY                   ,PIGGERY-EXPANSION PRODUCTION ENTRANCE BOYS        ,                    
0004223400003            ,SHOWER HEATER ALPHA VIZZ-98EM                               ,         0.00,  /  /    ,STR. EQPT.          ,HEATER                                            ,         3,MFI-PIGGERY                   ,PIGGERY-EXPANSION PRODUCTION ENTRANCE BOYS        ,                    
0004223400004            ,SHOWER HEATER ALPHA VIZZ-98EM                               ,         0.00,  /  /    ,STR. EQPT.          ,HEATER                                            ,         3,MFI-PIGGERY                   ,PIGGERY-EXPANSION PRODUCTION ENTRANCE BOYS        ,                    
0004223400005            ,SHOWER HEATER ALPHA VIZZ-98EM                               ,         0.00,  /  /    ,STR. EQPT.          ,HEATER                                            ,         3,MFI-PIGGERY                   ,PIGGERY-EXPANSION PRODUCTION ENTRANCE BOYS        ,                    
0004224000001            ,WASHING MACHINE SHARP S#GC12170700534                       ,         0.00,  /  /    ,STR. EQPT.          ,WASHING MACHINE                                   ,         3,MFI-PIGGERY                   ,PIGGERY-EXPANSION PRODUCTION ENTRANCE BOYS        ,                    
0004224100001            ,WASHING MACHINE WHIRLPOOL                                   ,         0.00,  /  /    ,STR. EQPT.          ,WASHING MACHINE                                   ,         3,MFI-PIGGERY                   ,PIGGERY-EXPANSION PRODUCTION ENTRANCE BOYS        ,                    
0000647700007            ,BOOTS RACK                                                  ,         0.00,  /  /    ,FUR. & FIXT.        ,RACK                                              ,        10,MFI-PIGGERY                   ,PIGGERY-EXPANSION PRODUCTION ENTRANCE BOYS        ,                    
0000647700008            ,BOOTS RACK                                                  ,         0.00,  /  /    ,FUR. & FIXT.        ,RACK                                              ,        10,MFI-PIGGERY                   ,PIGGERY-EXPANSION PRODUCTION ENTRANCE BOYS        ,                    
0000647700009            ,BOOTS RACK                                                  ,         0.00,  /  /    ,FUR. & FIXT.        ,RACK                                              ,        10,MFI-PIGGERY                   ,PIGGERY-EXPANSION PRODUCTION ENTRANCE BOYS        ,                    
0004227400001            ,BOOTS RACK LONG                                             ,         0.00,  /  /    ,STR. EQPT.          ,RACK                                              ,        10,MFI-PIGGERY                   ,PIGGERY-EXPANSION PRODUCTION ENTRANCE BOYS        ,                    
0004223400006            ,SHOWER HEATER ALPHA VIZZ-98EM                               ,         0.00,  /  /    ,STR. EQPT.          ,HEATER                                            ,         3,MFI-PIGGERY                   ,PIGGERY-EXPANSION PRODUCTION ENTRANCE BOYS        ,                    
0004219700018            ,STEEL LOCKER 12 DOORS                                       ,         0.00,  /  /    ,FUR. & FIXT.        ,LOCKER                                            ,         5,MFI-PIGGERY                   ,PIGGERY-EXPANSION PRODUCTION ENTRANCE BOYS        ,                    
0001187300009            ,BIOMETRICS                                                  ,         0.00,  /  /    ,OFF. EQPT.          ,BIOMETRICS                                        ,         5,MFI-PIGGERY                   ,PIGGERY-EXPANSION PRODUCTION ENTRANCE BOYS        ,                    
0000989000007            ,KAWASAKI PRESSURE WASHER 1.5HP                              ,         0.00,  /  /    ,MACH. & EQPT.       ,PRESSURE WASHER                                   ,         2,MFI-PIGGERY                   ,PIGGERY-EXPANSION ADMIN                           ,                    
0000989000008            ,KAWASAKI PRESSURE WASHER 1.5HP                              ,         0.00,  /  /    ,MACH. & EQPT.       ,PRESSURE WASHER                                   ,         2,MFI-PIGGERY                   ,PIGGERY-EXPANSION ADMIN                           ,                    
0000928600079            ,DOUBLE DECK                                                 ,         0.00,  /  /    ,FUR. & FIXT.        ,BED                                               ,         3,MFI-PIGGERY                   ,PIGGERY-EXPANSION ENGINEERING QUARTERS            ,                    
0000928600080            ,DOUBLE DECK                                                 ,         0.00,  /  /    ,FUR. & FIXT.        ,BED                                               ,         3,MFI-PIGGERY                   ,PIGGERY-EXPANSION ENGINEERING QUARTERS            ,                    
0000928600081            ,DOUBLE DECK                                                 ,         0.00,  /  /    ,FUR. & FIXT.        ,BED                                               ,         3,MFI-PIGGERY                   ,PIGGERY-EXPANSION ENGINEERING QUARTERS            ,                    
0000928600082            ,DOUBLE DECK                                                 ,         0.00,  /  /    ,FUR. & FIXT.        ,BED                                               ,         3,MFI-PIGGERY                   ,PIGGERY-EXPANSION ENGINEERING QUARTERS            ,                    
0000928600083            ,DOUBLE DECK                                                 ,         0.00,  /  /    ,FUR. & FIXT.        ,BED                                               ,         3,MFI-PIGGERY                   ,PIGGERY-EXPANSION ENGINEERING QUARTERS            ,                    
0000928600084            ,DOUBLE DECK                                                 ,         0.00,  /  /    ,FUR. & FIXT.        ,BED                                               ,         3,MFI-PIGGERY                   ,PIGGERY-EXPANSION ENGINEERING QUARTERS            ,                    
0000928600085            ,DOUBLE DECK                                                 ,         0.00,  /  /    ,FUR. & FIXT.        ,BED                                               ,         3,MFI-PIGGERY                   ,PIGGERY-EXPANSION ENGINEERING QUARTERS            ,                    
0000928600086            ,DOUBLE DECK                                                 ,         0.00,  /  /    ,FUR. & FIXT.        ,BED                                               ,         3,MFI-PIGGERY                   ,PIGGERY-EXPANSION ENGINEERING QUARTERS            ,                    
0004224200001            ,TV TCL S#1403ALY114044B-0136                                ,         0.00,  /  /    ,STR. EQPT.          ,TV                                                ,         3,MFI-PIGGERY                   ,PIGGERY-EXPANSION ENGINEERING QUARTERS            ,                    
0000747300007            ,SINGLE DECK                                                 ,         0.00,  /  /    ,FUR. & FIXT.        ,BED                                               ,         3,MFI-PIGGERY                   ,PIGGERY-GUARDS QUARTERS                           ,                    
0004228700001            ,KENWOOD BASE TK-7108 S# BO200063                            ,     19649.00,03/18/2014,OFF. EQPT.          ,RADIO                                             ,         3,MFI-PIGGERY                   ,PIGGERY-SAFETY AND SECURITY DEPT.                 ,                    
0004228500001            ,ZEBRA POWER SUPPLY 24A                                      ,      6000.00,12/22/2014,OFF. EQPT.          ,POWER SUPPLY                                      ,         5,MFI-PIGGERY                   ,PIGGERY-SAFETY AND SECURITY DEPT.                 ,                    
0004219000003            ,WHITE BOARD 48""X96""                                         ,         0.00,  /  /    ,FUR. & FIXT.        ,WHITE BOARD                                       ,         3,MFI-PIGGERY                   ,PIGGERY-BOYS DORM GROWING                         ,                    
0004223000004            ,LAMINATED DINING TABLE 87""X32""                              ,         0.00,  /  /    ,FUR. & FIXT.        ,TABLE                                             ,         5,MFI-PIGGERY                   ,PIGGERY-BOYS DORM GROWING                         ,                    
0004218800005            ,LAMINATED CONFERENCE TABLE 96""X20""                          ,         0.00,  /  /    ,FUR. & FIXT.        ,TABLE                                             ,         5,MFI-PIGGERY                   ,PIGGERY-CONFERENCE 2                              ,                    
0002173800004            ,STEEL RACK                                                  ,         0.00,  /  /    ,FUR. & FIXT.        ,RACK                                              ,        10,MFI-PIGGERY                   ,PIGGERY-MAINTENANCE WAREHOUSE                     ,                    
0002173800005            ,STEEL RACK                                                  ,         0.00,  /  /    ,FUR. & FIXT.        ,RACK                                              ,        10,MFI-PIGGERY                   ,PIGGERY-MAINTENANCE WAREHOUSE                     ,                    
0002173800006            ,STEEL RACK                                                  ,         0.00,  /  /    ,FUR. & FIXT.        ,RACK                                              ,        10,MFI-PIGGERY                   ,PIGGERY-MAINTENANCE WAREHOUSE                     ,                    
0002173800007            ,STEEL RACK                                                  ,         0.00,  /  /    ,FUR. & FIXT.        ,RACK                                              ,        10,MFI-PIGGERY                   ,PIGGERY-MAINTENANCE WAREHOUSE                     ,                    
0002173800008            ,STEEL RACK                                                  ,         0.00,  /  /    ,FUR. & FIXT.        ,RACK                                              ,        10,MFI-PIGGERY                   ,PIGGERY-MAINTENANCE WAREHOUSE                     ,                    
0002173800009            ,STEEL RACK                                                  ,         0.00,  /  /    ,FUR. & FIXT.        ,RACK                                              ,        10,MFI-PIGGERY                   ,PIGGERY-MAINTENANCE WAREHOUSE                     ,                    
0004225200001            ,WATER HEATER ALPHA M: V122-98EM                             ,         0.00,  /  /    ,STR. EQPT.          ,HEATER                                            ,         3,MFI-PIGGERY                   ,PIGGERY-MAINTENANCE WAREHOUSE                     ,                    
0004225200002            ,WATER HEATER ALPHA M: V122-98EM                             ,         0.00,  /  /    ,STR. EQPT.          ,HEATER                                            ,         3,MFI-PIGGERY                   ,PIGGERY-MAINTENANCE WAREHOUSE                     ,                    
0004225200003            ,WATER HEATER ALPHA M: V122-98EM                             ,         0.00,  /  /    ,STR. EQPT.          ,HEATER                                            ,         3,MFI-PIGGERY                   ,PIGGERY-MAINTENANCE WAREHOUSE                     ,                    
0004225200004            ,WATER HEATER ALPHA M: V122-98EM                             ,         0.00,  /  /    ,STR. EQPT.          ,HEATER                                            ,         3,MFI-PIGGERY                   ,PIGGERY-MAINTENANCE WAREHOUSE                     ,                    
0004225500001            ,POWER PRESSURE WASHER                                       ,         0.00,  /  /    ,MACH. & EQPT.       ,PRESSURE WASHER                                   ,         2,MFI-PIGGERY                   ,PIGGERY-MAINTENANCE WAREHOUSE                     ,                    
0004226300001            ,SUBMERSIBLE PUMP GOULDS (11093)                             ,         0.00,  /  /    ,MACH. & EQPT.       ,PUMP                                              ,         5,MFI-PIGGERY                   ,PIGGERY-MAINTENANCE WAREHOUSE                     ,                    
0004226400001            ,SUBMERSIBLE MOTOR 5HP GOULDS                                ,         0.00,  /  /    ,MACH. & EQPT.       ,PUMP                                              ,         5,MFI-PIGGERY                   ,PIGGERY-MAINTENANCE WAREHOUSE                     ,                    
0004227200001            ,SUBMERSIBLE MOTOR 10HP GOULDS                               ,         0.00,  /  /    ,MACH. & EQPT.       ,MOTOR                                             ,         5,MFI-PIGGERY                   ,PIGGERY-MAINTENANCE WAREHOUSE                     ,                    
0004227300001            ,SUBMERSIBLE PUMP GOULDS                                     ,         0.00,  /  /    ,MACH. & EQPT.       ,PUMP                                              ,         4,MFI-PIGGERY                   ,PIGGERY-MAINTENANCE WAREHOUSE                     ,                    
0000452000004            ,PRESSURE WASHER 2HP WULI                                    ,         0.00,  /  /    ,MACH. & EQPT.       ,PRESSURE WASHER                                   ,         2,MFI-PIGGERY                   ,PIGGERY-MAINTENANCE WAREHOUSE                     ,                    
0001507300002            ,PRESSURE WASHER PUMP KAWASAKI                               ,         0.00,  /  /    ,MACH. & EQPT.       ,PRESSURE WASHER                                   ,         2,MFI-PIGGERY                   ,PIGGERY-MAINTENANCE WAREHOUSE                     ,                    
0001507300003            ,PRESSURE WASHER PUMP KAWASAKI                               ,         0.00,  /  /    ,MACH. & EQPT.       ,PRESSURE WASHER                                   ,         2,MFI-PIGGERY                   ,PIGGERY-MAINTENANCE WAREHOUSE                     ,                    
0004227600001            ,SUBMERSIBLE PUMP .5HP STEAMPLUS                             ,         0.00,  /  /    ,MACH. & EQPT.       ,PUMP                                              ,         5,MFI-PIGGERY                   ,PIGGERY-MAINTENANCE WAREHOUSE                     ,                    
0004227600002            ,SUBMERSIBLE PUMP .5HP STEAMPLUS                             ,         0.00,  /  /    ,MACH. & EQPT.       ,PUMP                                              ,         5,MFI-PIGGERY                   ,PIGGERY-MAINTENANCE WAREHOUSE                     ,                    
0004227600003            ,SUBMERSIBLE PUMP .5HP STEAMPLUS                             ,         0.00,  /  /    ,MACH. & EQPT.       ,PUMP                                              ,         5,MFI-PIGGERY                   ,PIGGERY-MAINTENANCE WAREHOUSE                     ,                    
0004227600004            ,SUBMERSIBLE PUMP .5HP STEAMPLUS                             ,         0.00,  /  /    ,MACH. & EQPT.       ,PUMP                                              ,         5,MFI-PIGGERY                   ,PIGGERY-MAINTENANCE WAREHOUSE                     ,                    
0004227600005            ,SUBMERSIBLE PUMP .5HP STEAMPLUS                             ,         0.00,  /  /    ,MACH. & EQPT.       ,PUMP                                              ,         5,MFI-PIGGERY                   ,PIGGERY-MAINTENANCE WAREHOUSE                     ,                    
0004227700001            ,SUBMERSIBLE PUMP 1HP STEAMPLUS                              ,         0.00,  /  /    ,MACH. & EQPT.       ,PUMP                                              ,         5,MFI-PIGGERY                   ,PIGGERY-MAINTENANCE WAREHOUSE                     ,                    
0004227700002            ,SUBMERSIBLE PUMP 1HP STEAMPLUS                              ,         0.00,  /  /    ,MACH. & EQPT.       ,PUMP                                              ,         5,MFI-PIGGERY                   ,PIGGERY-MAINTENANCE WAREHOUSE                     ,                    
0004217500003            ,DOSATRON                                                    ,         0.00,  /  /    ,MACH. & EQPT.       ,OTHERS                                            ,         5,MFI-PIGGERY                   ,PIGGERY-MAINTENANCE WAREHOUSE                     ,                    
0004217500004            ,DOSATRON                                                    ,         0.00,  /  /    ,MACH. & EQPT.       ,OTHERS                                            ,         5,MFI-PIGGERY                   ,PIGGERY-MAINTENANCE WAREHOUSE                     ,                    
0004217500005            ,DOSATRON                                                    ,         0.00,  /  /    ,MACH. & EQPT.       ,OTHERS                                            ,         5,MFI-PIGGERY                   ,PIGGERY-MAINTENANCE WAREHOUSE                     ,                    
0004217500006            ,DOSATRON                                                    ,         0.00,  /  /    ,MACH. & EQPT.       ,OTHERS                                            ,         5,MFI-PIGGERY                   ,PIGGERY-MAINTENANCE WAREHOUSE                     ,                    
0004217500007            ,DOSATRON                                                    ,         0.00,  /  /    ,MACH. & EQPT.       ,OTHERS                                            ,         5,MFI-PIGGERY                   ,PIGGERY-MAINTENANCE WAREHOUSE                     ,                    
0004227800001            ,SKOV DOL 278A (MPDOL278 M/L                                 ,         0.00,  /  /    ,MACH. & EQPT.       ,OTHERS                                            ,         3,MFI-PIGGERY                   ,PIGGERY-MAINTENANCE WAREHOUSE                     ,                    
0004227800002            ,SKOV DOL 278A (MPDOL278 M/L                                 ,         0.00,  /  /    ,MACH. & EQPT.       ,OTHERS                                            ,         3,MFI-PIGGERY                   ,PIGGERY-MAINTENANCE WAREHOUSE                     ,                    
0004227900001            ,FREQUENCY INVERTER 3.7KW DELTA                              ,         0.00,  /  /    ,STR. EQPT.          ,OTHERS                                            ,         3,MFI-PIGGERY                   ,PIGGERY-MAINTENANCE WAREHOUSE                     ,                    
0004228000001            ,PRICE COMPUTING FUJI                                        ,         0.00,  /  /    ,STR. EQPT.          ,OTHERS                                            ,         3,MFI-PIGGERY                   ,PIGGERY-MAINTENANCE WAREHOUSE                     ,                    
0004228100001            ,HANGING SCALE NUTEX 100HD                                   ,         0.00,  /  /    ,STR. EQPT.          ,WEIGHING SCALE                                    ,         3,MFI-PIGGERY                   ,PIGGERY-MAINTENANCE WAREHOUSE                     ,                    
0004228200001            ,PANEL BOARD 50A                                             ,         0.00,  /  /    ,ELEC. INTS. & EQPT. ,PANEL BOARD                                       ,         5,MFI-PIGGERY                   ,PIGGERY-MAINTENANCE WAREHOUSE                     ,                    
0004228200002            ,PANEL BOARD 50A                                             ,         0.00,  /  /    ,ELEC. INTS. & EQPT. ,PANEL BOARD                                       ,         5,MFI-PIGGERY                   ,PIGGERY-MAINTENANCE WAREHOUSE                     ,                    
0004228200003            ,PANEL BOARD 50A                                             ,         0.00,  /  /    ,ELEC. INTS. & EQPT. ,PANEL BOARD                                       ,         5,MFI-PIGGERY                   ,PIGGERY-MAINTENANCE WAREHOUSE                     ,                    
0004228200004            ,PANEL BOARD 50A                                             ,         0.00,  /  /    ,ELEC. INTS. & EQPT. ,PANEL BOARD                                       ,         5,MFI-PIGGERY                   ,PIGGERY-MAINTENANCE WAREHOUSE                     ,                    
0004228300001            ,HANGING SCALE NUTEX 10KG                                    ,         0.00,  /  /    ,STR. EQPT.          ,WEIGHING SCALE                                    ,         3,MFI-PIGGERY                   ,PIGGERY-MAINTENANCE WAREHOUSE                     ,                    
0004228300002            ,HANGING SCALE NUTEX 10KG                                    ,         0.00,  /  /    ,STR. EQPT.          ,WEIGHING SCALE                                    ,         3,MFI-PIGGERY                   ,PIGGERY-MAINTENANCE WAREHOUSE                     ,                    
0004228300003            ,HANGING SCALE NUTEX 10KG                                    ,         0.00,  /  /    ,STR. EQPT.          ,WEIGHING SCALE                                    ,         3,MFI-PIGGERY                   ,PIGGERY-MAINTENANCE WAREHOUSE                     ,                    
0004228600001            ,PANEL BOARD MTS                                             ,         0.00,  /  /    ,ELEC. INTS. & EQPT. ,PANEL BOARD                                       ,         5,MFI-PIGGERY                   ,PIGGERY-MAINTENANCE WAREHOUSE                     ,                    
0004228800001            ,MULTIFAN MOTORS                                             ,         0.00,  /  /    ,MACH. & EQPT.       ,MOTOR                                             ,         5,MFI-PIGGERY                   ,PIGGERY-MAINTENANCE WAREHOUSE                     ,                    
0004228800002            ,MULTIFAN MOTORS                                             ,         0.00,  /  /    ,MACH. & EQPT.       ,MOTOR                                             ,         5,MFI-PIGGERY                   ,PIGGERY-MAINTENANCE WAREHOUSE                     ,                    
0004228800003            ,MULTIFAN MOTORS                                             ,         0.00,  /  /    ,MACH. & EQPT.       ,MOTOR                                             ,         5,MFI-PIGGERY                   ,PIGGERY-MAINTENANCE WAREHOUSE                     ,                    
0004228800004            ,MULTIFAN MOTORS                                             ,         0.00,  /  /    ,MACH. & EQPT.       ,MOTOR                                             ,         5,MFI-PIGGERY                   ,PIGGERY-MAINTENANCE WAREHOUSE                     ,                    
0004228800005            ,MULTIFAN MOTORS                                             ,         0.00,  /  /    ,MACH. & EQPT.       ,MOTOR                                             ,         5,MFI-PIGGERY                   ,PIGGERY-MAINTENANCE WAREHOUSE                     ,                    
0004228800006            ,MULTIFAN MOTORS                                             ,         0.00,  /  /    ,MACH. & EQPT.       ,MOTOR                                             ,         5,MFI-PIGGERY                   ,PIGGERY-MAINTENANCE WAREHOUSE                     ,                    
0004228800007            ,MULTIFAN MOTORS                                             ,         0.00,  /  /    ,MACH. & EQPT.       ,MOTOR                                             ,         5,MFI-PIGGERY                   ,PIGGERY-MAINTENANCE WAREHOUSE                     ,                    
0004228800008            ,MULTIFAN MOTORS                                             ,         0.00,  /  /    ,MACH. & EQPT.       ,MOTOR                                             ,         5,MFI-PIGGERY                   ,PIGGERY-MAINTENANCE WAREHOUSE                     ,                    
0004228800009            ,MULTIFAN MOTORS                                             ,         0.00,  /  /    ,MACH. & EQPT.       ,MOTOR                                             ,         5,MFI-PIGGERY                   ,PIGGERY-MAINTENANCE WAREHOUSE                     ,                    
0004228800010            ,MULTIFAN MOTORS                                             ,         0.00,  /  /    ,MACH. & EQPT.       ,MOTOR                                             ,         5,MFI-PIGGERY                   ,PIGGERY-MAINTENANCE WAREHOUSE                     ,                    
0003529900001            ,MAKITA ELECTRIC DRILL                                       ,         0.00,  /  /    ,TOOLS               ,DRILL                                             ,         5,MFI-PIGGERY                   ,PIGGERY-MAINTENANCE WAREHOUSE                     ,                    
0001570400002            ,LAMINATED OFFICE TABLE                                      ,         0.00,  /  /    ,FUR. & FIXT.        ,TABLE                                             ,         5,MFI-PIGGERY                   ,PIGGERY-MAINTENANCE WAREHOUSE                     ,                    
0000928600087            ,DOUBLE DECK                                                 ,         0.00,  /  /    ,FUR. & FIXT.        ,BED                                               ,         3,MFI-PIGGERY                   ,PIGGERY-MAINTENANCE WAREHOUSE                     ,                    
0001630000002            ,WOODEN HANGING CABINET                                      ,         0.00,  /  /    ,FUR. & FIXT.        ,CABINET                                           ,         5,MFI-PIGGERY                   ,PIGGERY-MAINTENANCE WAREHOUSE                     ,                    
0004228900001            ,BULLETIN BOARD WHITE                                        ,         0.00,  /  /    ,FUR. & FIXT.        ,BULLETIN BOARD                                    ,         5,MFI-PIGGERY                   ,PIGGERY-MAINTENANCE WAREHOUSE                     ,                    
0004228900002            ,BULLETIN BOARD WHITE                                        ,         0.00,  /  /    ,FUR. & FIXT.        ,BULLETIN BOARD                                    ,         5,MFI-PIGGERY                   ,PIGGERY-MAINTENANCE WAREHOUSE                     ,                    
0001571100001            ,MAKITA BLOWER 401 4N                                        ,         0.00,  /  /    ,TOOLS               ,OTHERS                                            ,         3,MFI-PIGGERY                   ,PIGGERY-MAINTENANCE WAREHOUSE                     ,                    
0004229100001            ,BLOWER MIST                                                 ,         0.00,  /  /    ,STR. EQPT.          ,OTHERS                                            ,         3,MFI-PIGGERY                   ,PIGGERY-MAINTENANCE WAREHOUSE                     ,                    
0004215900001            ,PRESSURE WASHER KAWASAKI 0.5HP                              ,         0.00,  /  /    ,MACH. & EQPT.       ,PRESSURE WASHER                                   ,         5,MFI-PIGGERY                   ,PIGGERY-MAINTENANCE WAREHOUSE                     ,                    
0004229200001            ,TV HAIER 40""                                                ,         0.00,  /  /    ,STR. EQPT.          ,TV                                                ,         3,MFI-PIGGERY                   ,PIGGERY-MAINTENANCE WAREHOUSE                     ,                    
0003546000007            ,STEEL BENCH                                                 ,         0.00,  /  /    ,FUR. & FIXT.        ,BENCH                                             ,         5,MFI-PIGGERY                   ,PIGGERY-MAINTENANCE WAREHOUSE                     ,                    
0003546000008            ,STEEL BENCH                                                 ,         0.00,  /  /    ,FUR. & FIXT.        ,BENCH                                             ,         5,MFI-PIGGERY                   ,PIGGERY-MAINTENANCE WAREHOUSE                     ,                    
0004229600001            ,AIRCON CARRIER S#:11PC051-4476                              ,         0.00,  /  /    ,MACH. & EQPT.       ,AIRCON                                            ,         5,MFI-PIGGERY                   ,PIGGERY-MAINTENANCE WAREHOUSE                     ,                    
0004228600002            ,PANEL BOARD ATS                                             ,         0.00,  /  /    ,ELEC. INTS. & EQPT. ,PANEL BOARD                                       ,         5,MFI-PIGGERY                   ,PIGGERY-MAINTENANCE WAREHOUSE                     ,                    
0004228600003            ,PANEL BOARD ATS                                             ,         0.00,  /  /    ,ELEC. INTS. & EQPT. ,PANEL BOARD                                       ,         5,MFI-PIGGERY                   ,PIGGERY-MAINTENANCE WAREHOUSE                     ,                    
0004228600004            ,PANEL BOARD ATS                                             ,         0.00,  /  /    ,ELEC. INTS. & EQPT. ,PANEL BOARD                                       ,         5,MFI-PIGGERY                   ,PIGGERY-MAINTENANCE WAREHOUSE                     ,                    
0004228600005            ,PANEL BOARD ATS                                             ,         0.00,  /  /    ,ELEC. INTS. & EQPT. ,PANEL BOARD                                       ,         5,MFI-PIGGERY                   ,PIGGERY-MAINTENANCE WAREHOUSE                     ,                    
0004228600006            ,PANEL BOARD ATS                                             ,         0.00,  /  /    ,ELEC. INTS. & EQPT. ,PANEL BOARD                                       ,         5,MFI-PIGGERY                   ,PIGGERY-MAINTENANCE WAREHOUSE                     ,                    
0004229800001            ,DESCAFLEX DRIVE UNIT W/ MOTOR 04801601                      ,         0.00,  /  /    ,MACH. & EQPT.       ,OTHERS                                            ,         5,MFI-PIGGERY                   ,PIGGERY-MAINTENANCE WAREHOUSE                     ,                    
0004229800002            ,DESCAFLEX DRIVE UNIT W/ MOTOR 04801601                      ,         0.00,  /  /    ,MACH. & EQPT.       ,OTHERS                                            ,         5,MFI-PIGGERY                   ,PIGGERY-MAINTENANCE WAREHOUSE                     ,                    
0004229800003            ,DESCAFLEX DRIVE UNIT W/ MOTOR 04801601                      ,         0.00,  /  /    ,MACH. & EQPT.       ,OTHERS                                            ,         5,MFI-PIGGERY                   ,PIGGERY-MAINTENANCE WAREHOUSE                     ,                    
0004229800004            ,DESCAFLEX DRIVE UNIT W/ MOTOR 04801601                      ,         0.00,  /  /    ,MACH. & EQPT.       ,OTHERS                                            ,         5,MFI-PIGGERY                   ,PIGGERY-MAINTENANCE WAREHOUSE                     ,                    
0004229900001            ,DESCAFLEX DRIVE UNIT W/O MOTOR 04801814                     ,         0.00,  /  /    ,MACH. & EQPT.       ,OTHERS                                            ,         5,MFI-PIGGERY                   ,PIGGERY-MAINTENANCE WAREHOUSE                     ,                    
0004229900002            ,DESCAFLEX DRIVE UNIT W/O MOTOR 04801814                     ,         0.00,  /  /    ,MACH. & EQPT.       ,OTHERS                                            ,         5,MFI-PIGGERY                   ,PIGGERY-MAINTENANCE WAREHOUSE                     ,                    
0004229900003            ,DESCAFLEX DRIVE UNIT W/O MOTOR 04801814                     ,         0.00,  /  /    ,MACH. & EQPT.       ,OTHERS                                            ,         5,MFI-PIGGERY                   ,PIGGERY-MAINTENANCE WAREHOUSE                     ,                    
0004229900004            ,DESCAFLEX DRIVE UNIT W/O MOTOR 04801814                     ,         0.00,  /  /    ,MACH. & EQPT.       ,OTHERS                                            ,         5,MFI-PIGGERY                   ,PIGGERY-MAINTENANCE WAREHOUSE                     ,                    
0000691600004            ,IWATA BUNDY CLOCK                                           ,         0.00,  /  /    ,OFF. EQPT.          ,TIMERECORDER                                      ,         3,MFI-PIGGERY                   ,PIGGERY-MAINTENANCE WAREHOUSE                     ,                    
0002173800010            ,STEEL RACK                                                  ,         0.00,  /  /    ,FUR. & FIXT.        ,RACK                                              ,        10,MFI-PIGGERY                   ,PIGGERY-MAINTENANCE WAREHOUSE                     ,                    
0000928600160            ,DOUBLE DECK                                                 ,         0.00,  /  /    ,FUR. & FIXT.        ,BED                                               ,         3,MFI-PIGGERY                   ,PIGGERY-LOGISTICS                                 ,                    
0000928600161            ,DOUBLE DECK                                                 ,         0.00,  /  /    ,FUR. & FIXT.        ,BED                                               ,         3,MFI-PIGGERY                   ,PIGGERY-LOGISTICS                                 ,                    
0000928600162            ,DOUBLE DECK                                                 ,         0.00,  /  /    ,FUR. & FIXT.        ,BED                                               ,         3,MFI-PIGGERY                   ,PIGGERY-LOGISTICS                                 ,                    
0001630000003            ,WOODEN HANGING CABINET                                      ,         0.00,  /  /    ,FUR. & FIXT.        ,CABINET                                           ,         5,MFI-PIGGERY                   ,PIGGERY-LOGISTICS                                 ,                    
0001630000004            ,WOODEN HANGING CABINET                                      ,         0.00,  /  /    ,FUR. & FIXT.        ,CABINET                                           ,         5,MFI-PIGGERY                   ,PIGGERY-LOGISTICS                                 ,                    
0004230000001            ,FUEL PUMP SANKI                                             ,         0.00,  /  /    ,MACH. & EQPT.       ,PUMP                                              ,         5,MFI-PIGGERY                   ,PIGGERY-LOGISTICS                                 ,                    
0000750100005            ,FUEL TANK                                                   ,         0.00,  /  /    ,MACH. & EQPT.       ,TANK                                              ,         5,MFI-PIGGERY                   ,PIGGERY-LOGISTICS                                 ,                    
0004230100001            ,ISUZU FORWARD ALUM. TRUCK PL#:RGJ-217                       ,    706700.00,02/26/2008,TRNS. EQPT.         ,VEHICLE                                           ,        10,MFI-PIGGERY                   ,PIGGERY-LOGISTICS                                 ,                    
0000754700002            ,YAMATO WELDING MACHINE                                      ,         0.00,  /  /    ,MACH. & EQPT.       ,OTHERS                                            ,         5,MFI-PIGGERY                   ,PIGGERY-LOGISTICS                                 ,                    
0004215900002            ,PRESSURE WASHER KAWASAKI 0.5HP                              ,         0.00,  /  /    ,MACH. & EQPT.       ,PRESSURE WASHER                                   ,         5,MFI-PIGGERY                   ,PIGGERY-LOGISTICS                                 ,                    
0004230200001            ,ISUZU FORWARD CARGO TRUCK PL#:RMW-447                       ,         0.00,  /  /    ,TRNS. EQPT.         ,VEHICLE                                           ,        10,MFI-PIGGERY                   ,PIGGERY-LOGISTICS                                 ,                    
0004230300001            ,ISUZU FORWARD CARGO TRUCK PL#:RJF-890                       ,         0.00,  /  /    ,TRNS. EQPT.         ,VEHICLE                                           ,        10,MFI-PIGGERY                   ,PIGGERY-LOGISTICS                                 ,                    
0002889400002            ,FUJI WEIGHING SCALE 60KGS                                   ,         0.00,  /  /    ,STR. EQPT.          ,WEIGHING SCALE                                    ,         3,MFI-PIGGERY                   ,PIGGERY-LOGISTICS                                 ,                    
0004230400001            ,TRACTOR HOLARD                                              ,         0.00,  /  /    ,MACH. & EQPT.       ,OTHERS                                            ,         5,MFI-PIGGERY                   ,PIGGERY-LOGISTICS                                 ,                    
0004231800001            ,ISUZU FORWARD RGJ 110                                       ,         0.00,  /  /    ,TRNS. EQPT.         ,VEHICLE                                           ,        10,MFI-PIGGERY                   ,PIGGERY-LOGISTICS                                 ,                    
0004231900001            ,ISUZU FORWARD CARGO TRUCK PL#:RGS-296                       ,         0.00,  /  /    ,TRNS. EQPT.         ,VEHICLE                                           ,        10,MFI-PIGGERY                   ,PIGGERY-FEEDS WAREHOUSE 1                         ,                    
0004232000001            ,ISUZU ELF RLE 315                                           ,         0.00,  /  /    ,TRNS. EQPT.         ,VEHICLE                                           ,        10,MFI-PIGGERY                   ,PIGGERY-FEEDS WAREHOUSE 1                         ,                    
0004232200001            ,ISUZU FORWARD REF. VAN TRUCK PL#:AAV-6867                   ,         0.00,  /  /    ,TRNS. EQPT.         ,VEHICLE                                           ,        10,MFI-PIGGERY                   ,PIGGERY-FEEDS WAREHOUSE 1                         ,                    
0004232300001            ,ISUZU PRIME MOVER CPY 945                                   ,         0.00,  /  /    ,TRNS. EQPT.         ,VEHICLE                                           ,        10,MFI-PIGGERY                   ,PIGGERY-FEEDS WAREHOUSE 1                         ,                    
0004232500001            ,ISUZU FORWARD TRUCK PL#:REZ-742                             ,    536500.00,08/31/2008,TRNS. EQPT.         ,VEHICLE                                           ,        10,MFI-PIGGERY                   ,PIGGERY-FEEDS WAREHOUSE 1                         ,                    
0004233000001            ,FORKLIFT 1                                                  ,         0.00,  /  /    ,MACH. & EQPT.       ,FORKLIFT                                          ,        10,MFI-PIGGERY                   ,PIGGERY-FEEDS WAREHOUSE 1                         ,                    
0004233300001            ,FORKLIFT 2                                                  ,         0.00,  /  /    ,MACH. & EQPT.       ,FORKLIFT                                          ,        10,MFI-PIGGERY                   ,PIGGERY-FEEDS WAREHOUSE 1                         ,                    
0004233400001            ,FORKLIFT 3                                                  ,         0.00,  /  /    ,MACH. & EQPT.       ,FORKLIFT                                          ,        10,MFI-PIGGERY                   ,PIGGERY-FEEDS WAREHOUSE 1                         ,                    
0004233600001            ,MITS. FUSO TRACTOR HEAD PL#:RDE-640                         ,         0.00,  /  /    ,TRNS. EQPT.         ,VEHICLE                                           ,        10,MFI-PIGGERY                   ,PIGGERY-FEEDS WAREHOUSE 1                         ,                    
0000928600163            ,DOUBLE DECK                                                 ,         0.00,  /  /    ,FUR. & FIXT.        ,BED                                               ,         3,MFI-PIGGERY                   ,PIGGERY-FEEDS WAREHOUSE 1                         ,                    
0003200100001            ,KNAPSACK SPRAYER - TUNGHU                                   ,         0.00,  /  /    ,STR. EQPT.          ,SPRAYER                                           ,         2,MFI-PIGGERY                   ,PIGGERY-FEEDS WAREHOUSE 1                         ,                    
0004233700001            ,BULK TRUCK RMD 479                                          ,         0.00,  /  /    ,TRNS. EQPT.         ,VEHICLE                                           ,        10,MFI-PIGGERY                   ,PIGGERY-FEEDS WAREHOUSE 1                         ,                    
0004233800001            ,ISUZU BULK ADN 7561                                         ,         0.00,  /  /    ,TRNS. EQPT.         ,VEHICLE                                           ,        10,MFI-PIGGERY                   ,PIGGERY-FEEDS WAREHOUSE 1                         ,                    
0004233900001            ,PANEL BOARD LVSG                                            ,         0.00,  /  /    ,ELEC. INTS. & EQPT. ,PANEL BOARD                                       ,         5,MFI-PIGGERY                   ,PIGGERY-FEEDS WAREHOUSE 1                         ,                    
0004228600007            ,PANEL BOARD ATS                                             ,         0.00,  /  /    ,ELEC. INTS. & EQPT. ,PANEL BOARD                                       ,         5,MFI-PIGGERY                   ,PIGGERY-FEEDS WAREHOUSE 1                         ,                    
0004234300001            ,WOODEN LOCKER 32 DOORS                                      ,         0.00,  /  /    ,OFF. EQPT.          ,LOCKER                                            ,        10,MFI-PIGGERY                   ,PIGGERY-EXPANSION PRODUCTION ENTRANCE BOYS        ,                    
0003241700001            ,WELDING MACHINE SEWA                                        ,         0.00,  /  /    ,MACH. & EQPT.       ,OTHERS                                            ,         5,MFI-PIGGERY                   ,PIGGERY-POWERHOUSE                                ,                    
0004217500008            ,DOSATRON                                                    ,         0.00,  /  /    ,MACH. & EQPT.       ,OTHERS                                            ,         5,MFI-PIGGERY                   ,PIGGERY-POWERHOUSE                                ,                    
0004217500009            ,DOSATRON                                                    ,         0.00,  /  /    ,MACH. & EQPT.       ,OTHERS                                            ,         5,MFI-PIGGERY                   ,PIGGERY-POWERHOUSE                                ,                    
0004217500010            ,DOSATRON                                                    ,         0.00,  /  /    ,MACH. & EQPT.       ,OTHERS                                            ,         5,MFI-PIGGERY                   ,PIGGERY-POWERHOUSE                                ,                    
0004217500011            ,DOSATRON                                                    ,         0.00,  /  /    ,MACH. & EQPT.       ,OTHERS                                            ,         5,MFI-PIGGERY                   ,PIGGERY-POWERHOUSE                                ,                    
0004217500012            ,DOSATRON                                                    ,         0.00,  /  /    ,MACH. & EQPT.       ,OTHERS                                            ,         5,MFI-PIGGERY                   ,PIGGERY-POWERHOUSE                                ,                    
0004217500013            ,DOSATRON                                                    ,         0.00,  /  /    ,MACH. & EQPT.       ,OTHERS                                            ,         5,MFI-PIGGERY                   ,PIGGERY-POWERHOUSE                                ,                    
0004217500014            ,DOSATRON                                                    ,         0.00,  /  /    ,MACH. & EQPT.       ,OTHERS                                            ,         5,MFI-PIGGERY                   ,PIGGERY-POWERHOUSE                                ,                    
0004217500015            ,DOSATRON                                                    ,         0.00,  /  /    ,MACH. & EQPT.       ,OTHERS                                            ,         5,MFI-PIGGERY                   ,PIGGERY-POWERHOUSE                                ,                    
0004217500016            ,DOSATRON                                                    ,         0.00,  /  /    ,MACH. & EQPT.       ,OTHERS                                            ,         5,MFI-PIGGERY                   ,PIGGERY-POWERHOUSE                                ,                    
0004217500017            ,DOSATRON                                                    ,         0.00,  /  /    ,MACH. & EQPT.       ,OTHERS                                            ,         5,MFI-PIGGERY                   ,PIGGERY-POWERHOUSE                                ,                    
0004217500018            ,DOSATRON                                                    ,         0.00,  /  /    ,MACH. & EQPT.       ,OTHERS                                            ,         5,MFI-PIGGERY                   ,PIGGERY-POWERHOUSE                                ,                    
0004217500019            ,DOSATRON                                                    ,         0.00,  /  /    ,MACH. & EQPT.       ,OTHERS                                            ,         5,MFI-PIGGERY                   ,PIGGERY-POWERHOUSE                                ,                    
0004217500020            ,DOSATRON                                                    ,         0.00,  /  /    ,MACH. & EQPT.       ,OTHERS                                            ,         5,MFI-PIGGERY                   ,PIGGERY-POWERHOUSE                                ,                    
0004217500021            ,DOSATRON                                                    ,         0.00,  /  /    ,MACH. & EQPT.       ,OTHERS                                            ,         5,MFI-PIGGERY                   ,PIGGERY-POWERHOUSE                                ,                    
0004217500022            ,DOSATRON                                                    ,         0.00,  /  /    ,MACH. & EQPT.       ,OTHERS                                            ,         5,MFI-PIGGERY                   ,PIGGERY-POWERHOUSE                                ,                    
0004217500023            ,DOSATRON                                                    ,         0.00,  /  /    ,MACH. & EQPT.       ,OTHERS                                            ,         5,MFI-PIGGERY                   ,PIGGERY-POWERHOUSE                                ,                    
0004234000001            ,LITHIUM IMPACT DRILL DEWALT                                 ,         0.00,  /  /    ,TOOLS               ,DRILL                                             ,         3,MFI-PIGGERY                   ,PIGGERY-POWERHOUSE                                ,                    
0004234100001            ,RIDGID CUTTER 1/8 - 2""                                      ,         0.00,  /  /    ,STR. EQPT.          ,OTHERS                                            ,         2,MFI-PIGGERY                   ,PIGGERY-POWERHOUSE                                ,                    
0004236600001            ,CATERPILAR GENSET M:300 S#: 10710074                        ,         0.00,  /  /    ,MACH. & EQPT.       ,GENERATOR                                         ,         5,MFI-PIGGERY                   ,PIGGERY-POWERHOUSE                                ,                    
0004234200001            ,BIO REFRIGERATOR SANYO                                      ,         0.00,  /  /    ,STR. EQPT.          ,REFRIGERATOR                                      ,         3,MFI-PIGGERY                   ,PIGGERY-POWERHOUSE                                ,                    
0004227600006            ,SUBMERSIBLE PUMP .5HP STEAMPLUS                             ,         0.00,  /  /    ,MACH. & EQPT.       ,PUMP                                              ,         5,MFI-PIGGERY                   ,PIGGERY-POWERHOUSE                                ,                    
0004227600007            ,SUBMERSIBLE PUMP .5HP STEAMPLUS                             ,         0.00,  /  /    ,MACH. & EQPT.       ,PUMP                                              ,         5,MFI-PIGGERY                   ,PIGGERY-POWERHOUSE                                ,                    
0004227600008            ,SUBMERSIBLE PUMP .5HP STEAMPLUS                             ,         0.00,  /  /    ,MACH. & EQPT.       ,PUMP                                              ,         5,MFI-PIGGERY                   ,PIGGERY-POWERHOUSE                                ,                    
0004237300001            ,SUBMERSIBLE PUMP .5 HP                                      ,         0.00,  /  /    ,MACH. & EQPT.       ,PUMP                                              ,         4,MFI-PIGGERY                   ,PIGGERY-POWERHOUSE                                ,                    
0004234400001            ,ABB MOTOR                                                   ,         0.00,  /  /    ,MACH. & EQPT.       ,MOTOR                                             ,         5,MFI-PIGGERY                   ,PIGGERY-POWERHOUSE                                ,                    
0004234400002            ,ABB MOTOR                                                   ,         0.00,  /  /    ,MACH. & EQPT.       ,MOTOR                                             ,         5,MFI-PIGGERY                   ,PIGGERY-POWERHOUSE                                ,                    
0004234600001            ,BACKPACK SPRAYER HONDA                                      ,         0.00,  /  /    ,STR. EQPT.          ,SPRAYER                                           ,         2,MFI-PIGGERY                   ,PIGGERY-POWERHOUSE                                ,                    
0000384500004            ,WHITE BOARD (BIG                                            ,         0.00,  /  /    ,FUR. & FIXT.        ,WHITE BOARD                                       ,         3,MFI-PIGGERY                   ,PIGGERY-POWERHOUSE                                ,                    
0001198500002            ,WHITE BOARD (SMALL)                                         ,         0.00,  /  /    ,FUR. & FIXT.        ,BOARD                                             ,         5,MFI-PIGGERY                   ,PIGGERY-POWERHOUSE                                ,                    
0000025500003            ,AVR 1500WATTS                                               ,         0.00,  /  /    ,OFF. EQPT.          ,AVR                                               ,         3,MFI-PIGGERY                   ,PIGGERY-POWERHOUSE                                ,                    
0000481600006            ,BENCH VISE                                                  ,         0.00,  /  /    ,FUR. & FIXT.        ,BENCH                                             ,         5,MFI-PIGGERY                   ,PIGGERY-POWERHOUSE                                ,                    
0001924900002            ,CLAMP TESTER SANWA                                          ,         0.00,  /  /    ,TOOLS               ,CLAMP                                             ,         3,MFI-PIGGERY                   ,PIGGERY-POWERHOUSE                                ,                    
0000928600164            ,DOUBLE DECK                                                 ,         0.00,  /  /    ,FUR. & FIXT.        ,BED                                               ,         3,MFI-PIGGERY                   ,PIGGERY-DORMITORY 1 (BANK HOUSE 1)                ,                    
0000928600165            ,DOUBLE DECK                                                 ,         0.00,  /  /    ,FUR. & FIXT.        ,BED                                               ,         3,MFI-PIGGERY                   ,PIGGERY-DORMITORY 1 (BANK HOUSE 1)                ,                    
0000928600166            ,DOUBLE DECK                                                 ,         0.00,  /  /    ,FUR. & FIXT.        ,BED                                               ,         3,MFI-PIGGERY                   ,PIGGERY-DORMITORY 1 (BANK HOUSE 1)                ,                    
0000928600167            ,DOUBLE DECK                                                 ,         0.00,  /  /    ,FUR. & FIXT.        ,BED                                               ,         3,MFI-PIGGERY                   ,PIGGERY-DORMITORY 1 (BANK HOUSE 1)                ,                    
0000928600168            ,DOUBLE DECK                                                 ,         0.00,  /  /    ,FUR. & FIXT.        ,BED                                               ,         3,MFI-PIGGERY                   ,PIGGERY-DORMITORY 1 (BANK HOUSE 1)                ,                    
0000928600169            ,DOUBLE DECK                                                 ,         0.00,  /  /    ,FUR. & FIXT.        ,BED                                               ,         3,MFI-PIGGERY                   ,PIGGERY-DORMITORY 1 (BANK HOUSE 1)                ,                    
0000928600170            ,DOUBLE DECK                                                 ,         0.00,  /  /    ,FUR. & FIXT.        ,BED                                               ,         3,MFI-PIGGERY                   ,PIGGERY-DORMITORY 1 (BANK HOUSE 1)                ,                    
0000928600171            ,DOUBLE DECK                                                 ,         0.00,  /  /    ,FUR. & FIXT.        ,BED                                               ,         3,MFI-PIGGERY                   ,PIGGERY-DORMITORY 1 (BANK HOUSE 1)                ,                    
0000928600172            ,DOUBLE DECK                                                 ,         0.00,  /  /    ,FUR. & FIXT.        ,BED                                               ,         3,MFI-PIGGERY                   ,PIGGERY-DORMITORY 1 (BANK HOUSE 1)                ,                    
0000928600173            ,DOUBLE DECK                                                 ,         0.00,  /  /    ,FUR. & FIXT.        ,BED                                               ,         3,MFI-PIGGERY                   ,PIGGERY-DORMITORY 1 (BANK HOUSE 1)                ,                    
0000928600174            ,DOUBLE DECK                                                 ,         0.00,  /  /    ,FUR. & FIXT.        ,BED                                               ,         3,MFI-PIGGERY                   ,PIGGERY-DORMITORY 1 (BANK HOUSE 1)                ,                    
0000928600175            ,DOUBLE DECK                                                 ,         0.00,  /  /    ,FUR. & FIXT.        ,BED                                               ,         3,MFI-PIGGERY                   ,PIGGERY-DORMITORY 1 (BANK HOUSE 1)                ,                    
0000928600176            ,DOUBLE DECK                                                 ,         0.00,  /  /    ,FUR. & FIXT.        ,BED                                               ,         3,MFI-PIGGERY                   ,PIGGERY-DORMITORY 1 (BANK HOUSE 1)                ,                    
0000928600177            ,DOUBLE DECK                                                 ,         0.00,  /  /    ,FUR. & FIXT.        ,BED                                               ,         3,MFI-PIGGERY                   ,PIGGERY-DORMITORY 1 (BANK HOUSE 1)                ,                    
0000928600178            ,DOUBLE DECK                                                 ,         0.00,  /  /    ,FUR. & FIXT.        ,BED                                               ,         3,MFI-PIGGERY                   ,PIGGERY-DORMITORY 1 (BANK HOUSE 1)                ,                    
0000928600179            ,DOUBLE DECK                                                 ,         0.00,  /  /    ,FUR. & FIXT.        ,BED                                               ,         3,MFI-PIGGERY                   ,PIGGERY-DORMITORY 1 (BANK HOUSE 1)                ,                    
0000928600180            ,DOUBLE DECK                                                 ,         0.00,  /  /    ,FUR. & FIXT.        ,BED                                               ,         3,MFI-PIGGERY                   ,PIGGERY-DORMITORY 1 (BANK HOUSE 1)                ,                    
0000928600181            ,DOUBLE DECK                                                 ,         0.00,  /  /    ,FUR. & FIXT.        ,BED                                               ,         3,MFI-PIGGERY                   ,PIGGERY-DORMITORY 1 (BANK HOUSE 1)                ,                    
0000928600182            ,DOUBLE DECK                                                 ,         0.00,  /  /    ,FUR. & FIXT.        ,BED                                               ,         3,MFI-PIGGERY                   ,PIGGERY-DORMITORY 1 (BANK HOUSE 1)                ,                    
0000928600183            ,DOUBLE DECK                                                 ,         0.00,  /  /    ,FUR. & FIXT.        ,BED                                               ,         3,MFI-PIGGERY                   ,PIGGERY-DORMITORY 1 (BANK HOUSE 1)                ,                    
0000928600184            ,DOUBLE DECK                                                 ,         0.00,  /  /    ,FUR. & FIXT.        ,BED                                               ,         3,MFI-PIGGERY                   ,PIGGERY-DORMITORY 1 (BANK HOUSE 1)                ,                    
0000928600185            ,DOUBLE DECK                                                 ,         0.00,  /  /    ,FUR. & FIXT.        ,BED                                               ,         3,MFI-PIGGERY                   ,PIGGERY-DORMITORY 1 (BANK HOUSE 1)                ,                    
0000928600186            ,DOUBLE DECK                                                 ,         0.00,  /  /    ,FUR. & FIXT.        ,BED                                               ,         3,MFI-PIGGERY                   ,PIGGERY-DORMITORY 1 (BANK HOUSE 1)                ,                    
0000928600187            ,DOUBLE DECK                                                 ,         0.00,  /  /    ,FUR. & FIXT.        ,BED                                               ,         3,MFI-PIGGERY                   ,PIGGERY-DORMITORY 1 (BANK HOUSE 1)                ,                    
0000928600188            ,DOUBLE DECK                                                 ,         0.00,  /  /    ,FUR. & FIXT.        ,BED                                               ,         3,MFI-PIGGERY                   ,PIGGERY-DORMITORY 1 (BANK HOUSE 1)                ,                    
0000928600189            ,DOUBLE DECK                                                 ,         0.00,  /  /    ,FUR. & FIXT.        ,BED                                               ,         3,MFI-PIGGERY                   ,PIGGERY-DORMITORY 1 (BANK HOUSE 1)                ,                    
0000928600190            ,DOUBLE DECK                                                 ,         0.00,  /  /    ,FUR. & FIXT.        ,BED                                               ,         3,MFI-PIGGERY                   ,PIGGERY-DORMITORY 1 (BANK HOUSE 1)                ,                    
0000928600191            ,DOUBLE DECK                                                 ,         0.00,  /  /    ,FUR. & FIXT.        ,BED                                               ,         3,MFI-PIGGERY                   ,PIGGERY-DORMITORY 1 (BANK HOUSE 1)                ,                    
0000928600192            ,DOUBLE DECK                                                 ,         0.00,  /  /    ,FUR. & FIXT.        ,BED                                               ,         3,MFI-PIGGERY                   ,PIGGERY-DORMITORY 1 (BANK HOUSE 1)                ,                    
0000928600193            ,DOUBLE DECK                                                 ,         0.00,  /  /    ,FUR. & FIXT.        ,BED                                               ,         3,MFI-PIGGERY                   ,PIGGERY-DORMITORY 1 (BANK HOUSE 1)                ,                    
0000928600194            ,DOUBLE DECK                                                 ,         0.00,  /  /    ,FUR. & FIXT.        ,BED                                               ,         3,MFI-PIGGERY                   ,PIGGERY-DORMITORY 1 (BANK HOUSE 1)                ,                    
0000928600195            ,DOUBLE DECK                                                 ,         0.00,  /  /    ,FUR. & FIXT.        ,BED                                               ,         3,MFI-PIGGERY                   ,PIGGERY-DORMITORY 1 (BANK HOUSE 1)                ,                    
0000928600196            ,DOUBLE DECK                                                 ,         0.00,  /  /    ,FUR. & FIXT.        ,BED                                               ,         3,MFI-PIGGERY                   ,PIGGERY-DORMITORY 1 (BANK HOUSE 1)                ,                    
0000928600197            ,DOUBLE DECK                                                 ,         0.00,  /  /    ,FUR. & FIXT.        ,BED                                               ,         3,MFI-PIGGERY                   ,PIGGERY-DORMITORY 1 (BANK HOUSE 1)                ,                    
0000928600198            ,DOUBLE DECK                                                 ,         0.00,  /  /    ,FUR. & FIXT.        ,BED                                               ,         3,MFI-PIGGERY                   ,PIGGERY-DORMITORY 1 (BANK HOUSE 1)                ,                    
0000928600199            ,DOUBLE DECK                                                 ,         0.00,  /  /    ,FUR. & FIXT.        ,BED                                               ,         3,MFI-PIGGERY                   ,PIGGERY-DORMITORY 1 (BANK HOUSE 1)                ,                    
0000928600200            ,DOUBLE DECK                                                 ,         0.00,  /  /    ,FUR. & FIXT.        ,BED                                               ,         3,MFI-PIGGERY                   ,PIGGERY-DORMITORY 1 (BANK HOUSE 1)                ,                    
0000928600201            ,DOUBLE DECK                                                 ,         0.00,  /  /    ,FUR. & FIXT.        ,BED                                               ,         3,MFI-PIGGERY                   ,PIGGERY-DORMITORY 1 (BANK HOUSE 1)                ,                    
0000928600202            ,DOUBLE DECK                                                 ,         0.00,  /  /    ,FUR. & FIXT.        ,BED                                               ,         3,MFI-PIGGERY                   ,PIGGERY-DORMITORY 1 (BANK HOUSE 1)                ,                    
0000928600203            ,DOUBLE DECK                                                 ,         0.00,  /  /    ,FUR. & FIXT.        ,BED                                               ,         3,MFI-PIGGERY                   ,PIGGERY-DORMITORY 1 (BANK HOUSE 1)                ,                    
0000928600204            ,DOUBLE DECK                                                 ,         0.00,  /  /    ,FUR. & FIXT.        ,BED                                               ,         3,MFI-PIGGERY                   ,PIGGERY-DORMITORY 1 (BANK HOUSE 1)                ,                    
0000928600205            ,DOUBLE DECK                                                 ,         0.00,  /  /    ,FUR. & FIXT.        ,BED                                               ,         3,MFI-PIGGERY                   ,PIGGERY-DORMITORY 1 (BANK HOUSE 1)                ,                    
0000928600206            ,DOUBLE DECK                                                 ,         0.00,  /  /    ,FUR. & FIXT.        ,BED                                               ,         3,MFI-PIGGERY                   ,PIGGERY-DORMITORY 1 (BANK HOUSE 1)                ,                    
0000928600207            ,DOUBLE DECK                                                 ,         0.00,  /  /    ,FUR. & FIXT.        ,BED                                               ,         3,MFI-PIGGERY                   ,PIGGERY-DORMITORY 1 (BANK HOUSE 1)                ,                    
0000928600208            ,DOUBLE DECK                                                 ,         0.00,  /  /    ,FUR. & FIXT.        ,BED                                               ,         3,MFI-PIGGERY                   ,PIGGERY-DORMITORY 1 (BANK HOUSE 1)                ,                    
0000928600209            ,DOUBLE DECK                                                 ,         0.00,  /  /    ,FUR. & FIXT.        ,BED                                               ,         3,MFI-PIGGERY                   ,PIGGERY-DORMITORY 1 (BANK HOUSE 1)                ,                    
0000928600210            ,DOUBLE DECK                                                 ,         0.00,  /  /    ,FUR. & FIXT.        ,BED                                               ,         3,MFI-PIGGERY                   ,PIGGERY-DORMITORY 1 (BANK HOUSE 1)                ,                    
0000928600211            ,DOUBLE DECK                                                 ,         0.00,  /  /    ,FUR. & FIXT.        ,BED                                               ,         3,MFI-PIGGERY                   ,PIGGERY-DORMITORY 1 (BANK HOUSE 1)                ,                    
0000928600212            ,DOUBLE DECK                                                 ,         0.00,  /  /    ,FUR. & FIXT.        ,BED                                               ,         3,MFI-PIGGERY                   ,PIGGERY-DORMITORY 1 (BANK HOUSE 1)                ,                    
0000928600213            ,DOUBLE DECK                                                 ,         0.00,  /  /    ,FUR. & FIXT.        ,BED                                               ,         3,MFI-PIGGERY                   ,PIGGERY-DORMITORY 1 (BANK HOUSE 1)                ,                    
0000332300022            ,WOODEN CABINET                                              ,         0.00,  /  /    ,FUR. & FIXT.        ,CABINET                                           ,         5,MFI-PIGGERY                   ,PIGGERY-DORMITORY 1 (BANK HOUSE 1)                ,                    
0000332300023            ,WOODEN CABINET                                              ,         0.00,  /  /    ,FUR. & FIXT.        ,CABINET                                           ,         5,MFI-PIGGERY                   ,PIGGERY-DORMITORY 1 (BANK HOUSE 1)                ,                    
0000332300024            ,WOODEN CABINET                                              ,         0.00,  /  /    ,FUR. & FIXT.        ,CABINET                                           ,         5,MFI-PIGGERY                   ,PIGGERY-DORMITORY 1 (BANK HOUSE 1)                ,                    
0000332300025            ,WOODEN CABINET                                              ,         0.00,  /  /    ,FUR. & FIXT.        ,CABINET                                           ,         5,MFI-PIGGERY                   ,PIGGERY-DORMITORY 1 (BANK HOUSE 1)                ,                    
0000332300026            ,WOODEN CABINET                                              ,         0.00,  /  /    ,FUR. & FIXT.        ,CABINET                                           ,         5,MFI-PIGGERY                   ,PIGGERY-DORMITORY 1 (BANK HOUSE 1)                ,                    
0000332300027            ,WOODEN CABINET                                              ,         0.00,  /  /    ,FUR. & FIXT.        ,CABINET                                           ,         5,MFI-PIGGERY                   ,PIGGERY-DORMITORY 1 (BANK HOUSE 1)                ,                    
0000332300028            ,WOODEN CABINET                                              ,         0.00,  /  /    ,FUR. & FIXT.        ,CABINET                                           ,         5,MFI-PIGGERY                   ,PIGGERY-DORMITORY 1 (BANK HOUSE 1)                ,                    
0000332300029            ,WOODEN CABINET                                              ,         0.00,  /  /    ,FUR. & FIXT.        ,CABINET                                           ,         5,MFI-PIGGERY                   ,PIGGERY-DORMITORY 1 (BANK HOUSE 1)                ,                    
0000332300030            ,WOODEN CABINET                                              ,         0.00,  /  /    ,FUR. & FIXT.        ,CABINET                                           ,         5,MFI-PIGGERY                   ,PIGGERY-DORMITORY 1 (BANK HOUSE 1)                ,                    
0000332300031            ,WOODEN CABINET                                              ,         0.00,  /  /    ,FUR. & FIXT.        ,CABINET                                           ,         5,MFI-PIGGERY                   ,PIGGERY-DORMITORY 1 (BANK HOUSE 1)                ,                    
0000332300032            ,WOODEN CABINET                                              ,         0.00,  /  /    ,FUR. & FIXT.        ,CABINET                                           ,         5,MFI-PIGGERY                   ,PIGGERY-DORMITORY 1 (BANK HOUSE 1)                ,                    
0000332300033            ,WOODEN CABINET                                              ,         0.00,  /  /    ,FUR. & FIXT.        ,CABINET                                           ,         5,MFI-PIGGERY                   ,PIGGERY-DORMITORY 1 (BANK HOUSE 1)                ,                    
0000332300034            ,WOODEN CABINET                                              ,         0.00,  /  /    ,FUR. & FIXT.        ,CABINET                                           ,         5,MFI-PIGGERY                   ,PIGGERY-DORMITORY 1 (BANK HOUSE 1)                ,                    
0000332300035            ,WOODEN CABINET                                              ,         0.00,  /  /    ,FUR. & FIXT.        ,CABINET                                           ,         5,MFI-PIGGERY                   ,PIGGERY-DORMITORY 1 (BANK HOUSE 1)                ,                    
0000332300036            ,WOODEN CABINET                                              ,         0.00,  /  /    ,FUR. & FIXT.        ,CABINET                                           ,         5,MFI-PIGGERY                   ,PIGGERY-DORMITORY 1 (BANK HOUSE 1)                ,                    
0000332300037            ,WOODEN CABINET                                              ,         0.00,  /  /    ,FUR. & FIXT.        ,CABINET                                           ,         5,MFI-PIGGERY                   ,PIGGERY-DORMITORY 1 (BANK HOUSE 1)                ,                    
0000332300038            ,WOODEN CABINET                                              ,         0.00,  /  /    ,FUR. & FIXT.        ,CABINET                                           ,         5,MFI-PIGGERY                   ,PIGGERY-DORMITORY 1 (BANK HOUSE 1)                ,                    
0000332300039            ,WOODEN CABINET                                              ,         0.00,  /  /    ,FUR. & FIXT.        ,CABINET                                           ,         5,MFI-PIGGERY                   ,PIGGERY-DORMITORY 1 (BANK HOUSE 1)                ,                    
0000332300040            ,WOODEN CABINET                                              ,         0.00,  /  /    ,FUR. & FIXT.        ,CABINET                                           ,         5,MFI-PIGGERY                   ,PIGGERY-DORMITORY 1 (BANK HOUSE 1)                ,                    
0000332300041            ,WOODEN CABINET                                              ,         0.00,  /  /    ,FUR. & FIXT.        ,CABINET                                           ,         5,MFI-PIGGERY                   ,PIGGERY-DORMITORY 1 (BANK HOUSE 1)                ,                    
0000332300042            ,WOODEN CABINET                                              ,         0.00,  /  /    ,FUR. & FIXT.        ,CABINET                                           ,         5,MFI-PIGGERY                   ,PIGGERY-DORMITORY 1 (BANK HOUSE 1)                ,                    
0000332300043            ,WOODEN CABINET                                              ,         0.00,  /  /    ,FUR. & FIXT.        ,CABINET                                           ,         5,MFI-PIGGERY                   ,PIGGERY-DORMITORY 1 (BANK HOUSE 1)                ,                    
0000332300044            ,WOODEN CABINET                                              ,         0.00,  /  /    ,FUR. & FIXT.        ,CABINET                                           ,         5,MFI-PIGGERY                   ,PIGGERY-DORMITORY 1 (BANK HOUSE 1)                ,                    
0001630000005            ,WOODEN HANGING CABINET                                      ,         0.00,  /  /    ,FUR. & FIXT.        ,CABINET                                           ,         5,MFI-PIGGERY                   ,PIGGERY-DORMITORY 1 (BANK HOUSE 1)                ,                    
0001630000006            ,WOODEN HANGING CABINET                                      ,         0.00,  /  /    ,FUR. & FIXT.        ,CABINET                                           ,         5,MFI-PIGGERY                   ,PIGGERY-DORMITORY 1 (BANK HOUSE 1)                ,                    
0001630000007            ,WOODEN HANGING CABINET                                      ,         0.00,  /  /    ,FUR. & FIXT.        ,CABINET                                           ,         5,MFI-PIGGERY                   ,PIGGERY-DORMITORY 1 (BANK HOUSE 1)                ,                    
0001630000008            ,WOODEN HANGING CABINET                                      ,         0.00,  /  /    ,FUR. & FIXT.        ,CABINET                                           ,         5,MFI-PIGGERY                   ,PIGGERY-DORMITORY 1 (BANK HOUSE 1)                ,                    
0001630000009            ,WOODEN HANGING CABINET                                      ,         0.00,  /  /    ,FUR. & FIXT.        ,CABINET                                           ,         5,MFI-PIGGERY                   ,PIGGERY-DORMITORY 1 (BANK HOUSE 1)                ,                    
0001630000010            ,WOODEN HANGING CABINET                                      ,         0.00,  /  /    ,FUR. & FIXT.        ,CABINET                                           ,         5,MFI-PIGGERY                   ,PIGGERY-DORMITORY 1 (BANK HOUSE 1)                ,                    
0001630000011            ,WOODEN HANGING CABINET                                      ,         0.00,  /  /    ,FUR. & FIXT.        ,CABINET                                           ,         5,MFI-PIGGERY                   ,PIGGERY-DORMITORY 1 (BANK HOUSE 1)                ,                    
0001630000012            ,WOODEN HANGING CABINET                                      ,         0.00,  /  /    ,FUR. & FIXT.        ,CABINET                                           ,         5,MFI-PIGGERY                   ,PIGGERY-DORMITORY 1 (BANK HOUSE 1)                ,                    
0001630000013            ,WOODEN HANGING CABINET                                      ,         0.00,  /  /    ,FUR. & FIXT.        ,CABINET                                           ,         5,MFI-PIGGERY                   ,PIGGERY-DORMITORY 1 (BANK HOUSE 1)                ,                    
0001630000014            ,WOODEN HANGING CABINET                                      ,         0.00,  /  /    ,FUR. & FIXT.        ,CABINET                                           ,         5,MFI-PIGGERY                   ,PIGGERY-DORMITORY 1 (BANK HOUSE 1)                ,                    
0001630000015            ,WOODEN HANGING CABINET                                      ,         0.00,  /  /    ,FUR. & FIXT.        ,CABINET                                           ,         5,MFI-PIGGERY                   ,PIGGERY-DORMITORY 1 (BANK HOUSE 1)                ,                    
0001630000016            ,WOODEN HANGING CABINET                                      ,         0.00,  /  /    ,FUR. & FIXT.        ,CABINET                                           ,         5,MFI-PIGGERY                   ,PIGGERY-DORMITORY 1 (BANK HOUSE 1)                ,                    
0001630000017            ,WOODEN HANGING CABINET                                      ,         0.00,  /  /    ,FUR. & FIXT.        ,CABINET                                           ,         5,MFI-PIGGERY                   ,PIGGERY-DORMITORY 1 (BANK HOUSE 1)                ,                    
0001630000018            ,WOODEN HANGING CABINET                                      ,         0.00,  /  /    ,FUR. & FIXT.        ,CABINET                                           ,         5,MFI-PIGGERY                   ,PIGGERY-DORMITORY 1 (BANK HOUSE 1)                ,                    
0001630000019            ,WOODEN HANGING CABINET                                      ,         0.00,  /  /    ,FUR. & FIXT.        ,CABINET                                           ,         5,MFI-PIGGERY                   ,PIGGERY-DORMITORY 1 (BANK HOUSE 1)                ,                    
0001630000020            ,WOODEN HANGING CABINET                                      ,         0.00,  /  /    ,FUR. & FIXT.        ,CABINET                                           ,         5,MFI-PIGGERY                   ,PIGGERY-DORMITORY 1 (BANK HOUSE 1)                ,                    
0001630000021            ,WOODEN HANGING CABINET                                      ,         0.00,  /  /    ,FUR. & FIXT.        ,CABINET                                           ,         5,MFI-PIGGERY                   ,PIGGERY-DORMITORY 1 (BANK HOUSE 1)                ,                    
0001630000022            ,WOODEN HANGING CABINET                                      ,         0.00,  /  /    ,FUR. & FIXT.        ,CABINET                                           ,         5,MFI-PIGGERY                   ,PIGGERY-DORMITORY 1 (BANK HOUSE 1)                ,                    
0001630000023            ,WOODEN HANGING CABINET                                      ,         0.00,  /  /    ,FUR. & FIXT.        ,CABINET                                           ,         5,MFI-PIGGERY                   ,PIGGERY-DORMITORY 1 (BANK HOUSE 1)                ,                    
0001630000024            ,WOODEN HANGING CABINET                                      ,         0.00,  /  /    ,FUR. & FIXT.        ,CABINET                                           ,         5,MFI-PIGGERY                   ,PIGGERY-DORMITORY 1 (BANK HOUSE 1)                ,                    
0001630000025            ,WOODEN HANGING CABINET                                      ,         0.00,  /  /    ,FUR. & FIXT.        ,CABINET                                           ,         5,MFI-PIGGERY                   ,PIGGERY-DORMITORY 1 (BANK HOUSE 1)                ,                    
0001630000026            ,WOODEN HANGING CABINET                                      ,         0.00,  /  /    ,FUR. & FIXT.        ,CABINET                                           ,         5,MFI-PIGGERY                   ,PIGGERY-DORMITORY 1 (BANK HOUSE 1)                ,                    
0001602700001            ,WOODEN LAMINATED TABLE                                      ,         0.00,  /  /    ,FUR. & FIXT.        ,TABLE                                             ,         5,MFI-PIGGERY                   ,PIGGERY-DORMITORY 1 (BANK HOUSE 1)                ,                    
0001067200002            ,REFRIGERATOR SAMSUNG                                        ,         0.00,  /  /    ,STR. EQPT.          ,REFRIGERATOR                                      ,         3,MFI-PIGGERY                   ,PIGGERY-EXPANSION LABORATORY                      ,                    
0004241400001            ,BIO REFRIGERATOR 92W                                        ,         0.00,  /  /    ,OFF. EQPT.          ,REFRIGERATOR                                      ,         3,MFI-PIGGERY                   ,PIGGERY-EXPANSION LABORATORY                      ,                    
0004241400002            ,BIO REFRIGERATOR 92W                                        ,         0.00,  /  /    ,OFF. EQPT.          ,REFRIGERATOR                                      ,         3,MFI-PIGGERY                   ,PIGGERY-EXPANSION LABORATORY                      ,                    
0004241500001            ,BIO REFRIGERATOR 90W                                        ,         0.00,  /  /    ,OFF. EQPT.          ,REFRIGERATOR                                      ,         3,MFI-PIGGERY                   ,PIGGERY-EXPANSION LABORATORY                      ,                    
0004241600001            ,SPERMACUE                                                   ,         0.00,  /  /    ,OFF. EQPT.          ,GAUGE                                             ,         3,MFI-PIGGERY                   ,PIGGERY-EXPANSION LABORATORY                      ,                    
0004241800001            ,SOENHLE SCALE                                               ,         0.00,  /  /    ,OFF. EQPT.          ,WEIGHING SCALE                                    ,         3,MFI-PIGGERY                   ,PIGGERY-EXPANSION LABORATORY                      ,                    
0004242000001            ,CX21 MICROSCOPE OLYMPUS                                     ,         0.00,  /  /    ,OFF. EQPT.          ,OTHERS                                            ,         5,MFI-PIGGERY                   ,PIGGERY-EXPANSION LABORATORY                      ,                    
0004242200001            ,WATER BATH                                                  ,         0.00,  /  /    ,OTHER EQPT.         ,OTHERS                                            ,         5,MFI-PIGGERY                   ,PIGGERY-EXPANSION LABORATORY                      ,                    
0004242300001            ,AKITA WEIGHING SCALE 60KG                                   ,         0.00,  /  /    ,OFF. EQPT.          ,WEIGHING SCALE                                    ,         3,MFI-PIGGERY                   ,PIGGERY-EXPANSION LABORATORY                      ,                    
0004242400001            ,LABORATORY TABLE 60""X24""                                    ,         0.00,  /  /    ,OFF. EQPT.          ,TABLE                                             ,         5,MFI-PIGGERY                   ,PIGGERY-EXPANSION LABORATORY                      ,                    
0004242400002            ,LABORATORY TABLE 60""X24""                                    ,         0.00,  /  /    ,OFF. EQPT.          ,TABLE                                             ,         5,MFI-PIGGERY                   ,PIGGERY-EXPANSION LABORATORY                      ,                    
0004242500001            ,LABORATORY TABLE 72""X24""                                    ,         0.00,  /  /    ,OFF. EQPT.          ,TABLE                                             ,         5,MFI-PIGGERY                   ,PIGGERY-EXPANSION LABORATORY                      ,                    
0004242500002            ,LABORATORY TABLE 72""X24""                                    ,         0.00,  /  /    ,OFF. EQPT.          ,TABLE                                             ,         5,MFI-PIGGERY                   ,PIGGERY-EXPANSION LABORATORY                      ,                    
0004242600001            ,LABORATORY TABLE 64""X24""                                    ,         0.00,  /  /    ,OFF. EQPT.          ,TABLE                                             ,         5,MFI-PIGGERY                   ,PIGGERY-EXPANSION LABORATORY                      ,                    
0004242600002            ,LABORATORY TABLE 64""X24""                                    ,         0.00,  /  /    ,OFF. EQPT.          ,TABLE                                             ,         5,MFI-PIGGERY                   ,PIGGERY-EXPANSION LABORATORY                      ,                    
0003200100002            ,KNAPSACK SPRAYER - TUNGHU                                   ,         0.00,  /  /    ,STR. EQPT.          ,SPRAYER                                           ,         2,MFI-PIGGERY                   ,PIGGERY-EXPANSION LABORATORY                      ,                    
0004243400001            ,STAINLESS BUGGY                                             ,         0.00,  /  /    ,FUR. & FIXT.        ,OTHERS                                            ,         5,MFI-PIGGERY                   ,PIGGERY-EXPANSION BOAR HOUSE                      ,                    
0004243400002            ,STAINLESS BUGGY                                             ,         0.00,  /  /    ,FUR. & FIXT.        ,OTHERS                                            ,         5,MFI-PIGGERY                   ,PIGGERY-EXPANSION BOAR HOUSE                      ,                    
0000331700053            ,RAKER                                                       ,         0.00,  /  /    ,STR. EQPT.          ,CART                                              ,         3,MFI-PIGGERY                   ,PIGGERY-EXPANSION BOAR HOUSE                      ,                    
0000328600020            ,WOODEN TABLE                                                ,         0.00,  /  /    ,FUR. & FIXT.        ,TABLE                                             ,         5,MFI-PIGGERY                   ,PIGGERY-EXPANSION FARROWING                       ,                    
0000332300045            ,WOODEN CABINET                                              ,         0.00,  /  /    ,FUR. & FIXT.        ,CABINET                                           ,         5,MFI-PIGGERY                   ,PIGGERY-EXPANSION FARROWING                       ,                    
0004243500001            ,AIR TEMPERATURE S# AI73893                                  ,         0.00,  /  /    ,OFF. EQPT.          ,GAUGE                                             ,         5,MFI-PIGGERY                   ,PIGGERY-EXPANSION FARROWING                       ,                    
0004243600001            ,DRILL PRESS                                                 ,         0.00,  /  /    ,TOOLS               ,TOOLS                                             ,         3,MFI-PIGGERY                   ,PIGGERY-EXPANSION FARROWING                       ,                    
0004243900001            ,WEIGHING SCALE FUJI 500KG                                   ,         0.00,  /  /    ,OFF. EQPT.          ,WEIGHING SCALE                                    ,         3,MFI-PIGGERY                   ,PIGGERY-EXPANSION NURSERY 3                       ,                    
0004243700001            ,WELDING MACHINE DAIDEN                                      ,         0.00,  /  /    ,MACH. & EQPT.       ,MACHINE TOOLS                                     ,         5,MFI-PIGGERY                   ,PIGGERY-EXPANSION FARROWING                       ,                    
0004227600009            ,SUBMERSIBLE PUMP .5HP STEAMPLUS                             ,         0.00,  /  /    ,MACH. & EQPT.       ,PUMP                                              ,         5,MFI-PIGGERY                   ,PIGGERY-EXPANSION NURSERY 3                       ,                    
0004227600010            ,SUBMERSIBLE PUMP .5HP STEAMPLUS                             ,         0.00,  /  /    ,MACH. & EQPT.       ,PUMP                                              ,         5,MFI-PIGGERY                   ,PIGGERY-EXPANSION NURSERY 3                       ,                    
0004227600011            ,SUBMERSIBLE PUMP .5HP STEAMPLUS                             ,         0.00,  /  /    ,MACH. & EQPT.       ,PUMP                                              ,         5,MFI-PIGGERY                   ,PIGGERY-EXPANSION NURSERY 3                       ,                    
0004215400034            ,SKOV DOL 339                                                ,         0.00,  /  /    ,MACH. & EQPT.       ,OTHERS                                            ,         5,MFI-PIGGERY                   ,PIGGERY-EXPANSION NURSERY 3                       ,                    
0004215400035            ,SKOV DOL 339                                                ,         0.00,  /  /    ,MACH. & EQPT.       ,OTHERS                                            ,         5,MFI-PIGGERY                   ,PIGGERY-EXPANSION NURSERY 3                       ,                    
0001050900002            ,KAWASAKI  POWER SPRAYER 1.5HP                               ,         0.00,  /  /    ,MACH. & EQPT.       ,PRESSURE WASHER                                   ,         2,MFI-PIGGERY                   ,PIGGERY-EXPANSION NURSERY 3                       ,                    
0004245800001            ,SUBMERSIBLE PUMP STREAMPLUS 15HP                            ,         0.00,  /  /    ,MACH. & EQPT.       ,PUMP                                              ,         4,MFI-PIGGERY                   ,PIGGERY-EXPANSION NURSERY 6                       ,                    
0004245900001            ,NUTEX WEIGHING SCALE M:DM-500A 500KG                        ,         0.00,  /  /    ,MACH. & EQPT.       ,WEIGHING SCALE                                    ,         3,MFI-PIGGERY                   ,PIGGERY-EXPANSION NURSERY 6                       ,                    
0004227600012            ,SUBMERSIBLE PUMP .5HP STEAMPLUS                             ,         0.00,  /  /    ,MACH. & EQPT.       ,PUMP                                              ,         5,MFI-PIGGERY                   ,PIGGERY-EXPANSION NURSERY 4                       ,                    
0004227600013            ,SUBMERSIBLE PUMP .5HP STEAMPLUS                             ,         0.00,  /  /    ,MACH. & EQPT.       ,PUMP                                              ,         5,MFI-PIGGERY                   ,PIGGERY-EXPANSION NURSERY 4                       ,                    
0004227600014            ,SUBMERSIBLE PUMP .5HP STEAMPLUS                             ,         0.00,  /  /    ,MACH. & EQPT.       ,PUMP                                              ,         5,MFI-PIGGERY                   ,PIGGERY-EXPANSION NURSERY 4                       ,                    
0004215400036            ,SKOV DOL 339                                                ,         0.00,  /  /    ,MACH. & EQPT.       ,OTHERS                                            ,         5,MFI-PIGGERY                   ,PIGGERY-EXPANSION NURSERY 4                       ,                    
0004215400037            ,SKOV DOL 339                                                ,         0.00,  /  /    ,MACH. & EQPT.       ,OTHERS                                            ,         5,MFI-PIGGERY                   ,PIGGERY-EXPANSION NURSERY 4                       ,                    
0004215400038            ,SKOV DOL 339                                                ,         0.00,  /  /    ,MACH. & EQPT.       ,OTHERS                                            ,         5,MFI-PIGGERY                   ,PIGGERY-EXPANSION NURSERY 4                       ,                    
0004215400039            ,SKOV DOL 339                                                ,         0.00,  /  /    ,MACH. & EQPT.       ,OTHERS                                            ,         5,MFI-PIGGERY                   ,PIGGERY-EXPANSION NURSERY 4                       ,                    
0001050900003            ,KAWASAKI  POWER SPRAYER 1.5HP                               ,         0.00,  /  /    ,MACH. & EQPT.       ,PRESSURE WASHER                                   ,         2,MFI-PIGGERY                   ,PIGGERY-EXPANSION NURSERY 4                       ,                    
0004245800002            ,SUBMERSIBLE PUMP STREAMPLUS 15HP                            ,         0.00,  /  /    ,MACH. & EQPT.       ,PUMP                                              ,         4,MFI-PIGGERY                   ,PIGGERY-EXPANSION NURSERY 4                       ,                    
0004246000001            ,WAYPIG WEIGHING SCALE 500KGS                                ,         0.00,  /  /    ,MACH. & EQPT.       ,WEIGHING SCALE                                    ,         3,MFI-PIGGERY                   ,PIGGERY-EXPANSION NURSERY OFFICE                  ,                    
0004246100001            ,SKOV DEL 2200                                               ,         0.00,  /  /    ,MACH. & EQPT.       ,OTHERS                                            ,         5,MFI-PIGGERY                   ,PIGGERY-EXPANSION NURSERY OFFICE                  ,                    
0000328600021            ,WOODEN TABLE                                                ,         0.00,  /  /    ,FUR. & FIXT.        ,TABLE                                             ,         5,MFI-PIGGERY                   ,PIGGERY-EXPANSION NURSERY OFFICE                  ,                    
0000328600022            ,WOODEN TABLE                                                ,         0.00,  /  /    ,FUR. & FIXT.        ,TABLE                                             ,         5,MFI-PIGGERY                   ,PIGGERY-EXPANSION NURSERY OFFICE                  ,                    
0000496800003            ,WOODEN CABINET SMALL                                        ,         0.00,  /  /    ,FUR. & FIXT.        ,CABINET                                           ,         5,MFI-PIGGERY                   ,PIGGERY-EXPANSION NURSERY OFFICE                  ,                    
0000432600004            ,WOODEN CABINET BIG                                          ,         0.00,  /  /    ,FUR. & FIXT.        ,CABINET                                           ,         5,MFI-PIGGERY                   ,PIGGERY-EXPANSION NURSERY OFFICE                  ,                    
0004246300001            ,WEIGHING SCALE WORLD STANDARD 1KG                           ,         0.00,  /  /    ,MACH. & EQPT.       ,WEIGHING SCALE                                    ,         3,MFI-PIGGERY                   ,PIGGERY-EXPANSION NURSERY OFFICE                  ,                    
0004215400040            ,SKOV DOL 339                                                ,         0.00,  /  /    ,MACH. & EQPT.       ,OTHERS                                            ,         5,MFI-PIGGERY                   ,PIGGERY-EXPANSION NURSERY 2                       ,                    
0004215400041            ,SKOV DOL 339                                                ,         0.00,  /  /    ,MACH. & EQPT.       ,OTHERS                                            ,         5,MFI-PIGGERY                   ,PIGGERY-EXPANSION NURSERY 2                       ,                    
0004215400042            ,SKOV DOL 339                                                ,         0.00,  /  /    ,MACH. & EQPT.       ,OTHERS                                            ,         5,MFI-PIGGERY                   ,PIGGERY-EXPANSION NURSERY 2                       ,                    
0004227600015            ,SUBMERSIBLE PUMP .5HP STEAMPLUS                             ,         0.00,  /  /    ,MACH. & EQPT.       ,PUMP                                              ,         5,MFI-PIGGERY                   ,PIGGERY-EXPANSION NURSERY 2                       ,                    
0004227600016            ,SUBMERSIBLE PUMP .5HP STEAMPLUS                             ,         0.00,  /  /    ,MACH. & EQPT.       ,PUMP                                              ,         5,MFI-PIGGERY                   ,PIGGERY-EXPANSION NURSERY 2                       ,                    
0004227600017            ,SUBMERSIBLE PUMP .5HP STEAMPLUS                             ,         0.00,  /  /    ,MACH. & EQPT.       ,PUMP                                              ,         5,MFI-PIGGERY                   ,PIGGERY-EXPANSION NURSERY 2                       ,                    
0004227600018            ,SUBMERSIBLE PUMP .5HP STEAMPLUS                             ,         0.00,  /  /    ,MACH. & EQPT.       ,PUMP                                              ,         5,MFI-PIGGERY                   ,PIGGERY-EXPANSION NURSERY 2                       ,                    
0000003300031            ,PRESSURE WASHER 1.5HP KAWASAKI                              ,         0.00,  /  /    ,MACH. & EQPT.       ,PRESSURE WASHER                                   ,         2,MFI-PIGGERY                   ,PIGGERY-EXPANSION NURSERY 2                       ,                    
0003837900001            ,HYPO CHLORINATOR                                            ,         0.00,  /  /    ,MACH. & EQPT.       ,MACHINE TOOLS                                     ,         5,MFI-PIGGERY                   ,PIGGERY-TANK 3                                    ,                    
0001445800001            ,FRANKLIN SUBMERSIBLE PUMP                                   ,         0.00,  /  /    ,MACH. & EQPT.       ,PUMP                                              ,         4,MFI-PIGGERY                   ,PIGGERY-TANK 3                                    ,                    
0001445800002            ,FRANKLIN SUBMERSIBLE PUMP                                   ,         0.00,  /  /    ,MACH. & EQPT.       ,PUMP                                              ,         4,MFI-PIGGERY                   ,PIGGERY-TANK 3                                    ,                    
0004229700001            ,SUBMERSIBLE PUMP FRANKLIN 10HP                              ,         0.00,  /  /    ,MACH. & EQPT.       ,PUMP                                              ,         5,MFI-PIGGERY                   ,PIGGERY-TANK 3                                    ,                    
0004229700002            ,SUBMERSIBLE PUMP FRANKLIN 10HP                              ,         0.00,  /  /    ,MACH. & EQPT.       ,PUMP                                              ,         5,MFI-PIGGERY                   ,PIGGERY-TANK 3                                    ,                    
0004215500006            ,BLADDER TANK                                                ,         0.00,  /  /    ,MACH. & EQPT.       ,TANK                                              ,         5,MFI-PIGGERY                   ,PIGGERY-NURSERY 1                                 ,                    
0004246600001            ,EBARA PUMP 10HP                                             ,         0.00,  /  /    ,MACH. & EQPT.       ,PUMP                                              ,         5,MFI-PIGGERY                   ,PIGGERY-NURSERY 1                                 ,                    
0003200100003            ,KNAPSACK SPRAYER - TUNGHU                                   ,         0.00,  /  /    ,STR. EQPT.          ,SPRAYER                                           ,         2,MFI-PIGGERY                   ,PIGGERY-NURSERY 1                                 ,                    
0004227600019            ,SUBMERSIBLE PUMP .5HP STEAMPLUS                             ,         0.00,  /  /    ,MACH. & EQPT.       ,PUMP                                              ,         5,MFI-PIGGERY                   ,PIGGERY-NURSERY 1                                 ,                    
0004227600020            ,SUBMERSIBLE PUMP .5HP STEAMPLUS                             ,         0.00,  /  /    ,MACH. & EQPT.       ,PUMP                                              ,         5,MFI-PIGGERY                   ,PIGGERY-NURSERY 1                                 ,                    
0004227600021            ,SUBMERSIBLE PUMP .5HP STEAMPLUS                             ,         0.00,  /  /    ,MACH. & EQPT.       ,PUMP                                              ,         5,MFI-PIGGERY                   ,PIGGERY-NURSERY 1                                 ,                    
0004215400043            ,SKOV DOL 339                                                ,         0.00,  /  /    ,MACH. & EQPT.       ,OTHERS                                            ,         5,MFI-PIGGERY                   ,PIGGERY-NURSERY 1                                 ,                    
0004215400044            ,SKOV DOL 339                                                ,         0.00,  /  /    ,MACH. & EQPT.       ,OTHERS                                            ,         5,MFI-PIGGERY                   ,PIGGERY-NURSERY 1                                 ,                    
0004215400045            ,SKOV DOL 339                                                ,         0.00,  /  /    ,MACH. & EQPT.       ,OTHERS                                            ,         5,MFI-PIGGERY                   ,PIGGERY-NURSERY 1                                 ,                    
0004246700001            ,PIONEER SUBMERSIBLE PUMP .5HP                               ,         0.00,  /  /    ,MACH. & EQPT.       ,PUMP                                              ,         5,MFI-PIGGERY                   ,PIGGERY-NURSERY 1                                 ,                    
0004246800001            ,KAWASAKI POWER SPRAYER .5HP                                 ,         0.00,  /  /    ,MACH. & EQPT.       ,POWER SPRAYER                                     ,         3,MFI-PIGGERY                   ,PIGGERY-NURSERY 1                                 ,                    
0004246800002            ,KAWASAKI POWER SPRAYER .5HP                                 ,         0.00,  /  /    ,MACH. & EQPT.       ,POWER SPRAYER                                     ,         3,MFI-PIGGERY                   ,PIGGERY-NURSERY 1                                 ,                    
0004215400046            ,SKOV DOL 339                                                ,         0.00,  /  /    ,MACH. & EQPT.       ,OTHERS                                            ,         5,MFI-PIGGERY                   ,PIGGERY-NURSERY 5                                 ,                    
0004215400047            ,SKOV DOL 339                                                ,         0.00,  /  /    ,MACH. & EQPT.       ,OTHERS                                            ,         5,MFI-PIGGERY                   ,PIGGERY-NURSERY 5                                 ,                    
0004246900001            ,STREAMPLUS SUB. PUMP .5HP                                   ,         0.00,  /  /    ,MACH. & EQPT.       ,PUMP                                              ,         5,MFI-PIGGERY                   ,PIGGERY-NURSERY 5                                 ,                    
0004246900002            ,STREAMPLUS SUB. PUMP .5HP                                   ,         0.00,  /  /    ,MACH. & EQPT.       ,PUMP                                              ,         5,MFI-PIGGERY                   ,PIGGERY-NURSERY 5                                 ,                    
0004246900003            ,STREAMPLUS SUB. PUMP .5HP                                   ,         0.00,  /  /    ,MACH. & EQPT.       ,PUMP                                              ,         5,MFI-PIGGERY                   ,PIGGERY-EXPANSION FARROWING                       ,                    
0004246900004            ,STREAMPLUS SUB. PUMP .5HP                                   ,         0.00,  /  /    ,MACH. & EQPT.       ,PUMP                                              ,         5,MFI-PIGGERY                   ,PIGGERY-EXPANSION FARROWING                       ,                    
0004246900005            ,STREAMPLUS SUB. PUMP .5HP                                   ,         0.00,  /  /    ,MACH. & EQPT.       ,PUMP                                              ,         5,MFI-PIGGERY                   ,PIGGERY-EXPANSION FARROWING                       ,                    
0004246900006            ,STREAMPLUS SUB. PUMP .5HP                                   ,         0.00,  /  /    ,MACH. & EQPT.       ,PUMP                                              ,         5,MFI-PIGGERY                   ,PIGGERY-EXPANSION FARROWING                       ,                    
0004246900007            ,STREAMPLUS SUB. PUMP .5HP                                   ,         0.00,  /  /    ,MACH. & EQPT.       ,PUMP                                              ,         5,MFI-PIGGERY                   ,PIGGERY-EXPANSION FARROWING                       ,                    
0004215400048            ,SKOV DOL 339                                                ,         0.00,  /  /    ,MACH. & EQPT.       ,OTHERS                                            ,         5,MFI-PIGGERY                   ,PIGGERY-EXPANSION FARROWING                       ,                    
0004246900008            ,STREAMPLUS SUB. PUMP .5HP                                   ,         0.00,  /  /    ,MACH. & EQPT.       ,PUMP                                              ,         5,MFI-PIGGERY                   ,PIGGERY-EXPANSION FARROWING                       ,                    
0004246900009            ,STREAMPLUS SUB. PUMP .5HP                                   ,         0.00,  /  /    ,MACH. & EQPT.       ,PUMP                                              ,         5,MFI-PIGGERY                   ,PIGGERY-EXPANSION FARROWING                       ,                    
0004246900010            ,STREAMPLUS SUB. PUMP .5HP                                   ,         0.00,  /  /    ,MACH. & EQPT.       ,PUMP                                              ,         5,MFI-PIGGERY                   ,PIGGERY-EXPANSION FARROWING                       ,                    
0004246900011            ,STREAMPLUS SUB. PUMP .5HP                                   ,         0.00,  /  /    ,MACH. & EQPT.       ,PUMP                                              ,         5,MFI-PIGGERY                   ,PIGGERY-EXPANSION FARROWING                       ,                    
0004246900012            ,STREAMPLUS SUB. PUMP .5HP                                   ,         0.00,  /  /    ,MACH. & EQPT.       ,PUMP                                              ,         5,MFI-PIGGERY                   ,PIGGERY-EXPANSION FARROWING                       ,                    
0004246900013            ,STREAMPLUS SUB. PUMP .5HP                                   ,         0.00,  /  /    ,MACH. & EQPT.       ,PUMP                                              ,         5,MFI-PIGGERY                   ,PIGGERY-EXPANSION FARROWING                       ,                    
0004246900014            ,STREAMPLUS SUB. PUMP .5HP                                   ,         0.00,  /  /    ,MACH. & EQPT.       ,PUMP                                              ,         5,MFI-PIGGERY                   ,PIGGERY-EXPANSION FARROWING                       ,                    
0003200100004            ,KNAPSACK SPRAYER - TUNGHU                                   ,         0.00,  /  /    ,STR. EQPT.          ,SPRAYER                                           ,         2,MFI-PIGGERY                   ,PIGGERY-EXPANSION FARROWING                       ,                    
0004246900015            ,STREAMPLUS SUB. PUMP .5HP                                   ,         0.00,  /  /    ,MACH. & EQPT.       ,PUMP                                              ,         5,MFI-PIGGERY                   ,PIGGERY-EXPANSION FARROWING                       ,                    
0004246900016            ,STREAMPLUS SUB. PUMP .5HP                                   ,         0.00,  /  /    ,MACH. & EQPT.       ,PUMP                                              ,         5,MFI-PIGGERY                   ,PIGGERY-EXPANSION FARROWING                       ,                    
0004246900017            ,STREAMPLUS SUB. PUMP .5HP                                   ,         0.00,  /  /    ,MACH. & EQPT.       ,PUMP                                              ,         5,MFI-PIGGERY                   ,PIGGERY-EXPANSION FARROWING                       ,                    
0004246900018            ,STREAMPLUS SUB. PUMP .5HP                                   ,         0.00,  /  /    ,MACH. & EQPT.       ,PUMP                                              ,         5,MFI-PIGGERY                   ,PIGGERY-EXPANSION FARROWING                       ,                    
0004246900019            ,STREAMPLUS SUB. PUMP .5HP                                   ,         0.00,  /  /    ,MACH. & EQPT.       ,PUMP                                              ,         5,MFI-PIGGERY                   ,PIGGERY-EXPANSION FARROWING                       ,                    
0004247100001            ,WULI PRESSURE WASHER .5HP                                   ,         0.00,  /  /    ,MACH. & EQPT.       ,PRESSURE WASHER                                   ,         2,MFI-PIGGERY                   ,PIGGERY-EXPANSION FARROWING                       ,                    
0000003300032            ,PRESSURE WASHER 1.5HP KAWASAKI                              ,         0.00,  /  /    ,MACH. & EQPT.       ,PRESSURE WASHER                                   ,         2,MFI-PIGGERY                   ,PIGGERY-EXPANSION FARROWING                       ,                    
0004246900020            ,STREAMPLUS SUB. PUMP .5HP                                   ,         0.00,  /  /    ,MACH. & EQPT.       ,PUMP                                              ,         5,MFI-PIGGERY                   ,PIGGERY-EXPANSION FARROWING                       ,                    
0004246900021            ,STREAMPLUS SUB. PUMP .5HP                                   ,         0.00,  /  /    ,MACH. & EQPT.       ,PUMP                                              ,         5,MFI-PIGGERY                   ,PIGGERY-EXPANSION FARROWING                       ,                    
0004246900022            ,STREAMPLUS SUB. PUMP .5HP                                   ,         0.00,  /  /    ,MACH. & EQPT.       ,PUMP                                              ,         5,MFI-PIGGERY                   ,PIGGERY-EXPANSION FARROWING                       ,                    
0004246900023            ,STREAMPLUS SUB. PUMP .5HP                                   ,         0.00,  /  /    ,MACH. & EQPT.       ,PUMP                                              ,         5,MFI-PIGGERY                   ,PIGGERY-EXPANSION FARROWING                       ,                    
0004246900024            ,STREAMPLUS SUB. PUMP .5HP                                   ,         0.00,  /  /    ,MACH. & EQPT.       ,PUMP                                              ,         5,MFI-PIGGERY                   ,PIGGERY-EXPANSION FARROWING                       ,                    
0000328600023            ,WOODEN TABLE                                                ,         0.00,  /  /    ,FUR. & FIXT.        ,TABLE                                             ,         3,MFI-PIGGERY                   ,PIGGERY-EXPANSION BREEDING                        ,                    
0004247200001            ,SCHIPPERS PREGNANCY TEST                                    ,         0.00,  /  /    ,STR. EQPT.          ,TEST KIT                                          ,         5,MFI-PIGGERY                   ,PIGGERY-EXPANSION BREEDING                        ,                    
0004247300001            ,BACK FAT TEST S#63965                                       ,         0.00,  /  /    ,STR. EQPT.          ,OTHERS                                            ,         3,MFI-PIGGERY                   ,PIGGERY-EXPANSION BREEDING                        ,                    
0003200100005            ,KNAPSACK SPRAYER - TUNGHU                                   ,         0.00,  /  /    ,STR. EQPT.          ,SPRAYER                                           ,         2,MFI-PIGGERY                   ,PIGGERY-EXPANSION BREEDING                        ,                    
0003200100006            ,KNAPSACK SPRAYER - TUNGHU                                   ,         0.00,  /  /    ,STR. EQPT.          ,SPRAYER                                           ,         2,MFI-PIGGERY                   ,PIGGERY-EXPANSION BREEDING                        ,                    
0003200100007            ,KNAPSACK SPRAYER - TUNGHU                                   ,         0.00,  /  /    ,STR. EQPT.          ,SPRAYER                                           ,         2,MFI-PIGGERY                   ,PIGGERY-EXPANSION BREEDING                        ,                    
0004247400001            ,SKOV DOL 539                                                ,         0.00,  /  /    ,MACH. & EQPT.       ,OTHERS                                            ,         3,MFI-PIGGERY                   ,PIGGERY-EXPANSION BREEDING                        ,                    
0004243400003            ,STAINLESS BUGGY                                             ,         0.00,  /  /    ,FUR. & FIXT.        ,OTHERS                                            ,         5,MFI-PIGGERY                   ,PIGGERY-EXPANSION BREEDING                        ,                    
0004243400004            ,STAINLESS BUGGY                                             ,         0.00,  /  /    ,FUR. & FIXT.        ,OTHERS                                            ,         5,MFI-PIGGERY                   ,PIGGERY-EXPANSION BREEDING                        ,                    
0004243400005            ,STAINLESS BUGGY                                             ,         0.00,  /  /    ,FUR. & FIXT.        ,OTHERS                                            ,         5,MFI-PIGGERY                   ,PIGGERY-EXPANSION BREEDING                        ,                    
0004243400006            ,STAINLESS BUGGY                                             ,         0.00,  /  /    ,FUR. & FIXT.        ,OTHERS                                            ,         5,MFI-PIGGERY                   ,PIGGERY-EXPANSION BREEDING                        ,                    
0004246900025            ,STREAMPLUS SUB. PUMP .5HP                                   ,         0.00,  /  /    ,MACH. & EQPT.       ,PUMP                                              ,         5,MFI-PIGGERY                   ,PIGGERY-EXPANSION BREEDING                        ,                    
0004246900026            ,STREAMPLUS SUB. PUMP .5HP                                   ,         0.00,  /  /    ,MACH. & EQPT.       ,PUMP                                              ,         5,MFI-PIGGERY                   ,PIGGERY-EXPANSION BREEDING                        ,                    
0004246900027            ,STREAMPLUS SUB. PUMP .5HP                                   ,         0.00,  /  /    ,MACH. & EQPT.       ,PUMP                                              ,         5,MFI-PIGGERY                   ,PIGGERY-EXPANSION BREEDING                        ,                    
0004246900028            ,STREAMPLUS SUB. PUMP .5HP                                   ,         0.00,  /  /    ,MACH. & EQPT.       ,PUMP                                              ,         5,MFI-PIGGERY                   ,PIGGERY-EXPANSION BREEDING                        ,                    
0004246900029            ,STREAMPLUS SUB. PUMP .5HP                                   ,         0.00,  /  /    ,MACH. & EQPT.       ,PUMP                                              ,         5,MFI-PIGGERY                   ,PIGGERY-EXPANSION BREEDING                        ,                    
0004247400002            ,SKOV DOL 539                                                ,         0.00,  /  /    ,MACH. & EQPT.       ,OTHERS                                            ,         3,MFI-PIGGERY                   ,PIGGERY-EXPANSION BREEDING                        ,                    
0004246900030            ,STREAMPLUS SUB. PUMP .5HP                                   ,         0.00,  /  /    ,MACH. & EQPT.       ,PUMP                                              ,         5,MFI-PIGGERY                   ,PIGGERY-EXPANSION BREEDING                        ,                    
0004247500001            ,WAYPIG WEIGHING SCALE 500LBS.                               ,         0.00,  /  /    ,STR. EQPT.          ,WEIGHING SCALE                                    ,         3,MFI-PIGGERY                   ,PIGGERY-EXPANSION BREEDING                        ,                    
0004247400003            ,SKOV DOL 539                                                ,         0.00,  /  /    ,MACH. & EQPT.       ,OTHERS                                            ,         3,MFI-PIGGERY                   ,PIGGERY-EXPANSION BREEDING                        ,                    
0004230500001            ,AOC MONITOR 18.5"" S# CLCBBHA027295                          ,         0.00,  /  /    ,OFF. EQPT.          ,MONITOR                                           ,         3,MFI-PIGGERY                   ,PIGGERY-EXPANSION GILT                            ,                    
0001168700027            ,CPU                                                         ,         0.00,  /  /    ,OFF. EQPT.          ,CPU                                               ,         3,MFI-PIGGERY                   ,PIGGERY-EXPANSION GILT                            ,                    
0003225800001            ,IDEAL UPS 650VA                                             ,         0.00,  /  /    ,OFF. EQPT.          ,UPS                                               ,         5,MFI-PIGGERY                   ,PIGGERY-EXPANSION GILT                            ,                    
0001607500001            ,WOODEN COMPUTER TABLE                                       ,         0.00,  /  /    ,FUR. & FIXT.        ,TABLE                                             ,         5,MFI-PIGGERY                   ,PIGGERY-EXPANSION GILT                            ,                    
0001607500002            ,WOODEN COMPUTER TABLE                                       ,         0.00,  /  /    ,FUR. & FIXT.        ,TABLE                                             ,         5,MFI-PIGGERY                   ,PIGGERY-EXPANSION GILT                            ,                    
0004215500007            ,BLADDER TANK                                                ,         0.00,  /  /    ,MACH. & EQPT.       ,TANK                                              ,         5,MFI-PIGGERY                   ,PIGGERY-EXPANSION GILT                            ,                    
0004246600002            ,EBARA PUMP 10HP                                             ,         0.00,  /  /    ,MACH. & EQPT.       ,PUMP                                              ,         5,MFI-PIGGERY                   ,PIGGERY-EXPANSION GILT                            ,                    
0004246600003            ,EBARA PUMP 10HP                                             ,         0.00,  /  /    ,MACH. & EQPT.       ,PUMP                                              ,         5,MFI-PIGGERY                   ,PIGGERY-EXPANSION GILT                            ,                    
0000647700010            ,BOOTS RACK                                                  ,         0.00,  /  /    ,FUR. & FIXT.        ,RACK                                              ,        10,MFI-PIGGERY                   ,PIGGERY-EXPANSION GILT                            ,                    
0003200100008            ,KNAPSACK SPRAYER - TUNGHU                                   ,         0.00,  /  /    ,STR. EQPT.          ,SPRAYER                                           ,         2,MFI-PIGGERY                   ,PIGGERY-EXPANSION GILT                            ,                    
0004247400004            ,SKOV DOL 539                                                ,         0.00,  /  /    ,MACH. & EQPT.       ,OTHERS                                            ,         3,MFI-PIGGERY                   ,PIGGERY-EXPANSION GILT                            ,                    
0004247400005            ,SKOV DOL 539                                                ,         0.00,  /  /    ,MACH. & EQPT.       ,OTHERS                                            ,         3,MFI-PIGGERY                   ,PIGGERY-EXPANSION GILT                            ,                    
0001050900004            ,KAWASAKI  POWER SPRAYER 1.5HP                               ,         0.00,  /  /    ,MACH. & EQPT.       ,PRESSURE WASHER                                   ,         2,MFI-PIGGERY                   ,PIGGERY-SAFETY AND SECURITY DEPT.                 ,                    
0000480400032            ,KAWASAKI POWER SPRAYER                                      ,         0.00,  /  /    ,STR. EQPT.          ,SPRAYER                                           ,         3,MFI-PIGGERY                   ,PIGGERY-SAFETY AND SECURITY DEPT.                 ,                    
0000731300004            ,DC REGULATED POWER SUPPLY                                   ,         0.00,  /  /    ,OFF. EQPT.          ,POWER SUPPLY                                      ,         3,MFI-PIGGERY                   ,PIGGERY-SAFETY AND SECURITY DEPT.                 ,                    
0004228700002            ,KENWOOD BASE TK-7108 S# BO200063                            ,         0.00,  /  /    ,OFF. EQPT.          ,RADIO                                             ,         3,MFI-PIGGERY                   ,PIGGERY-SAFETY AND SECURITY DEPT.                 ,                    
0004247700001            ,WULI PRESSURE WASHER 2HP                                    ,         0.00,  /  /    ,MACH. & EQPT.       ,PRESSURE WASHER                                   ,         2,MFI-PIGGERY                   ,PIGGERY-MAINTENANCE WAREHOUSE                     ,                    
0004234900001            ,POWERCRAFT BATTERY CHARGER 30A                              ,         0.00,  /  /    ,MACH. & EQPT.       ,BATTERY CHARGER                                   ,         5,MFI-PIGGERY                   ,PIGGERY-ENGINEERING                               ,                    
0001461400006            ,COMPRESSOR                                                  ,         0.00,  /  /    ,MACH. & EQPT.       ,COMPRESSOR                                        ,         5,MFI-PIGGERY                   ,PIGGERY-ENGINEERING                               ,                    
0004235100001            ,KENWOOD RADIO TK-2107 A9301704                              ,         0.00,  /  /    ,OFF. EQPT.          ,RADIO                                             ,         3,MFI-PIGGERY                   ,PIGGERY-ENGINEERING                               ,                    
0001065700009            ,NILFISK C120 PRESSURE WASHER                                ,         0.00,  /  /    ,MACH. & EQPT.       ,PRESSURE WASHER                                   ,         3,MFI-PIGGERY                   ,PIGGERY-ENGINEERING                               ,                    
0003200100009            ,KNAPSACK SPRAYER - TUNGHU                                   ,         0.00,  /  /    ,STR. EQPT.          ,SPRAYER                                           ,         2,MFI-PIGGERY                   ,PIGGERY-ENGINEERING                               ,                    
0002173800011            ,STEEL RACK                                                  ,         0.00,  /  /    ,FUR. & FIXT.        ,RACK                                              ,        10,MFI-PIGGERY                   ,PIGGERY-ENGINEERING                               ,                    
0002173800012            ,STEEL RACK                                                  ,         0.00,  /  /    ,FUR. & FIXT.        ,RACK                                              ,        10,MFI-PIGGERY                   ,PIGGERY-ENGINEERING                               ,                    
0002173800013            ,STEEL RACK W/ CABINET                                       ,         0.00,  /  /    ,FUR. & FIXT.        ,RACK                                              ,        10,MFI-PIGGERY                   ,PIGGERY-ENGINEERING                               ,                    
0002173800014            ,STEEL RACK W/ CABINET                                       ,         0.00,  /  /    ,FUR. & FIXT.        ,RACK                                              ,        10,MFI-PIGGERY                   ,PIGGERY-ENGINEERING                               ,                    
0000045200010            ,CARRIER AIRCON 1HP                                          ,         0.00,  /  /    ,MACH. & EQPT.       ,AIRCON                                            ,         5,MFI-PIGGERY                   ,PIGGERY-ENGINEERING                               ,                    
0000003300033            ,PRESSURE WASHER 1.5HP KAWASAKI                              ,         0.00,  /  /    ,MACH. & EQPT.       ,PRESSURE WASHER                                   ,         2,MFI-PIGGERY                   ,PIGGERY-ENGINEERING                               ,                    
0000331800036            ,CARRIER AIRCON 2HP                                          ,         0.00,  /  /    ,MACH. & EQPT.       ,AIRCON                                            ,         5,MFI-PIGGERY                   ,PIGGERY-POWERHOUSE                                ,                    
0002616600008            ,CPU CORE I3-3240                                            ,     12750.00,02/11/2015,OFF. EQPT.          ,CPU                                               ,         3,MFI-PIGGERY                   ,PIGGERY-POWERHOUSE                                ,                    
0004230500002            ,AOC MONITOR 18.5""                                           ,      3950.00,02/11/2015,OFF. EQPT.          ,MONITOR                                           ,         3,MFI-PIGGERY                   ,PIGGERY-POWERHOUSE                                ,                    
0001570400003            ,LAMINATED OFFICE TABLE                                      ,         0.00,  /  /    ,FUR. & FIXT.        ,TABLE                                             ,         5,MFI-PIGGERY                   ,PIGGERY-POWERHOUSE                                ,                    
0000928600221            ,DOUBLE DECK                                                 ,         0.00,  /  /    ,FUR. & FIXT.        ,BED                                               ,         3,MFI-PIGGERY                   ,PIGGERY-POWERHOUSE                                ,                    
0000881800002            ,WHITE BULLETIN BOARD                                        ,         0.00,  /  /    ,STR. EQPT.          ,BOARD                                             ,         3,MFI-PIGGERY                   ,PIGGERY-POWERHOUSE                                ,                    
0000878900003            ,CATERPILLAR GENERATOR U;8005                                ,   3400000.00,01/31/2017,MACH. & EQPT.       ,GENERATOR                                         ,        15,MFI-PIGGERY                   ,PIGGERY-POWERHOUSE                                ,                    
0000878900004            ,CATERPILLAR GENERATOR                                       ,         0.00,  /  /    ,MACH. & EQPT.       ,GENERATOR                                         ,        15,MFI-PIGGERY                   ,PIGGERY-POWERHOUSE                                ,                    
0004235300001            ,BIOGAS EB6 BRUSH ESS ALTERNATOR                             ,         0.00,  /  /    ,MACH. & EQPT.       ,OTHERS                                            ,         5,MFI-PIGGERY                   ,PIGGERY-POWERHOUSE                                ,                    
0004235300002            ,BIOGAS EB6 BRUSH ESS ALTERNATOR                             ,         0.00,  /  /    ,MACH. & EQPT.       ,OTHERS                                            ,         5,MFI-PIGGERY                   ,PIGGERY-POWERHOUSE                                ,                    
0004235400001            ,ENGINATOR M: VGF 18GLD                                      ,         0.00,  /  /    ,MACH. & EQPT.       ,OTHERS                                            ,        10,MFI-PIGGERY                   ,PIGGERY-POWERHOUSE                                ,                    
0004235500001            ,BATTERY CHARGER JACKSON                                     ,      5200.00,12/18/2014,MACH. & EQPT.       ,BATTERY CHARGER                                   ,         5,MFI-PIGGERY                   ,PIGGERY-POWERHOUSE                                ,                    
0004235600001            ,MAKITA CUTTER 2414NB                                        ,         0.00,  /  /    ,TOOLS               ,OTHERS                                            ,         3,MFI-PIGGERY                   ,PIGGERY-POWERHOUSE                                ,                    
0000749800019            ,WELDING MACHINE(RED)                                        ,         0.00,  /  /    ,MACH. & EQPT.       ,WELDING MACHINE                                   ,         5,MFI-PIGGERY                   ,PIGGERY-POWERHOUSE                                ,                    
0001607000001            ,VERTICAL CABINET                                            ,         0.00,  /  /    ,FUR. & FIXT.        ,CABINET                                           ,         5,MFI-PIGGERY                   ,PIGGERY-POWERHOUSE                                ,                    
0001755200007            ,MAKITA BLOWER UB-1100                                       ,      3440.00,11/25/2014,MACH. & EQPT.       ,TOOLS                                             ,         3,MFI-PIGGERY                   ,PIGGERY-POWERHOUSE                                ,                    
0003200100010            ,KNAPSACK SPRAYER - TUNGHU                                   ,         0.00,  /  /    ,STR. EQPT.          ,SPRAYER                                           ,         2,MFI-PIGGERY                   ,PIGGERY-POWERHOUSE                                ,                    
0003200100011            ,KNAPSACK SPRAYER - TUNGHU                                   ,         0.00,  /  /    ,STR. EQPT.          ,SPRAYER                                           ,         2,MFI-PIGGERY                   ,PIGGERY-POWERHOUSE                                ,                    
0003522600001            ,EBARA PUMP                                                  ,         0.00,  /  /    ,MACH. & EQPT.       ,PUMP                                              ,         4,MFI-PIGGERY                   ,PIGGERY-POWERHOUSE                                ,                    
0004215500008            ,BLADDER TANK                                                ,         0.00,  /  /    ,MACH. & EQPT.       ,TANK                                              ,         5,MFI-PIGGERY                   ,PIGGERY-POWERHOUSE                                ,                    
0003200000001            ,MAKITA GRINDER 9520B                                        ,         0.00,  /  /    ,STR. EQPT.          ,OTHERS                                            ,         3,MFI-PIGGERY                   ,PIGGERY-POWERHOUSE                                ,                    
0000731300005            ,DC REGULATED POWER SUPPLY                                   ,      4800.00,04/25/2014,OFF. EQPT.          ,POWER SUPPLY                                      ,         3,MFI-PIGGERY                   ,PIGGERY-POWERHOUSE                                ,                    
0000556100005            ,KENWOOD BASE                                                ,         0.00,  /  /    ,OFF. EQPT.          ,RADIO                                             ,         5,MFI-PIGGERY                   ,PIGGERY-POWERHOUSE                                ,                    
0003200100013            ,KNAPSACK SPRAYER - TUNGHU                                   ,         0.00,  /  /    ,STR. EQPT.          ,SPRAYER                                           ,         2,MFI-PIGGERY                   ,PIGGERY-POWERHOUSE                                ,                    
0003200100014            ,KNAPSACK SPRAYER - TUNGHU                                   ,         0.00,  /  /    ,STR. EQPT.          ,SPRAYER                                           ,         2,MFI-PIGGERY                   ,PIGGERY-POWERHOUSE                                ,                    
0000331700055            ,RAKER                                                       ,         0.00,  /  /    ,STR. EQPT.          ,CART                                              ,         3,MFI-PIGGERY                   ,PIGGERY-EXPANSION BOAR HOUSE                      ,                    
0004215400049            ,SKOV DOL 339                                                ,         0.00,  /  /    ,MACH. & EQPT.       ,OTHERS                                            ,         5,MFI-PIGGERY                   ,PIGGERY-EXPANSION NURSERY 3                       ,                    
0004215400050            ,SKOV DOL 339                                                ,         0.00,  /  /    ,MACH. & EQPT.       ,OTHERS                                            ,         5,MFI-PIGGERY                   ,PIGGERY-EXPANSION NURSERY 3                       ,                    
0004247800001            ,PRESSURE WASHER WULI 5HP                                    ,         0.00,  /  /    ,MACH. & EQPT.       ,PRESSURE WASHER                                   ,         2,MFI-PIGGERY                   ,PIGGERY-EXPANSION NURSERY 3                       ,                    
0004247800002            ,PRESSURE WASHER WULI 5HP                                    ,         0.00,  /  /    ,MACH. & EQPT.       ,PRESSURE WASHER                                   ,         2,MFI-PIGGERY                   ,PIGGERY-EXPANSION NURSERY 3                       ,                    
0003200100015            ,KNAPSACK SPRAYER - TUNGHU                                   ,         0.00,  /  /    ,STR. EQPT.          ,SPRAYER                                           ,         2,MFI-PIGGERY                   ,PIGGERY-EXPANSION FARROWING                       ,                    
0003200000002            ,MAKITA GRINDER                                              ,         0.00,  /  /    ,STR. EQPT.          ,OTHERS                                            ,         3,MFI-PIGGERY                   ,PIGGERY-EXPANSION FARROWING                       ,                    
0004235700001            ,VOLTAGE REGULATOR HOT SET                                   ,         0.00,  /  /    ,ELEC. INTS. & EQPT. ,OTHERS                                            ,         5,MFI-PIGGERY                   ,PIGGERY-POWERHOUSE                                ,                    
0000928600222            ,DOUBLE DECK                                                 ,         0.00,  /  /    ,FUR. & FIXT.        ,BED                                               ,         3,MFI-PIGGERY                   ,PIGGERY-POWERHOUSE                                ,                    
0000928600223            ,DOUBLE DECK                                                 ,         0.00,  /  /    ,FUR. & FIXT.        ,BED                                               ,         3,MFI-PIGGERY                   ,PIGGERY-POWERHOUSE                                ,                    
0000928600224            ,DOUBLE DECK                                                 ,         0.00,  /  /    ,FUR. & FIXT.        ,BED                                               ,         3,MFI-PIGGERY                   ,PIGGERY-POWERHOUSE                                ,                    
0000928600225            ,DOUBLE DECK                                                 ,         0.00,  /  /    ,FUR. & FIXT.        ,BED                                               ,         3,MFI-PIGGERY                   ,PIGGERY-POWERHOUSE                                ,                    
0000928600226            ,DOUBLE DECK                                                 ,         0.00,  /  /    ,FUR. & FIXT.        ,BED                                               ,         3,MFI-PIGGERY                   ,PIGGERY-POWERHOUSE                                ,                    
0000928600227            ,DOUBLE DECK                                                 ,         0.00,  /  /    ,FUR. & FIXT.        ,BED                                               ,         3,MFI-PIGGERY                   ,PIGGERY-POWERHOUSE                                ,                    
0000332300046            ,WOODEN CABINET                                              ,         0.00,  /  /    ,FUR. & FIXT.        ,CABINET                                           ,         5,MFI-PIGGERY                   ,PIGGERY-POWERHOUSE                                ,                    
0000332300047            ,WOODEN CABINET                                              ,         0.00,  /  /    ,FUR. & FIXT.        ,CABINET                                           ,         5,MFI-PIGGERY                   ,PIGGERY-POWERHOUSE                                ,                    
0002769300002            ,SANWA CLAMP METER                                           ,         0.00,  /  /    ,TOOLS               ,CLAMP  METER                                      ,         3,MFI-PIGGERY                   ,PIGGERY-EXPANSION ENGINEERING SHOP                ,                    
0002769300003            ,SANWA CLAMP METER                                           ,         0.00,  /  /    ,TOOLS               ,CLAMP  METER                                      ,         3,MFI-PIGGERY                   ,PIGGERY-EXPANSION ENGINEERING SHOP                ,                    
0002707900006            ,EBARRA WATER PUMP 10 HP                                     ,         0.00,  /  /    ,MACH. & EQPT.       ,PUMP                                              ,         4,MFI-PIGGERY                   ,PIGGERY-EXPANSION ENGINEERING SHOP                ,                    
0002707900007            ,EBARRA WATER PUMP 10 HP                                     ,         0.00,  /  /    ,MACH. & EQPT.       ,PUMP                                              ,         4,MFI-PIGGERY                   ,PIGGERY-EXPANSION ENGINEERING SHOP                ,                    
0002707900008            ,EBARRA WATER PUMP 10 HP                                     ,         0.00,  /  /    ,MACH. & EQPT.       ,PUMP                                              ,         4,MFI-PIGGERY                   ,PIGGERY-EXPANSION ENGINEERING SHOP                ,                    
0001445800003            ,FRANKLIN SUBMERSIBLE PUMP                                   ,         0.00,  /  /    ,MACH. & EQPT.       ,PUMP                                              ,         4,MFI-PIGGERY                   ,PIGGERY-EXPANSION ENGINEERING SHOP                ,                    
0004227600022            ,SUBMERSIBLE PUMP .5HP STEAMPLUS                             ,         0.00,  /  /    ,MACH. & EQPT.       ,PUMP                                              ,         5,MFI-PIGGERY                   ,PIGGERY-EXPANSION ENGINEERING SHOP                ,                    
0004248900001            ,SONY TV 32"" S#:103981527L                                   ,     12000.00,11/13/2017,OFF. EQPT.          ,TV                                                ,         3,MFI-PIGGERY                   ,PIGGERY-MAIN ADMIN                                ,                    
0003533100001            ,LG AIRCON                                                   ,         0.00,  /  /    ,MACH. & EQPT.       ,AIRCON                                            ,         5,MFI-PIGGERY                   ,PIGGERY-MAIN ADMIN                                ,                    
0000741000008            ,NATIONAL AIRCON                                             ,         0.00,  /  /    ,MACH. & EQPT.       ,AIRCON                                            ,         5,MFI-PIGGERY                   ,PIGGERY-MAIN ADMIN                                ,                    
0004249000001            ,SANYO TV INTERFACE 21 ST-21C18M                             ,         0.00,  /  /    ,OFF. EQPT.          ,TV                                                ,         3,MFI-PIGGERY                   ,PIGGERY-MAIN ADMIN                                ,                    
0004223400007            ,SHOWER HEATER ALPHA VIZZ-98EM                               ,         0.00,  /  /    ,STR. EQPT.          ,HEATER                                            ,         3,MFI-PIGGERY                   ,PIGGERY-MAIN ADMIN                                ,                    
0000741000009            ,NATIONAL AIRCON                                             ,         0.00,  /  /    ,MACH. & EQPT.       ,AIRCON                                            ,         5,MFI-PIGGERY                   ,PIGGERY-MAIN ADMIN                                ,                    
0004223400008            ,SHOWER HEATER ALPHA VIZZ-98EM                               ,         0.00,  /  /    ,STR. EQPT.          ,HEATER                                            ,         3,MFI-PIGGERY                   ,PIGGERY-MAIN ADMIN                                ,                    
0004249300001            ,CARRIER AIRCON 5 IN 1 FILTER                                ,         0.00,  /  /    ,MACH. & EQPT.       ,AIRCON                                            ,         5,MFI-PIGGERY                   ,PIGGERY-MAIN ADMIN                                ,                    
0004249100001            ,LAMINATED CONFERENCE TABLE 96"" X 48""                        ,         0.00,  /  /    ,FUR. & FIXT.        ,TABLE                                             ,         5,MFI-PIGGERY                   ,PIGGERY-MAIN ADMIN                                ,                    
0004249100002            ,LAMINATED CONFERENCE TABLE 96"" X 48""                        ,         0.00,  /  /    ,FUR. & FIXT.        ,TABLE                                             ,         5,MFI-PIGGERY                   ,PIGGERY-MAIN ADMIN                                ,                    
0004249100003            ,LAMINATED CONFERENCE TABLE 96"" X 48""                        ,         0.00,  /  /    ,FUR. & FIXT.        ,TABLE                                             ,         5,MFI-PIGGERY                   ,PIGGERY-MAIN ADMIN                                ,                    
0004249200001            ,WHITE BOARD 48""X98""                                         ,         0.00,  /  /    ,FUR. & FIXT.        ,BOARD                                             ,         3,MFI-PIGGERY                   ,PIGGERY-MAIN ADMIN                                ,                    
0000393300003            ,PANASONIC REFRIGERATOR                                      ,         0.00,  /  /    ,STR. EQPT.          ,REFRIGERATOR                                      ,         3,MFI-PIGGERY                   ,PIGGERY-MAIN ADMIN                                ,                    
0000928600230            ,DOUBLE DECK                                                 ,         0.00,  /  /    ,FUR. & FIXT.        ,BED                                               ,         3,MFI-PIGGERY                   ,PIGGERY-LOGISTICS                                 ,                    
0000928600231            ,DOUBLE DECK                                                 ,         0.00,  /  /    ,FUR. & FIXT.        ,BED                                               ,         3,MFI-PIGGERY                   ,PIGGERY-LOGISTICS                                 ,                    
0000928600232            ,DOUBLE DECK                                                 ,         0.00,  /  /    ,FUR. & FIXT.        ,BED                                               ,         3,MFI-PIGGERY                   ,PIGGERY-LOGISTICS                                 ,                    
0001630000027            ,WOODEN HANGING CABINET                                      ,         0.00,  /  /    ,FUR. & FIXT.        ,CABINET                                           ,         5,MFI-PIGGERY                   ,PIGGERY-LOGISTICS                                 ,                    
0001630000028            ,WOODEN HANGING CABINET                                      ,         0.00,  /  /    ,FUR. & FIXT.        ,CABINET                                           ,         5,MFI-PIGGERY                   ,PIGGERY-LOGISTICS                                 ,                    
0001630000029            ,WOODEN HANGING CABINET                                      ,         0.00,  /  /    ,FUR. & FIXT.        ,CABINET                                           ,         5,MFI-PIGGERY                   ,PIGGERY-LOGISTICS                                 ,                    
0001630000030            ,WOODEN HANGING CABINET                                      ,         0.00,  /  /    ,FUR. & FIXT.        ,CABINET                                           ,         5,MFI-PIGGERY                   ,PIGGERY-LOGISTICS                                 ,                    
0001630000031            ,WOODEN HANGING CABINET                                      ,         0.00,  /  /    ,FUR. & FIXT.        ,CABINET                                           ,         5,MFI-PIGGERY                   ,PIGGERY-LOGISTICS                                 ,                    
0000412100033            ,WOODEN OFFICE TABLE                                         ,         0.00,  /  /    ,FUR. & FIXT.        ,TABLE                                             ,         5,MFI-PIGGERY                   ,PIGGERY-LOGISTICS                                 ,                    
0000332300048            ,WOODEN CABINET                                              ,         0.00,  /  /    ,FUR. & FIXT.        ,CABINET                                           ,         5,MFI-PIGGERY                   ,PIGGERY-LOGISTICS                                 ,                    
0003529900002            ,MAKITA ELECTRIC DRILL                                       ,         0.00,  /  /    ,TOOLS               ,DRILL                                             ,         5,MFI-PIGGERY                   ,PIGGERY-LOGISTICS                                 ,                    
0003200000003            ,MAKITA GRINDER                                              ,         0.00,  /  /    ,STR. EQPT.          ,OTHERS                                            ,         3,MFI-PIGGERY                   ,PIGGERY-LOGISTICS                                 ,                    
0000390000004            ,CARRIER AIRCON 2 HP                                         ,         0.00,  /  /    ,MACH. & EQPT.       ,AIRCON                                            ,         5,MFI-PIGGERY                   ,PIGGERY-POWERHOUSE                                ,                    
0004249800001            ,LOCKER CABINET 12D                                          ,         0.00,  /  /    ,FUR. & FIXT.        ,LOCKER                                            ,        10,MFI-PIGGERY                   ,PIGGERY-POWERHOUSE                                ,                    
0003224800001            ,ROBIN BRUSH CUTTER RS-5000                                  ,         0.00,  /  /    ,OTHERS              ,OTHERS                                            ,         3,MFI-PIGGERY                   ,PIGGERY-POWERHOUSE                                ,                    
0004215900003            ,PRESSURE WASHER KAWASAKI 0.5HP                              ,         0.00,  /  /    ,MACH. & EQPT.       ,PRESSURE WASHER                                   ,         5,MFI-PIGGERY                   ,PIGGERY-ENGINEERING                               ,                    
0003837900002            ,HYPO CHLORINATOR (PULSATRON)                                ,     40000.00,02/02/2018,MACH. & EQPT.       ,MACHINE TOOLS                                     ,         5,MFI-PIGGERY                   ,PIGGERY-MAIN ADMIN                                ,                    
0003837900003            ,HYPO CHLORINATOR (PULSATRON)                                ,     40000.00,02/02/2018,MACH. & EQPT.       ,MACHINE TOOLS                                     ,         5,MFI-PIGGERY                   ,PIGGERY-MAIN ADMIN                                ,                    
0004227300002            ,SUBMERSIBLE PUMP GOULDS                                     ,         0.00,  /  /    ,MACH. & EQPT.       ,PUMP                                              ,         4,MFI-PIGGERY                   ,PIGGERY-MAIN ADMIN                                ,                    
0004227300003            ,SUBMERSIBLE PUMP GOULDS                                     ,         0.00,  /  /    ,MACH. & EQPT.       ,PUMP                                              ,         4,MFI-PIGGERY                   ,PIGGERY-MAIN ADMIN                                ,                    
0004227300004            ,SUBMERSIBLE PUMP GOULDS                                     ,         0.00,  /  /    ,MACH. & EQPT.       ,PUMP                                              ,         4,MFI-PIGGERY                   ,PIGGERY-MAIN ADMIN                                ,                    
0004227200002            ,SUBMERSIBLE MOTOR 10HP GOULDS                               ,         0.00,  /  /    ,MACH. & EQPT.       ,MOTOR                                             ,         5,MFI-PIGGERY                   ,PIGGERY-MAIN ADMIN                                ,                    
0004227200003            ,SUBMERSIBLE MOTOR 10HP GOULDS                               ,         0.00,  /  /    ,MACH. & EQPT.       ,MOTOR                                             ,         5,MFI-PIGGERY                   ,PIGGERY-MAIN ADMIN                                ,                    
0004226400002            ,SUBMERSIBLE MOTOR 5HP GOULDS                                ,         0.00,  /  /    ,MACH. & EQPT.       ,PUMP                                              ,         5,MFI-PIGGERY                   ,PIGGERY-MAIN ADMIN                                ,                    
0001445800004            ,FRANKLIN SUBMERSIBLE PUMP                                   ,         0.00,  /  /    ,MACH. & EQPT.       ,PUMP                                              ,         4,MFI-PIGGERY                   ,PIGGERY-MAIN ADMIN                                ,                    
0001445800005            ,FRANKLIN SUBMERSIBLE PUMP                                   ,         0.00,  /  /    ,MACH. & EQPT.       ,PUMP                                              ,         4,MFI-PIGGERY                   ,PIGGERY-MAIN ADMIN                                ,                    
0004229700003            ,SUBMERSIBLE PUMP FRANKLIN 10HP                              ,         0.00,  /  /    ,MACH. & EQPT.       ,PUMP                                              ,         5,MFI-PIGGERY                   ,PIGGERY-MAIN ADMIN                                ,                    
0004229700004            ,SUBMERSIBLE PUMP FRANKLIN 10HP                              ,         0.00,  /  /    ,MACH. & EQPT.       ,PUMP                                              ,         5,MFI-PIGGERY                   ,PIGGERY-MAIN ADMIN                                ,                    
0000331800037            ,CARRIER AIRCON                                              ,         0.00,  /  /    ,MACH. & EQPT.       ,AIRCON                                            ,         5,MFI-PIGGERY                   ,PIGGERY-MAIN ADMIN                                ,                    
0004229700005            ,SUBMERSIBLE PUMP FRANKLIN 10HP                              ,         0.00,  /  /    ,MACH. & EQPT.       ,PUMP                                              ,         5,MFI-PIGGERY                   ,PIGGERY-ENGINEERING                               ,                    
0004251000001            ,IMPACT WRENCH MILWAUKEE                                     ,         0.00,  /  /    ,TOOLS               ,TOOLS                                             ,         3,MFI-PIGGERY                   ,PIGGERY-LOGISTICS                                 ,                    
0004251800001            ,PALLET JACK 10T                                             ,         0.00,  /  /    ,TOOLS               ,OTHERS                                            ,         3,MFI-PIGGERY                   ,PIGGERY-LOGISTICS                                 ,                    
0004252000001            ,PALLET JACK 3T                                              ,         0.00,  /  /    ,TOOLS               ,TOOLS                                             ,         3,MFI-PIGGERY                   ,PIGGERY-LOGISTICS                                 ,                    
0001050900005            ,KAWASAKI  POWER SPRAYER 1.5HP                               ,         0.00,  /  /    ,MACH. & EQPT.       ,PRESSURE WASHER                                   ,         2,MFI-PIGGERY                   ,PIGGERY-LOGISTICS                                 ,                    
0004249500001            ,TV HAIER 32""                                                ,         0.00,  /  /    ,OFF. EQPT.          ,TV                                                ,         3,MFI-PIGGERY                   ,PIGGERY-LOGISTICS                                 ,                    
0004252300001            ,ICOMIX SCALE                                                ,         0.00,  /  /    ,MACH. & EQPT.       ,WEIGHING SCALE                                    ,         3,MFI-PIGGERY                   ,PIGGERY-MARKETING                                 ,                    
0004252400001            ,ICOMIX FX SERIES PRINTER                                    ,         0.00,  /  /    ,OFF. EQPT.          ,PRINTER                                           ,         3,MFI-PIGGERY                   ,PIGGERY-MARKETING                                 ,                    
0001607000002            ,VERTICAL CABINET                                            ,         0.00,  /  /    ,FUR. & FIXT.        ,CABINET                                           ,         5,MFI-PIGGERY                   ,PIGGERY-MARKETING                                 ,                    
0001607000003            ,VERTICAL CABINET                                            ,         0.00,  /  /    ,FUR. & FIXT.        ,CABINET                                           ,         5,MFI-PIGGERY                   ,PIGGERY-MARKETING                                 ,                    
0004215900004            ,PRESSURE WASHER KAWASAKI 0.5HP                              ,         0.00,  /  /    ,MACH. & EQPT.       ,PRESSURE WASHER                                   ,         5,MFI-PIGGERY                   ,PIGGERY-MARKETING                                 ,                    
0004215900005            ,PRESSURE WASHER KAWASAKI 0.5HP                              ,         0.00,  /  /    ,MACH. & EQPT.       ,PRESSURE WASHER                                   ,         5,MFI-PIGGERY                   ,PIGGERY-MARKETING                                 ,                    
0001187300010            ,BIOMETRICS                                                  ,         0.00,  /  /    ,OFF. EQPT.          ,BIOMETRICS                                        ,         5,MFI-PIGGERY                   ,PIGGERY-MARKETING                                 ,                    
0000928600233            ,DOUBLE DECK                                                 ,         0.00,  /  /    ,FUR. & FIXT.        ,BED                                               ,         3,MFI-PIGGERY                   ,PIGGERY-DORMITORY 1 (BANK HOUSE 1)                ,                    
0000928600234            ,DOUBLE DECK                                                 ,         0.00,  /  /    ,FUR. & FIXT.        ,BED                                               ,         3,MFI-PIGGERY                   ,PIGGERY-DORMITORY 1 (BANK HOUSE 1)                ,                    
0000928600235            ,DOUBLE DECK                                                 ,         0.00,  /  /    ,FUR. & FIXT.        ,BED                                               ,         3,MFI-PIGGERY                   ,PIGGERY-DORMITORY 1 (BANK HOUSE 1)                ,                    
0000928600236            ,DOUBLE DECK                                                 ,         0.00,  /  /    ,FUR. & FIXT.        ,BED                                               ,         3,MFI-PIGGERY                   ,PIGGERY-DORMITORY 1 (BANK HOUSE 1)                ,                    
0000928600237            ,DOUBLE DECK                                                 ,         0.00,  /  /    ,FUR. & FIXT.        ,BED                                               ,         3,MFI-PIGGERY                   ,PIGGERY-DORMITORY 1 (BANK HOUSE 1)                ,                    
0000928600238            ,DOUBLE DECK                                                 ,         0.00,  /  /    ,FUR. & FIXT.        ,BED                                               ,         3,MFI-PIGGERY                   ,PIGGERY-DORMITORY 1 (BANK HOUSE 1)                ,                    
0000332300049            ,WOODEN CABINET                                              ,         0.00,  /  /    ,FUR. & FIXT.        ,CABINET                                           ,         5,MFI-PIGGERY                   ,PIGGERY-DORMITORY 1 (BANK HOUSE 1)                ,                    
0000332300050            ,WOODEN CABINET                                              ,         0.00,  /  /    ,FUR. & FIXT.        ,CABINET                                           ,         5,MFI-PIGGERY                   ,PIGGERY-DORMITORY 1 (BANK HOUSE 1)                ,                    
0001630000032            ,WOODEN HANGING CABINET                                      ,         0.00,  /  /    ,FUR. & FIXT.        ,CABINET                                           ,         5,MFI-PIGGERY                   ,PIGGERY-DORMITORY 1 (BANK HOUSE 1)                ,                    
0001630000033            ,WOODEN HANGING CABINET                                      ,         0.00,  /  /    ,FUR. & FIXT.        ,CABINET                                           ,         5,MFI-PIGGERY                   ,PIGGERY-DORMITORY 1 (BANK HOUSE 1)                ,                    
0001630000034            ,WOODEN HANGING CABINET                                      ,         0.00,  /  /    ,FUR. & FIXT.        ,CABINET                                           ,         5,MFI-PIGGERY                   ,PIGGERY-DORMITORY 1 (BANK HOUSE 1)                ,                    
0004246800003            ,KAWASAKI POWER SPRAYER .5HP                                 ,         0.00,  /  /    ,MACH. & EQPT.       ,POWER SPRAYER                                     ,         3,MFI-PIGGERY                   ,PIGGERY-EXPANSION PRODUCTION ENTRANCE BOYS        ,                    
0004253200001            ,WAUKESHA GENSET S#: 120206                                  ,         0.00,  /  /    ,MACH. & EQPT.       ,GENERATOR                                         ,         5,MFI-PIGGERY                   ,PIGGERY-POWERHOUSE                                ,                    
0004253200002            ,WAUKESHA GENSET S#: 120208                                  ,         0.00,  /  /    ,MACH. & EQPT.       ,GENERATOR                                         ,         5,MFI-PIGGERY                   ,PIGGERY-POWERHOUSE                                ,                    
0004253200003            ,WAUKESHA GENSET S#: 20080667                                ,         0.00,  /  /    ,MACH. & EQPT.       ,GENERATOR                                         ,         5,MFI-PIGGERY                   ,PIGGERY-POWERHOUSE                                ,                    
0003224800002            ,ROBIN BRUSH CUTTER RS-5000                                  ,         0.00,  /  /    ,OTHERS              ,OTHERS                                            ,         3,MFI-PIGGERY                   ,PIGGERY-POWERHOUSE                                ,                    
0004246800004            ,KAWASAKI POWER SPRAYER .5HP                                 ,         0.00,  /  /    ,MACH. & EQPT.       ,POWER SPRAYER                                     ,         3,MFI-PIGGERY                   ,PIGGERY-EXPANSION GILT                            ,                    
0003200100016            ,KNAPSACK SPRAYER - TUNGHU                                   ,         0.00,  /  /    ,STR. EQPT.          ,SPRAYER                                           ,         2,MFI-PIGGERY                   ,PIGGERY-EXPANSION GILT                            ,                    
0004257800001            ,STAINLESS STEEL LADDER 5 STEPS                              ,         0.00,  /  /    ,FUR. & FIXT.        ,LADDER-STEEL                                      ,        10,MFI-PIGGERY                   ,PIGGERY-EXPANSION BREEDING                        ,                    
0004215500009            ,BLADDER TANK                                                ,         0.00,  /  /    ,MACH. & EQPT.       ,TANK                                              ,         5,MFI-PIGGERY                   ,PIGGERY-EXPANSION BREEDING                        ,                    
0004257900001            ,BALDOR MOTOR 10HP                                           ,         0.00,  /  /    ,MACH. & EQPT.       ,MOTOR                                             ,         5,MFI-PIGGERY                   ,PIGGERY-EXPANSION BREEDING                        ,                    
0004258000001            ,WEIGHING SCALE HOIST 100KG                                  ,         0.00,  /  /    ,OFF. EQPT.          ,WEIGHING SCALE                                    ,         3,MFI-PIGGERY                   ,PIGGERY-EXPANSION FARROWING                       ,                    
0004258100001            ,MEIJI AVR 2000W                                             ,         0.00,  /  /    ,OFF. EQPT.          ,AVR                                               ,         3,MFI-PIGGERY                   ,PIGGERY-EXPANSION NURSERY 3                       ,                    
0004216900002            ,SKOV 278                                                    ,         0.00,  /  /    ,MACH. & EQPT.       ,OTHERS                                            ,         5,MFI-PIGGERY                   ,PIGGERY-EXPANSION NURSERY 5                       ,                    
0004216900003            ,SKOV 278                                                    ,         0.00,  /  /    ,MACH. & EQPT.       ,OTHERS                                            ,         5,MFI-PIGGERY                   ,PIGGERY-EXPANSION NURSERY 5                       ,                    
0001263700002            ,SUPERFLOW BLADDER TANK                                      ,    141999.75,06/20/2018,MACH. & EQPT.       ,TANK                                              ,         3,MFI-PIGGERY                   ,PIGGERY-ENGINEERING                               ,FA_TRAN             
0001263700003            ,SUPERFLOW BLADDER TANK                                      ,    141999.75,06/20/2018,MACH. & EQPT.       ,TANK                                              ,         3,MFI-PIGGERY                   ,PIGGERY-ENGINEERING                               ,FA_TRAN             
0004334700001            ,EBARA VERTICAL IN-LINE MULTI-STAGE PUMP                     ,     85000.00,07/21/2018,MACH. & EQPT.       ,PUMP                                              ,         4,MFI-PIGGERY                   ,PIGGERY-ENGINEERING                               ,FA_TRAN             
0004334700002            ,EBARA VERTICAL IN-LINE MULTI-STAGE PUMP                     ,     85000.00,07/21/2018,MACH. & EQPT.       ,PUMP                                              ,         4,MFI-PIGGERY                   ,PIGGERY-ENGINEERING                               ,FA_TRAN             
0004334600001            ,MILWAUKEE HAMMER DRILL                                      ,     21960.00,08/21/2018,STR. EQPT.          ,HAND TOOLS                                        ,         3,MFI-PIGGERY                   ,PIGGERY-MAINTENANCE                               ,FA_TRAN             
0004334500001            ,WHIRL WM CAE2795FQ 15KG                                     ,     45000.00,08/11/2018,STR. EQPT.          ,WASHING MACHINE                                   ,         3,MFI-PIGGERY                   ,PIGGERY-MAIN ADMIN                                ,FA_TRAN             
0004339100001            ,CARRIER AIRCON 0.5HP WINDOW TYPE-WCARZOO6EC                 ,     10700.00,08/24/2018,MACH. & EQPT.       ,AIRCON                                            ,         5,MFI-PIGGERY                   ,PIGGERY-MAIN ADMIN                                ,FA_TRAN             
0004339100002            ,CARRIER AIRCON 0.5HP WINDOW TYPE-WCARZOO6EC                 ,     10700.00,08/24/2018,MACH. & EQPT.       ,AIRCON                                            ,         5,MFI-PIGGERY                   ,PIGGERY-MAIN ADMIN                                ,FA_TRAN             
0004339100003            ,CARRIER AIRCON 0.5HP WINDOW TYPE-WCARZOO6EC                 ,     10700.00,08/24/2018,MACH. & EQPT.       ,AIRCON                                            ,         5,MFI-PIGGERY                   ,PIGGERY-MAIN ADMIN                                ,FA_TRAN             
0004339100004            ,CARRIER AIRCON 0.5HP WINDOW TYPE-WCARZOO6EC                 ,     10700.00,08/24/2018,MACH. & EQPT.       ,AIRCON                                            ,         5,MFI-PIGGERY                   ,PIGGERY-MAIN ADMIN                                ,FA_TRAN             
0004254500002            ,FRANKLIN (USA) SUB. MOTOR 10HP                              ,     52800.00,09/12/2018,MACH. & EQPT.       ,MOTOR                                             ,         5,MFI-PIGGERY                   ,PIGGERY-ENGINEERING                               ,FA_TRAN             
0004254500003            ,FRANKLIN (USA) SUB. MOTOR 10HP                              ,     52800.00,09/12/2018,MACH. & EQPT.       ,MOTOR                                             ,         5,MFI-PIGGERY                   ,PIGGERY-ENGINEERING                               ,FA_TRAN             
0004254500004            ,FRANKLIN (USA) SUB. MOTOR 10HP                              ,     52800.00,09/12/2018,MACH. & EQPT.       ,MOTOR                                             ,         5,MFI-PIGGERY                   ,PIGGERY-ENGINEERING                               ,FA_TRAN             
0004426400001            ,GOULDS (USA) SUBMERSIBLE DEEPWELL PUMP M:95L10-7            ,     72930.00,09/12/2018,MACH. & EQPT.       ,PUMP                                              ,         4,MFI-PIGGERY                   ,PIGGERY-ENGINEERING                               ,FA_TRAN             
0004426400002            ,GOULDS (USA) SUBMERSIBLE DEEPWELL PUMP M:95L10-7            ,     72930.00,09/12/2018,MACH. & EQPT.       ,PUMP                                              ,         4,MFI-PIGGERY                   ,PIGGERY-ENGINEERING                               ,FA_TRAN             
0004426400003            ,GOULDS (USA) SUBMERSIBLE DEEPWELL PUMP M:95L10-7            ,     72930.00,09/12/2018,MACH. & EQPT.       ,PUMP                                              ,         4,MFI-PIGGERY                   ,PIGGERY-ENGINEERING                               ,FA_TRAN             
0004523300001            ,FOGGING MACHINE                                             ,     50000.00,09/24/2018,STR. EQPT.          ,OTHERS                                            ,         3,MFI-PIGGERY UNTAGA            ,PIGGERY UNTAGA-MAIN ADMIN                         ,FA_TRAN             
0004523300002            ,FOGGING MACHINE                                             ,     50000.00,09/24/2018,STR. EQPT.          ,OTHERS                                            ,         3,MFI-PIGGERY                   ,PIGGERY-NURSERY                                   ,FA_TRAN             
0004523400001            ,SCHNEIDER UPS APC MODEL: BX625CI-MS                         ,      4700.00,09/27/2018,OFF. EQPT.          ,UPS                                               ,         3,MFI-PIGGERY                   ,PIGGERY-ENGINEERING                               ,FA_TRAN             
0004518800001            ,TRAILER 20FTR AGC-T-80 PUU 239                              ,     13690.26,09/13/2018,TRNS. EQPT.         ,TRAILER                                           ,        10,MFI-PIGGERY                   ,PIGGERY-LOGISTICS                                 ,FA_TRAN             
0004327300001            ,SLIDING WINDOW                                              ,     36827.82,09/21/2018,BLDG. IMPVT.        ,OTHERS                                            ,        10,MFI-PIGGERY                   ,PIGGERY-MAINTENANCE                               ,                    
0004369100001            ,LIANG CHI COOLING TOWER MODEL LBC-225                       ,    200862.49,10/15/2018,MACH. & EQPT.       ,AIRCON                                            ,         5,MFI-PIGGERY                   ,PIGGERY-ENGINEERING                               ,                    
0004369100002            ,LIANG CHI COOLING TOWER MODEL LBC-225                       ,    200862.49,10/15/2018,MACH. & EQPT.       ,AIRCON                                            ,         5,MFI-PIGGERY                   ,PIGGERY-ENGINEERING                               ,                    
0004729500001            ,DELL INSPIRON 7472 NOTEBOOK                                 ,     46990.00,11/16/2018,OFF. EQPT.          ,LAPTOP                                            ,         3,MFI-PIGGERY                   ,PIGGERY-MAIN ADMIN                                ,                    
0004535200001            ,"LEVER BLOCK,CHAIN HOIST 1 TON CAPACITY                      ",      5850.00,11/21/2018,STR. EQPT.          ,OTHERS                                            ,         3,MFI-PIGGERY                   ,PIGGERY-ENGINEERING                               ,                    
0004417600001            ,SUBMERSIBLE PUMP TSURUMI (JAPAN)                            ,    160000.00,11/22/2018,MACH. & EQPT.       ,PUMP                                              ,         5,MFI-PIGGERY                   ,PIGGERY-ENGINEERING                               ,                    
0004417600002            ,SUBMERSIBLE PUMP TSURUMI (JAPAN)                            ,    160000.00,11/22/2018,MACH. & EQPT.       ,PUMP                                              ,         5,MFI-PIGGERY                   ,PIGGERY-ENGINEERING                               ,                    
0004241600002            ,SPERMACUE                                                   ,    125000.00,11/27/2018,OFF. EQPT.          ,OTHERS                                            ,         3,MFI-PIGGERY                   ,PIGGERY-LABORATORY                                ,                    
0004830300001            ,GAS SCRUBBER & CONDITIONING SYSTEM                          ,    230000.00,11/28/2018,MACH. & EQPT.       ,OTHERS                                            ,         5,MFI-PIGGERY                   ,PIGGERY-ENGINEERING                               ,FA_TRAN             
0004830400001            ,BIOGENSET 350KVA REBUILT FUSO ENGINE                        ,   1550000.00,11/28/2018,MACH. & EQPT.       ,OTHERS                                            ,         5,MFI-PIGGERY                   ,PIGGERY-ENGINEERING                               ,FA_TRAN             
0001104300002            ,CENTRIFUGAL PUMP END SUCTION ""EBARA""                        ,     78000.00,11/01/2018,MACH. & EQPT.       ,PUMP                                              ,         5,MFI-PIGGERY                   ,PIGGERY-ENGINEERING                               ,                    
0001104300003            ,CENTRIFUGAL PUMP END SUCTION ""EBARA""                        ,     78000.00,11/01/2018,MACH. & EQPT.       ,PUMP                                              ,         5,MFI-PIGGERY                   ,PIGGERY-ENGINEERING                               ,                    
0004801900001            ,VACUUM CLEANER SEVERIN                                      ,      3295.00,12/07/2018,STR. EQPT.          ,VACUUM                                            ,         3,MFI-PIGGERY                   ,PIGGERY-LOGISTICS                                 ,                    
0004835900001            ,ISUZU FORWARD DOUBLE DECKER TRUCK PL#:CAN-5996              ,   1568600.00,12/15/2018,TRNS. EQPT.         ,VEHICLE                                           ,         3,MFI-PIGGERY                   ,PIGGERY-LOGISTICS                                 ,FA_TRAN             
0004774100001            ,AIRCON WINDOW TYPE 1/2HP CARRIER                            ,      9804.00,12/19/2018,MACH. & EQPT.       ,AIRCON-WINDOW-TYPE                                ,         5,MFI-PIGGERY                   ,PIGGERY-MAIN ADMIN                                ,                    
0004774100002            ,AIRCON WINDOW TYPE 1/2HP CARRIER                            ,      9804.00,12/19/2018,MACH. & EQPT.       ,AIRCON-WINDOW-TYPE                                ,         5,MFI-PIGGERY                   ,PIGGERY-MAIN ADMIN                                ,                    
0004774300001            ,SALTER HANGING SCALE 5KG X 20G                              ,      4800.00,01/03/2019,STR. EQPT.          ,WEIGHING SCALE                                    ,         3,MFI-PIGGERY                   ,PIGGERY-FARROWING                                 ,                    
0004774300002            ,SALTER HANGING SCALE 5KG X 20G                              ,      4800.00,01/03/2019,STR. EQPT.          ,WEIGHING SCALE                                    ,         3,MFI-PIGGERY                   ,PIGGERY-FARROWING                                 ,                    
0004772100001            ,SLIDING WINDOW 2 PANELS SS 1.20MX1.20M W/ SCREEN            ,      6847.85,12/26/2018,BLDG. IMPVT.        ,OTHERS                                            ,         5,MFI-PIGGERY                   ,PIGGERY-MAIN ADMIN                                ,                    
0004772200001            ,SLIDING WINDOW 2 PANELS SS 0.80MX1.20M W/ SCREEN            ,      5970.00,12/26/2018,BLDG. IMPVT.        ,OTHERS                                            ,         5,MFI-PIGGERY                   ,PIGGERY-MAIN ADMIN                                ,                    
0004934600001            ,SAMSUNG NOTE 8                                              ,     37990.00,01/14/2019,OFF. EQPT.          ,TABLET                                            ,         3,MFI-PIGGERY                   ,PIGGERY-MAIN ADMIN                                ,                    
0070-0003533200001       ,WINDOW TYPE AIRCON 0.5HP                                    ,     11500.00,01/25/2019,MACH. & EQPT.       ,AIRCON                                            ,         5,MFI-PIGGERY                   ,PIGGERY-GROWING                                   ,                    
0070-0003533200002       ,WINDOW TYPE AIRCON 0.5HP                                    ,     11500.00,01/25/2019,MACH. & EQPT.       ,AIRCON                                            ,         5,MFI-PIGGERY                   ,PIGGERY-GROWING                                   ,                    
0070-0004930900001       ,RIDGID ALUMINUM PIPE WRENCH 36""                             ,     12400.00,01/30/2019,TOOLS               ,TOOLS                                             ,         3,MFI-PIGGERY                   ,PIGGERY-ENGINEERING                               ,                    
0070-0002169100002       ,FRANKLIN ELECTRIC SUBMERSIBLE PUMP MOTOT                    ,     62959.00,03/04/2019,MACH. & EQPT.       ,PUMP                                              ,         4,MFI-PIGGERY                   ,PIGGERY-MAINTENANCE WAREHOUSE                     ,                    
0070-0002169100003       ,FRANKLIN ELECTRIC SUBMERSIBLE PUMP MOTOT                    ,     62959.00,01/30/2019,MACH. & EQPT.       ,PUMP                                              ,         4,MFI-PIGGERY                   ,PIGGERY-ENGINEERING                               ,                    
0070-0004918000001       ,GOULDS SUBMERSIBLE PUMP-95L10 07-6                          ,     74080.00,03/04/2019,MACH. & EQPT.       ,PUMP                                              ,         4,MFI-PIGGERY                   ,PIGGERY-MAINTENANCE WAREHOUSE                     ,                    
0070-0004918000002       ,GOULDS SUBMERSIBLE PUMP-95L10 07-6                          ,     74080.00,01/30/2019,MACH. & EQPT.       ,PUMP                                              ,         4,MFI-PIGGERY                   ,PIGGERY-ENGINEERING                               ,                    
0070-0004930800001       ,RIDGID PIPE WRENCH HEAVY DUTY 36""                           ,      9000.00,01/22/2019,TOOLS               ,TOOLS                                             ,         3,MFI-PIGGERY                   ,PIGGERY-ENGINEERING                               ,                    
0070-0003200100017       ,KNAPSACK SPRAYER TUNGHO                                     ,      2357.14,07/01/2021,STR. EQPT.          ,SPRAYER                                           ,         3,MFI-PIGGERY                   ,PIGGERY-MAINTENANCE WAREHOUSE                     ,FAACQ               
0070-0003200100018       ,TUNGHU KNAPSACK SPRAYER                                     ,      2340.00,02/08/2019,STR. EQPT.          ,SPRAYER                                           ,         3,MFI-PIGGERY                   ,PIGGERY-MAINTENANCE WAREHOUSE                     ,FAACQ               
0070-0003200100019       ,TUNGHU KNAPSACK SPRAYER                                     ,      2340.00,02/08/2019,STR. EQPT.          ,SPRAYER                                           ,         3,MFI-PIGGERY                   ,PIGGERY-MAINTENANCE WAREHOUSE                     ,FAACQ               
0070-0003200100020       ,TUNGHU KNAPSACK SPRAYER                                     ,      2340.00,02/08/2019,STR. EQPT.          ,SPRAYER                                           ,         3,MFI-PIGGERY                   ,PIGGERY-MAINTENANCE WAREHOUSE                     ,FAACQ               
0070-0003200100021       ,TUNGHU KNAPSACK SPRAYER                                     ,      2340.00,02/08/2019,STR. EQPT.          ,SPRAYER                                           ,         3,MFI-PIGGERY                   ,PIGGERY-MAINTENANCE WAREHOUSE                     ,FAACQ               
0070-0005003400001       ,KAWAKE RING BLOWER MODEL-RB60-620 THREE                     ,     37962.00,02/26/2019,MACH. & EQPT.       ,MOTOR                                             ,         5,MFI-PIGGERY                   ,PIGGERY-KITCHEN                                   ,                    
0070-0002589500002       ,PRESSURE WASHER 1 HP                                        ,      6000.00,02/28/2019,MACH. & EQPT.       ,PRESSURE WASHER                                   ,         2,MFI-PIGGERY                   ,PIGGERY-MAINTENANCE WAREHOUSE                     ,                    
0070-0002589500003       ,PRESSURE WASHER 1 HP                                        ,      6000.00,02/28/2019,MACH. & EQPT.       ,PRESSURE WASHER                                   ,         2,MFI-PIGGERY                   ,PIGGERY-MAINTENANCE WAREHOUSE                     ,                    
0070-0002589500004       ,PRESSURE WASHER 1 HP                                        ,      6000.00,02/28/2019,MACH. & EQPT.       ,PRESSURE WASHER                                   ,         2,MFI-PIGGERY                   ,PIGGERY-MAINTENANCE WAREHOUSE                     ,                    
0070-0002589500005       ,PRESSURE WASHER 1 HP                                        ,      6000.00,02/28/2019,MACH. & EQPT.       ,PRESSURE WASHER                                   ,         2,MFI-PIGGERY                   ,PIGGERY-MAINTENANCE WAREHOUSE                     ,                    
0070-0002589500006       ,PRESSURE WASHER 1 HP                                        ,      6000.00,02/28/2019,MACH. & EQPT.       ,PRESSURE WASHER                                   ,         2,MFI-PIGGERY                   ,PIGGERY-MAINTENANCE WAREHOUSE                     ,                    
0070-0004956400001       ,PRESSURE WASHER KAWASAKI  1/2HP PUMP ONL                    ,      3000.00,02/28/2019,MACH. & EQPT.       ,PRESSURE WASHER                                   ,         5,MFI-PIGGERY                   ,PIGGERY-MAINTENANCE WAREHOUSE                     ,                    
0070-0004956400002       ,PRESSURE WASHER KAWASAKI  1/2HP PUMP ONL                    ,      3000.00,02/28/2019,MACH. & EQPT.       ,PRESSURE WASHER                                   ,         5,MFI-PIGGERY                   ,PIGGERY-MAINTENANCE WAREHOUSE                     ,                    
0070-0004956400003       ,PRESSURE WASHER KAWASAKI  1/2HP PUMP ONL                    ,      3000.00,02/28/2019,MACH. & EQPT.       ,PRESSURE WASHER                                   ,         5,MFI-PIGGERY                   ,PIGGERY-MAINTENANCE WAREHOUSE                     ,                    
0070-0004956400004       ,PRESSURE WASHER KAWASAKI  1/2HP PUMP ONL                    ,      3000.00,02/28/2019,MACH. & EQPT.       ,PRESSURE WASHER                                   ,         5,MFI-PIGGERY                   ,PIGGERY-MAINTENANCE WAREHOUSE                     ,                    
0070-0004956400005       ,PRESSURE WASHER KAWASAKI  1/2HP PUMP ONL                    ,      3000.00,02/28/2019,MACH. & EQPT.       ,PRESSURE WASHER                                   ,         5,MFI-PIGGERY                   ,PIGGERY-MAINTENANCE WAREHOUSE                     ,                    
0070-0004918000003       ,GOULDS SUBMERSIBLE PUMP-95L10 07-6                          ,     74080.00,03/02/2019,MACH. & EQPT.       ,PUMP                                              ,         4,MFI-PIGGERY                   ,PIGGERY-MAINTENANCE WAREHOUSE                     ,                    
0070-0002169100004       ,FRANKLIN ELECTRIC SUBMERSIBLE PUMP MOTOTR                   ,     62959.00,03/02/2019,MACH. & EQPT.       ,PUMP                                              ,         4,MFI-PIGGERY                   ,PIGGERY-MAINTENANCE WAREHOUSE                     ,                    
0070-0005058900001       ,DISTRIBUTION TRANSFORMER SHIHLIN                            ,    346104.00,03/07/2019,ELEC. INTS. & EQPT. ,TRANSFORMER                                       ,         5,MFI-PIGGERY                   ,PIGGERY-FIXED ASSET DEPARTMENT                    ,                    
0070-0005058900002       ,DISTRIBUTION TRANSFORMER SHIHLIN                            ,    346104.00,03/07/2019,ELEC. INTS. & EQPT. ,TRANSFORMER                                       ,         5,MFI-PIGGERY                   ,PIGGERY-FIXED ASSET DEPARTMENT                    ,                    
0070-0005058900003       ,DISTRIBUTION TRANSFORMER SHIHLIN                            ,    346104.00,03/07/2019,ELEC. INTS. & EQPT. ,TRANSFORMER                                       ,         5,MFI-PIGGERY                   ,PIGGERY-FIXED ASSET DEPARTMENT                    ,                    
0002830500331            ,AGC-T-18 TRAILER 30FTR.                                     ,    200000.00,06/15/1996,TRNS. EQPT.         ,VEHICLE                                           ,        10,MFI-PIGGERY                   ,PIGGERY-MAIN ADMIN                                ,FA_TRAN             
0002830500306            ,AGC-T-13 TRAILER 30FTR. PL#:CUV-435                         ,    615200.00,07/15/2011,TRNS. EQPT.         ,VEHICLE                                           ,        10,MFI-PIGGERY                   ,PIGGERY-MAIN ADMIN                                ,FA_TRAN             
0002830500305            ,AGC-T-09  TRAILER 30FTR. PL#:CUU-661                        ,    395200.00,12/03/2010,TRNS. EQPT.         ,VEHICLE                                           ,        10,MFI-PIGGERY                   ,PIGGERY-MAIN ADMIN                                ,FA_TRAN             
0002830500303            ,AGC-T-03 TRAILER 30FTR.                                     ,    275000.00,02/20/2008,TRNS. EQPT.         ,VEHICLE                                           ,        10,MFI-PIGGERY                   ,PIGGERY-MAIN ADMIN                                ,FA_TRAN             
0002830500302            ,AGC-T-01 TRAILER 30FTR. PL#:CUR-936                         ,    275000.00,02/20/2008,TRNS. EQPT.         ,VEHICLE                                           ,        10,MFI-PIGGERY                   ,PIGGERY-MAIN ADMIN                                ,FA_TRAN             
0002830500195            ,AGC-T-82 TRAILER 40FTR. PL#:CUS-424                         ,    575200.00,12/19/2008,TRNS. EQPT.         ,VEHICLE                                           ,        10,MFI-PIGGERY                   ,PIGGERY-MAIN ADMIN                                ,FA_TRAN             
0002830500063            ,AGC-T-105 TRAILER 20FTR.                                    ,    864500.00,04/03/2011,TRNS. EQPT.         ,VEHICLE                                           ,        10,MFI-PIGGERY                   ,PIGGERY-MAIN ADMIN                                ,FA_TRAN             
0002830500062            ,AGC-T-103 TRAILER 20FTR.                                    ,    574500.00,04/03/2011,TRNS. EQPT.         ,VEHICLE                                           ,        10,MFI-PIGGERY                   ,PIGGERY-MAIN ADMIN                                ,FA_TRAN             
0002830500050            ,AGC-T-83 TRAILER 20FTR. PL#:GUE-745                         ,    210000.00,05/20/1999,TRNS. EQPT.         ,VEHICLE                                           ,        10,MFI-PIGGERY                   ,PIGGERY-MAIN ADMIN                                ,FA_TRAN             
0002830500048            ,AGC-T-80 TRAILER 20FTR. PL#:PUU-239                         ,    250000.00,06/30/2004,TRNS. EQPT.         ,VEHICLE                                           ,        10,MFI-PIGGERY                   ,PIGGERY-MAIN ADMIN                                ,FA_TRAN             
0002830500043            ,AGC-T-74 TRAILER 20FTR.                                     ,    210000.00,05/30/1999,TRNS. EQPT.         ,VEHICLE                                           ,        10,MFI-PIGGERY                   ,PIGGERY-MAIN ADMIN                                ,FA_TRAN             
0002830500039            ,AGC-T-69 TRAILER 20FTR.                                     ,    250000.00,02/11/2002,TRNS. EQPT.         ,VEHICLE                                           ,        10,MFI-PIGGERY                   ,PIGGERY-MAIN ADMIN                                ,FA_TRAN             
0002830500035            ,AGC-T-64 TRAILER 20FTR.                                     ,    210000.00,05/30/1999,TRNS. EQPT.         ,VEHICLE                                           ,        10,MFI-PIGGERY                   ,PIGGERY-MAIN ADMIN                                ,FA_TRAN             
0002830300001            ,AGC-T-07 TRAILER 20FTR. PL#:TUD-797                         ,    250000.00,03/01/2012,TRNS. EQPT.         ,VEHICLE                                           ,        10,MFI-PIGGERY                   ,PIGGERY-MAIN ADMIN                                ,FA_TRAN             
0070-0005058800001       ,SUBSTATION TRANSFORMER SHIHLIN                              ,   1564000.00,03/25/2019,ELEC. INTS. & EQPT. ,TRANSFORMER                                       ,         5,MFI-PIGGERY                   ,PIGGERY-FIXED ASSET DEPARTMENT                    ,                    
0070-0001765600001       ,COMPACT VHF FM PORTABLE RADIO-TK-2107                       ,      8500.00,03/28/2019,STR. EQPT.          ,RADIO                                             ,         3,MFI-BREEDER SUBAYON BILAR     ,BSB-SUBAYON ADMIN                                 ,FA_TRAN             
0070-0001765600002       ,COMPACT VHF FM PORTABLE RADIO-TK-2107                       ,      8500.00,03/28/2019,STR. EQPT.          ,RADIO                                             ,         3,MFI-BREEDER SUBAYON BILAR     ,BSB-SUBAYON ADMIN                                 ,FA_TRAN             
0070-0001765600003       ,COMPACT VHF FM PORTABLE RADIO-TK-2107                       ,      8500.00,03/28/2019,STR. EQPT.          ,RADIO                                             ,         3,MFI-BREEDER SUBAYON BILAR     ,BSB-SUBAYON ADMIN                                 ,FA_TRAN             
0070-0001765600004       ,COMPACT VHF FM PORTABLE RADIO-TK-2107                       ,      8500.00,03/28/2019,STR. EQPT.          ,RADIO                                             ,         3,MFI-BREEDER SUBAYON BILAR     ,BSB-SUBAYON ADMIN                                 ,FA_TRAN             
0070-0001765600005       ,COMPACT VHF FM PORTABLE RADIO-TK-2107                       ,      8500.00,03/28/2019,STR. EQPT.          ,RADIO                                             ,         3,MFI-BREEDER SUBAYON BILAR     ,BSB-SUBAYON ADMIN                                 ,FA_TRAN             
0070-0001765600006       ,COMPACT VHF FM PORTABLE RADIO-TK-2107                       ,      8500.00,03/28/2019,STR. EQPT.          ,RADIO                                             ,         3,MFI-BREEDER SUBAYON BILAR     ,BSB-SUBAYON ADMIN                                 ,FA_TRAN             
0070-0001765600007       ,COMPACT VHF FM PORTABLE RADIO-TK-2107                       ,      8500.00,03/28/2019,STR. EQPT.          ,RADIO                                             ,         3,MARCELA FARMS INCORPORATED    ,MFI-LAPSAON BREEDER DIMIAO                        ,FA_TRAN             
0070-0001765600008       ,COMPACT VHF FM PORTABLE RADIO-TK-2107                       ,      8500.00,03/28/2019,STR. EQPT.          ,RADIO                                             ,         3,MARCELA FARMS INCORPORATED    ,MFI-LAPSAON BREEDER DIMIAO                        ,FA_TRAN             
0070-0001765600009       ,COMPACT VHF FM PORTABLE RADIO-TK-2107                       ,      8500.00,03/28/2019,STR. EQPT.          ,RADIO                                             ,         3,MARCELA FARMS INCORPORATED    ,MFI-LAPSAON BREEDER DIMIAO                        ,FA_TRAN             
0070-0001765600010       ,COMPACT VHF FM PORTABLE RADIO-TK-2107                       ,      8500.00,03/28/2019,STR. EQPT.          ,RADIO                                             ,         3,MARCELA FARMS INCORPORATED    ,MFI-LAPSAON BREEDER DIMIAO                        ,FA_TRAN             
0070-0001765600011       ,COMPACT VHF FM PORTABLE RADIO-TK-2107                       ,      8500.00,03/28/2019,STR. EQPT.          ,RADIO                                             ,         3,MARCELA FARMS INCORPORATED    ,MFI-LAPSAON BREEDER DIMIAO                        ,FA_TRAN             
0070-0001765600012       ,COMPACT VHF FM PORTABLE RADIO-TK-2107                       ,      8500.00,03/28/2019,STR. EQPT.          ,RADIO                                             ,         3,MARCELA FARMS INCORPORATED    ,MFI-LAPSAON BREEDER DIMIAO                        ,FA_TRAN             
0070-0001765600013       ,COMPACT VHF FM PORTABLE RADIO-TK-2107                       ,      8500.00,03/28/2019,STR. EQPT.          ,RADIO                                             ,         3,MARCELA FARMS INCORPORATED    ,MFI-CANHAYUPON BREEDER DIMIAO                     ,FA_TRAN             
0070-0001765600014       ,COMPACT VHF FM PORTABLE RADIO-TK-2107                       ,      8500.00,03/28/2019,STR. EQPT.          ,RADIO                                             ,         3,MARCELA FARMS INCORPORATED    ,MFI-CANHAYUPON BREEDER DIMIAO                     ,FA_TRAN             
0070-0001765600015       ,COMPACT VHF FM PORTABLE RADIO-TK-2107                       ,      8500.00,03/28/2019,STR. EQPT.          ,RADIO                                             ,         3,MARCELA FARMS INCORPORATED    ,MFI-CANHAYUPON BREEDER DIMIAO                     ,FA_TRAN             
0070-0001765600016       ,COMPACT VHF FM PORTABLE RADIO-TK-2107                       ,      8500.00,03/28/2019,STR. EQPT.          ,RADIO                                             ,         3,MARCELA FARMS INCORPORATED    ,MFI-CANHAYUPON BREEDER DIMIAO                     ,FA_TRAN             
0070-0001765600017       ,COMPACT VHF FM PORTABLE RADIO-TK-2107                       ,      8500.00,03/28/2019,STR. EQPT.          ,RADIO                                             ,         3,MARCELA FARMS INCORPORATED    ,MFI-CANHAYUPON BREEDER DIMIAO                     ,FA_TRAN             
0070-0001765600018       ,COMPACT VHF FM PORTABLE RADIO-TK-2107                       ,      8500.00,03/28/2019,STR. EQPT.          ,RADIO                                             ,         3,MARCELA FARMS INCORPORATED    ,MFI-CANHAYUPON BREEDER DIMIAO                     ,FA_TRAN             
0070-0001765600019       ,COMPACT VHF FM PORTABLE RADIO-TK-2107                       ,      8500.00,03/28/2019,STR. EQPT.          ,RADIO                                             ,         3,MFI-PIGGERY                   ,PIGGERY-MAIN ADMIN                                ,                    
0070-0001765600020       ,COMPACT VHF FM PORTABLE RADIO-TK-2107                       ,      8500.00,03/28/2019,STR. EQPT.          ,RADIO                                             ,         3,MFI-PIGGERY                   ,PIGGERY-MAIN ADMIN                                ,                    
0070-0001104300004       ,CENTRIFUGAL PUMP END SUCTION ""EBARA""                        ,     78000.00,03/29/2019,MACH. & EQPT.       ,PUMP                                              ,         5,MFI-PIGGERY                   ,PIGGERY-MARCELA POWERPLANT                        ,                    
0070-0001104300005       ,CENTRIFUGAL PUMP END SUCTION ""EBARA""                        ,     78000.00,03/29/2019,MACH. & EQPT.       ,PUMP                                              ,         5,MFI-PIGGERY                   ,PIGGERY-MARCELA POWERPLANT                        ,                    
0070-0004953800001       ,MITS. STRADA 4X4 CS#:B4Q935 PL#:GAX-1203                    ,   1311367.00,03/18/2019,TRNS. EQPT.         ,VEHICLE                                           ,        10,HEAD OFFICE                   ,HO-INFORMATION TECHNOLOGY                         ,FA_TRAN             
0070-0005093500001       ,PPR WELDING MACHINE 20MMØ TO 63MMØ                          ,      4400.00,04/02/2019,TOOLS               ,OTHERS                                            ,         3,MFI-PIGGERY                   ,PIGGERY-MAINTENANCE WAREHOUSE                     ,                    
0070-0005030100001       ,EBARA SUBMERSIBLE PUMP MODEL-DML 67.5                       ,     80000.00,04/05/2019,MACH. & EQPT.       ,PUMP                                              ,         5,MFI-PIGGERY                   ,PIGGERY-MARCELA POWERPLANT                        ,                    
0070-0005030100002       ,EBARA SUBMERSIBLE PUMP MODEL-DML 67.5                       ,     80000.00,04/05/2019,MACH. & EQPT.       ,PUMP                                              ,         5,MFI-PIGGERY                   ,PIGGERY-MARCELA POWERPLANT                        ,                    
0070-0004934600002       ,SUBMERSIBLE PUMP STREAMPLUS 1HP                             ,     13500.00,04/05/2019,OFF. EQPT.          ,PUMP                                              ,         5,MFI-PIGGERY                   ,PIGGERY-MAINTENANCE WAREHOUSE                     ,                    
0070-0004934600003       ,SUBMERSIBLE PUMP STREAMPLUS 1HP                             ,     13500.00,04/05/2019,OFF. EQPT.          ,PUMP                                              ,         5,MFI-PIGGERY                   ,PIGGERY-MAINTENANCE WAREHOUSE                     ,                    
0070-0004934600004       ,SUBMERSIBLE PUMP STREAMPLUS 1HP                             ,     13500.00,04/05/2019,OFF. EQPT.          ,PUMP                                              ,         5,MFI-PIGGERY                   ,PIGGERY-MAINTENANCE WAREHOUSE                     ,                    
0070-0004934600005       ,SUBMERSIBLE PUMP STREAMPLUS 1HP                             ,     13500.00,04/05/2019,OFF. EQPT.          ,PUMP                                              ,         5,MFI-PIGGERY                   ,PIGGERY-MAINTENANCE WAREHOUSE                     ,                    
0070-0004934600006       ,SUBMERSIBLE PUMP STREAMPLUS 1HP                             ,     13500.00,04/05/2019,OFF. EQPT.          ,PUMP                                              ,         5,MFI-PIGGERY                   ,PIGGERY-MAINTENANCE WAREHOUSE                     ,                    
0070-0001943600001       ,LONGTECH THREE LOBES ROOTS BLOWER                           ,    167790.41,04/05/2019,MACH. & EQPT.       ,OTHERS                                            ,         3,MFI-PIGGERY                   ,PIGGERY-MARCELA POWERPLANT                        ,                    
0070-0001943600002       ,LONGTECH THREE LOBES ROOTS BLOWER                           ,    167790.41,04/05/2019,MACH. & EQPT.       ,OTHERS                                            ,         3,MFI-PIGGERY                   ,PIGGERY-MARCELA POWERPLANT                        ,                    
0070-0005118000001       ,INST'L OF EXTENSION BUSBARS & EXTENSION                     ,    400000.00,04/17/2019,MACH. & EQPT.       ,MACHINE TOOLS                                     ,         5,MFI-PIGGERY                   ,PIGGERY-MARCELA POWERPLANT                        ,                    
0070-0004909500001       ,SUPPLY & INSTALLATION OF 2X SYNCHRONIZIN                    ,   3240563.74,04/17/2019,MACH. & EQPT.       ,OTHERS                                            ,        10,MFI-PIGGERY                   ,PIGGERY-ENGINEERING                               ,                    
0070-0004911400001       ,MVSG W/ COMPLETE PROTECTION SYSTEM                          ,   2229980.99,04/17/2019,MACH. & EQPT.       ,OTHERS                                            ,        10,MFI-PIGGERY                   ,PIGGERY-ENGINEERING                               ,                    
0070-0005030000001       ,SHELL & TUBE HEAT EXCHANGER                                 ,    430125.00,04/22/2019,MACH. & EQPT.       ,OTHERS                                            ,         5,MFI-PIGGERY                   ,PIGGERY-MARCELA POWERPLANT                        ,                    
0070-0005030000002       ,SHELL & TUBE HEAT EXCHANGER                                 ,    430125.00,04/22/2019,MACH. & EQPT.       ,OTHERS                                            ,         5,MFI-PIGGERY                   ,PIGGERY-MARCELA POWERPLANT                        ,                    
0070-0004938800001       ,WINDOW TYPE AIRCON 1.5HP                                    ,     27700.00,04/05/2019,MACH. & EQPT.       ,AIRCON-WINDOW-TYPE                                ,         5,MFI-PIGGERY                   ,PIGGERY-MARCELA POWERPLANT                        ,                    
0070-0004528600001       ,SQUARE D NS 2000 CIRCUIT BREAKER                            ,    125753.88,05/07/2019,ELEC. INTS. & EQPT. ,CIRCUIT BREAKER                                   ,         3,MFI-PIGGERY                   ,PIGGERY-ENGINEERING                               ,                    
0070-0004528600002       ,SQUARE D NS 2000 CIRCUIT BREAKER                            ,    125753.88,05/07/2019,ELEC. INTS. & EQPT. ,CIRCUIT BREAKER                                   ,         3,MFI-PIGGERY                   ,PIGGERY-ENGINEERING                               ,                    
0070-0004938700001       ,WAYPIG HOG SCALE 450LBS. 227KG                              ,     85180.00,05/13/2019,STR. EQPT.          ,WEIGHING SCALE                                    ,         3,MFI-PIGGERY                   ,PIGGERY-GILT HOUSE                                ,                    
0070-0004938700002       ,WAYPIG HOG SCALE 450LBS. 227KG                              ,     85180.00,05/13/2019,STR. EQPT.          ,WEIGHING SCALE                                    ,         3,MFI-PIGGERY                   ,PIGGERY-GILT HOUSE                                ,                    
0070-0001217900001       ,LG TV FLAT SCREEN                                           ,     16300.00,05/06/2019,STR. EQPT.          ,TV                                                ,         3,MFI-PIGGERY                   ,PIGGERY-GROWING                                   ,                    
0070-0004541600001       ,M.T.S PANEL 2X125 AMP 3 POLE 35KA 230V 3                    ,     30000.00,05/23/2019,MACH. & EQPT.       ,GENERATOR                                         ,         5,MFI-PIGGERY                   ,PIGGERY-ENGINEERING                               ,                    
0070-0001187300011       ,BIOMETRICS                                                  ,      9800.00,05/24/2019,OFF. EQPT.          ,BIOMETRICS                                        ,         5,MFI-PIGGERY                   ,PIGGERY-GROWING                                   ,                    
0070-0005266800001       ,WATER SOFTENER FILTER WITH AUTOMATIC/MAN                    ,    290000.00,05/29/2019,STR. EQPT.          ,OTHERS                                            ,         5,MFI-PIGGERY                   ,PIGGERY-MARCELA POWERPLANT                        ,FAACQ               
0070-0001978900001       ,WASHING MACHINE                                             ,     10199.00,03/29/2019,MACH. & EQPT.       ,WASHING MACHINE                                   ,         3,MFI-PIGGERY                   ,PIGGERY-MAIN ADMIN                                ,                    
0070-0005303400001       ,DISTRIBUTION TRANSFORMER 50KVA POLE TYPE                    ,     89056.00,05/25/2019,ELEC. INTS. & EQPT. ,TRANSFORMER                                       ,         3,MFI-PIGGERY                   ,PIGGERY-MARCELA POWERPLANT                        ,                    
0070-0005303400002       ,DISTRIBUTION TRANSFORMER 50KVA POLE TYPE                    ,     89056.00,05/25/2019,ELEC. INTS. & EQPT. ,TRANSFORMER                                       ,         3,MFI-PIGGERY                   ,PIGGERY-MARCELA POWERPLANT                        ,                    
0070-0005303400003       ,DISTRIBUTION TRANSFORMER 50KVA POLE TYPE                    ,     89056.00,05/25/2019,ELEC. INTS. & EQPT. ,TRANSFORMER                                       ,         3,MFI-PIGGERY                   ,PIGGERY-MARCELA POWERPLANT                        ,                    
0070-0004963900001       ,MDP NEMAI FREE STANDING 3P N+G 400/230V                     ,    239224.84,06/04/2019,OTHERS              ,OTHERS                                            ,         1,MFI-PIGGERY                   ,PIGGERY-ENGINEERING                               ,FAACQ               
0070-0005336600001       ,DEWALT RECHARGEABLE DRILL                                   ,     16500.00,06/11/2019,ELEC. INTS. & EQPT. ,DRILL                                             ,         5,MFI-PIGGERY                   ,PIGGERY-MARCELA POWERPLANT                        ,FAACQ               
0070-0005336600002       ,DEWALT RECHARGEABLE DRILL                                   ,     16500.00,06/11/2019,ELEC. INTS. & EQPT. ,DRILL                                             ,         5,MFI-PIGGERY                   ,PIGGERY-MARCELA POWERPLANT                        ,FAACQ               
0070-0005078300001       ,FRANKLIN ELECTRIC SUBMERSIBLE MOTOR                         ,     27000.00,06/11/2019,MACH. & EQPT.       ,MOTOR                                             ,         3,MFI-PIGGERY                   ,PIGGERY-ENGINEERING                               ,FAACQ               
0070-0005078300002       ,FRANKLIN ELECTRIC SUBMERSIBLE MOTOR                         ,     27000.00,06/11/2019,MACH. & EQPT.       ,MOTOR                                             ,         3,MFI-PIGGERY                   ,PIGGERY-ENGINEERING                               ,FAACQ               
0070-0005078400001       ,GOULDS SUBMERSIBLE PUMP MODEL -45GS50                       ,     35400.00,06/11/2019,MACH. & EQPT.       ,PUMP                                              ,         4,MFI-PIGGERY                   ,PIGGERY-ENGINEERING                               ,FAACQ               
0070-0005078400002       ,GOULDS SUBMERSIBLE PUMP MODEL -45GS50                       ,     35400.00,06/11/2019,MACH. & EQPT.       ,PUMP                                              ,         4,MFI-PIGGERY                   ,PIGGERY-ENGINEERING                               ,FAACQ               
0070-0003208000001       ,CARRIER AIRCON 0.5 HP W-TYPE (MYC                           ,     16300.00,06/15/2019,MACH. & EQPT.       ,AIRCON                                            ,         5,MFI-PIGGERY                   ,PIGGERY-MAIN ADMIN                                ,                    
0026-0005396100001       ,FUSO TRACTOR HEAD 6W PL#:CAY-3267                           ,   1319600.00,06/11/2019,TRNS. EQPT.         ,VEHICLE                                           ,        10,MFI-PIGGERY                   ,PIGGERY-LOGISTICS                                 ,FA_TRAN             
0070-0005478300001       ,BACKHOE LONG REACH ARM                                      ,   1100000.00,01/30/2018,HEAVY EQPT.         ,MACHINE TOOLS                                     ,         5,MFI-PIGGERY                   ,PIGGERY-LOGISTICS                                 ,FABB                
0070-0004513700001       ,EBARA ALL SS304 END SUCTION CENTRIFUGAL                     ,     85000.00,06/10/2019,MACH. & EQPT.       ,PUMP                                              ,         5,MFI-PIGGERY                   ,PIGGERY-ENGINEERING                               ,                    
0070-0004513700002       ,EBARA ALL SS304 END SUCTION CENTRIFUGAL                     ,     85000.00,06/10/2019,MACH. & EQPT.       ,PUMP                                              ,         5,MFI-PIGGERY                   ,PIGGERY-ENGINEERING                               ,                    
0070-0004513700003       ,EBARA ALL SS304 END SUCTION CENTRIFUGAL                     ,     85000.00,06/10/2019,MACH. & EQPT.       ,PUMP                                              ,         5,MFI-PIGGERY                   ,PIGGERY-ENGINEERING                               ,                    
0070-0005431900001       ,SCHNEIDER MAGNETIC CONTRACTOR MODEL-LC1-                    ,      7115.28,06/26/2019,ELEC. INTS. & EQPT. ,OTHERS                                            ,         3,MFI-PIGGERY                   ,PIGGERY-MARCELA POWERPLANT                        ,FAACQ               
0070-0005431900002       ,SCHNEIDER MAGNETIC CONTRACTOR MODEL-LC1-                    ,      7115.28,06/26/2019,ELEC. INTS. & EQPT. ,OTHERS                                            ,         3,MFI-PIGGERY                   ,PIGGERY-MARCELA POWERPLANT                        ,FAACQ               
0070-0005431900003       ,SCHNEIDER MAGNETIC CONTRACTOR MODEL-LC1-                    ,      7115.28,06/26/2019,ELEC. INTS. & EQPT. ,OTHERS                                            ,         3,MFI-PIGGERY                   ,PIGGERY-MARCELA POWERPLANT                        ,FAACQ               
0070-0005431900004       ,SCHNEIDER MAGNETIC CONTRACTOR MODEL-LC1-                    ,      7115.28,06/26/2019,ELEC. INTS. & EQPT. ,OTHERS                                            ,         3,MFI-PIGGERY                   ,PIGGERY-MARCELA POWERPLANT                        ,FAACQ               
0070-0005395400001       ,STAR DELTA MOTOR CONTROLLER 20HP                            ,     21150.80,06/29/2019,ELEC. INTS. & EQPT. ,CONTROLLER                                        ,         5,MFI-PIGGERY                   ,PIGGERY-MARCELA POWERPLANT                        ,                    
0070-0005395400002       ,STAR DELTA MOTOR CONTROLLER 20HP                            ,     21150.80,06/29/2019,ELEC. INTS. & EQPT. ,CONTROLLER                                        ,         5,MFI-PIGGERY                   ,PIGGERY-MARCELA POWERPLANT                        ,                    
0070-0003200100022       ,TUNGHU KNAPSACK SPRAYER                                     ,      2416.07,06/28/2019,STR. EQPT.          ,SPRAYER                                           ,         3,MFI-PIGGERY                   ,PIGGERY-MAINTENANCE WAREHOUSE                     ,FAACQ               
0070-0003200100023       ,TUNGHU KNAPSACK SPRAYER                                     ,      2416.07,06/28/2019,STR. EQPT.          ,SPRAYER                                           ,         3,MFI-PIGGERY                   ,PIGGERY-MAINTENANCE WAREHOUSE                     ,FAACQ               
0070-0003200100024       ,TUNGHU KNAPSACK SPRAYER                                     ,      2416.07,06/28/2019,STR. EQPT.          ,SPRAYER                                           ,         3,MFI-PIGGERY                   ,PIGGERY-MAINTENANCE WAREHOUSE                     ,FAACQ               
0070-0003200100025       ,TUNGHU KNAPSACK SPRAYER                                     ,      2416.07,06/28/2019,STR. EQPT.          ,SPRAYER                                           ,         3,MFI-PIGGERY                   ,PIGGERY-MAINTENANCE WAREHOUSE                     ,FAACQ               
0070-0003200100026       ,TUNGHU KNAPSACK SPRAYER                                     ,      2416.07,06/28/2019,STR. EQPT.          ,SPRAYER                                           ,         3,MFI-PIGGERY                   ,PIGGERY-MAINTENANCE WAREHOUSE                     ,FAACQ               
0070-0005395500001       ,PANEL BOARD 460V 3P COMPLETE W/ LUGS                        ,     43074.40,07/08/2019,ELEC. INTS. & EQPT. ,PANEL BOARD                                       ,         5,MFI-PIGGERY                   ,PIGGERY-MARCELA POWERPLANT                        ,FAACQ               
0070-0005498500001       ,COMPUTER SET INTEL CORE I3 8100 CPU L115                    ,     19130.00,07/13/2019,OFF. EQPT.          ,COMPUTER                                          ,         3,MFI-PIGGERY                   ,PIGGERY-MAINTENANCE WAREHOUSE                     ,FAACQ               
0070-0005498500002       ,COMPUTER SET INTEL CORE I3 8100 CPU L115                    ,     19130.00,07/13/2019,OFF. EQPT.          ,COMPUTER                                          ,         3,MFI-PIGGERY                   ,PIGGERY-NURSERY                                   ,FAACQ               
0070-0005498500003       ,COMPUTER SET INTEL CORE I3 8100 CPU L115                    ,     19130.00,07/13/2019,OFF. EQPT.          ,COMPUTER                                          ,         3,MFI-PIGGERY                   ,PIGGERY-GROWING                                   ,FAACQ               
0070-0005498500004       ,COMPUTER SET INTEL CORE I3 8100 CPU L115                    ,     19130.00,07/13/2019,OFF. EQPT.          ,COMPUTER                                          ,         3,MFI-PIGGERY                   ,PIGGERY-FARROWING                                 ,FAACQ               
0070-0005117900001       ,SUPPLY & INST'L OF MEDIUM VOLTAGE SWITCH                    ,    750000.00,07/18/2019,MACH. & EQPT.       ,MACHINE TOOLS                                     ,         5,MFI-PIGGERY                   ,PIGGERY-MARCELA POWERPLANT                        ,FAACQ               
0070-0005338600001       ,DRY TYPE TRANSFORMER 3 PHASE 60HZ 150 KV                    ,    197800.00,07/23/2019,ELEC. INTS. & EQPT. ,TRANSFORMER                                       ,         5,MFI-PIGGERY                   ,PIGGERY-MARCELA POWERPLANT                        ,FAACQ               
0070-0005345300001       ,4 DOOR STAINLESS REACH IN FREZZER                           ,    120000.00,07/25/2019,STR. EQPT.          ,FREEZER                                           ,         5,MFI-PIGGERY                   ,PIGGERY-FIXED ASSET DEPARTMENT                    ,FAACQ               
0070-0004367500001       ,225XL S.SAVER HEATER W/ KIT UNIVERSAL MO                    ,     44795.12,01/27/2019,MACH. & EQPT.       ,HEATER                                            ,         5,MFI-PIGGERY                   ,PIGGERY-NURSERY                                   ,FAACQ               
0070-0004367500002       ,225XL S.SAVER HEATER W/ KIT UNIVERSAL MO                    ,     44795.12,01/27/2019,MACH. & EQPT.       ,HEATER                                            ,         5,MFI-PIGGERY                   ,PIGGERY-NURSERY                                   ,FAACQ               
0070-0004367500003       ,225XL S.SAVER HEATER W/ KIT UNIVERSAL MO                    ,     44795.12,01/27/2019,MACH. & EQPT.       ,HEATER                                            ,         5,MFI-PIGGERY                   ,PIGGERY-NURSERY                                   ,FAACQ               
0070-0004367500004       ,225XL S.SAVER HEATER W/ KIT UNIVERSAL MO                    ,     44795.12,01/27/2019,MACH. & EQPT.       ,HEATER                                            ,         5,MFI-PIGGERY                   ,PIGGERY-NURSERY                                   ,FAACQ               
0070-0005499600001       ,WT-6000 PE TANK                                             ,    140999.75,08/01/2019,MACH. & EQPT.       ,TANK                                              ,         5,MFI-PIGGERY                   ,PIGGERY-MARCELA POWERPLANT                        ,FAACQ               
0070-0003187700001       ,ROBIN GRASS CUTTER                                          ,     15435.00,08/23/2019,MACH. & EQPT.       ,MACHINE TOOLS                                     ,         5,MFI-PIGGERY                   ,PIGGERY-MAINTENANCE WAREHOUSE                     ,FAACQ               
0070-0003187700002       ,ROBIN GRASS CUTTER                                          ,     15435.00,08/23/2019,MACH. & EQPT.       ,MACHINE TOOLS                                     ,         5,MFI-PIGGERY                   ,PIGGERY-MAINTENANCE WAREHOUSE                     ,FAACQ               
0070-0004774300003       ,SALTER HANGING SCALE 5KG X 20G                              ,      5000.00,08/27/2019,STR. EQPT.          ,WEIGHING SCALE                                    ,         3,MFI-PIGGERY                   ,PIGGERY-GILT HOUSE                                ,FAACQ               
0070-0004774300004       ,SALTER HANGING SCALE 5KG X 20G                              ,      5000.00,08/27/2019,STR. EQPT.          ,WEIGHING SCALE                                    ,         3,MFI-PIGGERY                   ,PIGGERY-GILT HOUSE                                ,FAACQ               
0070-0005578500001       ,KENWOOD BASE TK-7108                                        ,     11500.00,08/31/2019,OFF. EQPT.          ,RADIO BASE                                        ,         5,MFI-PIGGERY                   ,PIGGERY-ENGINEERING                               ,FAACQ               
0070-0005578500002       ,KENWOOD BASE TK-7108                                        ,     11500.00,08/31/2019,OFF. EQPT.          ,RADIO BASE                                        ,         5,MFI-PIGGERY                   ,PIGGERY-ENGINEERING                               ,FAACQ               
0070-0005650700001       ,D-LINK 8-PORT GIGABIT UNMANAGED DESKTOP                     ,      1517.86,09/07/2019,OFF. EQPT.          ,NETWORK SWITCH                                    ,         3,MFI-PIGGERY                   ,PIGGERY-MAIN ADMIN                                ,FAACQ               
0070-0005650600001       ,NSM5-UBIQUITI AIRMAX M5 NANOSTATION                         ,      5932.00,09/07/2019,OFF. EQPT.          ,NETWORK SWITCH                                    ,         3,MFI-PIGGERY                   ,PIGGERY-MAIN ADMIN                                ,FAACQ               
0070-0005650600002       ,NSM5-UBIQUITI AIRMAX M5 NANOSTATION                         ,      5932.00,09/07/2019,OFF. EQPT.          ,NETWORK SWITCH                                    ,         3,MFI-PIGGERY                   ,PIGGERY-MAIN ADMIN                                ,FAACQ               
0070-0005650600003       ,NSM5-UBIQUITI AIRMAX M5 NANOSTATION                         ,      5932.00,09/07/2019,OFF. EQPT.          ,NETWORK SWITCH                                    ,         3,MFI-PIGGERY                   ,PIGGERY-MAIN ADMIN                                ,FAACQ               
0070-0005650600004       ,NSM5-UBIQUITI AIRMAX M5 NANOSTATION                         ,      5932.00,09/07/2019,OFF. EQPT.          ,NETWORK SWITCH                                    ,         3,MFI-PIGGERY                   ,PIGGERY-MAIN ADMIN                                ,FAACQ               
0070-0003730400001       ,CARRIER AIRCON 1.0 HP                                       ,     14375.00,09/07/2019,MACH. & EQPT.       ,AIRCON                                            ,         5,MFI-PIGGERY                   ,PIGGERY-ENGINEERING                               ,FAACQ               
0070-0005621400001       ,DIRECT-ON LINE MOTOR STARTER 10HP 230VOL                    ,      4710.40,09/01/2019,ELEC. INTS. & EQPT. ,ELECTRICAL PARTS                                  ,         3,MFI-PIGGERY                   ,PIGGERY-MARCELA POWERPLANT                        ,FAACQ               
0070-0005621400002       ,DIRECT-ON LINE MOTOR STARTER 10HP 230VOL                    ,      4710.40,09/01/2019,ELEC. INTS. & EQPT. ,ELECTRICAL PARTS                                  ,         3,MFI-PIGGERY                   ,PIGGERY-MARCELA POWERPLANT                        ,FAACQ               
0070-0005621400003       ,DIRECT-ON LINE MOTOR STARTER 10HP 230VOL                    ,      4710.40,09/01/2019,ELEC. INTS. & EQPT. ,ELECTRICAL PARTS                                  ,         3,MFI-PIGGERY                   ,PIGGERY-MARCELA POWERPLANT                        ,FAACQ               
0070-0005621400004       ,DIRECT-ON LINE MOTOR STARTER 10HP 230VOL                    ,      4710.40,09/01/2019,ELEC. INTS. & EQPT. ,ELECTRICAL PARTS                                  ,         3,MFI-PIGGERY                   ,PIGGERY-MARCELA POWERPLANT                        ,FAACQ               
0070-0005640400001       ,"MTS PANEL,200AF,3 POLE,35 KAIC,440 VOLTS                    ",     21826.08,09/14/2019,ELEC. INTS. & EQPT. ,CIRCUIT BREAKER                                   ,         3,MFI-PIGGERY                   ,PIGGERY-MARCELA POWERPLANT                        ,FAACQ               
0070-0005678700001       ,SCREENDOOR HALF-SCREEN79CMX209CM IN ANAL                    ,      3488.27,09/14/2019,BLDG.               ,BUILDING                                          ,        20,MFI-PIGGERY                   ,PIGGERY-MAINTENANCE WAREHOUSE                     ,FAACQ               
0070-0005718900001       ,DELL NBK INSP 5570 I58250U BK                               ,     34366.07,09/14/2019,OFF. EQPT.          ,LAPTOP                                            ,         3,MFI-PIGGERY                   ,PIGGERY-MAIN ADMIN                                ,FAACQ               
0070-0003198800001       ,CARRIER AIRCON 2.0 HP WINDOW TYPE                           ,     20500.00,09/14/2019,MACH. & EQPT.       ,AIRCON                                            ,         5,MFI-PIGGERY                   ,PIGGERY-ENGINEERING                               ,FAACQ               
0070-0003198800002       ,CARRIER AIRCON 2.0 HP WINDOW TYPE                           ,     20500.00,09/14/2019,MACH. & EQPT.       ,AIRCON                                            ,         5,MFI-PIGGERY                   ,PIGGERY-ENGINEERING                               ,FAACQ               
0070-0005684600001       ,CARRIER A/C WCARZ010EC 1 HP .12-HR                          ,     16517.86,09/14/2019,MACH. & EQPT.       ,AIRCON                                            ,         5,MFI-PIGGERY                   ,PIGGERY-MAIN ADMIN                                ,FAACQ               
0070-0005684600002       ,CARRIER A/C WCARZ010EC 1 HP .12-HR                          ,     16517.86,09/14/2019,MACH. & EQPT.       ,AIRCON                                            ,         5,MFI-PIGGERY                   ,PIGGERY-MAIN ADMIN                                ,FAACQ               
0070-0005676900001       ,BLACK & DECKER DRILL                                        ,      2856.25,09/14/2019,TOOLS               ,DRILL                                             ,         5,MFI-PIGGERY                   ,PIGGERY-MAINTENANCE WAREHOUSE                     ,FAACQ               
0070-0005663500001       ,ALPHA VIZZ HEATER                                           ,      8928.57,09/16/2019,STR. EQPT.          ,HEATER                                            ,         5,MFI-PIGGERY                   ,PIGGERY-MAINTENANCE WAREHOUSE                     ,FAACQ               
0070-0005663500002       ,ALPHA VIZZ HEATER                                           ,      8928.57,09/16/2019,STR. EQPT.          ,HEATER                                            ,         5,MFI-PIGGERY                   ,PIGGERY-MAINTENANCE WAREHOUSE                     ,FAACQ               
0070-0005663500003       ,ALPHA VIZZ HEATER                                           ,      8928.57,09/16/2019,STR. EQPT.          ,HEATER                                            ,         5,MFI-PIGGERY                   ,PIGGERY-MAINTENANCE WAREHOUSE                     ,FAACQ               
0070-0005663500004       ,ALPHA VIZZ HEATER                                           ,      8928.57,09/16/2019,STR. EQPT.          ,HEATER                                            ,         5,MFI-PIGGERY                   ,PIGGERY-MAINTENANCE WAREHOUSE                     ,FAACQ               
0070-0005663500005       ,ALPHA VIZZ HEATER                                           ,      8928.57,09/16/2019,STR. EQPT.          ,HEATER                                            ,         5,MFI-PIGGERY                   ,PIGGERY-MAINTENANCE WAREHOUSE                     ,FAACQ               
0070-0005663500006       ,ALPHA VIZZ HEATER                                           ,      8928.57,09/16/2019,STR. EQPT.          ,HEATER                                            ,         5,MFI-PIGGERY                   ,PIGGERY-MAINTENANCE WAREHOUSE                     ,FAACQ               
0070-0005663500007       ,ALPHA VIZZ HEATER                                           ,      8928.57,09/16/2019,STR. EQPT.          ,HEATER                                            ,         5,MFI-PIGGERY                   ,PIGGERY-MAINTENANCE WAREHOUSE                     ,FAACQ               
0070-0005663500008       ,ALPHA VIZZ HEATER                                           ,      8928.57,09/16/2019,STR. EQPT.          ,HEATER                                            ,         5,MFI-PIGGERY                   ,PIGGERY-MAINTENANCE WAREHOUSE                     ,FAACQ               
0070-0005663500009       ,ALPHA VIZZ HEATER                                           ,      8928.57,09/16/2019,STR. EQPT.          ,HEATER                                            ,         5,MFI-PIGGERY                   ,PIGGERY-MAINTENANCE WAREHOUSE                     ,FAACQ               
0070-0005663500010       ,ALPHA VIZZ HEATER                                           ,      8928.57,09/16/2019,STR. EQPT.          ,HEATER                                            ,         5,MFI-PIGGERY                   ,PIGGERY-MAINTENANCE WAREHOUSE                     ,FAACQ               
0070-0005663500011       ,ALPHA VIZZ HEATER                                           ,      8928.57,09/16/2019,STR. EQPT.          ,HEATER                                            ,         5,MFI-PIGGERY                   ,PIGGERY-MAINTENANCE WAREHOUSE                     ,FAACQ               
0070-0005663500012       ,ALPHA VIZZ HEATER                                           ,      8928.57,09/16/2019,STR. EQPT.          ,HEATER                                            ,         5,MFI-PIGGERY                   ,PIGGERY-MAINTENANCE WAREHOUSE                     ,FAACQ               
0070-0005663500013       ,ALPHA VIZZ HEATER                                           ,      8928.57,09/16/2019,STR. EQPT.          ,HEATER                                            ,         5,MFI-PIGGERY                   ,PIGGERY-MAINTENANCE WAREHOUSE                     ,FAACQ               
0070-0001929600001       ,DEWALT ANGLE GRINDER DW810 600W 4INCH                       ,      3213.39,09/16/2019,STR. EQPT.          ,GRINDER                                           ,        10,MFI-PIGGERY                   ,PIGGERY-MAINTENANCE WAREHOUSE                     ,FAACQ               
0070-0005732500001       ,"LOTUS DRILL MODEL LTHD-18V, LI-2                            ",      8034.82,09/16/2019,TOOLS               ,DRILL                                             ,         5,MFI-PIGGERY                   ,PIGGERY-MAINTENANCE WAREHOUSE                     ,FAACQ               
0070-0005622600001       ,PANA A/C CS/CU PC36JKQ WM 4HP                               ,     72319.64,09/16/2019,MACH. & EQPT.       ,AIRCON                                            ,         5,MFI-PIGGERY                   ,PIGGERY-MAINTENANCE WAREHOUSE                     ,FAACQ               
0070-0005622800001       ,CARRIER A/C FP 53/ASBFM360 3TR                              ,     57142.86,09/16/2019,MACH. & EQPT.       ,AIRCON                                            ,         5,MFI-PIGGERY                   ,PIGGERY-MAINTENANCE WAREHOUSE                     ,FAACQ               
0070-0000003300034       ,PRESSURE WASHER 1.5HP KAWASAKI                              ,      6188.00,09/12/2019,MACH. & EQPT.       ,PRESSURE WASHER                                   ,         2,MFI-PIGGERY                   ,PIGGERY-ENGINEERING                               ,FAACQ               
0070-0000003300035       ,PRESSURE WASHER 1.5HP KAWASAKI                              ,      6000.00,10/01/2019,MACH. & EQPT.       ,PRESSURE WASHER                                   ,         2,MFI-PIGGERY                   ,PIGGERY-ENGINEERING                               ,FAACQ               
0070-0002846500001       ,4 JAY ANTENNA                                               ,      2800.00,09/30/2019,STR. EQPT.          ,OTHERS                                            ,         3,MFI-PIGGERY                   ,PIGGERY-ENGINEERING                               ,FAACQ               
0070-0002846500002       ,4 JAY ANTENNA                                               ,      2800.00,09/30/2019,STR. EQPT.          ,OTHERS                                            ,         3,MFI-PIGGERY                   ,PIGGERY-ENGINEERING                               ,FAACQ               
0070-0005560500001       ,DEWALT COMPACT DRILL                                        ,     16500.00,10/03/2019,TOOLS               ,DRILL                                             ,         5,MFI-PIGGERY                   ,PIGGERY-MARCELA POWERPLANT                        ,FAACQ               
0070-0005662600001       ,FLOOR & WALL MOUNTED SPLIT TYPE AIRCONDI                    ,     27800.00,10/09/2019,MACH. & EQPT.       ,AIRCON-SPLIT-TYPE                                 ,         5,MFI-PIGGERY                   ,PIGGERY-MARCELA POWERPLANT                        ,FAACQ               
0070-0001943600003       ,LONGTECH THREE LOBES ROOTS BLOWER                           ,    167953.08,10/09/2019,MACH. & EQPT.       ,OTHERS                                            ,         3,MFI-PIGGERY                   ,PIGGERY-MARCELA POWERPLANT                        ,FAACQ               
0070-0005684600003       ,CARRIER A/C WCARZ010EC 1 HP .12-HR                          ,     18500.00,10/18/2019,MACH. & EQPT.       ,AIRCON                                            ,         5,MFI-PIGGERY                   ,PIGGERY-MAIN ADMIN                                ,FAACQ               
0070-0005719000001       ,ALUMINUM LADDER 6 FT.                                       ,      1600.00,10/18/2019,FUR. & FIXT.        ,LADDER-ALUMINUM                                   ,         3,MFI-PIGGERY                   ,PIGGERY-MAINTENANCE WAREHOUSE                     ,FAACQ               
0070-0005719000002       ,ALUMINUM LADDER 6 FT.                                       ,      1600.00,10/18/2019,FUR. & FIXT.        ,LADDER-ALUMINUM                                   ,         3,MFI-PIGGERY                   ,PIGGERY-MAINTENANCE WAREHOUSE                     ,FAACQ               
0070-0005719000003       ,ALUMINUM LADDER 6 FT.                                       ,      1600.00,10/18/2019,FUR. & FIXT.        ,LADDER-ALUMINUM                                   ,         3,MFI-PIGGERY                   ,PIGGERY-MAINTENANCE WAREHOUSE                     ,FAACQ               
0070-0005719000004       ,ALUMINUM LADDER 6 FT.                                       ,      1600.00,10/18/2019,FUR. & FIXT.        ,LADDER-ALUMINUM                                   ,         3,MFI-PIGGERY                   ,PIGGERY-MAINTENANCE WAREHOUSE                     ,FAACQ               
0070-0005663500014       ,ALPHA VIZZ HEATER                                           ,      8928.57,10/19/2019,STR. EQPT.          ,HEATER                                            ,         5,MFI-PIGGERY                   ,PIGGERY-MAINTENANCE WAREHOUSE                     ,FAACQ               
0070-0005663500015       ,ALPHA VIZZ HEATER                                           ,      8928.57,10/19/2019,STR. EQPT.          ,HEATER                                            ,         5,MFI-PIGGERY                   ,PIGGERY-MAINTENANCE WAREHOUSE                     ,FAACQ               
0070-0005663500016       ,ALPHA VIZZ HEATER                                           ,      8928.57,10/19/2019,STR. EQPT.          ,HEATER                                            ,         5,MFI-PIGGERY                   ,PIGGERY-MAINTENANCE WAREHOUSE                     ,FAACQ               
0070-0005663500017       ,ALPHA VIZZ HEATER                                           ,      8928.57,10/19/2019,STR. EQPT.          ,HEATER                                            ,         5,MFI-PIGGERY                   ,PIGGERY-MAINTENANCE WAREHOUSE                     ,FAACQ               
0070-0005663500018       ,ALPHA VIZZ HEATER                                           ,      8928.57,10/19/2019,STR. EQPT.          ,HEATER                                            ,         5,MFI-PIGGERY                   ,PIGGERY-MAINTENANCE WAREHOUSE                     ,FAACQ               
0070-0005663500019       ,ALPHA VIZZ HEATER                                           ,      8928.57,10/19/2019,STR. EQPT.          ,HEATER                                            ,         5,MFI-PIGGERY                   ,PIGGERY-MAINTENANCE WAREHOUSE                     ,FAACQ               
0070-0005663500020       ,ALPHA VIZZ HEATER                                           ,      8928.57,10/19/2019,STR. EQPT.          ,HEATER                                            ,         5,MFI-PIGGERY                   ,PIGGERY-MAINTENANCE WAREHOUSE                     ,FAACQ               
0070-0005030100003       ,EBARA SUBMERSIBLE PUMP MODEL-DML 67.5                       ,     82000.00,10/19/2019,MACH. & EQPT.       ,PUMP                                              ,         5,MFI-PIGGERY                   ,PIGGERY-MARCELA POWERPLANT                        ,FAACQ               
0070-0005030100004       ,EBARA SUBMERSIBLE PUMP MODEL-DML 67.5                       ,     82000.00,10/19/2019,MACH. & EQPT.       ,PUMP                                              ,         5,MFI-PIGGERY                   ,PIGGERY-MARCELA POWERPLANT                        ,FAACQ               
0070-0005458600001       ,KARCHER CLASSIC HIGH-PRESSURE CLEANERS H                    ,     56893.12,10/26/2019,MACH. & EQPT.       ,CLEANING DEVICE                                   ,         3,GROWOUT-LOMANGOG              ,GROWOUT LOMANGOG ADMIN                            ,FA_TRAN             
0070-0005458600002       ,KARCHER CLASSIC HIGH-PRESSURE CLEANERS H                    ,     56893.12,10/26/2019,MACH. & EQPT.       ,CLEANING DEVICE                                   ,         3,GROWOUT-LOMANGOG              ,GROWOUT LOMANGOG ADMIN                            ,FA_TRAN             
0070-0005458600003       ,KARCHER CLASSIC HIGH-PRESSURE CLEANERS H                    ,     56893.12,10/26/2019,MACH. & EQPT.       ,CLEANING DEVICE                                   ,         3,MFI-PIGGERY                   ,PIGGERY-MAINTENANCE WAREHOUSE                     ,FAACQ               
0070-0005458600004       ,KARCHER CLASSIC HIGH-PRESSURE CLEANERS H                    ,     56893.12,10/26/2019,MACH. & EQPT.       ,CLEANING DEVICE                                   ,         3,MFI-PIGGERY                   ,PIGGERY-MAINTENANCE WAREHOUSE                     ,FAACQ               
0070-0005458600005       ,KARCHER CLASSIC HIGH-PRESSURE CLEANERS H                    ,     56893.12,10/26/2019,MACH. & EQPT.       ,CLEANING DEVICE                                   ,         3,MFI-PIGGERY                   ,PIGGERY-MAINTENANCE WAREHOUSE                     ,FAACQ               
0070-0005458600006       ,KARCHER CLASSIC HIGH-PRESSURE CLEANERS H                    ,     56893.12,10/26/2019,MACH. & EQPT.       ,CLEANING DEVICE                                   ,         3,MFI-PIGGERY                   ,PIGGERY-MAINTENANCE WAREHOUSE                     ,FAACQ               
0070-0005458600007       ,KARCHER CLASSIC HIGH-PRESSURE CLEANERS H                    ,     56893.12,10/26/2019,MACH. & EQPT.       ,CLEANING DEVICE                                   ,         3,MFI-PIGGERY                   ,PIGGERY-MAINTENANCE WAREHOUSE                     ,FAACQ               
0070-0005650600005       ,NSM5-UBIQUITI AIRMAX M5 NANOSTATION                         ,      5932.00,10/31/2019,OFF. EQPT.          ,NETWORK SWITCH                                    ,         3,MFI-PIGGERY                   ,PIGGERY-GROWING                                   ,FAACQ               
0070-0005650600006       ,NSM5-UBIQUITI AIRMAX M5 NANOSTATION                         ,      5932.00,10/31/2019,OFF. EQPT.          ,NETWORK SWITCH                                    ,         3,MFI-PIGGERY                   ,PIGGERY-GROWING                                   ,FAACQ               
0070-0005650700002       ,D-LINK 8-PORT GIGABIT UNMANAGED DESKTOP                     ,      1700.00,10/28/2019,OFF. EQPT.          ,NETWORK SWITCH                                    ,         3,MFI-PIGGERY                   ,PIGGERY-GROWING                                   ,FAACQ               
0070-0004528500001       ,SHLX 12/1 1000DC COMBINER BOX WITH DODIE                    ,     11559.94,03/31/2019,STR. EQPT.          ,OTHERS                                            ,         3,MFI-PIGGERY                   ,PIGGERY-ENGINEERING                               ,FAACQ               
0070-0004528500002       ,SHLX 12/1 1000DC COMBINER BOX WITH DODIE                    ,     11559.94,03/31/2019,STR. EQPT.          ,OTHERS                                            ,         3,MFI-PIGGERY                   ,PIGGERY-ENGINEERING                               ,FAACQ               
0070-0004528500003       ,SHLX 12/1 1000DC COMBINER BOX WITH DODIE                    ,     11559.94,03/31/2019,STR. EQPT.          ,OTHERS                                            ,         3,MFI-PIGGERY                   ,PIGGERY-ENGINEERING                               ,FAACQ               
0070-0004528500004       ,SHLX 12/1 1000DC COMBINER BOX WITH DODIE                    ,     11559.94,03/31/2019,STR. EQPT.          ,OTHERS                                            ,         3,MFI-PIGGERY                   ,PIGGERY-ENGINEERING                               ,FAACQ               
0070-0004528500005       ,SHLX 12/1 1000DC COMBINER BOX WITH DODIE                    ,     11559.94,03/31/2019,STR. EQPT.          ,OTHERS                                            ,         3,MFI-PIGGERY                   ,PIGGERY-ENGINEERING                               ,FAACQ               
0070-0004528500006       ,SHLX 12/1 1000DC COMBINER BOX WITH DODIE                    ,     11559.94,03/31/2019,STR. EQPT.          ,OTHERS                                            ,         3,MFI-PIGGERY                   ,PIGGERY-ENGINEERING                               ,FAACQ               
0070-0004528500007       ,SHLX 12/1 1000DC COMBINER BOX WITH DODIE                    ,     11559.94,03/31/2019,STR. EQPT.          ,OTHERS                                            ,         3,MFI-PIGGERY                   ,PIGGERY-ENGINEERING                               ,FAACQ               
0070-0004528500008       ,SHLX 12/1 1000DC COMBINER BOX WITH DODIE                    ,     11559.94,03/31/2019,STR. EQPT.          ,OTHERS                                            ,         3,MFI-PIGGERY                   ,PIGGERY-ENGINEERING                               ,FAACQ               
0070-0004528500009       ,SHLX 12/1 1000DC COMBINER BOX WITH DODIE                    ,     11559.94,03/31/2019,STR. EQPT.          ,OTHERS                                            ,         3,MFI-PIGGERY                   ,PIGGERY-ENGINEERING                               ,FAACQ               
0070-0004528500010       ,SHLX 12/1 1000DC COMBINER BOX WITH DODIE                    ,     11559.94,03/31/2019,STR. EQPT.          ,OTHERS                                            ,         3,MFI-PIGGERY                   ,PIGGERY-ENGINEERING                               ,FAACQ               
0070-0004528500011       ,SHLX 12/1 1000DC COMBINER BOX WITH DODIE                    ,     11559.94,03/31/2019,STR. EQPT.          ,OTHERS                                            ,         3,MFI-PIGGERY                   ,PIGGERY-ENGINEERING                               ,FAACQ               
0070-0004528500012       ,SHLX 12/1 1000DC COMBINER BOX WITH DODIE                    ,     11559.94,03/31/2019,STR. EQPT.          ,OTHERS                                            ,         3,MFI-PIGGERY                   ,PIGGERY-ENGINEERING                               ,FAACQ               
0070-0004528500013       ,SHLX 12/1 1000DC COMBINER BOX WITH DODIE                    ,     11559.94,03/31/2019,STR. EQPT.          ,OTHERS                                            ,         3,MFI-PIGGERY                   ,PIGGERY-ENGINEERING                               ,FAACQ               
0070-0004528500014       ,SHLX 12/1 1000DC COMBINER BOX WITH DODIE                    ,     11559.94,03/31/2019,STR. EQPT.          ,OTHERS                                            ,         3,MFI-PIGGERY                   ,PIGGERY-ENGINEERING                               ,FAACQ               
0070-0004528500015       ,SHLX 12/1 1000DC COMBINER BOX WITH DODIE                    ,     11559.94,03/31/2019,STR. EQPT.          ,OTHERS                                            ,         3,MFI-PIGGERY                   ,PIGGERY-ENGINEERING                               ,FAACQ               
0070-0004528500016       ,SHLX 12/1 1000DC COMBINER BOX WITH DODIE                    ,     11559.94,03/31/2019,STR. EQPT.          ,OTHERS                                            ,         3,MFI-PIGGERY                   ,PIGGERY-ENGINEERING                               ,FAACQ               
0070-0004528500017       ,SHLX 12/1 1000DC COMBINER BOX WITH DODIE                    ,     11559.94,03/31/2019,STR. EQPT.          ,OTHERS                                            ,         3,MFI-PIGGERY                   ,PIGGERY-ENGINEERING                               ,FAACQ               
0070-0004528500018       ,SHLX 12/1 1000DC COMBINER BOX WITH DODIE                    ,     11559.94,03/31/2019,STR. EQPT.          ,OTHERS                                            ,         3,MFI-PIGGERY                   ,PIGGERY-ENGINEERING                               ,FAACQ               
0070-0004528500019       ,SHLX 12/1 1000DC COMBINER BOX WITH DODIE                    ,     11559.94,03/31/2019,STR. EQPT.          ,OTHERS                                            ,         3,MFI-PIGGERY                   ,PIGGERY-ENGINEERING                               ,FAACQ               
0070-0004528500020       ,SHLX 12/1 1000DC COMBINER BOX WITH DODIE                    ,     11559.94,03/31/2019,STR. EQPT.          ,OTHERS                                            ,         3,MFI-PIGGERY                   ,PIGGERY-ENGINEERING                               ,FAACQ               
0070-0004528500021       ,SHLX 12/1 1000DC COMBINER BOX WITH DODIE                    ,     11559.94,03/31/2019,STR. EQPT.          ,OTHERS                                            ,         3,MFI-PIGGERY                   ,PIGGERY-ENGINEERING                               ,FAACQ               
0070-0004528500022       ,SHLX 12/1 1000DC COMBINER BOX WITH DODIE                    ,     11559.94,03/31/2019,STR. EQPT.          ,OTHERS                                            ,         3,MFI-PIGGERY                   ,PIGGERY-ENGINEERING                               ,FAACQ               
0070-0004528500023       ,SHLX 12/1 1000DC COMBINER BOX WITH DODIE                    ,     11559.94,03/31/2019,STR. EQPT.          ,OTHERS                                            ,         3,MFI-PIGGERY                   ,PIGGERY-ENGINEERING                               ,FAACQ               
0070-0004528500024       ,SHLX 12/1 1000DC COMBINER BOX WITH DODIE                    ,     11559.94,03/31/2019,STR. EQPT.          ,OTHERS                                            ,         3,MFI-PIGGERY                   ,PIGGERY-ENGINEERING                               ,FAACQ               
0070-0004528500025       ,SHLX 12/1 1000DC COMBINER BOX WITH DODIE                    ,     11559.94,03/31/2019,STR. EQPT.          ,OTHERS                                            ,         3,MFI-PIGGERY                   ,PIGGERY-ENGINEERING                               ,FAACQ               
0070-0004528500026       ,SHLX 12/1 1000DC COMBINER BOX WITH DODIE                    ,     11559.94,03/31/2019,STR. EQPT.          ,OTHERS                                            ,         3,MFI-PIGGERY                   ,PIGGERY-ENGINEERING                               ,FAACQ               
0070-0004528500027       ,SHLX 12/1 1000DC COMBINER BOX WITH DODIE                    ,     11559.94,03/31/2019,STR. EQPT.          ,OTHERS                                            ,         3,MFI-PIGGERY                   ,PIGGERY-ENGINEERING                               ,FAACQ               
0070-0004528500028       ,SHLX 12/1 1000DC COMBINER BOX WITH DODIE                    ,     11559.94,03/31/2019,STR. EQPT.          ,OTHERS                                            ,         3,MFI-PIGGERY                   ,PIGGERY-ENGINEERING                               ,FAACQ               
0070-0004528500029       ,SHLX 12/1 1000DC COMBINER BOX WITH DODIE                    ,     11559.94,03/31/2019,STR. EQPT.          ,OTHERS                                            ,         3,MFI-PIGGERY                   ,PIGGERY-ENGINEERING                               ,FAACQ               
0070-0004528500030       ,SHLX 12/1 1000DC COMBINER BOX WITH DODIE                    ,     11559.94,03/31/2019,STR. EQPT.          ,OTHERS                                            ,         3,MFI-PIGGERY                   ,PIGGERY-ENGINEERING                               ,FAACQ               
0070-0004528500031       ,SHLX 12/1 1000DC COMBINER BOX WITH DODIE                    ,     11559.94,03/31/2019,STR. EQPT.          ,OTHERS                                            ,         3,MFI-PIGGERY                   ,PIGGERY-ENGINEERING                               ,FAACQ               
0070-0004528500032       ,SHLX 12/1 1000DC COMBINER BOX WITH DODIE                    ,     11559.94,03/31/2019,STR. EQPT.          ,OTHERS                                            ,         3,MFI-PIGGERY                   ,PIGGERY-ENGINEERING                               ,FAACQ               
0070-0004528500033       ,SHLX 12/1 1000DC COMBINER BOX WITH DODIE                    ,     11559.94,03/31/2019,STR. EQPT.          ,OTHERS                                            ,         3,MFI-PIGGERY                   ,PIGGERY-ENGINEERING                               ,FAACQ               
0070-0004528500034       ,SHLX 12/1 1000DC COMBINER BOX WITH DODIE                    ,     11559.94,03/31/2019,STR. EQPT.          ,OTHERS                                            ,         3,MFI-PIGGERY                   ,PIGGERY-ENGINEERING                               ,FAACQ               
0070-0004528500035       ,SHLX 12/1 1000DC COMBINER BOX WITH DODIE                    ,     11559.94,03/31/2019,STR. EQPT.          ,OTHERS                                            ,         3,MFI-PIGGERY                   ,PIGGERY-ENGINEERING                               ,FAACQ               
0070-0004528500036       ,SHLX 12/1 1000DC COMBINER BOX WITH DODIE                    ,     11559.94,03/31/2019,STR. EQPT.          ,OTHERS                                            ,         3,MFI-PIGGERY                   ,PIGGERY-ENGINEERING                               ,FAACQ               
0070-0004528500037       ,SHLX 12/1 1000DC COMBINER BOX WITH DODIE                    ,     11559.94,03/31/2019,STR. EQPT.          ,OTHERS                                            ,         3,MFI-PIGGERY                   ,PIGGERY-ENGINEERING                               ,FAACQ               
0070-0004528500038       ,SHLX 12/1 1000DC COMBINER BOX WITH DODIE                    ,     11559.94,03/31/2019,STR. EQPT.          ,OTHERS                                            ,         3,MFI-PIGGERY                   ,PIGGERY-ENGINEERING                               ,FAACQ               
0070-0004528500039       ,SHLX 12/1 1000DC COMBINER BOX WITH DODIE                    ,     11559.94,03/31/2019,STR. EQPT.          ,OTHERS                                            ,         3,MFI-PIGGERY                   ,PIGGERY-ENGINEERING                               ,FAACQ               
0070-0004528500040       ,SHLX 12/1 1000DC COMBINER BOX WITH DODIE                    ,     11559.94,03/31/2019,STR. EQPT.          ,OTHERS                                            ,         3,MFI-PIGGERY                   ,PIGGERY-ENGINEERING                               ,FAACQ               
0070-0004528500041       ,SHLX 12/1 1000DC COMBINER BOX WITH DODIE                    ,     11559.94,03/31/2019,STR. EQPT.          ,OTHERS                                            ,         3,MFI-PIGGERY                   ,PIGGERY-ENGINEERING                               ,FAACQ               
0070-0004528500042       ,SHLX 12/1 1000DC COMBINER BOX WITH DODIE                    ,     11559.94,03/31/2019,STR. EQPT.          ,OTHERS                                            ,         3,MFI-PIGGERY                   ,PIGGERY-ENGINEERING                               ,FAACQ               
0070-0004528500043       ,SHLX 12/1 1000DC COMBINER BOX WITH DODIE                    ,     11559.94,03/31/2019,STR. EQPT.          ,OTHERS                                            ,         3,MFI-PIGGERY                   ,PIGGERY-ENGINEERING                               ,FAACQ               
0070-0004528500044       ,SHLX 12/1 1000DC COMBINER BOX WITH DODIE                    ,     11559.94,03/31/2019,STR. EQPT.          ,OTHERS                                            ,         3,MFI-PIGGERY                   ,PIGGERY-ENGINEERING                               ,FAACQ               
0070-0004528500045       ,SHLX 12/1 1000DC COMBINER BOX WITH DODIE                    ,     11559.94,03/31/2019,STR. EQPT.          ,OTHERS                                            ,         3,MFI-PIGGERY                   ,PIGGERY-ENGINEERING                               ,FAACQ               
0070-0004528500046       ,SHLX 12/1 1000DC COMBINER BOX WITH DODIE                    ,     11559.94,03/31/2019,STR. EQPT.          ,OTHERS                                            ,         3,MFI-PIGGERY                   ,PIGGERY-ENGINEERING                               ,FAACQ               
0070-0004528500047       ,SHLX 12/1 1000DC COMBINER BOX WITH DODIE                    ,     11559.94,03/31/2019,STR. EQPT.          ,OTHERS                                            ,         3,MFI-PIGGERY                   ,PIGGERY-ENGINEERING                               ,FAACQ               
0070-0004528500048       ,SHLX 12/1 1000DC COMBINER BOX WITH DODIE                    ,     11559.94,03/31/2019,STR. EQPT.          ,OTHERS                                            ,         3,MFI-PIGGERY                   ,PIGGERY-ENGINEERING                               ,FAACQ               
0070-0004528500049       ,SHLX 12/1 1000DC COMBINER BOX WITH DODIE                    ,     11559.94,03/31/2019,STR. EQPT.          ,OTHERS                                            ,         3,MFI-PIGGERY                   ,PIGGERY-ENGINEERING                               ,FAACQ               
0070-0004528500050       ,SHLX 12/1 1000DC COMBINER BOX WITH DODIE                    ,     11559.94,03/31/2019,STR. EQPT.          ,OTHERS                                            ,         3,MFI-PIGGERY                   ,PIGGERY-ENGINEERING                               ,FAACQ               
0070-0004528500051       ,SHLX 12/1 1000DC COMBINER BOX WITH DODIE                    ,     11559.94,03/31/2019,STR. EQPT.          ,OTHERS                                            ,         3,MFI-PIGGERY                   ,PIGGERY-ENGINEERING                               ,FAACQ               
0070-0004528500052       ,SHLX 12/1 1000DC COMBINER BOX WITH DODIE                    ,     11559.94,03/31/2019,STR. EQPT.          ,OTHERS                                            ,         3,MFI-PIGGERY                   ,PIGGERY-ENGINEERING                               ,FAACQ               
0070-0004528500053       ,SHLX 12/1 1000DC COMBINER BOX WITH DODIE                    ,     11559.94,03/31/2019,STR. EQPT.          ,OTHERS                                            ,         3,MFI-PIGGERY                   ,PIGGERY-ENGINEERING                               ,FAACQ               
0070-0004528500054       ,SHLX 12/1 1000DC COMBINER BOX WITH DODIE                    ,     11559.94,03/31/2019,STR. EQPT.          ,OTHERS                                            ,         3,MFI-PIGGERY                   ,PIGGERY-ENGINEERING                               ,FAACQ               
0070-0004528500055       ,SHLX 12/1 1000DC COMBINER BOX WITH DODIE                    ,     11559.94,03/31/2019,STR. EQPT.          ,OTHERS                                            ,         3,MFI-PIGGERY                   ,PIGGERY-ENGINEERING                               ,FAACQ               
0070-0004528500056       ,SHLX 12/1 1000DC COMBINER BOX WITH DODIE                    ,     11559.94,03/31/2019,STR. EQPT.          ,OTHERS                                            ,         3,MFI-PIGGERY                   ,PIGGERY-ENGINEERING                               ,FAACQ               
0070-0004528500057       ,SHLX 12/1 1000DC COMBINER BOX WITH DODIE                    ,     11559.94,03/31/2019,STR. EQPT.          ,OTHERS                                            ,         3,MFI-PIGGERY                   ,PIGGERY-ENGINEERING                               ,FAACQ               
0070-0004528500058       ,SHLX 12/1 1000DC COMBINER BOX WITH DODIE                    ,     11559.94,03/31/2019,STR. EQPT.          ,OTHERS                                            ,         3,MFI-PIGGERY                   ,PIGGERY-ENGINEERING                               ,FAACQ               
0070-0004528500059       ,SHLX 12/1 1000DC COMBINER BOX WITH DODIE                    ,     11559.94,03/31/2019,STR. EQPT.          ,OTHERS                                            ,         3,MFI-PIGGERY                   ,PIGGERY-ENGINEERING                               ,FAACQ               
0070-0004528500060       ,SHLX 12/1 1000DC COMBINER BOX WITH DODIE                    ,     11559.94,03/31/2019,STR. EQPT.          ,OTHERS                                            ,         3,MFI-PIGGERY                   ,PIGGERY-ENGINEERING                               ,FAACQ               
0070-0004535200002       ,LEVER BLOCK CHAIN HOIST 1.5 TON CAPACITY                    ,     13600.00,11/07/2019,STR. EQPT.          ,OTHERS                                            ,         3,MFI-PIGGERY                   ,PIGGERY-MARCELA POWERPLANT                        ,FAACQ               
0026-0004230500003       ,AOC MONITOR 18.5""                                           ,      3350.00,10/28/2019,STR. EQPT.          ,MONITOR                                           ,         3,MFI-PIGGERY                   ,PIGGERY-BREEDING                                  ,FAACQ               
0026-0005917600001       ,CPU SET INTEL CORE I3-8100 L115                             ,     15610.00,10/28/2019,STR. EQPT.          ,CPU                                               ,         3,MFI-PIGGERY                   ,PIGGERY-BREEDING                                  ,FAACQ               
0070-0005719200066       ,DISTRIBUTION BOX MODEL:YC-XSA-4 WAYS                        ,         0.00,  /  /    ,                    ,                                                  ,         0,                              ,                                                  ,                    
0070-0004246800005       ,KAWASAKI POWER SPRAYER .5HP                                 ,      5900.00,11/19/2019,MACH. & EQPT.       ,POWER SPRAYER                                     ,         3,MFI-PIGGERY                   ,PIGGERY-MAINTENANCE WAREHOUSE                     ,FAACQ               
0070-0004246800006       ,KAWASAKI POWER SPRAYER .5HP                                 ,      5900.00,11/19/2019,MACH. & EQPT.       ,POWER SPRAYER                                     ,         3,MFI-PIGGERY                   ,PIGGERY-MAINTENANCE WAREHOUSE                     ,FAACQ               
0070-0004246800007       ,KAWASAKI POWER SPRAYER .5HP                                 ,      5900.00,11/19/2019,MACH. & EQPT.       ,POWER SPRAYER                                     ,         3,MFI-PIGGERY                   ,PIGGERY-MAINTENANCE WAREHOUSE                     ,FAACQ               
0070-0004246800008       ,KAWASAKI POWER SPRAYER .5HP                                 ,      5900.00,11/19/2019,MACH. & EQPT.       ,POWER SPRAYER                                     ,         3,MFI-PIGGERY                   ,PIGGERY-MAINTENANCE WAREHOUSE                     ,FAACQ               
0070-0004246800009       ,KAWASAKI POWER SPRAYER .5HP                                 ,      5900.00,11/19/2019,MACH. & EQPT.       ,POWER SPRAYER                                     ,         3,MFI-PIGGERY                   ,PIGGERY-MAINTENANCE WAREHOUSE                     ,FAACQ               
0070-0005923400001       ,SLIDING WINDOW 2 PANELS SS 69CMX79CM                        ,      2958.44,11/16/2019,BLDG. IMPVT.        ,BUILDING                                          ,        20,MFI-PIGGERY                   ,PIGGERY-MAIN ADMIN                                ,FAACQ               
0070-0005923400002       ,SLIDING WINDOW 2 PANELS SS 69CMX79CM                        ,      2958.44,11/16/2019,BLDG. IMPVT.        ,BUILDING                                          ,        20,MFI-PIGGERY                   ,PIGGERY-MAIN ADMIN                                ,FAACQ               
0070-0003250100001       ,CONDURA AIRCON .5HP                                         ,     10100.00,11/26/2019,MACH. & EQPT.       ,AIRCON                                            ,         5,MFI-PIGGERY                   ,PIGGERY-SAFETY AND SECURITY DEPT.                 ,FAACQ               
0070-0003250100002       ,CONDURA AIRCON .5HP                                         ,     10100.00,11/26/2019,MACH. & EQPT.       ,AIRCON                                            ,         5,MFI-PIGGERY                   ,PIGGERY-MAIN ADMIN                                ,FAACQ               
0085-0003200100001       ,KNAPSACK SPRAYER TUNGHO                                     ,      3575.00,11/21/2019,STR. EQPT.          ,SPRAYER                                           ,         3,MFI-PIGGERY                   ,PIGGERY-MARCELA POWERPLANT                        ,FA_TRAN             
0085-0003200100002       ,KNAPSACK SPRAYER TUNGHO                                     ,      3575.00,11/21/2019,STR. EQPT.          ,SPRAYER                                           ,         3,MFI-PIGGERY                   ,PIGGERY-MARCELA POWERPLANT                        ,FA_TRAN             
0070-0005988500001       ,MAKITA CUT-OFF SAW MODEL:M2401                              ,     10999.00,12/09/2019,MACH. & EQPT.       ,OTHERS                                            ,         3,MFI-PIGGERY                   ,PIGGERY-MAINTENANCE                               ,FAACQ               
0070-0004227600023       ,SUBMERSIBLE PUMP .5HP STREAMPLUS                            ,      7800.00,12/10/2019,MACH. & EQPT.       ,PUMP                                              ,         5,MFI-PIGGERY                   ,PIGGERY-MAINTENANCE WAREHOUSE                     ,FAACQ               
0070-0004227600024       ,SUBMERSIBLE PUMP .5HP STREAMPLUS                            ,      7800.00,12/10/2019,MACH. & EQPT.       ,PUMP                                              ,         5,MFI-PIGGERY                   ,PIGGERY-MAINTENANCE WAREHOUSE                     ,FAACQ               
0070-0004227600025       ,SUBMERSIBLE PUMP .5HP STREAMPLUS                            ,      7800.00,12/10/2019,MACH. & EQPT.       ,PUMP                                              ,         5,MFI-PIGGERY                   ,PIGGERY-MAINTENANCE WAREHOUSE                     ,FAACQ               
0070-0004227600026       ,SUBMERSIBLE PUMP .5HP STREAMPLUS                            ,      7800.00,12/10/2019,MACH. & EQPT.       ,PUMP                                              ,         5,MFI-PIGGERY                   ,PIGGERY-MAINTENANCE WAREHOUSE                     ,FAACQ               
0070-0004227600027       ,SUBMERSIBLE PUMP .5HP STREAMPLUS                            ,      7800.00,12/10/2019,MACH. & EQPT.       ,PUMP                                              ,         5,MFI-PIGGERY                   ,PIGGERY-MAINTENANCE WAREHOUSE                     ,FAACQ               
0070-0004934600007       ,SUBMERSIBLE PUMP STREAMPLUS 1HP                             ,     13500.00,12/10/2019,MACH. & EQPT.       ,PUMP                                              ,         5,MFI-PIGGERY                   ,PIGGERY-MAINTENANCE WAREHOUSE                     ,FAACQ               
0070-0004934600008       ,SUBMERSIBLE PUMP STREAMPLUS 1HP                             ,     13500.00,12/10/2019,MACH. & EQPT.       ,PUMP                                              ,         5,MFI-PIGGERY                   ,PIGGERY-MAINTENANCE WAREHOUSE                     ,FAACQ               
0070-0004934600009       ,SUBMERSIBLE PUMP STREAMPLUS 1HP                             ,     13500.00,12/10/2019,MACH. & EQPT.       ,PUMP                                              ,         5,MFI-PIGGERY                   ,PIGGERY-MAINTENANCE WAREHOUSE                     ,FAACQ               
0070-0004934600010       ,SUBMERSIBLE PUMP STREAMPLUS 1HP                             ,     13500.00,12/10/2019,MACH. & EQPT.       ,PUMP                                              ,         5,MFI-PIGGERY                   ,PIGGERY-MAINTENANCE WAREHOUSE                     ,FAACQ               
0070-0004934600011       ,SUBMERSIBLE PUMP STREAMPLUS 1HP                             ,     13500.00,12/10/2019,MACH. & EQPT.       ,PUMP                                              ,         5,MFI-PIGGERY                   ,PIGGERY-MAINTENANCE WAREHOUSE                     ,FAACQ               
0070-0005981900001       ,GENERATOR 800KW 240/480 VOLTS                               ,     45000.00,12/11/2019,MACH. & EQPT.       ,GENERATOR                                         ,         5,MFI-PIGGERY                   ,PIGGERY-MARCELA POWERPLANT                        ,FAACQ               
0070-0004718800001       ,SANWA CLAMP METER DCM60R DIGITAL                            ,      5640.00,01/07/2020,                    ,TOOLS                                             ,         3,MFI-PIGGERY                   ,PIGGERY-MARCELA POWERPLANT                        ,FAACQ               
0070-0005813800001       ,MULTITESTER SANWA ANALOG YX360TR                            ,      2280.00,01/07/2020,TOOLS               ,MULTI-TESTER                                      ,         3,MFI-PIGGERY                   ,PIGGERY-MARCELA POWERPLANT                        ,FAACQ               
0070-0004918000004       ,GOULDS SUBMERSIBLE PUMP-95L10 07-6                          ,     71000.00,01/10/2020,MACH. & EQPT.       ,PUMP                                              ,         4,MFI-PIGGERY                   ,PIGGERY-ENGINEERING                               ,FAACQ               
0070-0004918000005       ,GOULDS SUBMERSIBLE PUMP-95L10 07-6                          ,     71000.00,01/10/2020,MACH. & EQPT.       ,PUMP                                              ,         4,MFI-PIGGERY                   ,PIGGERY-ENGINEERING                               ,FAACQ               
0070-0006085700001       ,ECO TANK L3110 ALL-IN-ONE PRINTER EPSON                     ,      7500.00,01/29/2020,OFF. EQPT.          ,PRINTER                                           ,         3,MFI-PIGGERY                   ,PIGGERY-MAIN ADMIN                                ,FAACQ               
0070-0006085800001       ,PRINTER LQ-310 DOT MATRIX EPSON                             ,     12900.00,01/29/2020,OFF. EQPT.          ,PRINTER                                           ,         3,MFI-PIGGERY                   ,PIGGERY-MAIN ADMIN                                ,FAACQ               
0070-0005673100001       ,KAWASAKI PRESSURE WASHER 2HP                                ,     10300.00,02/05/2020,MACH. & EQPT.       ,PRESSURE WASHER                                   ,         2,MFI-PIGGERY                   ,PIGGERY-MAINTENANCE WAREHOUSE                     ,FAACQ               
0070-0005673100002       ,KAWASAKI PRESSURE WASHER 2HP                                ,     10300.00,02/05/2020,MACH. & EQPT.       ,PRESSURE WASHER                                   ,         2,MFI-PIGGERY                   ,PIGGERY-MAINTENANCE WAREHOUSE                     ,FAACQ               
0070-0005673100003       ,KAWASAKI PRESSURE WASHER 2HP                                ,     10300.00,02/05/2020,MACH. & EQPT.       ,PRESSURE WASHER                                   ,         2,MFI-PIGGERY                   ,PIGGERY-MAINTENANCE WAREHOUSE                     ,FAACQ               
0070-0005673100004       ,KAWASAKI PRESSURE WASHER 2HP                                ,     10300.00,02/05/2020,MACH. & EQPT.       ,PRESSURE WASHER                                   ,         2,MFI-PIGGERY                   ,PIGGERY-MAINTENANCE WAREHOUSE                     ,FAACQ               
0070-0005673100005       ,KAWASAKI PRESSURE WASHER 2HP                                ,     10300.00,02/05/2020,MACH. & EQPT.       ,PRESSURE WASHER                                   ,         2,MFI-PIGGERY                   ,PIGGERY-MAINTENANCE WAREHOUSE                     ,FAACQ               
0070-0002541300001       ,FUJIDENZO USHOWCASE SU140A                                  ,     23200.00,02/13/2020,STR. EQPT.          ,CHILLER                                           ,         5,MFI-PIGGERY                   ,PIGGERY-MAIN ADMIN                                ,FAACQ               
0070-0002541300002       ,FUJIDENZO USHOWCASE SU140A                                  ,     23200.00,02/13/2020,STR. EQPT.          ,CHILLER                                           ,         5,MFI-PIGGERY                   ,PIGGERY-MAIN ADMIN                                ,FAACQ               
0070-0006188100001       ,PAD COOLING (VARIOUS SIZES)                                 ,    819507.24,03/20/2019,BLDG. IMPVT.        ,OTHERS                                            ,        15,MFI-PIGGERY                   ,PIGGERY-MAIN ADMIN                                ,FABB                
0070-0006188000001       ,U FOR 50MM PANELS (35X52X35)                                ,    305354.70,03/01/2019,BLDG. IMPVT.        ,OTHERS                                            ,        15,MFI-PIGGERY                   ,PIGGERY-MAIN ADMIN                                ,FABB                
0070-0006187900001       ,"PU PANEL 50MM (3,847.67M²)                                  ",   2434725.70,03/01/2019,BLDG. IMPVT.        ,OTHERS                                            ,        15,MFI-PIGGERY                   ,PIGGERY-MAIN ADMIN                                ,FABB                
0070-0006188700001       ,40 X BLU'HOX 120PLUS                                        ,   1037283.62,06/08/2019,BLDG. IMPVT.        ,IMPROVEMENTS                                      ,         5,MFI-PIGGERY                   ,PIGGERY-MAIN ADMIN                                ,FABB                
0070-0006188900001       ,EGG BELT DRIVE                                              ,     59117.42,07/17/2019,MACH. & EQPT.       ,BELT                                              ,         3,MARCELA FARMS INCORPORATED    ,MFI POULTRY BROILER-BILAR BREEDER                 ,FA_TRAN             
0070-0006188900002       ,EGG BELT DRIVE                                              ,     59117.42,07/17/2019,MACH. & EQPT.       ,BELT                                              ,         3,MARCELA FARMS INCORPORATED    ,MFI POULTRY BROILER-BILAR BREEDER                 ,FA_TRAN             
0070-0006186400001       ,MEGAPHONE VISTRON                                           ,      2200.00,02/15/2020,STR. EQPT.          ,OTHERS                                            ,         3,MFI-PIGGERY                   ,PIGGERY-MAIN ADMIN                                ,FAACQ               
0070-0006186400002       ,MEGAPHONE VISTRON                                           ,      2200.00,02/15/2020,STR. EQPT.          ,OTHERS                                            ,         3,MFI-PIGGERY                   ,PIGGERY-MAIN ADMIN                                ,FAACQ               
0070-0006186400003       ,MEGAPHONE VISTRON                                           ,      2200.00,02/15/2020,STR. EQPT.          ,OTHERS                                            ,         3,MFI-PIGGERY                   ,PIGGERY-MAIN ADMIN                                ,FAACQ               
0070-0006186400004       ,MEGAPHONE VISTRON                                           ,      2200.00,02/15/2020,STR. EQPT.          ,OTHERS                                            ,         3,MFI-PIGGERY                   ,PIGGERY-MAIN ADMIN                                ,FAACQ               
0070-0006186400005       ,MEGAPHONE VISTRON                                           ,      2200.00,02/15/2020,STR. EQPT.          ,OTHERS                                            ,         3,MFI-PIGGERY                   ,PIGGERY-MAIN ADMIN                                ,FAACQ               
0070-0003837900004       ,HYPO CHLORINATOR (PULSATRON)                                ,     40000.00,02/18/2020,MACH. & EQPT.       ,MACHINE TOOLS                                     ,         5,MFI-PIGGERY UNTAGA            ,PIGGERY UNTAGA-MAIN ADMIN                         ,FA_TRAN             
0070-0003837900005       ,HYPO CHLORINATOR (PULSATRON)                                ,     40000.00,02/18/2020,MACH. & EQPT.       ,MACHINE TOOLS                                     ,         5,MFI-PIGGERY                   ,PIGGERY-MAINTENANCE WAREHOUSE                     ,FAACQ               
0070-0003837900006       ,HYPO CHLORINATOR (PULSATRON)                                ,     40000.00,02/18/2020,MACH. & EQPT.       ,MACHINE TOOLS                                     ,         5,MFI-PIGGERY                   ,PIGGERY-MAINTENANCE WAREHOUSE                     ,FAACQ               
0070-0006147000001       ,PROBE FOR MULTISCAN                                         ,     27000.00,02/19/2020,STR. EQPT.          ,OTHERS                                            ,         3,MFI-PIGGERY                   ,PIGGERY-BREEDING                                  ,FAACQ               
0070-0006147000002       ,PROBE FOR MULTISCAN                                         ,     27000.00,02/19/2020,STR. EQPT.          ,OTHERS                                            ,         3,MFI-PIGGERY                   ,PIGGERY-BREEDING                                  ,FAACQ               
0070-0004918000006       ,GOULDS SUBMERSIBLE PUMP-95L10 07-6                          ,     71000.00,02/20/2020,MACH. & EQPT.       ,PUMP                                              ,         4,MFI-PIGGERY                   ,PIGGERY-ENGINEERING                               ,FAACQ               
0070-0004918000007       ,GOULDS SUBMERSIBLE PUMP-95L10 07-6                          ,     71000.00,02/20/2020,MACH. & EQPT.       ,PUMP                                              ,         4,MFI-PIGGERY                   ,PIGGERY-ENGINEERING                               ,FAACQ               
0070-0004918000008       ,GOULDS SUBMERSIBLE PUMP-95L10 07-6                          ,     71000.00,02/20/2020,MACH. & EQPT.       ,PUMP                                              ,         4,MFI-PIGGERY                   ,PIGGERY-ENGINEERING                               ,FAACQ               
0070-0004918000009       ,GOULDS SUBMERSIBLE PUMP-95L10 07-6                          ,     71000.00,02/20/2020,MACH. & EQPT.       ,PUMP                                              ,         4,MFI-PIGGERY                   ,PIGGERY-ENGINEERING                               ,FAACQ               
0079-0006116600001       ,CT 100:50:5 15KV                                            ,     34960.00,02/21/2020,ELEC. INTS. & EQPT. ,TRANSFORMER                                       ,         3,MFI-PIGGERY UNTAGA            ,PIGGERY UNTAGA-MAIN ADMIN                         ,FAACQ               
0079-0006116600002       ,CT 100:50:5 15KV                                            ,     34960.00,02/21/2020,ELEC. INTS. & EQPT. ,TRANSFORMER                                       ,         3,MFI-PIGGERY UNTAGA            ,PIGGERY UNTAGA-MAIN ADMIN                         ,FAACQ               
0079-0006116600003       ,CT 100:50:5 15KV                                            ,     34960.00,02/21/2020,ELEC. INTS. & EQPT. ,TRANSFORMER                                       ,         3,MFI-PIGGERY UNTAGA            ,PIGGERY UNTAGA-MAIN ADMIN                         ,FAACQ               
0079-0006116700001       ,PT 8400:120                                                 ,     34960.00,02/21/2020,ELEC. INTS. & EQPT. ,TRANSFORMER                                       ,         3,MFI-PIGGERY UNTAGA            ,PIGGERY UNTAGA-MAIN ADMIN                         ,FAACQ               
0079-0006116700002       ,PT 8400:120                                                 ,     34960.00,02/21/2020,ELEC. INTS. & EQPT. ,TRANSFORMER                                       ,         3,MFI-PIGGERY UNTAGA            ,PIGGERY UNTAGA-MAIN ADMIN                         ,FAACQ               
0079-0006116700003       ,PT 8400:120                                                 ,     34960.00,02/21/2020,ELEC. INTS. & EQPT. ,TRANSFORMER                                       ,         3,MFI-PIGGERY UNTAGA            ,PIGGERY UNTAGA-MAIN ADMIN                         ,FAACQ               
0026-0001080100001       ,AOC 18.5"" MONITOR	                                          ,      3350.00,02/17/2020,OFF. EQPT.          ,MONITOR                                           ,         3,MFI-PIGGERY                   ,PIGGERY-SAFETY AND SECURITY DEPT.                 ,FAACQ               
0026-0005957000001       ,CPU SET INTEL CORE 13-8100 CPU L1151                        ,     15100.00,02/17/2020,OFF. EQPT.          ,CPU                                               ,         3,MFI-PIGGERY                   ,PIGGERY-SAFETY AND SECURITY DEPT.                 ,FAACQ               
0070-0007786100001       ,HOG VAN - 2 LAYER                                           ,    322836.62,06/13/2022,TRNS. EQPT.         ,VEHICLE                                           ,        10,MFI-PIGGERY                   ,PIGGERY-LOGISTICS                                 ,FAACQ               
0026-0001080100003       ,AOC 18.5"" MONITOR	                                          ,      3350.00,02/17/2020,OFF. EQPT.          ,MONITOR                                           ,         3,MFI-PIGGERY                   ,PIGGERY-LOGISTICS                                 ,FAACQ               
0026-0005957000003       ,CPU SET INTEL CORE 13-8100 CPU L1151                        ,     15100.00,02/17/2020,OFF. EQPT.          ,CPU                                               ,         3,MFI-PIGGERY                   ,PIGGERY-LOGISTICS                                 ,FAACQ               
0070-0001689100001       ,MEMBRANE BLADDER TANK                                       ,    108000.00,03/10/2020,FUR. & FIXT.        ,TANK                                              ,         3,MFI-PIGGERY                   ,PIGGERY-MAINTENANCE                               ,FAACQ               
0070-0001689100002       ,MEMBRANE BLADDER TANK                                       ,    108000.00,03/10/2020,FUR. & FIXT.        ,TANK                                              ,         3,MFI-PIGGERY                   ,PIGGERY-MAINTENANCE                               ,FAACQ               
0070-0006262300001       ,DELL INSPIRON 3481 I3-702OU/4GB/1TB/AMDR                    ,     28990.00,03/16/2020,OFF. EQPT.          ,LAPTOP                                            ,         3,MFI-PIGGERY                   ,PIGGERY-MAIN ADMIN                                ,FAACQ               
0079-0006066800001       ,DISTRIBUTION TRANSFORMER 75KVA 1Ø OISC P                    ,    138000.00,03/18/2020,ELEC. INTS. & EQPT. ,TRANSFORMER                                       ,         3,MFI-PIGGERY UNTAGA            ,PIGGERY UNTAGA-MAIN ADMIN                         ,FAACQ               
0079-0006066800002       ,DISTRIBUTION TRANSFORMER 75KVA 1Ø OISC P                    ,    138000.00,03/18/2020,ELEC. INTS. & EQPT. ,TRANSFORMER                                       ,         3,MFI-PIGGERY UNTAGA            ,PIGGERY UNTAGA-MAIN ADMIN                         ,FAACQ               
0079-0006066800003       ,DISTRIBUTION TRANSFORMER 75KVA 1Ø OISC P                    ,    138000.00,03/18/2020,ELEC. INTS. & EQPT. ,TRANSFORMER                                       ,         3,MFI-PIGGERY UNTAGA            ,PIGGERY UNTAGA-MAIN ADMIN                         ,FAACQ               
0070-0004215200001       ,AIRCON CARRIER A/C FP WCARGO10EE 1 HP                       ,     23300.00,03/26/2020,MACH. & EQPT.       ,AIRCON                                            ,         5,MFI-PIGGERY                   ,PIGGERY-MAIN ADMIN                                ,FAACQ               
0070-0000760300001       ,FUJIDENZO USHOWCASE SU110A                                  ,     20300.00,03/26/2020,MACH. & EQPT.       ,SHOWCASE                                          ,         3,MFI-PIGGERY                   ,PIGGERY-MAIN ADMIN                                ,FAACQ               
0070-0000760300003       ,FUJIDENZO USHOWCASE SU110A                                  ,     20300.00,03/26/2020,MACH. & EQPT.       ,SHOWCASE                                          ,         3,MFI-PIGGERY                   ,PIGGERY-MAIN ADMIN                                ,FAACQ               
0070-0000760300004       ,FUJIDENZO USHOWCASE SU110A                                  ,     20300.00,03/26/2020,MACH. & EQPT.       ,SHOWCASE                                          ,         3,MFI-PIGGERY                   ,PIGGERY-MAIN ADMIN                                ,FAACQ               
0070-0006287600001       ,KNAPSACK SPRAYER TAMARAW                                    ,      1950.00,04/16/2020,STR. EQPT.          ,SPRAYER                                           ,         2,MFI-PIGGERY                   ,PIGGERY-MAINTENANCE WAREHOUSE                     ,FAACQ               
0070-0006287600002       ,KNAPSACK SPRAYER TAMARAW                                    ,      1950.00,04/16/2020,STR. EQPT.          ,SPRAYER                                           ,         2,MFI-PIGGERY                   ,PIGGERY-MAINTENANCE WAREHOUSE                     ,FAACQ               
0070-0006287600003       ,KNAPSACK SPRAYER TAMARAW                                    ,      1950.00,04/16/2020,STR. EQPT.          ,SPRAYER                                           ,         2,MFI-PIGGERY                   ,PIGGERY-MAINTENANCE WAREHOUSE                     ,FAACQ               
0070-0006287600004       ,KNAPSACK SPRAYER TAMARAW                                    ,      1950.00,04/16/2020,STR. EQPT.          ,SPRAYER                                           ,         2,MFI-PIGGERY                   ,PIGGERY-MAINTENANCE WAREHOUSE                     ,FAACQ               
0070-0006287600005       ,KNAPSACK SPRAYER TAMARAW                                    ,      1950.00,04/16/2020,STR. EQPT.          ,SPRAYER                                           ,         2,MFI-PIGGERY                   ,PIGGERY-MAINTENANCE WAREHOUSE                     ,FAACQ               
0070-0001245000001       ,NANOSTATION M5                                              ,      5932.00,03/27/2020,OFF. EQPT.          ,NETWORK SWITCH                                    ,         3,MFI-PIGGERY                   ,PIGGERY-MARCELA POWERPLANT                        ,FAACQ               
0070-0001245000002       ,NANOSTATION M5                                              ,      5932.00,03/27/2020,OFF. EQPT.          ,NETWORK SWITCH                                    ,         3,MFI-PIGGERY                   ,PIGGERY-MARCELA POWERPLANT                        ,FAACQ               
0070-0006079400001       ,END SUNCTION CENTRIFUGAL PUMP EBARA ALL                     ,     24000.00,04/16/2020,MACH. & EQPT.       ,PUMP                                              ,         5,MFI-PIGGERY                   ,PIGGERY-MAINTENANCE                               ,FAACQ               
0070-0006079400002       ,END SUNCTION CENTRIFUGAL PUMP EBARA ALL                     ,     24000.00,04/16/2020,MACH. & EQPT.       ,PUMP                                              ,         5,MFI-PIGGERY                   ,PIGGERY-MAINTENANCE                               ,FAACQ               
0070-0001870000001       ,ELECTRIC DRILL W/ HAMMER                                    ,      3199.00,05/20/2020,TOOLS               ,DRILL                                             ,         5,MFI-PIGGERY                   ,PIGGERY-MAINTENANCE                               ,FAACQ               
0070-0001870000002       ,ELECTRIC DRILL W/ HAMMER                                    ,      3199.00,05/20/2020,TOOLS               ,DRILL                                             ,         5,MFI-PIGGERY                   ,PIGGERY-MAINTENANCE                               ,FAACQ               
0070-0004269200001       ,B&D IMPACT DRILL 13MM H D55K-B1                             ,      3199.00,05/20/2020,TOOLS               ,DRILL                                             ,         5,MFI-PIGGERY                   ,PIGGERY-MAINTENANCE                               ,FAACQ               
0070-0004269200002       ,B&D IMPACT DRILL 13MM H D55K-B1                             ,      3199.00,05/20/2020,TOOLS               ,DRILL                                             ,         5,MFI-PIGGERY                   ,PIGGERY-MAINTENANCE                               ,FAACQ               
0079-0006315300001       ,SUPPLY & DELIVERY OF LVSG TIE BREAKER &                     ,   4233802.28,05/22/2020,ELEC. INTS. & EQPT. ,ELECTRICAL PARTS                                  ,         3,MFI-PIGGERY UNTAGA            ,PIGGERY UNTAGA-MAIN ADMIN                         ,FAACQ               
0070-0001696900001       ,CARRIER AIRCON 1.5 HP                                       ,     24900.00,05/26/2020,MACH. & EQPT.       ,AIRCON                                            ,         5,MFI-PIGGERY                   ,PIGGERY-MAINTENANCE                               ,FAACQ               
0070-0001696900002       ,CARRIER AIRCON 1.5 HP                                       ,     24900.00,05/26/2020,MACH. & EQPT.       ,AIRCON                                            ,         5,MFI-PIGGERY                   ,PIGGERY-MAINTENANCE                               ,FAACQ               
0070-0001696900003       ,CARRIER AIRCON 1.5 HP                                       ,     24900.00,05/26/2020,MACH. & EQPT.       ,AIRCON                                            ,         5,MFI-PIGGERY                   ,PIGGERY-MAINTENANCE                               ,FAACQ               
0070-0001696900004       ,CARRIER AIRCON 1.5 HP                                       ,     24900.00,05/26/2020,MACH. & EQPT.       ,AIRCON                                            ,         5,MFI-PIGGERY                   ,PIGGERY-MAINTENANCE                               ,FAACQ               
0070-0006359900001       ,CARRIER A/C WCARH010ECP 1HP                                 ,     26600.00,05/26/2020,MACH. & EQPT.       ,AIRCON                                            ,         5,MFI-PIGGERY                   ,PIGGERY-MAINTENANCE                               ,FAACQ               
0070-0006359900002       ,CARRIER A/C WCARH010ECP 1HP                                 ,     26600.00,05/26/2020,MACH. & EQPT.       ,AIRCON                                            ,         5,MFI-PIGGERY                   ,PIGGERY-MAINTENANCE                               ,FAACQ               
0070-0006359900003       ,CARRIER A/C WCARH010ECP 1HP                                 ,     26600.00,05/26/2020,MACH. & EQPT.       ,AIRCON                                            ,         5,MFI-PIGGERY                   ,PIGGERY-MAINTENANCE                               ,FAACQ               
0070-0006359900004       ,CARRIER A/C WCARH010ECP 1HP                                 ,     26600.00,05/26/2020,MACH. & EQPT.       ,AIRCON                                            ,         5,MFI-PIGGERY                   ,PIGGERY-MAINTENANCE                               ,FAACQ               
0079-0006333700001       ,INSTALLATION COST OF 3 UNITS 75KVA TRANS                    ,    100287.37,06/11/2020,ELEC. INTS. & EQPT. ,TRANSFORMER                                       ,         5,MFI-PIGGERY UNTAGA            ,PIGGERY UNTAGA-MAIN ADMIN                         ,FAACQ               
0070-0005458600008       ,KARCHER CLASSIC HIGH-PRESSURE CLEANERS H                    ,     65020.71,06/22/2020,MACH. & EQPT.       ,CLEANING DEVICE                                   ,         3,MFI-PIGGERY                   ,PIGGERY-ENGINEERING                               ,FAACQ               
0070-0005458600009       ,KARCHER CLASSIC HIGH-PRESSURE CLEANERS H                    ,     65020.71,06/22/2020,MACH. & EQPT.       ,CLEANING DEVICE                                   ,         3,MFI-PIGGERY                   ,PIGGERY-ENGINEERING                               ,FAACQ               
0079-0000522400001       ,UPS 650VA                                                   ,      2400.00,06/15/2020,OFF. EQPT.          ,UPS                                               ,         5,MFI-PIGGERY UNTAGA            ,PIGGERY UNTAGA-FIXED ASSET DEPARTMENT             ,FAACQ               
0079-0003207700001       ,PRINTER EPSON LQ-310                                        ,     12990.00,06/15/2020,OFF. EQPT.          ,PRINTER                                           ,         3,MFI-PIGGERY UNTAGA            ,PIGGERY UNTAGA-MAIN ADMIN                         ,FAACQ               
0070-0006368900001       ,NUTEX  DIGITAL HANGING SCALE                                ,     24000.00,06/23/2020,STR. EQPT.          ,SCALE                                             ,         3,MFI-PIGGERY                   ,PIGGERY-FARROWING                                 ,FAACQ               
0070-0006368900002       ,NUTEX  DIGITAL HANGING SCALE                                ,     24000.00,06/23/2020,STR. EQPT.          ,SCALE                                             ,         3,MFI-PIGGERY                   ,PIGGERY-FARROWING                                 ,FAACQ               
0070-0006360600001       ,ELECTRIC CIRCUIT BREAKER SCHNEIDER 3 PHA                    ,     15078.80,06/25/2020,ELEC. INTS. & EQPT. ,CIRCUIT BREAKER                                   ,         3,MFI-PIGGERY                   ,PIGGERY-ENGINEERING                               ,FAACQ               
0070-0006360600002       ,ELECTRIC CIRCUIT BREAKER SCHNEIDER 3 PHA                    ,     15078.80,06/25/2020,ELEC. INTS. & EQPT. ,CIRCUIT BREAKER                                   ,         3,MFI-PIGGERY                   ,PIGGERY-ENGINEERING                               ,FAACQ               
0070-0004397300001       ,MTS PANEL 200 AMPS 3 POLE                                   ,     20223.44,06/26/2020,ELEC. INTS. & EQPT. ,PANEL BOARD                                       ,         5,MFI-PIGGERY                   ,PIGGERY-MAINTENANCE                               ,FAACQ               
0070-0004397300002       ,MTS PANEL 200 AMPS 3 POLE                                   ,     20223.44,06/26/2020,ELEC. INTS. & EQPT. ,PANEL BOARD                                       ,         5,MFI-PIGGERY                   ,PIGGERY-MAINTENANCE                               ,FAACQ               
0079-0006401900001       ,MAKITA 7650H MIST BLOWER                                    ,     43000.00,06/29/2020,MACH. & EQPT.       ,MACHINE                                           ,         5,MFI-PIGGERY UNTAGA            ,PIGGERY UNTAGA-MAIN ADMIN                         ,FAACQ               
0079-0006401900002       ,MAKITA 7650H MIST BLOWER                                    ,     43000.00,06/29/2020,MACH. & EQPT.       ,MACHINE                                           ,         5,MFI-PIGGERY UNTAGA            ,PIGGERY UNTAGA-MAIN ADMIN                         ,FAACQ               
0079-0005904500001       ,157561 SAMSUNG BASIC UA32N4003ARXXP 32 I                    ,     10400.00,06/30/2020,STR. EQPT.          ,TV                                                ,         3,MFI-PIGGERY UNTAGA            ,PIGGERY UNTAGA-MAIN ADMIN                         ,FAACQ               
0079-0006432100001       ,WM ES U75GP SHARP BL 7.5KG                                  ,      9998.00,06/30/2020,MACH. & EQPT.       ,WASHING MACHINE                                   ,         3,MFI-PIGGERY UNTAGA            ,PIGGERY UNTAGA-MAIN ADMIN                         ,FAACQ               
0079-0004241600003       ,SPERMACUE                                                   ,    120000.00,06/24/2020,OFF. EQPT.          ,OTHERS                                            ,         3,MFI-PIGGERY UNTAGA            ,PIGGERY UNTAGA-FIXED ASSET DEPARTMENT             ,FAACQ               
0079-0004242200002       ,WATER BATH                                                  ,     38000.00,06/24/2020,OTHER EQPT.         ,OTHERS                                            ,         5,MFI-PIGGERY UNTAGA            ,PIGGERY UNTAGA-FIXED ASSET DEPARTMENT             ,FAACQ               
0079-0004247300002       ,BACK FAT TEST S#63965                                       ,     38000.00,06/24/2020,STR. EQPT.          ,OTHERS                                            ,         3,MFI-PIGGERY UNTAGA            ,PIGGERY UNTAGA-FIXED ASSET DEPARTMENT             ,FAACQ               
0079-0006417600001       ,PARABOLIC SOLID DISH ANTENNA                                ,     24550.00,06/29/2020,STR. EQPT.          ,OTHERS                                            ,         3,MFI-PIGGERY UNTAGA            ,PIGGERY UNTAGA-MAIN ADMIN                         ,FAACQ               
0079-0006417600002       ,PARABOLIC SOLID DISH ANTENNA                                ,     24550.00,06/29/2020,STR. EQPT.          ,OTHERS                                            ,         3,MFI-PIGGERY UNTAGA            ,PIGGERY UNTAGA-MAIN ADMIN                         ,FAACQ               
0003190800001            ,BRAND NEW CATERPILLAR SKID STEER                            ,   2000000.00,07/02/2015,MACH. & EQPT.       ,OTHERS                                            ,        10,MFI-PIGGERY                   ,PIGGERY-LOGISTICS                                 ,FA_TRAN             
0079-0004230500004       ,MONITOR AOC 18.5""                                           ,      3350.00,07/03/2020,OFF. EQPT.          ,MONITOR                                           ,         3,MFI-PIGGERY UNTAGA            ,PIGGERY UNTAGA-MAIN ADMIN                         ,FAACQ               
0079-0005957000004       ,COMPUTER SET INTEL CORE I3 8100 L1151                       ,     15100.00,07/03/2020,OFF. EQPT.          ,COMPUTER                                          ,         3,MFI-PIGGERY UNTAGA            ,PIGGERY UNTAGA-MAIN ADMIN                         ,FAACQ               
0079-0006404000001       ,IDEAL UPS 600VA S105C W/AVR                                 ,      1700.00,07/03/2020,OFF. EQPT.          ,UPS                                               ,         5,MFI-PIGGERY UNTAGA            ,PIGGERY UNTAGA-MAIN ADMIN                         ,FAACQ               
0079-0006404100001       ,VERTIV LIEBERT PSA650VA/230W                                ,      2400.00,07/03/2020,OFF. EQPT.          ,UPS                                               ,         5,MFI-PIGGERY UNTAGA            ,PIGGERY UNTAGA-MAIN ADMIN                         ,FAACQ               
0079-0006085700002       ,PRINTER EPSON L3110 ECO TANK ALL-IN-ONE                     ,      7500.00,07/03/2020,OFF. EQPT.          ,PRINTER                                           ,         3,MFI-PIGGERY UNTAGA            ,PIGGERY UNTAGA-MAIN ADMIN                         ,FAACQ               
0070-0004513700004       ,EBARA ALL SS304 END SUCTION CENTRIFUGAL                     ,     85000.00,07/07/2020,MACH. & EQPT.       ,PUMP                                              ,         5,MFI-PIGGERY                   ,PIGGERY-MAINTENANCE WAREHOUSE                     ,FAACQ               
0070-0004513700005       ,EBARA ALL SS304 END SUCTION CENTRIFUGAL                     ,     85000.00,07/07/2020,MACH. & EQPT.       ,PUMP                                              ,         5,MFI-PIGGERY                   ,PIGGERY-MAINTENANCE WAREHOUSE                     ,FAACQ               
0070-0004513700006       ,EBARA ALL SS304 END SUCTION CENTRIFUGAL                     ,     85000.00,07/07/2020,MACH. & EQPT.       ,PUMP                                              ,         5,MFI-PIGGERY                   ,PIGGERY-MAINTENANCE WAREHOUSE                     ,FAACQ               
0079-0006444100001       ,WATER METER BRASS                                           ,      1753.75,07/09/2020,STR. EQPT.          ,METER                                             ,         3,MFI-PIGGERY UNTAGA            ,PIGGERY UNTAGA-MAIN ADMIN                         ,FAACQ               
0079-0006444100002       ,WATER METER BRASS                                           ,      1753.75,07/09/2020,STR. EQPT.          ,METER                                             ,         3,MFI-PIGGERY UNTAGA            ,PIGGERY UNTAGA-MAIN ADMIN                         ,FAACQ               
0079-0006444100003       ,WATER METER BRASS                                           ,      1753.75,07/09/2020,STR. EQPT.          ,METER                                             ,         3,MFI-PIGGERY UNTAGA            ,PIGGERY UNTAGA-MAIN ADMIN                         ,FAACQ               
0079-0006444100004       ,WATER METER BRASS                                           ,      1753.75,07/09/2020,STR. EQPT.          ,METER                                             ,         3,MFI-PIGGERY UNTAGA            ,PIGGERY UNTAGA-MAIN ADMIN                         ,FAACQ               
0079-0006444100005       ,WATER METER BRASS                                           ,      1753.75,07/09/2020,STR. EQPT.          ,METER                                             ,         3,MFI-PIGGERY UNTAGA            ,PIGGERY UNTAGA-MAIN ADMIN                         ,FAACQ               
0079-0005345300002       ,4 DOOR STAINLESS REACH IN FREZZER                           ,    120000.00,07/09/2020,STR. EQPT.          ,FREEZER                                           ,         5,MFI-PIGGERY UNTAGA            ,PIGGERY UNTAGA-FIXED ASSET DEPARTMENT             ,FAACQ               
0070-0005082200001       ,WULI POWER SPRAYER                                          ,     21900.00,07/10/2020,STR. EQPT.          ,SPRAYER                                           ,         2,MFI-PIGGERY UNTAGA            ,PIGGERY UNTAGA-MAIN ADMIN                         ,FA_TRAN             
0070-0005082200002       ,WULI POWER SPRAYER                                          ,     21900.00,07/10/2020,STR. EQPT.          ,SPRAYER                                           ,         2,MFI-PIGGERY UNTAGA            ,PIGGERY UNTAGA-MAIN ADMIN                         ,FA_TRAN             
0070-0005082200003       ,WULI POWER SPRAYER                                          ,     21900.00,07/10/2020,STR. EQPT.          ,SPRAYER                                           ,         2,GROWOUT-LOMANGOG              ,GROWOUT LOMANGOG PHASE 1                          ,FA_TRAN             
0070-0005082200004       ,WULI POWER SPRAYER                                          ,     21900.00,07/10/2020,STR. EQPT.          ,SPRAYER                                           ,         2,MFI-PIGGERY                   ,PIGGERY-MAINTENANCE WAREHOUSE                     ,FAACQ               
0070-0005082200005       ,WULI POWER SPRAYER                                          ,     21900.00,07/10/2020,STR. EQPT.          ,SPRAYER                                           ,         2,MFI-PIGGERY                   ,PIGGERY-MAINTENANCE WAREHOUSE                     ,FAACQ               
0070-0005082200006       ,WULI POWER SPRAYER                                          ,     21900.00,07/10/2020,STR. EQPT.          ,SPRAYER                                           ,         2,MFI-PIGGERY                   ,PIGGERY-MAINTENANCE WAREHOUSE                     ,FAACQ               
0070-0005082200007       ,WULI POWER SPRAYER                                          ,     21900.00,07/10/2020,STR. EQPT.          ,SPRAYER                                           ,         2,MFI-PIGGERY                   ,PIGGERY-MAINTENANCE WAREHOUSE                     ,FAACQ               
0070-0005082200008       ,WULI POWER SPRAYER                                          ,     21900.00,07/10/2020,STR. EQPT.          ,SPRAYER                                           ,         2,MFI-PIGGERY                   ,PIGGERY-MAINTENANCE WAREHOUSE                     ,FAACQ               
0070-0005082200009       ,WULI POWER SPRAYER                                          ,     21900.00,07/10/2020,STR. EQPT.          ,SPRAYER                                           ,         2,MFI-PIGGERY                   ,PIGGERY-MAINTENANCE WAREHOUSE                     ,FAACQ               
0070-0005082200010       ,WULI POWER SPRAYER                                          ,     21900.00,07/10/2020,STR. EQPT.          ,SPRAYER                                           ,         2,MFI-PIGGERY                   ,PIGGERY-MAINTENANCE WAREHOUSE                     ,FAACQ               
0070-0005082200011       ,WULI POWER SPRAYER                                          ,     21900.00,07/10/2020,STR. EQPT.          ,SPRAYER                                           ,         2,MFI-PIGGERY                   ,PIGGERY-MAINTENANCE WAREHOUSE                     ,FAACQ               
0070-0005082200012       ,WULI POWER SPRAYER                                          ,     21900.00,07/10/2020,STR. EQPT.          ,SPRAYER                                           ,         2,MFI-PIGGERY                   ,PIGGERY-MAINTENANCE WAREHOUSE                     ,FAACQ               
0070-0004989300001       ,EXHAUST FAN OB 1100 VENTILATION                             ,     26039.25,07/16/2020,STR. EQPT.          ,EXHAUST FAN                                       ,         3,MFI-PIGGERY                   ,PIGGERY-ENGINEERING                               ,FAACQ               
0070-0004989300002       ,EXHAUST FAN OB 1100 VENTILATION                             ,     26039.25,07/16/2020,STR. EQPT.          ,EXHAUST FAN                                       ,         3,MFI-PIGGERY                   ,PIGGERY-ENGINEERING                               ,FAACQ               
0070-0004989300003       ,EXHAUST FAN OB 1100 VENTILATION                             ,     26039.25,07/16/2020,STR. EQPT.          ,EXHAUST FAN                                       ,         3,MFI-PIGGERY                   ,PIGGERY-ENGINEERING                               ,FAACQ               
0070-0004989300004       ,EXHAUST FAN OB 1100 VENTILATION                             ,     26039.25,07/16/2020,STR. EQPT.          ,EXHAUST FAN                                       ,         3,MFI-PIGGERY                   ,PIGGERY-ENGINEERING                               ,FAACQ               
0070-0004989300005       ,EXHAUST FAN OB 1100 VENTILATION                             ,     26039.25,07/16/2020,STR. EQPT.          ,EXHAUST FAN                                       ,         3,MFI-PIGGERY                   ,PIGGERY-ENGINEERING                               ,FAACQ               
0070-0004989300006       ,EXHAUST FAN OB 1100 VENTILATION                             ,     26039.25,07/16/2020,STR. EQPT.          ,EXHAUST FAN                                       ,         3,MFI-PIGGERY                   ,PIGGERY-ENGINEERING                               ,FAACQ               
0070-0004989300007       ,EXHAUST FAN OB 1100 VENTILATION                             ,     26039.25,07/16/2020,STR. EQPT.          ,EXHAUST FAN                                       ,         3,MFI-PIGGERY                   ,PIGGERY-ENGINEERING                               ,FAACQ               
0070-0004989300008       ,EXHAUST FAN OB 1100 VENTILATION                             ,     26039.25,07/16/2020,STR. EQPT.          ,EXHAUST FAN                                       ,         3,MFI-PIGGERY                   ,PIGGERY-ENGINEERING                               ,FAACQ               
0070-0004989300009       ,EXHAUST FAN OB 1100 VENTILATION                             ,     26039.25,07/16/2020,STR. EQPT.          ,EXHAUST FAN                                       ,         3,MFI-PIGGERY                   ,PIGGERY-ENGINEERING                               ,FAACQ               
0070-0004989300010       ,EXHAUST FAN OB 1100 VENTILATION                             ,     26039.25,07/16/2020,STR. EQPT.          ,EXHAUST FAN                                       ,         3,MFI-PIGGERY                   ,PIGGERY-ENGINEERING                               ,FAACQ               
0070-0004989300011       ,EXHAUST FAN OB 1100 VENTILATION                             ,     26039.25,07/16/2020,STR. EQPT.          ,EXHAUST FAN                                       ,         3,MFI-PIGGERY                   ,PIGGERY-ENGINEERING                               ,FAACQ               
0070-0004989300012       ,EXHAUST FAN OB 1100 VENTILATION                             ,     26039.25,07/16/2020,STR. EQPT.          ,EXHAUST FAN                                       ,         3,MFI-PIGGERY                   ,PIGGERY-ENGINEERING                               ,FAACQ               
0070-0004989300013       ,EXHAUST FAN OB 1100 VENTILATION                             ,     26039.25,07/16/2020,STR. EQPT.          ,EXHAUST FAN                                       ,         3,MFI-PIGGERY                   ,PIGGERY-ENGINEERING                               ,FAACQ               
0070-0005888700001       ,1TB SEAGATE ST1000DM003/DM010 INTERNAL                      ,      2350.00,07/20/2020,OFF. EQPT.          ,HARD DISK DRIVE                                   ,         3,MFI-PIGGERY                   ,PIGGERY-MAIN ADMIN                                ,FAACQ               
0079-0006376100001       ,BIOLOGICAL MICROSCOPE OLYMPUS CX23LEDRFS                    ,     56000.00,07/21/2020,STR. EQPT.          ,OTHERS                                            ,         3,MFI-PIGGERY UNTAGA            ,PIGGERY UNTAGA-MAIN ADMIN                         ,FAACQ               
0079-0006361500001       ,INDUSTRIAL SCALE                                            ,    135000.00,07/23/2020,STR. EQPT.          ,SCALE                                             ,         3,MFI-PIGGERY UNTAGA            ,PIGGERY UNTAGA-MAIN ADMIN                         ,FAACQ               
0079-0004222500002       ,MS MULTISCAN SET                                            ,    180000.00,07/23/2020,OFF. EQPT.          ,OTHERS                                            ,         3,MFI-PIGGERY UNTAGA            ,PIGGERY UNTAGA-MAIN ADMIN                         ,FAACQ               
0070-0004230500005       ,MONITOR AOC 18.5""                                           ,      3350.00,07/03/2020,OFF. EQPT.          ,MONITOR                                           ,         3,MFI-PIGGERY                   ,PIGGERY-ENGINEERING                               ,FAACQ               
0070-0006424200001       ,ELECTRIC MAGNETIC CONTACTOR SCHNEIDER LC                    ,      2548.40,08/04/2020,ELEC. INTS. & EQPT. ,CONTACTOR TIMER                                   ,         3,MFI-PIGGERY                   ,PIGGERY-ENGINEERING                               ,FAACQ               
0070-0006424200002       ,ELECTRIC MAGNETIC CONTACTOR SCHNEIDER LC                    ,      2548.40,08/04/2020,ELEC. INTS. & EQPT. ,CONTACTOR TIMER                                   ,         3,MFI-PIGGERY                   ,PIGGERY-ENGINEERING                               ,FAACQ               
0070-0006424200003       ,ELECTRIC MAGNETIC CONTACTOR SCHNEIDER LC                    ,      2548.40,08/04/2020,ELEC. INTS. & EQPT. ,CONTACTOR TIMER                                   ,         3,MFI-PIGGERY                   ,PIGGERY-ENGINEERING                               ,FAACQ               
0070-0006424200004       ,ELECTRIC MAGNETIC CONTACTOR SCHNEIDER LC                    ,      2548.40,08/04/2020,ELEC. INTS. & EQPT. ,CONTACTOR TIMER                                   ,         3,MFI-PIGGERY                   ,PIGGERY-ENGINEERING                               ,FAACQ               
0070-0006424200005       ,ELECTRIC MAGNETIC CONTACTOR SCHNEIDER LC                    ,      2548.40,08/04/2020,ELEC. INTS. & EQPT. ,CONTACTOR TIMER                                   ,         3,MFI-PIGGERY                   ,PIGGERY-ENGINEERING                               ,FAACQ               
0070-0006424200006       ,ELECTRIC MAGNETIC CONTACTOR SCHNEIDER LC                    ,      2548.40,08/04/2020,ELEC. INTS. & EQPT. ,CONTACTOR TIMER                                   ,         3,MFI-PIGGERY                   ,PIGGERY-ENGINEERING                               ,FAACQ               
0070-0006424200007       ,ELECTRIC MAGNETIC CONTACTOR SCHNEIDER LC                    ,      2548.40,08/04/2020,ELEC. INTS. & EQPT. ,CONTACTOR TIMER                                   ,         3,MFI-PIGGERY                   ,PIGGERY-ENGINEERING                               ,FAACQ               
0070-0006424200008       ,ELECTRIC MAGNETIC CONTACTOR SCHNEIDER LC                    ,      2548.40,08/04/2020,ELEC. INTS. & EQPT. ,CONTACTOR TIMER                                   ,         3,MFI-PIGGERY                   ,PIGGERY-ENGINEERING                               ,FAACQ               
0070-0006424200009       ,ELECTRIC MAGNETIC CONTACTOR SCHNEIDER LC                    ,      2548.40,08/04/2020,ELEC. INTS. & EQPT. ,CONTACTOR TIMER                                   ,         3,MFI-PIGGERY                   ,PIGGERY-ENGINEERING                               ,FAACQ               
0070-0006424200010       ,ELECTRIC MAGNETIC CONTACTOR SCHNEIDER LC                    ,      2548.40,08/04/2020,ELEC. INTS. & EQPT. ,CONTACTOR TIMER                                   ,         3,MFI-PIGGERY                   ,PIGGERY-ENGINEERING                               ,FAACQ               
0070-0006424200011       ,ELECTRIC MAGNETIC CONTACTOR SCHNEIDER LC                    ,      2548.40,08/04/2020,ELEC. INTS. & EQPT. ,CONTACTOR TIMER                                   ,         3,MFI-PIGGERY                   ,PIGGERY-ENGINEERING                               ,FAACQ               
0070-0006424200012       ,ELECTRIC MAGNETIC CONTACTOR SCHNEIDER LC                    ,      2548.40,08/04/2020,ELEC. INTS. & EQPT. ,CONTACTOR TIMER                                   ,         3,MFI-PIGGERY                   ,PIGGERY-ENGINEERING                               ,FAACQ               
0070-0006424200013       ,ELECTRIC MAGNETIC CONTACTOR SCHNEIDER LC                    ,      2548.40,08/04/2020,ELEC. INTS. & EQPT. ,CONTACTOR TIMER                                   ,         3,MFI-PIGGERY                   ,PIGGERY-ENGINEERING                               ,FAACQ               
0070-0006424200014       ,ELECTRIC MAGNETIC CONTACTOR SCHNEIDER LC                    ,      2548.40,08/04/2020,ELEC. INTS. & EQPT. ,CONTACTOR TIMER                                   ,         3,MFI-PIGGERY                   ,PIGGERY-ENGINEERING                               ,FAACQ               
0070-0006424200015       ,ELECTRIC MAGNETIC CONTACTOR SCHNEIDER LC                    ,      2548.40,08/04/2020,ELEC. INTS. & EQPT. ,CONTACTOR TIMER                                   ,         3,MFI-PIGGERY                   ,PIGGERY-ENGINEERING                               ,FAACQ               
0070-0006424200016       ,ELECTRIC MAGNETIC CONTACTOR SCHNEIDER LC                    ,      2548.40,08/04/2020,ELEC. INTS. & EQPT. ,CONTACTOR TIMER                                   ,         3,MFI-PIGGERY                   ,PIGGERY-ENGINEERING                               ,FAACQ               
0070-0006424200017       ,ELECTRIC MAGNETIC CONTACTOR SCHNEIDER LC                    ,      2548.40,08/04/2020,ELEC. INTS. & EQPT. ,CONTACTOR TIMER                                   ,         3,MFI-PIGGERY                   ,PIGGERY-ENGINEERING                               ,FAACQ               
0070-0006424200018       ,ELECTRIC MAGNETIC CONTACTOR SCHNEIDER LC                    ,      2548.40,08/04/2020,ELEC. INTS. & EQPT. ,CONTACTOR TIMER                                   ,         3,MFI-PIGGERY                   ,PIGGERY-ENGINEERING                               ,FAACQ               
0070-0006424200019       ,ELECTRIC MAGNETIC CONTACTOR SCHNEIDER LC                    ,      2548.40,08/04/2020,ELEC. INTS. & EQPT. ,CONTACTOR TIMER                                   ,         3,MFI-PIGGERY                   ,PIGGERY-ENGINEERING                               ,FAACQ               
0070-0006424200020       ,ELECTRIC MAGNETIC CONTACTOR SCHNEIDER LC                    ,      2548.40,08/04/2020,ELEC. INTS. & EQPT. ,CONTACTOR TIMER                                   ,         3,MFI-PIGGERY                   ,PIGGERY-ENGINEERING                               ,FAACQ               
0026-0004542300005       ,CISCO IP PHONE 7821                                         ,      6000.00,07/16/2020,OFF. EQPT.          ,TELEPHONE                                         ,         3,MARCELA FARMS INCORPORATED    ,MFI-LAPSAON BREEDER DIMIAO                        ,FA_TRAN             
0026-0004542300010       ,CISCO IP PHONE 7821                                         ,      6000.00,07/16/2020,OFF. EQPT.          ,TELEPHONE                                         ,         3,MARCELA FARMS INCORPORATED    ,MFI-LAPSAON BREEDER DIMIAO                        ,FA_TRAN             
0070-0005650700003       ,D-LINK 8-PORT GIGABIT UNMANAGED DESKTOP                     ,      1500.00,08/14/2020,OFF. EQPT.          ,NETWORK SWITCH                                    ,         3,MFI-PIGGERY                   ,PIGGERY-MAIN ADMIN                                ,FAACQ               
0079-0000009500001       ,MONITOR LED AOC 18.5""                                       ,      3350.00,08/18/2020,OFF. EQPT.          ,MONITOR                                           ,         3,MFI-PIGGERY UNTAGA            ,PIGGERY UNTAGA-MAIN ADMIN                         ,FAACQ               
0079-0000009500002       ,MONITOR LED AOC 18.5""                                       ,      3350.00,08/18/2020,OFF. EQPT.          ,MONITOR                                           ,         3,MFI-PIGGERY UNTAGA            ,PIGGERY UNTAGA-MAIN ADMIN                         ,FAACQ               
0079-0000009500003       ,MONITOR LED AOC 18.5""                                       ,      3350.00,08/18/2020,OFF. EQPT.          ,MONITOR                                           ,         3,MFI-PIGGERY UNTAGA            ,PIGGERY UNTAGA-MAIN ADMIN                         ,FAACQ               
0079-0006440200001       ,CPU SET CORE I3-8100                                        ,     16300.00,08/18/2020,OFF. EQPT.          ,CPU                                               ,         3,MFI-PIGGERY UNTAGA            ,PIGGERY UNTAGA-MAIN ADMIN                         ,FAACQ               
0079-0006440200002       ,CPU SET CORE I3-8100                                        ,     16300.00,08/18/2020,OFF. EQPT.          ,CPU                                               ,         3,MFI-PIGGERY UNTAGA            ,PIGGERY UNTAGA-MAIN ADMIN                         ,FAACQ               
0079-0006440200003       ,CPU SET CORE I3-8100                                        ,     16300.00,08/18/2020,OFF. EQPT.          ,CPU                                               ,         3,MFI-PIGGERY UNTAGA            ,PIGGERY UNTAGA-MAIN ADMIN                         ,FAACQ               
0070-0004989300014       ,EXHAUST FAN OB 1100 VENTILATION                             ,     26039.25,07/16/2020,STR. EQPT.          ,EXHAUST FAN                                       ,         3,MFI-PIGGERY                   ,PIGGERY-ENGINEERING                               ,FAACQ               
0070-0004989300015       ,EXHAUST FAN OB 1100 VENTILATION                             ,     26039.25,07/16/2020,STR. EQPT.          ,EXHAUST FAN                                       ,         3,MFI-PIGGERY                   ,PIGGERY-ENGINEERING                               ,FAACQ               
0070-0004989300016       ,EXHAUST FAN OB 1100 VENTILATION                             ,     26039.25,07/16/2020,STR. EQPT.          ,EXHAUST FAN                                       ,         3,MFI-PIGGERY                   ,PIGGERY-ENGINEERING                               ,FAACQ               
0070-0004989300017       ,EXHAUST FAN OB 1100 VENTILATION                             ,     26039.25,07/16/2020,STR. EQPT.          ,EXHAUST FAN                                       ,         3,MFI-PIGGERY                   ,PIGGERY-ENGINEERING                               ,FAACQ               
0070-0004989300018       ,EXHAUST FAN OB 1100 VENTILATION                             ,     26039.25,07/16/2020,STR. EQPT.          ,EXHAUST FAN                                       ,         3,MFI-PIGGERY                   ,PIGGERY-ENGINEERING                               ,FAACQ               
0070-0004989300019       ,EXHAUST FAN OB 1100 VENTILATION                             ,     26039.25,07/16/2020,STR. EQPT.          ,EXHAUST FAN                                       ,         3,MFI-PIGGERY                   ,PIGGERY-ENGINEERING                               ,FAACQ               
0070-0004989300020       ,EXHAUST FAN OB 1100 VENTILATION                             ,     26039.25,07/16/2020,STR. EQPT.          ,EXHAUST FAN                                       ,         3,MFI-PIGGERY                   ,PIGGERY-ENGINEERING                               ,FAACQ               
0070-0004989300021       ,EXHAUST FAN OB 1100 VENTILATION                             ,     26039.25,07/16/2020,STR. EQPT.          ,EXHAUST FAN                                       ,         3,MFI-PIGGERY                   ,PIGGERY-ENGINEERING                               ,FAACQ               
0070-0004989300022       ,EXHAUST FAN OB 1100 VENTILATION                             ,     26039.25,07/16/2020,STR. EQPT.          ,EXHAUST FAN                                       ,         3,MFI-PIGGERY                   ,PIGGERY-ENGINEERING                               ,FAACQ               
0070-0004989300023       ,EXHAUST FAN OB 1100 VENTILATION                             ,     26039.25,07/16/2020,STR. EQPT.          ,EXHAUST FAN                                       ,         3,MFI-PIGGERY                   ,PIGGERY-ENGINEERING                               ,FAACQ               
0070-0004989300024       ,EXHAUST FAN OB 1100 VENTILATION                             ,     26039.25,07/16/2020,STR. EQPT.          ,EXHAUST FAN                                       ,         3,MFI-PIGGERY                   ,PIGGERY-ENGINEERING                               ,FAACQ               
0070-0004989300025       ,EXHAUST FAN OB 1100 VENTILATION                             ,     26039.25,07/16/2020,STR. EQPT.          ,EXHAUST FAN                                       ,         3,MFI-PIGGERY                   ,PIGGERY-ENGINEERING                               ,FAACQ               
0070-0004989300026       ,EXHAUST FAN OB 1100 VENTILATION                             ,     26039.25,07/16/2020,STR. EQPT.          ,EXHAUST FAN                                       ,         3,MFI-PIGGERY                   ,PIGGERY-ENGINEERING                               ,FAACQ               
0070-0004989300027       ,EXHAUST FAN OB 1100 VENTILATION                             ,     26039.25,07/16/2020,STR. EQPT.          ,EXHAUST FAN                                       ,         3,MFI-PIGGERY                   ,PIGGERY-ENGINEERING                               ,FAACQ               
0070-0004989300028       ,EXHAUST FAN OB 1100 VENTILATION                             ,     26039.25,07/16/2020,STR. EQPT.          ,EXHAUST FAN                                       ,         3,MFI-PIGGERY                   ,PIGGERY-ENGINEERING                               ,FAACQ               
0070-0004989300029       ,EXHAUST FAN OB 1100 VENTILATION                             ,     26039.25,07/16/2020,STR. EQPT.          ,EXHAUST FAN                                       ,         3,MFI-PIGGERY                   ,PIGGERY-ENGINEERING                               ,FAACQ               
0070-0004989300030       ,EXHAUST FAN OB 1100 VENTILATION                             ,     26039.25,07/16/2020,STR. EQPT.          ,EXHAUST FAN                                       ,         3,MFI-PIGGERY                   ,PIGGERY-ENGINEERING                               ,FAACQ               
0070-0006456300001       ,CELLPHONE SAMSUNG GALAXY A31 BLACK                          ,     14990.00,08/25/2020,OFF. EQPT.          ,OFFICE EQUIPMENT                                  ,         3,MFI-PIGGERY                   ,PIGGERY-MAIN ADMIN                                ,FAACQ               
0079-0006253600001       ,DRY TYPE TRANSFORMER 3 PHASE 50 KVA                         ,    116380.00,08/26/2020,ELEC. INTS. & EQPT. ,TRANSFORMER                                       ,         5,MFI-PIGGERY UNTAGA            ,PIGGERY UNTAGA-MAIN ADMIN                         ,FAACQ               
0070-0005843600001       ,BULLSTRONG FIBERGLASS EXTENSION LADDER 1                    ,     19000.00,08/28/2020,FUR. & FIXT.        ,LADDER-ALUMINUM                                   ,         3,MFI-PIGGERY                   ,PIGGERY-ENGINEERING                               ,FAACQ               
0079-0006408600001       ,"GOULDS PUMPS MODEL:5BFIL2CORD W/10HP,3PH                    ",     45700.00,08/28/2020,MACH. & EQPT.       ,PUMP                                              ,         4,MFI-PIGGERY UNTAGA            ,PIGGERY UNTAGA-MAIN ADMIN                         ,FAACQ               
0079-0006408600002       ,"GOULDS PUMPS MODEL:5BFIL2CORD W/10HP,3PH                    ",     45700.00,08/28/2020,MACH. & EQPT.       ,PUMP                                              ,         4,MFI-PIGGERY UNTAGA            ,PIGGERY UNTAGA-MAIN ADMIN                         ,FAACQ               
0079-0006374500001       ,MAGNETIC MOTOR STARTER FUJI                                 ,      5060.00,08/28/2020,ELEC. INTS. & EQPT. ,ELECTRIC MOTOR                                    ,         5,MFI-PIGGERY UNTAGA            ,PIGGERY UNTAGA-MAIN ADMIN                         ,FAACQ               
0079-0006374500002       ,MAGNETIC MOTOR STARTER FUJI                                 ,      5060.00,08/28/2020,ELEC. INTS. & EQPT. ,ELECTRIC MOTOR                                    ,         5,MFI-PIGGERY UNTAGA            ,PIGGERY UNTAGA-MAIN ADMIN                         ,FAACQ               
0070-0006360100001       ,CONTROL PANEL WYE DELTA MAGNETIC STARTER                    ,     18776.28,08/28/2020,ELEC. INTS. & EQPT. ,PANEL BOARD                                       ,         5,MFI-PIGGERY                   ,PIGGERY-ENGINEERING                               ,FAACQ               
0070-0006296200001       ,FOAMING LANCE                                               ,      7256.00,08/28/2020,STR. EQPT.          ,SPRAYER                                           ,         2,MFI-PIGGERY                   ,PIGGERY-MAINTENANCE WAREHOUSE                     ,FAACQ               
0079-0006254200001       ,1.0 NEMA-1 (PANEL BOARD)DP BTCH PLANT                       ,     85000.00,08/28/2020,ELEC. INTS. & EQPT. ,PANEL BOARD                                       ,         5,MFI-PIGGERY UNTAGA            ,PIGGERY UNTAGA-MAIN ADMIN                         ,FAACQ               
0079-0003232200001       ,AIRCON CARRIER 1.5HP                                        ,     27700.00,08/28/2020,MACH. & EQPT.       ,AIRCON                                            ,         5,MFI-PIGGERY UNTAGA            ,PIGGERY UNTAGA-MAIN ADMIN                         ,FAACQ               
0079-0003232200002       ,AIRCON CARRIER 1.5HP                                        ,     27700.00,08/28/2020,MACH. & EQPT.       ,AIRCON                                            ,         5,MFI-PIGGERY UNTAGA            ,PIGGERY UNTAGA-MAIN ADMIN                         ,FAACQ               
0070-0001286400001       ,ALUMINUM LADDER 9 STEPS                                     ,     12399.75,08/29/2020,FUR. & FIXT.        ,LADDER                                            ,         5,MFI-PIGGERY                   ,PIGGERY-MAINTENANCE                               ,FAACQ               
0070-0001286400002       ,ALUMINUM LADDER 9 STEPS                                     ,     12399.75,08/29/2020,FUR. & FIXT.        ,LADDER                                            ,         5,MFI-PIGGERY                   ,PIGGERY-MAINTENANCE                               ,FAACQ               
0079-0006461000001       ,AIRCON FP CONDURA 2.5HP                                     ,     58498.00,08/29/2020,MACH. & EQPT.       ,AIRCON                                            ,         5,MFI-PIGGERY UNTAGA            ,PIGGERY UNTAGA-MAIN ADMIN                         ,FAACQ               
0079-0006461100001       ,AIRCON CS/CU PANASONIC 2.5HP                                ,     47998.00,08/29/2020,MACH. & EQPT.       ,AIRCON                                            ,         5,MFI-PIGGERY UNTAGA            ,PIGGERY UNTAGA-MAIN ADMIN                         ,FAACQ               
0079-0006461200001       ,AIRCON FP CARRIER 1.5 HP                                    ,     32598.00,08/29/2020,MACH. & EQPT.       ,AIRCON                                            ,         5,MFI-PIGGERY UNTAGA            ,PIGGERY UNTAGA-MAIN ADMIN                         ,FAACQ               
0079-0006461200002       ,AIRCON FP CARRIER 1.5 HP                                    ,     32598.00,08/29/2020,MACH. & EQPT.       ,AIRCON                                            ,         5,MFI-PIGGERY UNTAGA            ,PIGGERY UNTAGA-MAIN ADMIN                         ,FAACQ               
0070-0000620200001       ,M.T.S PANEL BOARD 3 PHASE 250A SQUARED E                    ,     21143.44,09/08/2020,ELEC. INTS. & EQPT. ,PANEL BOARD                                       ,         5,MFI-PIGGERY                   ,PIGGERY-ENGINEERING                               ,FAACQ               
0070-0000620200002       ,M.T.S PANEL BOARD 3 PHASE 250A SQUARED E                    ,     21143.44,09/08/2020,ELEC. INTS. & EQPT. ,PANEL BOARD                                       ,         5,MFI-PIGGERY                   ,PIGGERY-ENGINEERING                               ,FAACQ               
0070-0001210100001       ,WOODEN COUNTER W/ SS TOP 60X3.5X.80M                        ,     37707.99,09/15/2020,FUR. & FIXT.        ,COUNTER                                           ,         3,MFI-PIGGERY UNTAGA            ,PIGGERY UNTAGA-MAIN ADMIN                         ,FA_TRAN             
0070-0001210100002       ,WOODEN COUNTER W/ SS TOP 60X3.5X.80M                        ,     37707.99,09/15/2020,FUR. & FIXT.        ,COUNTER                                           ,         3,MFI-PIGGERY UNTAGA            ,PIGGERY UNTAGA-MAIN ADMIN                         ,FA_TRAN             
0070-0000435000001       ,WOODEN LOCKER CABNET                                        ,     10199.46,09/15/2020,FUR. & FIXT.        ,LOCKER                                            ,        10,GROWOUT-LOMANGOG              ,GROWOUT LOMANGOG ADMIN                            ,FA_TRAN             
0070-0000435000002       ,WOODEN LOCKER CABNET                                        ,     10199.46,09/15/2020,FUR. & FIXT.        ,LOCKER                                            ,        10,GROWOUT-LOMANGOG              ,GROWOUT LOMANGOG ADMIN                            ,FA_TRAN             
0070-0000435000003       ,WOODEN LOCKER CABNET                                        ,     10199.46,09/15/2020,FUR. & FIXT.        ,LOCKER                                            ,        10,GROWOUT-LOMANGOG              ,GROWOUT LOMANGOG ADMIN                            ,FA_TRAN             
0070-0000435000004       ,WOODEN LOCKER CABNET                                        ,     10199.46,09/15/2020,FUR. & FIXT.        ,LOCKER                                            ,        10,GROWOUT-LOMANGOG              ,GROWOUT LOMANGOG ADMIN                            ,FA_TRAN             
0070-0000435000005       ,WOODEN LOCKER CABNET                                        ,     10199.46,09/15/2020,FUR. & FIXT.        ,LOCKER                                            ,        10,GROWOUT-LOMANGOG              ,GROWOUT LOMANGOG ADMIN                            ,FA_TRAN             
0070-0000435000006       ,WOODEN LOCKER CABNET                                        ,     10199.46,09/15/2020,FUR. & FIXT.        ,LOCKER                                            ,        10,GROWOUT-LOMANGOG              ,GROWOUT LOMANGOG ADMIN                            ,FA_TRAN             
0070-0000435000007       ,WOODEN LOCKER CABNET                                        ,     10199.46,09/15/2020,FUR. & FIXT.        ,LOCKER                                            ,        10,GROWOUT-LOMANGOG              ,GROWOUT LOMANGOG ADMIN                            ,FA_TRAN             
0070-0000435000008       ,WOODEN LOCKER CABNET                                        ,     10199.46,09/15/2020,FUR. & FIXT.        ,LOCKER                                            ,        10,GROWOUT-LOMANGOG              ,GROWOUT LOMANGOG ADMIN                            ,FA_TRAN             
0070-0000435000009       ,WOODEN LOCKER CABNET                                        ,     10199.46,09/15/2020,FUR. & FIXT.        ,LOCKER                                            ,        10,GROWOUT-LOMANGOG              ,GROWOUT LOMANGOG ADMIN                            ,FA_TRAN             
0070-0000435000010       ,WOODEN LOCKER CABNET                                        ,     10199.46,09/15/2020,FUR. & FIXT.        ,LOCKER                                            ,        10,GROWOUT-LOMANGOG              ,GROWOUT LOMANGOG ADMIN                            ,FA_TRAN             
0070-0001213300001       ,DOUBLE DECK                                                 ,      6000.00,09/15/2020,FUR. & FIXT.        ,BED                                               ,         5,GROWOUT-LOMANGOG              ,GROWOUT LOMANGOG ADMIN                            ,FA_TRAN             
0070-0001213300002       ,DOUBLE DECK                                                 ,      6000.00,09/15/2020,FUR. & FIXT.        ,BED                                               ,         5,GROWOUT-LOMANGOG              ,GROWOUT LOMANGOG ADMIN                            ,FA_TRAN             
0070-0001213300003       ,DOUBLE DECK                                                 ,      6000.00,09/15/2020,FUR. & FIXT.        ,BED                                               ,         5,GROWOUT-LOMANGOG              ,GROWOUT LOMANGOG ADMIN                            ,FA_TRAN             
0070-0001213300004       ,DOUBLE DECK                                                 ,      6000.00,09/15/2020,FUR. & FIXT.        ,BED                                               ,         5,GROWOUT-LOMANGOG              ,GROWOUT LOMANGOG ADMIN                            ,FA_TRAN             
0070-0001213300005       ,DOUBLE DECK                                                 ,      6000.00,09/15/2020,FUR. & FIXT.        ,BED                                               ,         5,GROWOUT-LOMANGOG              ,GROWOUT LOMANGOG ADMIN                            ,FA_TRAN             
0070-0001213300006       ,DOUBLE DECK                                                 ,      6000.00,09/15/2020,FUR. & FIXT.        ,BED                                               ,         5,GROWOUT-LOMANGOG              ,GROWOUT LOMANGOG ADMIN                            ,FA_TRAN             
0070-0001213300007       ,DOUBLE DECK                                                 ,      6000.00,09/15/2020,FUR. & FIXT.        ,BED                                               ,         5,GROWOUT-LOMANGOG              ,GROWOUT LOMANGOG ADMIN                            ,FA_TRAN             
0070-0001213300008       ,DOUBLE DECK                                                 ,      6000.00,09/15/2020,FUR. & FIXT.        ,BED                                               ,         5,GROWOUT-LOMANGOG              ,GROWOUT LOMANGOG ADMIN                            ,FA_TRAN             
0070-0001213300009       ,DOUBLE DECK                                                 ,      6000.00,09/15/2020,FUR. & FIXT.        ,BED                                               ,         5,GROWOUT-LOMANGOG              ,GROWOUT LOMANGOG ADMIN                            ,FA_TRAN             
0070-0001213300010       ,DOUBLE DECK                                                 ,      6000.00,09/15/2020,FUR. & FIXT.        ,BED                                               ,         5,GROWOUT-LOMANGOG              ,GROWOUT LOMANGOG ADMIN                            ,FA_TRAN             
0079-0003200000004       ,GRINDER MAKITA                                              ,      2999.00,09/11/2020,MACH. & EQPT.       ,GRINDER                                           ,        10,MFI-PIGGERY UNTAGA            ,PIGGERY UNTAGA-MAIN ADMIN                         ,FAACQ               
0070-0001167100001       ,SMART MANAGED SWITCH                                        ,     19700.00,09/14/2020,OFF. EQPT.          ,SWITCH                                            ,         3,MFI-PIGGERY                   ,PIGGERY-MAIN ADMIN                                ,FAACQ               
0079-0000808500001       ,HONDA XRM STANDARD                                          ,     63000.00,08/26/2020,TRNS. EQPT.         ,MOTORCYCLE-BRAND NEW                              ,         7,MFI-PIGGERY UNTAGA            ,PIGGERY UNTAGA-MAIN ADMIN                         ,FAACQ               
0079-0000808500002       ,HONDA XRM STANDARD                                          ,     63000.00,08/26/2020,TRNS. EQPT.         ,MOTORCYCLE-BRAND NEW                              ,         7,MFI-PIGGERY UNTAGA            ,PIGGERY UNTAGA-MAIN ADMIN                         ,FAACQ               
0079-0000808500003       ,HONDA XRM STANDARD                                          ,     63000.00,08/26/2020,TRNS. EQPT.         ,MOTORCYCLE-BRAND NEW                              ,         7,MFI-PIGGERY UNTAGA            ,PIGGERY UNTAGA-MAIN ADMIN                         ,FAACQ               
0079-0000808500004       ,HONDA XRM STANDARD                                          ,     63000.00,08/26/2020,TRNS. EQPT.         ,MOTORCYCLE-BRAND NEW                              ,         7,MFI-PIGGERY UNTAGA            ,PIGGERY UNTAGA-MAIN ADMIN                         ,FAACQ               
0079-0004995500001       ,MTS PANEL                                                   ,     46000.00,09/16/2020,ELEC. INTS. & EQPT. ,PANEL BOARD                                       ,         5,MFI-PIGGERY UNTAGA            ,PIGGERY UNTAGA-MAIN ADMIN                         ,FAACQ               
0079-0006352500001       ,SEMEN STORAGE                                               ,     20000.00,09/01/2020,PROD. EQPT.         ,STORAGE                                           ,         5,MFI-PIGGERY UNTAGA            ,PIGGERY UNTAGA-FIXED ASSET DEPARTMENT             ,FAACQ               
0079-0006352500002       ,SEMEN STORAGE                                               ,     20000.00,09/01/2020,PROD. EQPT.         ,STORAGE                                           ,         5,MFI-PIGGERY UNTAGA            ,PIGGERY UNTAGA-FIXED ASSET DEPARTMENT             ,FAACQ               
0070-0005648500001       ,D-LINK SWITCH DIR-809 WIRELESS AC750                        ,      2300.00,06/26/2020,OFF. EQPT.          ,ROUTER                                            ,         5,MFI-PIGGERY                   ,PIGGERY-MARCELA POWERPLANT                        ,FAACQ               
0070-0003456900001       ,GRASS CUTTER                                                ,     18559.75,09/21/2020,STR. EQPT.          ,OTHERS                                            ,         3,MFI-PIGGERY                   ,PIGGERY-MAINTENANCE WAREHOUSE                     ,FAACQ               
0070-0003456900002       ,GRASS CUTTER                                                ,     18559.75,09/21/2020,STR. EQPT.          ,OTHERS                                            ,         3,MFI-PIGGERY                   ,PIGGERY-MAINTENANCE WAREHOUSE                     ,FAACQ               
0070-0003456900003       ,GRASS CUTTER                                                ,     18559.75,09/21/2020,STR. EQPT.          ,OTHERS                                            ,         3,MFI-PIGGERY                   ,PIGGERY-MAINTENANCE WAREHOUSE                     ,FAACQ               
0070-0006469200001       ,AGC-T-239 20FTR CHASSIS# CTS-2019-R070259-C                 ,    450000.00,09/03/2020,TRNS. EQPT.         ,TRAILER                                           ,        15,MFI-PIGGERY                   ,PIGGERY-LOGISTICS                                 ,FAACQ               
0070-0006469200002       ,AGC-T-240 20FTR CHASSIS# CTS-2020-R070341-C                 ,    450000.00,09/04/2020,TRNS. EQPT.         ,TRAILER                                           ,        15,MFI-PIGGERY                   ,PIGGERY-LOGISTICS                                 ,FAACQ               
0070-0006469200003       ,AGC-T-241 20FTR CHASSIS# CTS-2020-R070340-C                 ,    450000.00,09/04/2020,TRNS. EQPT.         ,TRAILER                                           ,        15,MFI-PIGGERY                   ,PIGGERY-LOGISTICS                                 ,FAACQ               
0070-0006469200004       ,AGC-T-242 20FTR CHASSIS# CTS-2020-R070342-C                 ,    450000.00,09/05/2020,TRNS. EQPT.         ,TRAILER                                           ,        15,MFI-PIGGERY                   ,PIGGERY-LOGISTICS                                 ,FAACQ               
0079-0006432200001       ,20 FOOTER SKELETAL TRAILER STRAIGHT TYPE                    ,    450000.00,08/19/2020,TRNS. EQPT.         ,TRAILER                                           ,        15,MFI-PIGGERY UNTAGA            ,PIGGERY UNTAGA-MAIN ADMIN                         ,FAACQ               
0079-0006432200002       ,20 FOOTER SKELETAL TRAILER STRAIGHT TYPE                    ,    450000.00,08/19/2020,TRNS. EQPT.         ,TRAILER                                           ,        15,MFI-PIGGERY UNTAGA            ,PIGGERY UNTAGA-MAIN ADMIN                         ,FAACQ               
0079-0006432200003       ,20 FOOTER SKELETAL TRAILER STRAIGHT TYPE                    ,    450000.00,08/19/2020,TRNS. EQPT.         ,TRAILER                                           ,        15,MFI-PIGGERY UNTAGA            ,PIGGERY UNTAGA-MAIN ADMIN                         ,FAACQ               
0079-0006432200004       ,20 FOOTER SKELETAL TRAILER STRAIGHT TYPE                    ,    450000.00,08/19/2020,TRNS. EQPT.         ,TRAILER                                           ,        15,MFI-PIGGERY UNTAGA            ,PIGGERY UNTAGA-MAIN ADMIN                         ,FAACQ               
0079-0006432200005       ,20 FOOTER SKELETAL TRAILER STRAIGHT TYPE                    ,    450000.00,08/19/2020,TRNS. EQPT.         ,TRAILER                                           ,        15,MFI-PIGGERY UNTAGA            ,PIGGERY UNTAGA-MAIN ADMIN                         ,FAACQ               
0079-0006432200006       ,20 FOOTER SKELETAL TRAILER STRAIGHT TYPE                    ,    450000.00,08/19/2020,TRNS. EQPT.         ,TRAILER                                           ,        15,MFI-PIGGERY UNTAGA            ,PIGGERY UNTAGA-MAIN ADMIN                         ,FAACQ               
0070-0005078300003       ,FRANKLIN ELECTRIC SUBMERSIBLE MOTOR                         ,     40725.00,10/01/2020,MACH. & EQPT.       ,MOTOR                                             ,         3,MFI-PIGGERY                   ,PIGGERY-MAINTENANCE WAREHOUSE                     ,FAACQ               
0070-0005078300004       ,FRANKLIN ELECTRIC SUBMERSIBLE MOTOR                         ,     40725.00,10/01/2020,MACH. & EQPT.       ,MOTOR                                             ,         3,MFI-PIGGERY                   ,PIGGERY-MAINTENANCE WAREHOUSE                     ,FAACQ               
0070-0005078400003       ,GOULDS SUBMERSIBLE PUMP MODEL -45GS50                       ,     22000.00,10/01/2020,MACH. & EQPT.       ,PUMP                                              ,         4,MFI-PIGGERY                   ,PIGGERY-MAINTENANCE WAREHOUSE                     ,FAACQ               
0070-0005078400004       ,GOULDS SUBMERSIBLE PUMP MODEL -45GS50                       ,     22000.00,10/01/2020,MACH. & EQPT.       ,PUMP                                              ,         4,MFI-PIGGERY                   ,PIGGERY-MAINTENANCE WAREHOUSE                     ,FAACQ               
0079-0004105700001       ,ELECTRIC DRILL LOTUS                                        ,      2956.00,09/25/2020,TOOLS               ,DRILL                                             ,         3,MFI-PIGGERY UNTAGA            ,PIGGERY UNTAGA-MAIN ADMIN                         ,FAACQ               
0079-0001400500001       ,EBARA NON-CLOG SUBMERSIBLE SEWAGE/SLUDGE                    ,     42000.00,10/06/2020,MACH. & EQPT.       ,PUMP                                              ,         4,MFI-PIGGERY UNTAGA            ,PIGGERY UNTAGA-MAIN ADMIN                         ,FAACQ               
0079-0001400500002       ,EBARA NON-CLOG SUBMERSIBLE SEWAGE/SLUDGE                    ,     42000.00,10/06/2020,MACH. & EQPT.       ,PUMP                                              ,         4,MFI-PIGGERY UNTAGA            ,PIGGERY UNTAGA-MAIN ADMIN                         ,FAACQ               
0079-0006388500001       ,"SANWA CLAMP METER DCL 1200R,TRUE RMS                        ",     10615.00,09/26/2020,TOOLS               ,CLAMP  METER                                      ,         3,MFI-PIGGERY UNTAGA            ,PIGGERY UNTAGA-MAIN ADMIN                         ,FAACQ               
0079-0006315400001       ,PROVISION OF MATERIALS LABOR ENGINEERING                    ,    575000.00,10/07/2020,ELEC. INTS. & EQPT. ,PUMP                                              ,         4,MFI-PIGGERY UNTAGA            ,PIGGERY UNTAGA-MAIN ADMIN                         ,FAACQ               
0026-0004542300012       ,CISCO IP PHONE 7821                                         ,      6000.00,07/16/2020,OFF. EQPT.          ,TELEPHONE                                         ,         3,MFI-PIGGERY                   ,PIGGERY-MAIN ADMIN                                ,FA_TRAN             
0070-0005888700002       ,1TB SEAGATE ST1000DM003/DM010 INTERNAL                      ,      2350.00,10/09/2020,OFF. EQPT.          ,HARD DISK DRIVE                                   ,         3,MFI-PIGGERY                   ,PIGGERY-GROWING                                   ,FAACQ               
0079-0006284800001       ,4TB HDD                                                     ,      7500.00,10/09/2020,OFF. EQPT.          ,HARD DISK                                         ,         2,MFI-PIGGERY UNTAGA            ,PIGGERY UNTAGA-MAIN ADMIN                         ,FAACQ               
0079-0006284800002       ,4TB HDD                                                     ,      7500.00,10/09/2020,OFF. EQPT.          ,HARD DISK                                         ,         2,MFI-PIGGERY UNTAGA            ,PIGGERY UNTAGA-MAIN ADMIN                         ,FAACQ               
0079-0006284800003       ,4TB HDD                                                     ,      7500.00,10/09/2020,OFF. EQPT.          ,HARD DISK                                         ,         2,MFI-PIGGERY UNTAGA            ,PIGGERY UNTAGA-MAIN ADMIN                         ,FAACQ               
0079-0006284800004       ,4TB HDD                                                     ,      7500.00,10/09/2020,OFF. EQPT.          ,HARD DISK                                         ,         2,MFI-PIGGERY UNTAGA            ,PIGGERY UNTAGA-MAIN ADMIN                         ,FAACQ               
0079-0006413500001       ,WALL MOUNTED DATA CABINET 1.5FT                             ,     10250.00,10/09/2020,FUR. & FIXT.        ,CABINET                                           ,        10,MFI-PIGGERY UNTAGA            ,PIGGERY UNTAGA-MAIN ADMIN                         ,FAACQ               
0079-0006413500002       ,WALL MOUNTED DATA CABINET 1.5FT                             ,     10250.00,10/09/2020,FUR. & FIXT.        ,CABINET                                           ,        10,MFI-PIGGERY UNTAGA            ,PIGGERY UNTAGA-MAIN ADMIN                         ,FAACQ               
0079-0006413500003       ,WALL MOUNTED DATA CABINET 1.5FT                             ,     10250.00,10/09/2020,FUR. & FIXT.        ,CABINET                                           ,        10,MFI-PIGGERY UNTAGA            ,PIGGERY UNTAGA-MAIN ADMIN                         ,FAACQ               
0079-0006413500004       ,WALL MOUNTED DATA CABINET 1.5FT                             ,     10250.00,10/09/2020,FUR. & FIXT.        ,CABINET                                           ,        10,MFI-PIGGERY UNTAGA            ,PIGGERY UNTAGA-MAIN ADMIN                         ,FAACQ               
0079-0006413600001       ,BULLET TYPE CAMERA HIKVISION IP 2MP                         ,      2200.00,10/09/2020,BLDG. IMPVT.        ,CCTV                                              ,         3,MFI-PIGGERY UNTAGA            ,PIGGERY UNTAGA-MAIN ADMIN                         ,FAACQ               
0079-0006413600002       ,BULLET TYPE CAMERA HIKVISION IP 2MP                         ,      2200.00,10/09/2020,BLDG. IMPVT.        ,CCTV                                              ,         3,MFI-PIGGERY UNTAGA            ,PIGGERY UNTAGA-MAIN ADMIN                         ,FAACQ               
0079-0006413600003       ,BULLET TYPE CAMERA HIKVISION IP 2MP                         ,      2200.00,10/09/2020,BLDG. IMPVT.        ,CCTV                                              ,         3,MFI-PIGGERY UNTAGA            ,PIGGERY UNTAGA-MAIN ADMIN                         ,FAACQ               
0079-0006413600004       ,BULLET TYPE CAMERA HIKVISION IP 2MP                         ,      2200.00,10/09/2020,BLDG. IMPVT.        ,CCTV                                              ,         3,MFI-PIGGERY UNTAGA            ,PIGGERY UNTAGA-MAIN ADMIN                         ,FAACQ               
0079-0006413600005       ,BULLET TYPE CAMERA HIKVISION IP 2MP                         ,      2200.00,10/09/2020,BLDG. IMPVT.        ,CCTV                                              ,         3,MFI-PIGGERY UNTAGA            ,PIGGERY UNTAGA-MAIN ADMIN                         ,FAACQ               
0079-0006413600006       ,BULLET TYPE CAMERA HIKVISION IP 2MP                         ,      2200.00,10/09/2020,BLDG. IMPVT.        ,CCTV                                              ,         3,MFI-PIGGERY UNTAGA            ,PIGGERY UNTAGA-MAIN ADMIN                         ,FAACQ               
0079-0006413600007       ,BULLET TYPE CAMERA HIKVISION IP 2MP                         ,      2200.00,10/09/2020,BLDG. IMPVT.        ,CCTV                                              ,         3,MFI-PIGGERY UNTAGA            ,PIGGERY UNTAGA-MAIN ADMIN                         ,FAACQ               
0079-0006413600008       ,BULLET TYPE CAMERA HIKVISION IP 2MP                         ,      2200.00,10/09/2020,BLDG. IMPVT.        ,CCTV                                              ,         3,MFI-PIGGERY UNTAGA            ,PIGGERY UNTAGA-MAIN ADMIN                         ,FAACQ               
0079-0006413600009       ,BULLET TYPE CAMERA HIKVISION IP 2MP                         ,      2200.00,10/09/2020,BLDG. IMPVT.        ,CCTV                                              ,         3,MFI-PIGGERY UNTAGA            ,PIGGERY UNTAGA-MAIN ADMIN                         ,FAACQ               
0079-0006413600010       ,BULLET TYPE CAMERA HIKVISION IP 2MP                         ,      2200.00,10/09/2020,BLDG. IMPVT.        ,CCTV                                              ,         3,MFI-PIGGERY UNTAGA            ,PIGGERY UNTAGA-MAIN ADMIN                         ,FAACQ               
0079-0006413600011       ,BULLET TYPE CAMERA HIKVISION IP 2MP                         ,      2200.00,10/09/2020,BLDG. IMPVT.        ,CCTV                                              ,         3,MFI-PIGGERY UNTAGA            ,PIGGERY UNTAGA-MAIN ADMIN                         ,FAACQ               
0079-0006413600012       ,BULLET TYPE CAMERA HIKVISION IP 2MP                         ,      2200.00,10/09/2020,BLDG. IMPVT.        ,CCTV                                              ,         3,MFI-PIGGERY UNTAGA            ,PIGGERY UNTAGA-MAIN ADMIN                         ,FAACQ               
0079-0006413600013       ,BULLET TYPE CAMERA HIKVISION IP 2MP                         ,      2200.00,10/09/2020,BLDG. IMPVT.        ,CCTV                                              ,         3,MFI-PIGGERY UNTAGA            ,PIGGERY UNTAGA-MAIN ADMIN                         ,FAACQ               
0079-0006413600014       ,BULLET TYPE CAMERA HIKVISION IP 2MP                         ,      2200.00,10/09/2020,BLDG. IMPVT.        ,CCTV                                              ,         3,MFI-PIGGERY UNTAGA            ,PIGGERY UNTAGA-MAIN ADMIN                         ,FAACQ               
0079-0006413600015       ,BULLET TYPE CAMERA HIKVISION IP 2MP                         ,      2200.00,10/09/2020,BLDG. IMPVT.        ,CCTV                                              ,         3,MFI-PIGGERY UNTAGA            ,PIGGERY UNTAGA-MAIN ADMIN                         ,FAACQ               
0079-0006413600016       ,BULLET TYPE CAMERA HIKVISION IP 2MP                         ,      2200.00,10/09/2020,BLDG. IMPVT.        ,CCTV                                              ,         3,MFI-PIGGERY UNTAGA            ,PIGGERY UNTAGA-MAIN ADMIN                         ,FAACQ               
0079-0006413700001       ,DOME TYPE CAMERA HIKVISION IP 2MP                           ,      2300.00,10/09/2020,BLDG. IMPVT.        ,CCTV                                              ,         3,MFI-PIGGERY UNTAGA            ,PIGGERY UNTAGA-MAIN ADMIN                         ,FAACQ               
0079-0006413700002       ,DOME TYPE CAMERA HIKVISION IP 2MP                           ,      2300.00,10/09/2020,BLDG. IMPVT.        ,CCTV                                              ,         3,MFI-PIGGERY UNTAGA            ,PIGGERY UNTAGA-MAIN ADMIN                         ,FAACQ               
0079-0006413700003       ,DOME TYPE CAMERA HIKVISION IP 2MP                           ,      2300.00,10/09/2020,BLDG. IMPVT.        ,CCTV                                              ,         3,MFI-PIGGERY UNTAGA            ,PIGGERY UNTAGA-MAIN ADMIN                         ,FAACQ               
0079-0006413700004       ,DOME TYPE CAMERA HIKVISION IP 2MP                           ,      2300.00,10/09/2020,BLDG. IMPVT.        ,CCTV                                              ,         3,MFI-PIGGERY UNTAGA            ,PIGGERY UNTAGA-MAIN ADMIN                         ,FAACQ               
0079-0006413700005       ,DOME TYPE CAMERA HIKVISION IP 2MP                           ,      2300.00,10/09/2020,BLDG. IMPVT.        ,CCTV                                              ,         3,MFI-PIGGERY UNTAGA            ,PIGGERY UNTAGA-MAIN ADMIN                         ,FAACQ               
0079-0006413700006       ,DOME TYPE CAMERA HIKVISION IP 2MP                           ,      2300.00,10/09/2020,BLDG. IMPVT.        ,CCTV                                              ,         3,MFI-PIGGERY UNTAGA            ,PIGGERY UNTAGA-MAIN ADMIN                         ,FAACQ               
0079-0006413700007       ,DOME TYPE CAMERA HIKVISION IP 2MP                           ,      2300.00,10/09/2020,BLDG. IMPVT.        ,CCTV                                              ,         3,MFI-PIGGERY UNTAGA            ,PIGGERY UNTAGA-MAIN ADMIN                         ,FAACQ               
0079-0006413700008       ,DOME TYPE CAMERA HIKVISION IP 2MP                           ,      2300.00,10/09/2020,BLDG. IMPVT.        ,CCTV                                              ,         3,MFI-PIGGERY UNTAGA            ,PIGGERY UNTAGA-MAIN ADMIN                         ,FAACQ               
0079-0006413700009       ,DOME TYPE CAMERA HIKVISION IP 2MP                           ,      2300.00,10/09/2020,BLDG. IMPVT.        ,CCTV                                              ,         3,MFI-PIGGERY UNTAGA            ,PIGGERY UNTAGA-MAIN ADMIN                         ,FAACQ               
0079-0006413700010       ,DOME TYPE CAMERA HIKVISION IP 2MP                           ,      2300.00,10/09/2020,BLDG. IMPVT.        ,CCTV                                              ,         3,MFI-PIGGERY UNTAGA            ,PIGGERY UNTAGA-MAIN ADMIN                         ,FAACQ               
0079-0006413700011       ,DOME TYPE CAMERA HIKVISION IP 2MP                           ,      2300.00,10/09/2020,BLDG. IMPVT.        ,CCTV                                              ,         3,MFI-PIGGERY UNTAGA            ,PIGGERY UNTAGA-MAIN ADMIN                         ,FAACQ               
0079-0006413700012       ,DOME TYPE CAMERA HIKVISION IP 2MP                           ,      2300.00,10/09/2020,BLDG. IMPVT.        ,CCTV                                              ,         3,MFI-PIGGERY UNTAGA            ,PIGGERY UNTAGA-MAIN ADMIN                         ,FAACQ               
0079-0006413700013       ,DOME TYPE CAMERA HIKVISION IP 2MP                           ,      2300.00,10/09/2020,BLDG. IMPVT.        ,CCTV                                              ,         3,MFI-PIGGERY UNTAGA            ,PIGGERY UNTAGA-MAIN ADMIN                         ,FAACQ               
0079-0006413700014       ,DOME TYPE CAMERA HIKVISION IP 2MP                           ,      2300.00,10/09/2020,BLDG. IMPVT.        ,CCTV                                              ,         3,MFI-PIGGERY UNTAGA            ,PIGGERY UNTAGA-MAIN ADMIN                         ,FAACQ               
0079-0006413700015       ,DOME TYPE CAMERA HIKVISION IP 2MP                           ,      2300.00,10/09/2020,BLDG. IMPVT.        ,CCTV                                              ,         3,MFI-PIGGERY UNTAGA            ,PIGGERY UNTAGA-MAIN ADMIN                         ,FAACQ               
0079-0006413700016       ,DOME TYPE CAMERA HIKVISION IP 2MP                           ,      2300.00,10/09/2020,BLDG. IMPVT.        ,CCTV                                              ,         3,MFI-PIGGERY UNTAGA            ,PIGGERY UNTAGA-MAIN ADMIN                         ,FAACQ               
0079-0006413900001       ,POE SWITCH 24 PORTS (HIKVISION)                             ,     11500.00,10/09/2020,OFF. EQPT.          ,NETWORK SWITCH                                    ,         3,MFI-PIGGERY UNTAGA            ,PIGGERY UNTAGA-MAIN ADMIN                         ,FAACQ               
0079-0006413900002       ,POE SWITCH 24 PORTS (HIKVISION)                             ,     11500.00,10/09/2020,OFF. EQPT.          ,NETWORK SWITCH                                    ,         3,MFI-PIGGERY UNTAGA            ,PIGGERY UNTAGA-MAIN ADMIN                         ,FAACQ               
0070-0006461600001       ,HOG VAN 20 FT                                               ,    180000.00,09/17/2020,TRNS. EQPT.         ,VEHICLE                                           ,        10,MFI-PIGGERY                   ,PIGGERY-LOGISTICS                                 ,FAACQ               
0070-0006461600002       ,HOG VAN 20 FT                                               ,    180000.00,10/12/2020,TRNS. EQPT.         ,VEHICLE                                           ,        10,MFI-PIGGERY                   ,PIGGERY-LOGISTICS                                 ,FAACQ               
0070-0006461600003       ,HOG VAN 20 FT                                               ,    180000.00,10/02/2020,TRNS. EQPT.         ,VEHICLE                                           ,        10,MFI-PIGGERY                   ,PIGGERY-LOGISTICS                                 ,FAACQ               
0070-0006461600004       ,HOG VAN 20 FT                                               ,    180000.00,10/10/2020,TRNS. EQPT.         ,VEHICLE                                           ,        10,MFI-PIGGERY                   ,PIGGERY-LOGISTICS                                 ,FAACQ               
0070-0006424200021       ,ELECTRIC MAGNETIC CONTACTOR SCHNEIDER LC                    ,      2548.40,10/14/2020,ELEC. INTS. & EQPT. ,CONTACTOR TIMER                                   ,         3,MFI-PIGGERY                   ,PIGGERY-ENGINEERING                               ,FAACQ               
0070-0006424200022       ,ELECTRIC MAGNETIC CONTACTOR SCHNEIDER LC                    ,      2548.40,10/14/2020,ELEC. INTS. & EQPT. ,CONTACTOR TIMER                                   ,         3,MFI-PIGGERY                   ,PIGGERY-ENGINEERING                               ,FAACQ               
0070-0006424200023       ,ELECTRIC MAGNETIC CONTACTOR SCHNEIDER LC                    ,      2548.40,10/14/2020,ELEC. INTS. & EQPT. ,CONTACTOR TIMER                                   ,         3,MFI-PIGGERY                   ,PIGGERY-ENGINEERING                               ,FAACQ               
0070-0006424200024       ,ELECTRIC MAGNETIC CONTACTOR SCHNEIDER LC                    ,      2548.40,10/14/2020,ELEC. INTS. & EQPT. ,CONTACTOR TIMER                                   ,         3,MFI-PIGGERY                   ,PIGGERY-ENGINEERING                               ,FAACQ               
0070-0006424200025       ,ELECTRIC MAGNETIC CONTACTOR SCHNEIDER LC                    ,      2548.40,10/14/2020,ELEC. INTS. & EQPT. ,CONTACTOR TIMER                                   ,         3,MFI-PIGGERY                   ,PIGGERY-ENGINEERING                               ,FAACQ               
0070-0006424200026       ,ELECTRIC MAGNETIC CONTACTOR SCHNEIDER LC                    ,      2548.40,10/14/2020,ELEC. INTS. & EQPT. ,CONTACTOR TIMER                                   ,         3,MFI-PIGGERY                   ,PIGGERY-ENGINEERING                               ,FAACQ               
0070-0006424200027       ,ELECTRIC MAGNETIC CONTACTOR SCHNEIDER LC                    ,      2548.40,10/14/2020,ELEC. INTS. & EQPT. ,CONTACTOR TIMER                                   ,         3,MFI-PIGGERY                   ,PIGGERY-ENGINEERING                               ,FAACQ               
0070-0006424200028       ,ELECTRIC MAGNETIC CONTACTOR SCHNEIDER LC                    ,      2548.40,10/14/2020,ELEC. INTS. & EQPT. ,CONTACTOR TIMER                                   ,         3,MFI-PIGGERY                   ,PIGGERY-ENGINEERING                               ,FAACQ               
0070-0006424200029       ,ELECTRIC MAGNETIC CONTACTOR SCHNEIDER LC                    ,      2548.40,10/14/2020,ELEC. INTS. & EQPT. ,CONTACTOR TIMER                                   ,         3,MFI-PIGGERY                   ,PIGGERY-ENGINEERING                               ,FAACQ               
0070-0006424200030       ,ELECTRIC MAGNETIC CONTACTOR SCHNEIDER LC                    ,      2548.40,10/14/2020,ELEC. INTS. & EQPT. ,CONTACTOR TIMER                                   ,         3,MFI-PIGGERY                   ,PIGGERY-ENGINEERING                               ,FAACQ               
0026-0004542300013       ,CISCO IP PHONE 7821                                         ,      6000.00,07/16/2020,OFF. EQPT.          ,TELEPHONE                                         ,         3,MARCELA FARMS INCORPORATED    ,MFI-LAPSAON BREEDER DIMIAO                        ,FA_TRAN             
0026-0004542300008       ,CISCO IP PHONE 7821                                         ,      6000.00,07/16/2020,OFF. EQPT.          ,TELEPHONE                                         ,         3,MFI-PIGGERY UNTAGA            ,PIGGERY UNTAGA-MAIN ADMIN                         ,FA_TRAN             
0026-0004542300009       ,CISCO IP PHONE 7821                                         ,      6000.00,07/16/2020,OFF. EQPT.          ,TELEPHONE                                         ,         3,MFI-PIGGERY UNTAGA            ,PIGGERY UNTAGA-MAIN ADMIN                         ,FA_TRAN             
0070-0006461600005       ,HOG VAN 20 FT                                               ,    180000.00,10/21/2020,TRNS. EQPT.         ,VEHICLE                                           ,        10,MFI-PIGGERY                   ,PIGGERY-LOGISTICS                                 ,FAACQ               
0079-0006472000001       ,DOSATRON D20S INJECTION RANGE                               ,    184000.00,10/21/2020,STR. EQPT.          ,OTHERS                                            ,         3,MFI-PIGGERY UNTAGA            ,PIGGERY UNTAGA-MAIN ADMIN                         ,FAACQ               
0079-0006472000002       ,DOSATRON D20S INJECTION RANGE                               ,    184000.00,10/21/2020,STR. EQPT.          ,OTHERS                                            ,         3,MFI-PIGGERY UNTAGA            ,PIGGERY UNTAGA-MAIN ADMIN                         ,FAACQ               
0085-0001664100001       ,GOULDS WATER PUMP 1.0HP SHALLOW (J10S)                      ,     18545.00,10/19/2020,MACH. & EQPT.       ,PUMP                                              ,         5,MFI-PIGGERY                   ,PIGGERY-MAINTENANCE                               ,FA_TRAN             
0079-0006488400001       ,D25+CARE                                                    ,     25000.00,10/21/2020,OTHERS              ,OTHERS                                            ,         1,MFI-PIGGERY UNTAGA            ,PIGGERY UNTAGA-MAIN ADMIN                         ,FAACQ               
0079-0006488400002       ,D25+CARE                                                    ,     25000.00,10/21/2020,OTHERS              ,OTHERS                                            ,         1,MFI-PIGGERY UNTAGA            ,PIGGERY UNTAGA-MAIN ADMIN                         ,FAACQ               
0079-0006488400003       ,D25+CARE                                                    ,     25000.00,10/21/2020,OTHERS              ,OTHERS                                            ,         1,MFI-PIGGERY UNTAGA            ,PIGGERY UNTAGA-MAIN ADMIN                         ,FAACQ               
0079-0006488400004       ,D25+CARE                                                    ,     25000.00,10/21/2020,OTHERS              ,OTHERS                                            ,         1,MFI-PIGGERY UNTAGA            ,PIGGERY UNTAGA-MAIN ADMIN                         ,FAACQ               
0079-0006488400005       ,D25+CARE                                                    ,     25000.00,10/21/2020,OTHERS              ,OTHERS                                            ,         1,MFI-PIGGERY UNTAGA            ,PIGGERY UNTAGA-MAIN ADMIN                         ,FAACQ               
0079-0006488400006       ,D25+CARE                                                    ,     25000.00,10/21/2020,OTHERS              ,OTHERS                                            ,         1,MFI-PIGGERY UNTAGA            ,PIGGERY UNTAGA-MAIN ADMIN                         ,FAACQ               
0079-0006488400007       ,D25+CARE                                                    ,     25000.00,10/21/2020,OTHERS              ,OTHERS                                            ,         1,MFI-PIGGERY UNTAGA            ,PIGGERY UNTAGA-MAIN ADMIN                         ,FAACQ               
0079-0006488400008       ,D25+CARE                                                    ,     25000.00,10/21/2020,OTHERS              ,OTHERS                                            ,         1,MFI-PIGGERY UNTAGA            ,PIGGERY UNTAGA-MAIN ADMIN                         ,FAACQ               
0079-0006488400009       ,D25+CARE                                                    ,     25000.00,10/21/2020,OTHERS              ,OTHERS                                            ,         1,MFI-PIGGERY UNTAGA            ,PIGGERY UNTAGA-MAIN ADMIN                         ,FAACQ               
0079-0006488400010       ,D25+CARE                                                    ,     25000.00,10/21/2020,OTHERS              ,OTHERS                                            ,         1,MFI-PIGGERY UNTAGA            ,PIGGERY UNTAGA-MAIN ADMIN                         ,FAACQ               
0079-0006488400011       ,D25+CARE                                                    ,     25000.00,10/21/2020,OTHERS              ,OTHERS                                            ,         1,MFI-PIGGERY UNTAGA            ,PIGGERY UNTAGA-MAIN ADMIN                         ,FAACQ               
0079-0006488400012       ,D25+CARE                                                    ,     25000.00,10/21/2020,OTHERS              ,OTHERS                                            ,         1,MFI-PIGGERY UNTAGA            ,PIGGERY UNTAGA-MAIN ADMIN                         ,FAACQ               
0070-0006296200002       ,FOAMING LANCE                                               ,      7256.00,10/22/2020,STR. EQPT.          ,SPRAYER                                           ,         2,MFI-PIGGERY                   ,PIGGERY-MAINTENANCE WAREHOUSE                     ,FAACQ               
0070-0006296200003       ,FOAMING LANCE                                               ,      7256.00,10/22/2020,STR. EQPT.          ,SPRAYER                                           ,         2,MFI-PIGGERY                   ,PIGGERY-MAINTENANCE WAREHOUSE                     ,FAACQ               
0070-0006296200004       ,FOAMING LANCE                                               ,      7256.00,10/22/2020,STR. EQPT.          ,SPRAYER                                           ,         2,MFI-PIGGERY                   ,PIGGERY-MAINTENANCE WAREHOUSE                     ,FAACQ               
0070-0006296200005       ,FOAMING LANCE                                               ,      7256.00,10/22/2020,STR. EQPT.          ,SPRAYER                                           ,         2,MFI-PIGGERY                   ,PIGGERY-MAINTENANCE WAREHOUSE                     ,FAACQ               
0070-0006296200006       ,FOAMING LANCE                                               ,      7256.00,10/22/2020,STR. EQPT.          ,SPRAYER                                           ,         2,MFI-PIGGERY                   ,PIGGERY-MAINTENANCE WAREHOUSE                     ,FAACQ               
0070-0004387500001       ,KARCHER PRESSURE WASHER                                     ,     60956.92,10/22/2020,MACH. & EQPT.       ,PRESSURE WASHER                                   ,         2,MFI-PIGGERY UNTAGA            ,PIGGERY UNTAGA-MAIN ADMIN                         ,FA_TRAN             
0070-0004387500002       ,KARCHER PRESSURE WASHER                                     ,     60956.92,10/22/2020,MACH. & EQPT.       ,PRESSURE WASHER                                   ,         2,MFI-PIGGERY UNTAGA            ,PIGGERY UNTAGA-MAIN ADMIN                         ,FA_TRAN             
0070-0004387500003       ,KARCHER PRESSURE WASHER                                     ,     60956.92,10/22/2020,MACH. & EQPT.       ,PRESSURE WASHER                                   ,         2,MFI-PIGGERY UNTAGA            ,PIGGERY UNTAGA-MAIN ADMIN                         ,FA_TRAN             
0070-0004387500004       ,KARCHER PRESSURE WASHER                                     ,     60956.92,10/22/2020,MACH. & EQPT.       ,PRESSURE WASHER                                   ,         2,MFI-PIGGERY UNTAGA            ,PIGGERY UNTAGA-MAIN ADMIN                         ,FA_TRAN             
0070-0004387500005       ,KARCHER PRESSURE WASHER                                     ,     60956.92,10/22/2020,MACH. & EQPT.       ,PRESSURE WASHER                                   ,         2,MFI-PIGGERY UNTAGA            ,PIGGERY UNTAGA-MAIN ADMIN                         ,FA_TRAN             
0070-0004387500006       ,KARCHER PRESSURE WASHER                                     ,     60956.92,10/22/2020,MACH. & EQPT.       ,PRESSURE WASHER                                   ,         2,MFI-PIGGERY UNTAGA            ,PIGGERY UNTAGA-MAIN ADMIN                         ,FA_TRAN             
0070-0004387500007       ,KARCHER PRESSURE WASHER                                     ,     60956.92,10/22/2020,MACH. & EQPT.       ,PRESSURE WASHER                                   ,         2,MFI-PIGGERY                   ,PIGGERY-MAINTENANCE WAREHOUSE                     ,FAACQ               
0070-0004387500008       ,KARCHER PRESSURE WASHER                                     ,     60956.92,10/22/2020,MACH. & EQPT.       ,PRESSURE WASHER                                   ,         2,MFI-PIGGERY                   ,PIGGERY-MAINTENANCE WAREHOUSE                     ,FAACQ               
0079-0006366000001       ,LONGTECH THREE LOBES ROOTS BLOWER LT-100                    ,    162321.49,10/22/2020,MACH. & EQPT.       ,MACHINE                                           ,         5,MFI-PIGGERY UNTAGA            ,PIGGERY UNTAGA-MAIN ADMIN                         ,FAACQ               
0079-0006366000002       ,LONGTECH THREE LOBES ROOTS BLOWER LT-100                    ,    162321.49,10/22/2020,MACH. & EQPT.       ,MACHINE                                           ,         5,MFI-PIGGERY UNTAGA            ,PIGGERY UNTAGA-MAIN ADMIN                         ,FAACQ               
0070-0006283800001       ,LONGTECH ROOTS BLOWER WITHOUT MOTOR MODE                    ,    109933.16,10/20/2020,MACH. & EQPT.       ,MACHINE                                           ,         3,MFI-PIGGERY                   ,PIGGERY-ENGINEERING                               ,FAACQ               
0070-0006311900001       ,GREENCO RING BLOWER 2RB410A21 SINGLE STA                    ,     30000.00,10/15/2020,STR. EQPT.          ,STORE EQUIPMENT                                   ,         3,MFI-PIGGERY                   ,PIGGERY-ENGINEERING                               ,FAACQ               
0079-0004262100001       ,MITS. FUSO FJ1823R CS#:H0A156 PL#:GAU-3653                  ,   2930000.00,10/28/2020,TRNS. EQPT.         ,VEHICLE                                           ,        10,MFI-PIGGERY                   ,PIGGERY-LOGISTICS                                 ,FA_TRAN             
0079-0006398400001       ,RUJIE ACCESS POINT                                          ,      6200.00,06/19/2020,OFF. EQPT.          ,NETWORK SWITCH                                    ,         3,MFI-PIGGERY UNTAGA            ,PIGGERY UNTAGA-MAIN ADMIN                         ,FAACQ               
0079-0004935000001       ,MITS. FUSO FJ2528R CS#:B4C796 PL#:GAU-3654                  ,   3350000.00,10/28/2020,TRNS. EQPT.         ,VEHICLE                                           ,        10,MFI-PIGGERY UNTAGA            ,PIGGERY UNTAGA-MAIN ADMIN                         ,FAACQ               
0079-0006437800001       ,MITS. L300 CS#:B7O253 PL#:GAT-7967                          ,    920000.00,10/28/2020,TRNS. EQPT.         ,VEHICLE                                           ,        10,MFI-PIGGERY UNTAGA            ,PIGGERY UNTAGA-MAIN ADMIN                         ,FAACQ               
0079-0006488400013       ,D25+CARE                                                    ,     25000.00,10/28/2020,OTHERS              ,OTHERS                                            ,         1,MFI-PIGGERY UNTAGA            ,PIGGERY UNTAGA-MAIN ADMIN                         ,FAACQ               
0079-0006488400014       ,D25+CARE                                                    ,     25000.00,10/28/2020,OTHERS              ,OTHERS                                            ,         1,MFI-PIGGERY UNTAGA            ,PIGGERY UNTAGA-MAIN ADMIN                         ,FAACQ               
0079-0006488400015       ,D25+CARE                                                    ,     25000.00,10/28/2020,OTHERS              ,OTHERS                                            ,         1,MFI-PIGGERY UNTAGA            ,PIGGERY UNTAGA-MAIN ADMIN                         ,FAACQ               
0079-0006488400016       ,D25+CARE                                                    ,     25000.00,10/28/2020,OTHERS              ,OTHERS                                            ,         1,MFI-PIGGERY UNTAGA            ,PIGGERY UNTAGA-MAIN ADMIN                         ,FAACQ               
0079-0006488400017       ,D25+CARE                                                    ,     25000.00,10/28/2020,OTHERS              ,OTHERS                                            ,         1,MFI-PIGGERY UNTAGA            ,PIGGERY UNTAGA-MAIN ADMIN                         ,FAACQ               
0079-0006488400018       ,D25+CARE                                                    ,     25000.00,10/28/2020,OTHERS              ,OTHERS                                            ,         1,MFI-PIGGERY UNTAGA            ,PIGGERY UNTAGA-MAIN ADMIN                         ,FAACQ               
0079-0006488400019       ,D25+CARE                                                    ,     25000.00,10/28/2020,OTHERS              ,OTHERS                                            ,         1,MFI-PIGGERY UNTAGA            ,PIGGERY UNTAGA-MAIN ADMIN                         ,FAACQ               
0079-0006488400020       ,D25+CARE                                                    ,     25000.00,10/28/2020,OTHERS              ,OTHERS                                            ,         1,MFI-PIGGERY UNTAGA            ,PIGGERY UNTAGA-MAIN ADMIN                         ,FAACQ               
0079-0006488400021       ,D25+CARE                                                    ,     25000.00,10/28/2020,OTHERS              ,OTHERS                                            ,         1,MFI-PIGGERY UNTAGA            ,PIGGERY UNTAGA-MAIN ADMIN                         ,FAACQ               
0079-0006488400022       ,D25+CARE                                                    ,     25000.00,10/28/2020,OTHERS              ,OTHERS                                            ,         1,MFI-PIGGERY UNTAGA            ,PIGGERY UNTAGA-MAIN ADMIN                         ,FAACQ               
0079-0006488400023       ,D25+CARE                                                    ,     25000.00,10/28/2020,OTHERS              ,OTHERS                                            ,         1,MFI-PIGGERY UNTAGA            ,PIGGERY UNTAGA-MAIN ADMIN                         ,FAACQ               
0079-0006488400024       ,D25+CARE                                                    ,     25000.00,10/28/2020,OTHERS              ,OTHERS                                            ,         1,MFI-PIGGERY UNTAGA            ,PIGGERY UNTAGA-MAIN ADMIN                         ,FAACQ               
0079-0006488400025       ,D25+CARE                                                    ,     25000.00,10/28/2020,OTHERS              ,OTHERS                                            ,         1,MFI-PIGGERY UNTAGA            ,PIGGERY UNTAGA-MAIN ADMIN                         ,FAACQ               
0079-0006488400026       ,D25+CARE                                                    ,     25000.00,10/28/2020,OTHERS              ,OTHERS                                            ,         1,MFI-PIGGERY UNTAGA            ,PIGGERY UNTAGA-MAIN ADMIN                         ,FAACQ               
0079-0006156100001       ,MITS. FUSO CANTER FE85 CS#:H0A757 PL#:GAT-6806              ,   1630000.00,10/28/2020,TRNS. EQPT.         ,VEHICLE                                           ,        10,MFI-PIGGERY                   ,PIGGERY-LOGISTICS                                 ,FA_TRAN             
0070-0006461600006       ,HOG VAN 20 FT                                               ,    180000.00,10/24/2020,TRNS. EQPT.         ,VEHICLE                                           ,        10,MFI-PIGGERY                   ,PIGGERY-LOGISTICS                                 ,FAACQ               
0070-0006461600007       ,HOG VAN 20 FT                                               ,    180000.00,11/02/2020,TRNS. EQPT.         ,VEHICLE                                           ,        10,MFI-PIGGERY                   ,PIGGERY-LOGISTICS                                 ,FAACQ               
0070-0003200100003       ,KNAPSACK SPRAYER TUNGHO                                     ,      2416.07,11/11/2020,STR. EQPT.          ,SPRAYER                                           ,         3,MFI-PIGGERY                   ,PIGGERY-MAINTENANCE WAREHOUSE                     ,FAACQ               
0070-0003200100004       ,KNAPSACK SPRAYER TUNGHO                                     ,      2416.07,11/11/2020,STR. EQPT.          ,SPRAYER                                           ,         3,MFI-PIGGERY                   ,PIGGERY-MAINTENANCE WAREHOUSE                     ,FAACQ               
0070-0003200100005       ,KNAPSACK SPRAYER TUNGHO                                     ,      2416.07,11/11/2020,STR. EQPT.          ,SPRAYER                                           ,         3,MFI-PIGGERY                   ,PIGGERY-MAINTENANCE WAREHOUSE                     ,FAACQ               
0070-0003200100006       ,KNAPSACK SPRAYER TUNGHO                                     ,      2416.07,11/11/2020,STR. EQPT.          ,SPRAYER                                           ,         3,MFI-PIGGERY                   ,PIGGERY-MAINTENANCE WAREHOUSE                     ,FAACQ               
0070-0003200100007       ,KNAPSACK SPRAYER TUNGHO                                     ,      2416.07,11/11/2020,STR. EQPT.          ,SPRAYER                                           ,         3,MFI-PIGGERY                   ,PIGGERY-MAINTENANCE WAREHOUSE                     ,FAACQ               
0070-0006485500001       ,GOULD SHALLOW PUMP 1HP J10S                                 ,     17166.01,11/12/2020,MACH. & EQPT.       ,PUMP                                              ,         4,MFI-PIGGERY                   ,PIGGERY-MAINTENANCE WAREHOUSE                     ,FAACQ               
0070-0006485600001       ,VAREM PRESSURE TANK 60L HORIZONTAL                          ,      8793.59,11/12/2020,MACH. & EQPT.       ,TANK                                              ,         5,MFI-PIGGERY                   ,PIGGERY-MAINTENANCE WAREHOUSE                     ,FAACQ               
0070-0006521700001       ,PUMP GOULDS 1.0 HP JIOS SHALLOW                             ,     18069.49,11/12/2020,MACH. & EQPT.       ,PUMP                                              ,         5,MFI-PIGGERY                   ,PIGGERY-MAINTENANCE WAREHOUSE                     ,FAACQ               
0070-0006521800001       ,BLADDER PRESSURE TANK VAREM 60L HORIZONT                    ,      9256.41,11/12/2020,MACH. & EQPT.       ,TANK                                              ,         5,MFI-PIGGERY                   ,PIGGERY-MAINTENANCE WAREHOUSE                     ,FAACQ               
0026-0004542300015       ,CISCO IP PHONE 7821                                         ,      6000.00,07/16/2020,OFF. EQPT.          ,TELEPHONE                                         ,         3,MFI-PIGGERY                   ,PIGGERY-MAIN ADMIN                                ,FA_TRAN             
0070-0002650900001       ,LED FLOOD LIGHT 100W                                        ,      2450.00,12/08/2020,STR. EQPT.          ,LIGHTING ACCESSORIES                              ,         3,MFI-PIGGERY                   ,PIGGERY-MAINTENANCE WAREHOUSE                     ,FAACQ               
0070-0002650900002       ,LED FLOOD LIGHT 100W                                        ,      2450.00,12/08/2020,STR. EQPT.          ,LIGHTING ACCESSORIES                              ,         3,MFI-PIGGERY                   ,PIGGERY-MAINTENANCE WAREHOUSE                     ,FAACQ               
0070-0002650900003       ,LED FLOOD LIGHT 100W                                        ,      2450.00,12/08/2020,STR. EQPT.          ,LIGHTING ACCESSORIES                              ,         3,MFI-PIGGERY                   ,PIGGERY-MAINTENANCE WAREHOUSE                     ,FAACQ               
0070-0002650900004       ,LED FLOOD LIGHT 100W                                        ,      2450.00,12/08/2020,STR. EQPT.          ,LIGHTING ACCESSORIES                              ,         3,MFI-PIGGERY                   ,PIGGERY-MAINTENANCE WAREHOUSE                     ,FAACQ               
0070-0002650900005       ,LED FLOOD LIGHT 100W                                        ,      2450.00,12/08/2020,STR. EQPT.          ,LIGHTING ACCESSORIES                              ,         3,MFI-PIGGERY                   ,PIGGERY-MAINTENANCE WAREHOUSE                     ,FAACQ               
0070-0002650900006       ,LED FLOOD LIGHT 100W                                        ,      2450.00,12/08/2020,STR. EQPT.          ,LIGHTING ACCESSORIES                              ,         3,MFI-PIGGERY                   ,PIGGERY-MAINTENANCE WAREHOUSE                     ,FAACQ               
0070-0002650900007       ,LED FLOOD LIGHT 100W                                        ,      2450.00,12/08/2020,STR. EQPT.          ,LIGHTING ACCESSORIES                              ,         3,MFI-PIGGERY                   ,PIGGERY-MAINTENANCE WAREHOUSE                     ,FAACQ               
0070-0002650900008       ,LED FLOOD LIGHT 100W                                        ,      2450.00,12/08/2020,STR. EQPT.          ,LIGHTING ACCESSORIES                              ,         3,MFI-PIGGERY                   ,PIGGERY-MAINTENANCE WAREHOUSE                     ,FAACQ               
0070-0002650900009       ,LED FLOOD LIGHT 100W                                        ,      2450.00,12/08/2020,STR. EQPT.          ,LIGHTING ACCESSORIES                              ,         3,MFI-PIGGERY                   ,PIGGERY-MAINTENANCE WAREHOUSE                     ,FAACQ               
0070-0002650900010       ,LED FLOOD LIGHT 100W                                        ,      2450.00,12/08/2020,STR. EQPT.          ,LIGHTING ACCESSORIES                              ,         3,MFI-PIGGERY                   ,PIGGERY-MAINTENANCE WAREHOUSE                     ,FAACQ               
0070-0002650900011       ,LED FLOOD LIGHT 100W                                        ,      2450.00,12/08/2020,STR. EQPT.          ,LIGHTING ACCESSORIES                              ,         3,MFI-PIGGERY                   ,PIGGERY-MAINTENANCE WAREHOUSE                     ,FAACQ               
0070-0002650900012       ,LED FLOOD LIGHT 100W                                        ,      2450.00,12/08/2020,STR. EQPT.          ,LIGHTING ACCESSORIES                              ,         3,MFI-PIGGERY                   ,PIGGERY-MAINTENANCE WAREHOUSE                     ,FAACQ               
0070-0002650900013       ,LED FLOOD LIGHT 100W                                        ,      2450.00,12/08/2020,STR. EQPT.          ,LIGHTING ACCESSORIES                              ,         3,MFI-PIGGERY                   ,PIGGERY-MAINTENANCE WAREHOUSE                     ,FAACQ               
0070-0002650900014       ,LED FLOOD LIGHT 100W                                        ,      2450.00,12/08/2020,STR. EQPT.          ,LIGHTING ACCESSORIES                              ,         3,MFI-PIGGERY                   ,PIGGERY-MAINTENANCE WAREHOUSE                     ,FAACQ               
0070-0002650900015       ,LED FLOOD LIGHT 100W                                        ,      2450.00,12/08/2020,STR. EQPT.          ,LIGHTING ACCESSORIES                              ,         3,MFI-PIGGERY                   ,PIGGERY-MAINTENANCE WAREHOUSE                     ,FAACQ               
0026-0001687200002       ,FILING CABINET 5 DRAWER                                     ,     10900.00,03/24/2020,FUR. & FIXT.        ,CABINET                                           ,         3,MFI-PIGGERY                   ,PIGGERY-SAFETY AND SECURITY DEPT.                 ,FA_TRAN             
0070-0006511500001       ,MITS. CANTER TANK LORRY TRUCK PL#:MAT-1903                  ,    850000.00,12/11/2020,TRNS. EQPT.         ,VEHICLE                                           ,        10,MFI-PIGGERY                   ,PIGGERY-LOGISTICS                                 ,FAACQ               
0070-0000014700001       ,PROCESSOR CORE 15                                           ,      9821.43,12/10/2020,OFF. EQPT.          ,PROCESSOR                                         ,         3,MFI-PIGGERY                   ,PIGGERY-MAIN ADMIN                                ,FAACQ               
0070-0000730700001       ,MONITOR LG                                                  ,      3035.71,12/10/2020,OFF. EQPT.          ,MONITOR                                           ,         3,MFI-PIGGERY                   ,PIGGERY-MAIN ADMIN                                ,FAACQ               
0070-0000941200001       ,GIGABYTE GA-H310M H2.0                                      ,      3125.00,12/10/2020,OFF. EQPT.          ,OFFICE SUPPLIES                                   ,         3,MFI-PIGGERY                   ,PIGGERY-MAIN ADMIN                                ,FAACQ               
0070-0006565100001       ,STOVE DOWEL BURNER W/ ACCESSORIES & REFILL                  ,      1427.68,12/01/2020,STR. EQPT.          ,BURNER                                            ,         5,MFI-PIGGERY                   ,PIGGERY-MAIN ADMIN                                ,FAACQ               
0070-0002312600001       ,CELLPHONE SAMSUNG B350E WHITE                               ,      1776.79,12/01/2020,OFF. EQPT.          ,CELLPHONE                                         ,         3,MFI-PIGGERY                   ,PIGGERY-GROWING                                   ,FAACQ               
0070-0002312500001       ,CELLPHONE SAMSUNG B350E BLUE                                ,      1776.79,12/01/2020,OFF. EQPT.          ,CELLPHONE                                         ,         3,MFI-PIGGERY                   ,PIGGERY-BREEDING                                  ,FAACQ               
0070-0004387500009       ,KARCHER PRESSURE WASHER                                     ,     54425.76,01/14/2021,MACH. & EQPT.       ,PRESSURE WASHER                                   ,         2,MFI-PIGGERY                   ,PIGGERY-MAINTENANCE WAREHOUSE                     ,FAACQ               
0070-0004387500010       ,KARCHER PRESSURE WASHER                                     ,     54425.76,01/14/2021,MACH. & EQPT.       ,PRESSURE WASHER                                   ,         2,MFI-PIGGERY                   ,PIGGERY-MAINTENANCE WAREHOUSE                     ,FAACQ               
0070-0004387500011       ,KARCHER PRESSURE WASHER                                     ,     54425.76,01/14/2021,MACH. & EQPT.       ,PRESSURE WASHER                                   ,         2,MFI-PIGGERY                   ,PIGGERY-MAINTENANCE WAREHOUSE                     ,FAACQ               
0070-0004387500012       ,KARCHER PRESSURE WASHER                                     ,     54425.76,01/14/2021,MACH. & EQPT.       ,PRESSURE WASHER                                   ,         2,MFI-PIGGERY                   ,PIGGERY-MAINTENANCE WAREHOUSE                     ,FAACQ               
0070-0001765600021       ,COMPACT VHF FM PORTABLE RADIO-TK-2107                       ,      8500.00,01/15/2021,STR. EQPT.          ,RADIO                                             ,         3,MFI-PIGGERY                   ,PIGGERY-MAINTENANCE WAREHOUSE                     ,FAACQ               
0070-0001765600022       ,COMPACT VHF FM PORTABLE RADIO-TK-2107                       ,      8500.00,01/15/2021,STR. EQPT.          ,RADIO                                             ,         3,MFI-PIGGERY                   ,PIGGERY-MAINTENANCE WAREHOUSE                     ,FAACQ               
0070-0001765600023       ,COMPACT VHF FM PORTABLE RADIO-TK-2107                       ,      8500.00,01/15/2021,STR. EQPT.          ,RADIO                                             ,         3,MFI-PIGGERY                   ,PIGGERY-MAINTENANCE WAREHOUSE                     ,FAACQ               
0070-0004227600028       ,SUBMERSIBLE PUMP .5HP STREAMPLUS                            ,      6964.29,01/25/2021,MACH. & EQPT.       ,PUMP                                              ,         5,MFI-PIGGERY                   ,PIGGERY-MAINTENANCE WAREHOUSE                     ,FAACQ               
0070-0004227600029       ,SUBMERSIBLE PUMP .5HP STREAMPLUS                            ,      6964.29,01/25/2021,MACH. & EQPT.       ,PUMP                                              ,         5,MFI-PIGGERY                   ,PIGGERY-MAINTENANCE WAREHOUSE                     ,FAACQ               
0070-0004227600030       ,SUBMERSIBLE PUMP .5HP STREAMPLUS                            ,      6964.29,01/25/2021,MACH. & EQPT.       ,PUMP                                              ,         5,MFI-PIGGERY                   ,PIGGERY-MAINTENANCE WAREHOUSE                     ,FAACQ               
0070-0004227600031       ,SUBMERSIBLE PUMP .5HP STREAMPLUS                            ,      6964.29,01/25/2021,MACH. & EQPT.       ,PUMP                                              ,         5,MFI-PIGGERY                   ,PIGGERY-MAINTENANCE WAREHOUSE                     ,FAACQ               
0070-0004227600032       ,SUBMERSIBLE PUMP .5HP STREAMPLUS                            ,      6964.29,01/25/2021,MACH. & EQPT.       ,PUMP                                              ,         5,MFI-PIGGERY                   ,PIGGERY-MAINTENANCE WAREHOUSE                     ,FAACQ               
0070-0004227600033       ,SUBMERSIBLE PUMP .5HP STREAMPLUS                            ,      6964.29,01/25/2021,MACH. & EQPT.       ,PUMP                                              ,         5,MFI-PIGGERY                   ,PIGGERY-MAINTENANCE WAREHOUSE                     ,FAACQ               
0070-0004227600034       ,SUBMERSIBLE PUMP .5HP STREAMPLUS                            ,      6964.29,01/25/2021,MACH. & EQPT.       ,PUMP                                              ,         5,MFI-PIGGERY                   ,PIGGERY-MAINTENANCE WAREHOUSE                     ,FAACQ               
0070-0004227600035       ,SUBMERSIBLE PUMP .5HP STREAMPLUS                            ,      6964.29,01/25/2021,MACH. & EQPT.       ,PUMP                                              ,         5,MFI-PIGGERY                   ,PIGGERY-MAINTENANCE WAREHOUSE                     ,FAACQ               
0070-0004227600036       ,SUBMERSIBLE PUMP .5HP STREAMPLUS                            ,      6964.29,01/25/2021,MACH. & EQPT.       ,PUMP                                              ,         5,MFI-PIGGERY                   ,PIGGERY-MAINTENANCE WAREHOUSE                     ,FAACQ               
0070-0004227600037       ,SUBMERSIBLE PUMP .5HP STREAMPLUS                            ,      6964.29,01/25/2021,MACH. & EQPT.       ,PUMP                                              ,         5,MFI-PIGGERY                   ,PIGGERY-MAINTENANCE WAREHOUSE                     ,FAACQ               
0070-0004934600012       ,SUBMERSIBLE PUMP STREAMPLUS 1HP                             ,     12053.57,01/25/2021,MACH. & EQPT.       ,PUMP                                              ,         5,MFI-PIGGERY                   ,PIGGERY-MAINTENANCE WAREHOUSE                     ,FAACQ               
0070-0004934600013       ,SUBMERSIBLE PUMP STREAMPLUS 1HP                             ,     12053.57,01/25/2021,MACH. & EQPT.       ,PUMP                                              ,         5,MFI-PIGGERY                   ,PIGGERY-MAINTENANCE WAREHOUSE                     ,FAACQ               
0070-0004934600014       ,SUBMERSIBLE PUMP STREAMPLUS 1HP                             ,     12053.57,01/25/2021,MACH. & EQPT.       ,PUMP                                              ,         5,MFI-PIGGERY                   ,PIGGERY-MAINTENANCE WAREHOUSE                     ,FAACQ               
0070-0004934600015       ,SUBMERSIBLE PUMP STREAMPLUS 1HP                             ,     12053.57,01/25/2021,MACH. & EQPT.       ,PUMP                                              ,         5,MFI-PIGGERY                   ,PIGGERY-MAINTENANCE WAREHOUSE                     ,FAACQ               
0070-0004934600016       ,SUBMERSIBLE PUMP STREAMPLUS 1HP                             ,     12053.57,01/25/2021,MACH. & EQPT.       ,PUMP                                              ,         5,MFI-PIGGERY                   ,PIGGERY-MAINTENANCE WAREHOUSE                     ,FAACQ               
0070-0001870100001       ,BOX WRENCH                                                  ,      4999.75,10/01/2019,TOOLS               ,TOOLS                                             ,         3,MFI-PIGGERY                   ,PIGGERY-MARCELA POWERPLANT                        ,FAACQ               
0070-0002112300001       ,OPEN WRENCH (SET)                                           ,      4069.75,10/01/2019,TOOLS               ,TOOLS                                             ,         3,MFI-PIGGERY                   ,PIGGERY-MARCELA POWERPLANT                        ,FAACQ               
0070-0005735400001       ,ELECTRIC DRILL STANLEY                                      ,      3199.00,10/01/2019,TOOLS               ,DRILL                                             ,         5,MFI-PIGGERY                   ,PIGGERY-MARCELA POWERPLANT                        ,FAACQ               
0070-0005735500001       ,GRINDER STANLEY                                             ,      3499.75,10/01/2019,TOOLS               ,GRINDER                                           ,         3,MFI-PIGGERY                   ,PIGGERY-MARCELA POWERPLANT                        ,FAACQ               
0070-0005735700001       ,HEAT GUN STANLEY                                            ,      1999.00,10/01/2019,TOOLS               ,TOOLS                                             ,         3,MFI-PIGGERY                   ,PIGGERY-MARCELA POWERPLANT                        ,FAACQ               
0070-0005736000001       ,LADDER 24 FT.                                               ,     10999.75,10/01/2019,FUR. & FIXT.        ,LADDER-ALUMINUM                                   ,         3,MFI-PIGGERY                   ,PIGGERY-MARCELA POWERPLANT                        ,FAACQ               
0070-0004375100001       ,DOSATRON MODEL: D25RE5 5% INJECTION RATE                    ,     22321.43,01/25/2021,STR. EQPT.          ,STORE SUPPLIES                                    ,         3,MFI-PIGGERY                   ,PIGGERY-MAINTENANCE WAREHOUSE                     ,FAACQ               
0070-0004375100002       ,DOSATRON MODEL: D25RE5 5% INJECTION RATE                    ,     22321.43,01/25/2021,STR. EQPT.          ,STORE SUPPLIES                                    ,         3,MFI-PIGGERY                   ,PIGGERY-MAINTENANCE WAREHOUSE                     ,FAACQ               
0070-0004375100003       ,DOSATRON MODEL: D25RE5 5% INJECTION RATE                    ,     22321.43,01/25/2021,STR. EQPT.          ,STORE SUPPLIES                                    ,         3,MFI-PIGGERY                   ,PIGGERY-MAINTENANCE WAREHOUSE                     ,FAACQ               
0070-0004375100004       ,DOSATRON MODEL: D25RE5 5% INJECTION RATE                    ,     22321.43,01/25/2021,STR. EQPT.          ,STORE SUPPLIES                                    ,         3,MFI-PIGGERY                   ,PIGGERY-MAINTENANCE WAREHOUSE                     ,FAACQ               
0070-0004375100005       ,DOSATRON MODEL: D25RE5 5% INJECTION RATE                    ,     22321.43,01/25/2021,STR. EQPT.          ,STORE SUPPLIES                                    ,         3,MFI-PIGGERY                   ,PIGGERY-MAINTENANCE WAREHOUSE                     ,FAACQ               
0070-0004375100006       ,DOSATRON MODEL: D25RE5 5% INJECTION RATE                    ,     22321.43,01/25/2021,STR. EQPT.          ,STORE SUPPLIES                                    ,         3,MFI-PIGGERY                   ,PIGGERY-MAINTENANCE WAREHOUSE                     ,FAACQ               
0070-0004375100007       ,DOSATRON MODEL: D25RE5 5% INJECTION RATE                    ,     22321.43,01/25/2021,STR. EQPT.          ,STORE SUPPLIES                                    ,         3,MFI-PIGGERY                   ,PIGGERY-MAINTENANCE WAREHOUSE                     ,FAACQ               
0070-0004375100008       ,DOSATRON MODEL: D25RE5 5% INJECTION RATE                    ,     22321.43,01/25/2021,STR. EQPT.          ,STORE SUPPLIES                                    ,         3,MFI-PIGGERY                   ,PIGGERY-MAINTENANCE WAREHOUSE                     ,FAACQ               
0070-0004375100009       ,DOSATRON MODEL: D25RE5 5% INJECTION RATE                    ,     22321.43,01/25/2021,STR. EQPT.          ,STORE SUPPLIES                                    ,         3,MFI-PIGGERY                   ,PIGGERY-MAINTENANCE WAREHOUSE                     ,FAACQ               
0070-0004375100010       ,DOSATRON MODEL: D25RE5 5% INJECTION RATE                    ,     22321.43,01/25/2021,STR. EQPT.          ,STORE SUPPLIES                                    ,         3,MFI-PIGGERY                   ,PIGGERY-MAINTENANCE WAREHOUSE                     ,FAACQ               
0070-0003837900007       ,HYPO CHLORINATOR (PULSATRON)                                ,     40000.00,01/25/2021,MACH. & EQPT.       ,MACHINE TOOLS                                     ,         5,MFI-PIGGERY                   ,PIGGERY-MAINTENANCE WAREHOUSE                     ,FAACQ               
0070-0003837900008       ,HYPO CHLORINATOR (PULSATRON)                                ,     40000.00,01/25/2021,MACH. & EQPT.       ,MACHINE TOOLS                                     ,         5,MFI-PIGGERY                   ,PIGGERY-MAINTENANCE WAREHOUSE                     ,FAACQ               
0070-0003837900009       ,HYPO CHLORINATOR (PULSATRON)                                ,     40000.00,01/25/2021,MACH. & EQPT.       ,MACHINE TOOLS                                     ,         5,MFI-PIGGERY                   ,PIGGERY-MAINTENANCE WAREHOUSE                     ,FAACQ               
0070-0004254800001       ,GOULD(USA) SUBMERSIBLE DEEPWEEL PUMP MODEL: 95L10-          ,     63392.86,01/28/2021,MACH. & EQPT.       ,PUMP                                              ,         5,MFI-PIGGERY                   ,PIGGERY-MAINTENANCE WAREHOUSE                     ,FAACQ               
0070-0004254800002       ,GOULD(USA) SUBMERSIBLE DEEPWEEL PUMP MODEL: 95L10-          ,     63392.86,01/28/2021,MACH. & EQPT.       ,PUMP                                              ,         5,MFI-PIGGERY                   ,PIGGERY-MAINTENANCE WAREHOUSE                     ,FAACQ               
0070-0003207700002       ,PRINTER EPSON LQ-310                                        ,     11785.71,01/19/2021,OFF. EQPT.          ,PRINTER                                           ,         3,MFI-PIGGERY                   ,PIGGERY-MAIN ADMIN                                ,FAACQ               
0070-0006611800001       ,FLAT SCREEN TV 32""                                          ,     12053.57,01/28/2021,STR. EQPT.          ,TV                                                ,         3,MFI-PIGGERY                   ,PIGGERY-ENGINEERING                               ,FAACQ               
0070-0003785800001       ,CELLPHONE SAMSUNG B350E                                     ,      1776.79,01/24/2021,OFF. EQPT.          ,CELLPHONE                                         ,         3,MFI-PIGGERY                   ,PIGGERY-MAIN ADMIN                                ,FAACQ               
0070-0006568200001       ,BIOMETRIC K30 /ID-ZK                                        ,      6250.00,02/15/2021,STR. EQPT.          ,BIOMETRICS                                        ,         3,MFI-PIGGERY                   ,PIGGERY-MAIN ADMIN                                ,FAACQ               
0070-0004513700007       ,EBARA ALL SS304 END SUCTION CENTRIFUGAL                     ,     75892.86,02/06/2021,MACH. & EQPT.       ,PUMP                                              ,         5,MFI-PIGGERY                   ,PIGGERY-MAINTENANCE WAREHOUSE                     ,FAACQ               
0070-0004513700008       ,EBARA ALL SS304 END SUCTION CENTRIFUGAL                     ,     75892.86,02/06/2021,MACH. & EQPT.       ,PUMP                                              ,         5,MFI-PIGGERY                   ,PIGGERY-MAINTENANCE WAREHOUSE                     ,FAACQ               
0070-0004513700009       ,EBARA ALL SS304 END SUCTION CENTRIFUGAL                     ,     75892.86,02/06/2021,MACH. & EQPT.       ,PUMP                                              ,         5,MFI-PIGGERY                   ,PIGGERY-MAINTENANCE WAREHOUSE                     ,FAACQ               
0026-0006595100007       ,LK-JDW245 SIREN VARIATION: 3288551                          ,     22008.92,02/19/2021,STR. EQPT.          ,OTHERS                                            ,         3,MARCELA FARMS INCORPORATED    ,MFI-CANHAYUPON BREEDER DIMIAO                     ,FA_TRAN             
0026-0006595100008       ,LK-JDW245 SIREN VARIATION: 3288551                          ,     22008.92,02/19/2021,STR. EQPT.          ,OTHERS                                            ,         3,MARCELA FARMS INCORPORATED    ,MFI-LAPSAON BREEDER DIMIAO                        ,FA_TRAN             
0026-0006595100010       ,LK-JDW245 SIREN VARIATION: 3288551                          ,     22008.92,02/19/2021,STR. EQPT.          ,OTHERS                                            ,         3,MARCELA FARMS INCORPORATED    ,MFI POULTRY BROILER-BILAR BREEDER                 ,FA_TRAN             
0026-0006595100011       ,LK-JDW245 SIREN VARIATION: 3288551                          ,     22008.92,02/19/2021,STR. EQPT.          ,OTHERS                                            ,         3,MFI-PIGGERY                   ,PIGGERY-MAIN ADMIN                                ,FA_TRAN             
0070-0000522400002       ,UPS 650VA                                                   ,      1473.21,03/03/2021,OFF. EQPT.          ,UPS                                               ,         5,MFI-PIGGERY                   ,PIGGERY-ENGINEERING                               ,FAACQ               
0070-0005888700003       ,1TB SEAGATE ST1000DM003/DM010 INTERNAL                      ,      2098.22,03/03/2021,STR. EQPT.          ,HARD DISK DRIVE                                   ,         3,MFI-PIGGERY                   ,PIGGERY-ENGINEERING                               ,FAACQ               
0070-0006524600001       ,UPS EATON MODEL 9E3000I                                     ,     38839.29,03/01/2021,OFF. EQPT.          ,UPS                                               ,         5,MFI-PIGGERY                   ,PIGGERY-MAIN ADMIN                                ,FAACQ               
0070-0006524600002       ,UPS EATON MODEL 9E3000I                                     ,     38839.29,03/01/2021,OFF. EQPT.          ,UPS                                               ,         5,MFI-PIGGERY                   ,PIGGERY-MAIN ADMIN                                ,FAACQ               
0070-0006635800001       ,SKELETAL TRAILER 20FTR STRAIGHT TYPE (6 HOLES)              ,    401785.71,03/15/2021,TRNS. EQPT.         ,TRAILER                                           ,        10,MFI-PIGGERY                   ,PIGGERY-LOGISTICS                                 ,FAACQ               
0070-0006635800002       ,SKELETAL TRAILER 20FTR STRAIGHT TYPE (6 HOLES)              ,    401785.71,03/15/2021,TRNS. EQPT.         ,TRAILER                                           ,        10,MFI-PIGGERY                   ,PIGGERY-LOGISTICS                                 ,FAACQ               
0070-0006635800003       ,SKELETAL TRAILER 20FTR STRAIGHT TYPE (6 HOLES)              ,    401785.71,03/15/2021,TRNS. EQPT.         ,TRAILER                                           ,        10,MFI-PIGGERY                   ,PIGGERY-LOGISTICS                                 ,FAACQ               
0070-0006635800004       ,SKELETAL TRAILER 20FTR STRAIGHT TYPE (6 HOLES)              ,    401785.71,03/15/2021,TRNS. EQPT.         ,TRAILER                                           ,        10,MFI-PIGGERY                   ,PIGGERY-LOGISTICS                                 ,FAACQ               
0070-0006635800005       ,SKELETAL TRAILER 20FTR STRAIGHT TYPE (6 HOLES)              ,    401785.71,03/15/2021,TRNS. EQPT.         ,TRAILER                                           ,        10,MFI-PIGGERY                   ,PIGGERY-LOGISTICS                                 ,FAACQ               
0070-0006635800006       ,SKELETAL TRAILER 20FTR STRAIGHT TYPE (6 HOLES)              ,    401785.71,03/15/2021,TRNS. EQPT.         ,TRAILER                                           ,        10,MFI-PIGGERY                   ,PIGGERY-LOGISTICS                                 ,FAACQ               
0070-0006635800007       ,SKELETAL TRAILER 20FTR STRAIGHT TYPE (6 HOLES)              ,    401785.71,03/15/2021,TRNS. EQPT.         ,TRAILER                                           ,        10,MFI-PIGGERY                   ,PIGGERY-LOGISTICS                                 ,FAACQ               
0070-0006635800008       ,SKELETAL TRAILER 20FTR STRAIGHT TYPE (6 HOLES)              ,    401785.71,03/15/2021,TRNS. EQPT.         ,TRAILER                                           ,        10,MFI-PIGGERY                   ,PIGGERY-LOGISTICS                                 ,FAACQ               
0070-0006635800009       ,SKELETAL TRAILER 20FTR STRAIGHT TYPE (6 HOLES)              ,    401785.71,03/15/2021,TRNS. EQPT.         ,TRAILER                                           ,        10,MFI-PIGGERY                   ,PIGGERY-LOGISTICS                                 ,FAACQ               
0070-0006635800010       ,SKELETAL TRAILER 20FTR STRAIGHT TYPE (6 HOLES)              ,    401785.71,03/15/2021,TRNS. EQPT.         ,TRAILER                                           ,        10,MFI-PIGGERY                   ,PIGGERY-LOGISTICS                                 ,FAACQ               
0026-0004871400085       ,EMERGENCY LIGHT MODEL:AEL-9032L                             ,      1590.24,03/10/2021,STR. EQPT.          ,EMERGENCY LIGHT                                   ,         3,MFI-PIGGERY                   ,PIGGERY-MAIN ADMIN                                ,FA_TRAN             
0026-0004871400086       ,EMERGENCY LIGHT MODEL:AEL-9032L                             ,      1590.24,03/10/2021,STR. EQPT.          ,EMERGENCY LIGHT                                   ,         3,MFI-PIGGERY                   ,PIGGERY-MAIN ADMIN                                ,FA_TRAN             
0026-0004871400087       ,EMERGENCY LIGHT MODEL:AEL-9032L                             ,      1590.24,03/10/2021,STR. EQPT.          ,EMERGENCY LIGHT                                   ,         3,MFI-PIGGERY                   ,PIGGERY-MAIN ADMIN                                ,FA_TRAN             
0026-0004871400088       ,EMERGENCY LIGHT MODEL:AEL-9032L                             ,      1590.24,03/10/2021,STR. EQPT.          ,EMERGENCY LIGHT                                   ,         3,MFI-PIGGERY                   ,PIGGERY-MAIN ADMIN                                ,FA_TRAN             
0026-0004871400089       ,EMERGENCY LIGHT MODEL:AEL-9032L                             ,      1590.24,03/10/2021,STR. EQPT.          ,EMERGENCY LIGHT                                   ,         3,MFI-PIGGERY                   ,PIGGERY-MAIN ADMIN                                ,FA_TRAN             
0026-0004871400090       ,EMERGENCY LIGHT MODEL:AEL-9032L                             ,      1590.24,03/10/2021,STR. EQPT.          ,EMERGENCY LIGHT                                   ,         3,MFI-PIGGERY                   ,PIGGERY-MAIN ADMIN                                ,FA_TRAN             
0026-0004871400091       ,EMERGENCY LIGHT MODEL:AEL-9032L                             ,      1590.24,03/10/2021,STR. EQPT.          ,EMERGENCY LIGHT                                   ,         3,MFI-PIGGERY                   ,PIGGERY-MAIN ADMIN                                ,FA_TRAN             
0026-0004871400092       ,EMERGENCY LIGHT MODEL:AEL-9032L                             ,      1590.24,03/10/2021,STR. EQPT.          ,EMERGENCY LIGHT                                   ,         3,MFI-PIGGERY                   ,PIGGERY-MAIN ADMIN                                ,FA_TRAN             
0026-0004871400093       ,EMERGENCY LIGHT MODEL:AEL-9032L                             ,      1590.24,03/10/2021,STR. EQPT.          ,EMERGENCY LIGHT                                   ,         3,MFI-PIGGERY                   ,PIGGERY-MAIN ADMIN                                ,FA_TRAN             
0026-0004871400094       ,EMERGENCY LIGHT MODEL:AEL-9032L                             ,      1590.24,03/10/2021,STR. EQPT.          ,EMERGENCY LIGHT                                   ,         3,MFI-PIGGERY                   ,PIGGERY-MAIN ADMIN                                ,FA_TRAN             
0026-0004871400095       ,EMERGENCY LIGHT MODEL:AEL-9032L                             ,      1590.24,03/10/2021,STR. EQPT.          ,EMERGENCY LIGHT                                   ,         3,MFI-PIGGERY                   ,PIGGERY-MAIN ADMIN                                ,FA_TRAN             
0026-0004871400096       ,EMERGENCY LIGHT MODEL:AEL-9032L                             ,      1590.24,03/10/2021,STR. EQPT.          ,EMERGENCY LIGHT                                   ,         3,MFI-PIGGERY                   ,PIGGERY-MAIN ADMIN                                ,FA_TRAN             
0026-0004871400097       ,EMERGENCY LIGHT MODEL:AEL-9032L                             ,      1590.24,03/10/2021,STR. EQPT.          ,EMERGENCY LIGHT                                   ,         3,MFI-PIGGERY                   ,PIGGERY-MAIN ADMIN                                ,FA_TRAN             
0026-0004871400098       ,EMERGENCY LIGHT MODEL:AEL-9032L                             ,      1590.24,03/10/2021,STR. EQPT.          ,EMERGENCY LIGHT                                   ,         3,MFI-PIGGERY                   ,PIGGERY-MAIN ADMIN                                ,FA_TRAN             
0026-0004871400099       ,EMERGENCY LIGHT MODEL:AEL-9032L                             ,      1590.24,03/10/2021,STR. EQPT.          ,EMERGENCY LIGHT                                   ,         3,MFI-PIGGERY                   ,PIGGERY-MAIN ADMIN                                ,FA_TRAN             
0026-0004871400100       ,EMERGENCY LIGHT MODEL:AEL-9032L                             ,      1590.24,03/10/2021,STR. EQPT.          ,EMERGENCY LIGHT                                   ,         3,MFI-PIGGERY                   ,PIGGERY-MAIN ADMIN                                ,FA_TRAN             
0026-0004871400101       ,EMERGENCY LIGHT MODEL:AEL-9032L                             ,      1590.24,03/10/2021,STR. EQPT.          ,EMERGENCY LIGHT                                   ,         3,MFI-PIGGERY                   ,PIGGERY-MAIN ADMIN                                ,FA_TRAN             
0026-0004871400102       ,EMERGENCY LIGHT MODEL:AEL-9032L                             ,      1590.24,03/10/2021,STR. EQPT.          ,EMERGENCY LIGHT                                   ,         3,MFI-PIGGERY                   ,PIGGERY-MAIN ADMIN                                ,FA_TRAN             
0026-0004871400103       ,EMERGENCY LIGHT MODEL:AEL-9032L                             ,      1590.24,03/10/2021,STR. EQPT.          ,EMERGENCY LIGHT                                   ,         3,MFI-PIGGERY                   ,PIGGERY-MAIN ADMIN                                ,FA_TRAN             
0026-0004871400104       ,EMERGENCY LIGHT MODEL:AEL-9032L                             ,      1590.24,03/10/2021,STR. EQPT.          ,EMERGENCY LIGHT                                   ,         3,MFI-PIGGERY                   ,PIGGERY-MAIN ADMIN                                ,FA_TRAN             
0026-0004871400105       ,EMERGENCY LIGHT MODEL:AEL-9032L                             ,      1590.24,03/10/2021,STR. EQPT.          ,EMERGENCY LIGHT                                   ,         3,MFI-PIGGERY                   ,PIGGERY-MAIN ADMIN                                ,FA_TRAN             
0026-0004871400106       ,EMERGENCY LIGHT MODEL:AEL-9032L                             ,      1590.24,03/10/2021,STR. EQPT.          ,EMERGENCY LIGHT                                   ,         3,MFI-PIGGERY                   ,PIGGERY-MAIN ADMIN                                ,FA_TRAN             
0026-0004871400107       ,EMERGENCY LIGHT MODEL:AEL-9032L                             ,      1590.24,03/10/2021,STR. EQPT.          ,EMERGENCY LIGHT                                   ,         3,MFI-PIGGERY                   ,PIGGERY-MAIN ADMIN                                ,FA_TRAN             
0026-0004871400108       ,EMERGENCY LIGHT MODEL:AEL-9032L                             ,      1590.24,03/10/2021,STR. EQPT.          ,EMERGENCY LIGHT                                   ,         3,MFI-PIGGERY                   ,PIGGERY-MAIN ADMIN                                ,FA_TRAN             
0026-0004871400109       ,EMERGENCY LIGHT MODEL:AEL-9032L                             ,      1590.24,03/10/2021,STR. EQPT.          ,EMERGENCY LIGHT                                   ,         3,MFI-PIGGERY                   ,PIGGERY-MAIN ADMIN                                ,FA_TRAN             
0026-0004871400110       ,EMERGENCY LIGHT MODEL:AEL-9032L                             ,      1590.24,03/10/2021,STR. EQPT.          ,EMERGENCY LIGHT                                   ,         3,MFI-PIGGERY                   ,PIGGERY-MAIN ADMIN                                ,FA_TRAN             
0026-0004871400111       ,EMERGENCY LIGHT MODEL:AEL-9032L                             ,      1590.24,03/10/2021,STR. EQPT.          ,EMERGENCY LIGHT                                   ,         3,MFI-PIGGERY                   ,PIGGERY-MAIN ADMIN                                ,FA_TRAN             
0026-0004871400112       ,EMERGENCY LIGHT MODEL:AEL-9032L                             ,      1590.24,03/10/2021,STR. EQPT.          ,EMERGENCY LIGHT                                   ,         3,MFI-PIGGERY                   ,PIGGERY-MAIN ADMIN                                ,FA_TRAN             
0026-0004871400113       ,EMERGENCY LIGHT MODEL:AEL-9032L                             ,      1590.24,03/10/2021,STR. EQPT.          ,EMERGENCY LIGHT                                   ,         3,MFI-PIGGERY                   ,PIGGERY-MAIN ADMIN                                ,FA_TRAN             
0026-0004871400114       ,EMERGENCY LIGHT MODEL:AEL-9032L                             ,      1590.24,03/10/2021,STR. EQPT.          ,EMERGENCY LIGHT                                   ,         3,MFI-PIGGERY                   ,PIGGERY-MAIN ADMIN                                ,FA_TRAN             
0026-0004871400115       ,EMERGENCY LIGHT MODEL:AEL-9032L                             ,      1590.24,03/10/2021,STR. EQPT.          ,EMERGENCY LIGHT                                   ,         3,MFI-PIGGERY                   ,PIGGERY-MAIN ADMIN                                ,FA_TRAN             
0026-0004871400116       ,EMERGENCY LIGHT MODEL:AEL-9032L                             ,      1590.24,03/10/2021,STR. EQPT.          ,EMERGENCY LIGHT                                   ,         3,MFI-PIGGERY                   ,PIGGERY-MAIN ADMIN                                ,FA_TRAN             
0026-0004871400117       ,EMERGENCY LIGHT MODEL:AEL-9032L                             ,      1590.24,03/10/2021,STR. EQPT.          ,EMERGENCY LIGHT                                   ,         3,MFI-PIGGERY                   ,PIGGERY-MAIN ADMIN                                ,FA_TRAN             
0026-0004871400118       ,EMERGENCY LIGHT MODEL:AEL-9032L                             ,      1590.24,03/10/2021,STR. EQPT.          ,EMERGENCY LIGHT                                   ,         3,MFI-PIGGERY                   ,PIGGERY-MAIN ADMIN                                ,FA_TRAN             
0026-0004871400119       ,EMERGENCY LIGHT MODEL:AEL-9032L                             ,      1590.24,03/10/2021,STR. EQPT.          ,EMERGENCY LIGHT                                   ,         3,MFI-PIGGERY                   ,PIGGERY-MAIN ADMIN                                ,FA_TRAN             
0070-0006560800001       ,MS1-TOTAL-KITS (MICROSNAP TOTAL ENRICHMENT DEVICE)          ,     13569.32,03/23/2021,STR. EQPT.          ,OFFICE EQUIPMENT                                  ,         3,MFI-PIGGERY                   ,PIGGERY-MAIN ADMIN                                ,FAACQ               
0070-0006560800002       ,MS1-TOTAL-KITS (MICROSNAP TOTAL ENRICHMENT DEVICE)          ,     13569.32,03/23/2021,STR. EQPT.          ,OFFICE EQUIPMENT                                  ,         3,MFI-PIGGERY                   ,PIGGERY-MAIN ADMIN                                ,FAACQ               
0070-0006560900001       ,MS2-TOTAL-KITS (MICRO-SNAP TOTAL COUNT)                     ,     21710.90,03/23/2021,STR. EQPT.          ,OFFICE EQUIPMENT                                  ,         3,MFI-PIGGERY                   ,PIGGERY-MAIN ADMIN                                ,FAACQ               
0070-0006560900002       ,MS2-TOTAL-KITS (MICRO-SNAP TOTAL COUNT)                     ,     21710.90,03/23/2021,STR. EQPT.          ,OFFICE EQUIPMENT                                  ,         3,MFI-PIGGERY                   ,PIGGERY-MAIN ADMIN                                ,FAACQ               
0070-0006561600001       ,INCUBATOR2-LAB FORMAT DIGITAL DRY BLOCK INCUBATOR           ,     40734.21,03/23/2021,STR. EQPT.          ,OFFICE EQUIPMENT                                  ,         3,MFI-PIGGERY                   ,PIGGERY-MAIN ADMIN                                ,FAACQ               
0070-0005345300003       ,4 DOOR REACH-IN FREEZER STAINLESS                           ,    120000.00,06/15/2019,STR. EQPT.          ,FREEZER                                           ,         5,MFI-PIGGERY                   ,PIGGERY-FARROWING                                 ,FABB                
0070-0001304700001       ,D-LINK DIR-809 WIRELESS                                     ,      1428.57,04/05/2021,OFF. EQPT.          ,ROUTER                                            ,         5,MFI-PIGGERY                   ,PIGGERY-MAIN ADMIN                                ,FAACQ               
0070-0003757900001       ,APC BX-650LI/MS BACK-UPS 650VA                              ,      2232.14,04/05/2021,OFF. EQPT.          ,UPS                                               ,         5,MFI-PIGGERY                   ,PIGGERY-GILT HOUSE                                ,FAACQ               
0070-0000063900001       ,CELLPHONE SAMSUNG                                           ,     12491.07,04/13/2021,OFF. EQPT.          ,CELLPHONE                                         ,         3,MFI-PIGGERY                   ,PIGGERY-MAIN ADMIN                                ,FAACQ               
0070-0002842200001       ,HIGH PRESSURE WASHER WULI                                   ,     75900.00,04/05/2021,MACH. & EQPT.       ,PRESSURE WASHER                                   ,         2,MFI-PIGGERY                   ,PIGGERY-MAINTENANCE WAREHOUSE                     ,FAACQ               
0070-0004173100001       ,POWER SPRAYER 2HP(WL25 ASBC)                                ,     21900.00,04/05/2021,MACH. & EQPT.       ,POWER SPRAYER                                     ,         3,MFI-PIGGERY                   ,PIGGERY-MAINTENANCE WAREHOUSE                     ,FAACQ               
0070-0004173100002       ,POWER SPRAYER 2HP(WL25 ASBC)                                ,     21900.00,04/05/2021,MACH. & EQPT.       ,POWER SPRAYER                                     ,         3,MFI-PIGGERY                   ,PIGGERY-MAINTENANCE WAREHOUSE                     ,FAACQ               
0070-0004173100003       ,POWER SPRAYER 2HP(WL25 ASBC)                                ,     21900.00,04/05/2021,MACH. & EQPT.       ,POWER SPRAYER                                     ,         3,MFI-PIGGERY                   ,PIGGERY-MAINTENANCE WAREHOUSE                     ,FAACQ               
0070-0004173100004       ,POWER SPRAYER 2HP(WL25 ASBC)                                ,     21900.00,04/05/2021,MACH. & EQPT.       ,POWER SPRAYER                                     ,         3,MFI-PIGGERY                   ,PIGGERY-MAINTENANCE WAREHOUSE                     ,FAACQ               
0070-0004173100005       ,POWER SPRAYER 2HP(WL25 ASBC)                                ,     21900.00,04/05/2021,MACH. & EQPT.       ,POWER SPRAYER                                     ,         3,MFI-PIGGERY                   ,PIGGERY-MAINTENANCE WAREHOUSE                     ,FAACQ               
0070-0004173100006       ,POWER SPRAYER 2HP(WL25 ASBC)                                ,     21900.00,04/05/2021,MACH. & EQPT.       ,POWER SPRAYER                                     ,         3,MFI-PIGGERY                   ,PIGGERY-MAINTENANCE WAREHOUSE                     ,FAACQ               
0070-0004173100007       ,POWER SPRAYER 2HP(WL25 ASBC)                                ,     21900.00,04/05/2021,MACH. & EQPT.       ,POWER SPRAYER                                     ,         3,MFI-PIGGERY                   ,PIGGERY-MAINTENANCE WAREHOUSE                     ,FAACQ               
0070-0004173100008       ,POWER SPRAYER 2HP(WL25 ASBC)                                ,     21900.00,04/05/2021,MACH. & EQPT.       ,POWER SPRAYER                                     ,         3,MFI-PIGGERY                   ,PIGGERY-MAINTENANCE WAREHOUSE                     ,FAACQ               
0070-0004173100009       ,POWER SPRAYER 2HP(WL25 ASBC)                                ,     21900.00,04/05/2021,MACH. & EQPT.       ,POWER SPRAYER                                     ,         3,MFI-PIGGERY                   ,PIGGERY-MAINTENANCE WAREHOUSE                     ,FAACQ               
0070-0004173100010       ,POWER SPRAYER 2HP(WL25 ASBC)                                ,     21900.00,04/05/2021,MACH. & EQPT.       ,POWER SPRAYER                                     ,         3,MFI-PIGGERY                   ,PIGGERY-MAINTENANCE WAREHOUSE                     ,FAACQ               
0070-0006640700001       ,HONDA XRM EXTREME DISCBREAK FRONT BACK 125 F1               ,     61071.43,04/17/2021,TRNS. EQPT.         ,MOTORCYCLE-BRAND NEW                              ,         7,MFI-PIGGERY                   ,PIGGERY-ENGINEERING                               ,FAACQ               
0070-0004240600001       ,BATTERY CHARGER LA MARCHE                                   ,     27002.00,04/05/2021,MACH. & EQPT.       ,BATTERY CHARGER                                   ,         5,MFI-PIGGERY                   ,PIGGERY-ENGINEERING                               ,FAACQ               
0070-0006461600008       ,HOG VAN 20 FT                                               ,    180000.00,10/21/2020,TRNS. EQPT.         ,VEHICLE                                           ,        10,MFI-PIGGERY                   ,PIGGERY-LOGISTICS                                 ,FAACQ               
0070-0006461600009       ,HOG VAN 20 FT                                               ,    180000.00,10/21/2020,TRNS. EQPT.         ,VEHICLE                                           ,        10,MFI-PIGGERY                   ,PIGGERY-LOGISTICS                                 ,FAACQ               
0070-0006461600010       ,HOG VAN 20 FT                                               ,    180000.00,10/21/2020,TRNS. EQPT.         ,VEHICLE                                           ,        10,MFI-PIGGERY                   ,PIGGERY-LOGISTICS                                 ,FAACQ               
0070-0006694500001       ,SANWA DIGITAL CLAMP TESTER                                  ,     10615.00,05/07/2021,TOOLS               ,CLAMP  METER                                      ,         3,MFI-PIGGERY                   ,PIGGERY-ENGINEERING                               ,FAACQ               
0070-0006741500001       ,ENGINEERING PROCUREMENT & CONSTRUCTION MANAGEMENT           ,   1456000.00,12/17/2020,ELEC. INTS. & EQPT. ,ELECTRICAL PARTS                                  ,         3,MFI-PIGGERY                   ,PIGGERY-ENGINEERING                               ,FAACQ               
0070-0001765600024       ,COMPACT VHF FM PORTABLE RADIO-TK-2107                       ,      8500.00,05/18/2021,STR. EQPT.          ,RADIO                                             ,         3,MFI-PIGGERY                   ,PIGGERY-MAINTENANCE WAREHOUSE                     ,FAACQ               
0070-0001765600025       ,COMPACT VHF FM PORTABLE RADIO-TK-2107                       ,      8500.00,05/18/2021,STR. EQPT.          ,RADIO                                             ,         3,MFI-PIGGERY                   ,PIGGERY-MAINTENANCE WAREHOUSE                     ,FAACQ               
0070-0001765600026       ,COMPACT VHF FM PORTABLE RADIO-TK-2107                       ,      8500.00,05/18/2021,STR. EQPT.          ,RADIO                                             ,         3,MFI-PIGGERY                   ,PIGGERY-MAINTENANCE WAREHOUSE                     ,FAACQ               
0070-0001765600027       ,COMPACT VHF FM PORTABLE RADIO-TK-2107                       ,      8500.00,05/18/2021,STR. EQPT.          ,RADIO                                             ,         3,MFI-PIGGERY                   ,PIGGERY-MAINTENANCE WAREHOUSE                     ,FAACQ               
0070-0001765600028       ,COMPACT VHF FM PORTABLE RADIO-TK-2107                       ,      8500.00,05/18/2021,STR. EQPT.          ,RADIO                                             ,         3,MFI-PIGGERY                   ,PIGGERY-MAINTENANCE WAREHOUSE                     ,FAACQ               
0070-0001765600029       ,COMPACT VHF FM PORTABLE RADIO-TK-2107                       ,      8500.00,05/18/2021,STR. EQPT.          ,RADIO                                             ,         3,MFI-PIGGERY                   ,PIGGERY-MAINTENANCE WAREHOUSE                     ,FAACQ               
0070-0001765600030       ,COMPACT VHF FM PORTABLE RADIO-TK-2107                       ,      8500.00,05/18/2021,STR. EQPT.          ,RADIO                                             ,         3,MFI-PIGGERY                   ,PIGGERY-MAINTENANCE WAREHOUSE                     ,FAACQ               
0070-0001827900001       ,KENWOOD BATTERY KNB-15A                                     ,      1550.00,05/18/2021,                    ,OTHERS                                            ,         0,MFI-PIGGERY                   ,PIGGERY-MAINTENANCE WAREHOUSE                     ,FAACQ               
0070-0001827900002       ,KENWOOD BATTERY KNB-15A                                     ,      1550.00,05/18/2021,                    ,OTHERS                                            ,         0,MFI-PIGGERY                   ,PIGGERY-MAINTENANCE WAREHOUSE                     ,FAACQ               
0070-0001827900003       ,KENWOOD BATTERY KNB-15A                                     ,      1550.00,05/18/2021,                    ,OTHERS                                            ,         0,MFI-PIGGERY                   ,PIGGERY-MAINTENANCE WAREHOUSE                     ,FAACQ               
0070-0001827900004       ,KENWOOD BATTERY KNB-15A                                     ,      1550.00,05/18/2021,                    ,OTHERS                                            ,         0,MFI-PIGGERY                   ,PIGGERY-MAINTENANCE WAREHOUSE                     ,FAACQ               
0070-0001827900005       ,KENWOOD BATTERY KNB-15A                                     ,      1550.00,05/18/2021,                    ,OTHERS                                            ,         0,MFI-PIGGERY                   ,PIGGERY-MAINTENANCE WAREHOUSE                     ,FAACQ               
0070-0001827900006       ,KENWOOD BATTERY KNB-15A                                     ,      1550.00,05/18/2021,                    ,OTHERS                                            ,         0,MFI-PIGGERY                   ,PIGGERY-MAINTENANCE WAREHOUSE                     ,FAACQ               
0070-0001827900007       ,KENWOOD BATTERY KNB-15A                                     ,      1550.00,05/18/2021,                    ,OTHERS                                            ,         0,MFI-PIGGERY                   ,PIGGERY-MAINTENANCE WAREHOUSE                     ,FAACQ               
0070-0006325700001       ,VESPA AIR COMPRESSOR 1/4HP                                  ,      6750.00,05/18/2021,MACH. & EQPT.       ,AIR COMPRESSOR                                    ,         5,MFI-PIGGERY                   ,PIGGERY-MAINTENANCE                               ,FAACQ               
0070-0005458600010       ,KARCHER CLASSIC HIGH-PRESSURE CLEANERS HD 6/15-4 C          ,     54425.82,05/18/2021,MACH. & EQPT.       ,CLEANING DEVICE                                   ,         3,MFI-PIGGERY                   ,PIGGERY-MAINTENANCE WAREHOUSE                     ,FAACQ               
0070-0005458600011       ,KARCHER CLASSIC HIGH-PRESSURE CLEANERS HD 6/15-4 C          ,     54425.82,05/18/2021,MACH. & EQPT.       ,CLEANING DEVICE                                   ,         3,MFI-PIGGERY                   ,PIGGERY-MAINTENANCE WAREHOUSE                     ,FAACQ               
0070-0005458600012       ,KARCHER CLASSIC HIGH-PRESSURE CLEANERS HD 6/15-4 C          ,     54425.82,05/18/2021,MACH. & EQPT.       ,CLEANING DEVICE                                   ,         3,MFI-PIGGERY                   ,PIGGERY-MAINTENANCE WAREHOUSE                     ,FAACQ               
0070-0005458600013       ,KARCHER CLASSIC HIGH-PRESSURE CLEANERS HD 6/15-4 C          ,     54425.82,05/18/2021,MACH. & EQPT.       ,CLEANING DEVICE                                   ,         3,MFI-PIGGERY                   ,PIGGERY-MAINTENANCE WAREHOUSE                     ,FAACQ               
0070-0005458600014       ,KARCHER CLASSIC HIGH-PRESSURE CLEANERS HD 6/15-4 C          ,     54425.82,05/18/2021,MACH. & EQPT.       ,CLEANING DEVICE                                   ,         3,MFI-PIGGERY                   ,PIGGERY-MAINTENANCE WAREHOUSE                     ,FAACQ               
0070-0005458600015       ,KARCHER CLASSIC HIGH-PRESSURE CLEANERS HD 6/15-4 C          ,     54425.82,05/18/2021,MACH. & EQPT.       ,CLEANING DEVICE                                   ,         3,MFI-PIGGERY                   ,PIGGERY-MAINTENANCE WAREHOUSE                     ,FAACQ               
0070-0006354200001       ,D25+CARE (D25AL5NVF+)                                       ,     22321.43,05/26/2021,MACH. & EQPT.       ,MACHINE                                           ,         5,MFI-PIGGERY                   ,PIGGERY-MAINTENANCE WAREHOUSE                     ,FAACQ               
0070-0006354200002       ,D25+CARE (D25AL5NVF+)                                       ,     22321.43,05/26/2021,MACH. & EQPT.       ,MACHINE                                           ,         5,MFI-PIGGERY                   ,PIGGERY-MAINTENANCE WAREHOUSE                     ,FAACQ               
0070-0006354200003       ,D25+CARE (D25AL5NVF+)                                       ,     22321.43,05/26/2021,MACH. & EQPT.       ,MACHINE                                           ,         5,MFI-PIGGERY                   ,PIGGERY-MAINTENANCE WAREHOUSE                     ,FAACQ               
0070-0006354200004       ,D25+CARE (D25AL5NVF+)                                       ,     22321.43,05/26/2021,MACH. & EQPT.       ,MACHINE                                           ,         5,MFI-PIGGERY                   ,PIGGERY-MAINTENANCE WAREHOUSE                     ,FAACQ               
0070-0006354200005       ,D25+CARE (D25AL5NVF+)                                       ,     22321.43,05/26/2021,MACH. & EQPT.       ,MACHINE                                           ,         5,MFI-PIGGERY                   ,PIGGERY-MAINTENANCE WAREHOUSE                     ,FAACQ               
0070-0006354200006       ,D25+CARE (D25AL5NVF+)                                       ,     22321.43,05/26/2021,MACH. & EQPT.       ,MACHINE                                           ,         5,MFI-PIGGERY                   ,PIGGERY-MAINTENANCE WAREHOUSE                     ,FAACQ               
0070-0006354200007       ,D25+CARE (D25AL5NVF+)                                       ,     22321.43,05/26/2021,MACH. & EQPT.       ,MACHINE                                           ,         5,MFI-PIGGERY                   ,PIGGERY-MAINTENANCE WAREHOUSE                     ,FAACQ               
0070-0006354200008       ,D25+CARE (D25AL5NVF+)                                       ,     22321.43,05/26/2021,MACH. & EQPT.       ,MACHINE                                           ,         5,MFI-PIGGERY                   ,PIGGERY-MAINTENANCE WAREHOUSE                     ,FAACQ               
0070-0006354200009       ,D25+CARE (D25AL5NVF+)                                       ,     22321.43,05/26/2021,MACH. & EQPT.       ,MACHINE                                           ,         5,MFI-PIGGERY                   ,PIGGERY-MAINTENANCE WAREHOUSE                     ,FAACQ               
0070-0006354200010       ,D25+CARE (D25AL5NVF+)                                       ,     22321.43,05/26/2021,MACH. & EQPT.       ,MACHINE                                           ,         5,MFI-PIGGERY                   ,PIGGERY-MAINTENANCE WAREHOUSE                     ,FAACQ               
0070-0006354200011       ,D25+CARE (D25AL5NVF+)                                       ,     22321.43,05/26/2021,MACH. & EQPT.       ,MACHINE                                           ,         5,MFI-PIGGERY                   ,PIGGERY-MAINTENANCE WAREHOUSE                     ,FAACQ               
0070-0006354200012       ,D25+CARE (D25AL5NVF+)                                       ,     22321.43,05/26/2021,MACH. & EQPT.       ,MACHINE                                           ,         5,MFI-PIGGERY                   ,PIGGERY-MAINTENANCE WAREHOUSE                     ,FAACQ               
0070-0006401900003       ,MAKITA 7650H MIST BLOWER                                    ,     29075.00,05/31/2021,MACH. & EQPT.       ,MACHINE                                           ,         5,MARCELA FARMS INCORPORATED    ,MFI POULTRY BROILER-BILAR BREEDER                 ,FA_TRAN             
0070-0006401900004       ,MAKITA 7650H MIST BLOWER                                    ,     29075.00,05/31/2021,MACH. & EQPT.       ,MACHINE                                           ,         5,MARCELA FARMS INCORPORATED    ,MFI POULTRY BROILER-BILAR BREEDER                 ,FA_TRAN             
0070-0006401900005       ,MAKITA 7650H MIST BLOWER                                    ,     29075.00,05/31/2021,MACH. & EQPT.       ,MACHINE                                           ,         5,MARCELA FARMS INCORPORATED    ,MFI POULTRY BROILER-BILAR BREEDER                 ,FA_TRAN             
0070-0006401900006       ,MAKITA 7650H MIST BLOWER                                    ,     29075.00,05/31/2021,MACH. & EQPT.       ,MACHINE                                           ,         5,MFI-PIGGERY                   ,PIGGERY-MAINTENANCE WAREHOUSE                     ,FAACQ               
0070-0006401900007       ,MAKITA 7650H MIST BLOWER                                    ,     29075.00,05/31/2021,MACH. & EQPT.       ,MACHINE                                           ,         5,MFI-PIGGERY                   ,PIGGERY-MAINTENANCE WAREHOUSE                     ,FAACQ               
0070-0003837900010       ,HYPO CHLORINATOR (PULSATRON)                                ,     40000.00,06/10/2021,MACH. & EQPT.       ,MACHINE TOOLS                                     ,         5,MFI-PIGGERY UNTAGA            ,PIGGERY UNTAGA-MAIN ADMIN                         ,FA_TRAN             
0070-0003837900011       ,HYPO CHLORINATOR (PULSATRON)                                ,     40000.00,06/10/2021,MACH. & EQPT.       ,MACHINE TOOLS                                     ,         5,MFI-PIGGERY                   ,PIGGERY-MAINTENANCE WAREHOUSE                     ,FAACQ               
0070-0003837900012       ,HYPO CHLORINATOR (PULSATRON)                                ,     40000.00,06/10/2021,MACH. & EQPT.       ,MACHINE TOOLS                                     ,         5,MFI-PIGGERY                   ,PIGGERY-MAINTENANCE WAREHOUSE                     ,FAACQ               
0070-0006354200013       ,D25+CARE (D25AL5NVF+)                                       ,     22321.43,06/10/2021,MACH. & EQPT.       ,MACHINE                                           ,         5,MFI-PIGGERY                   ,PIGGERY-MAINTENANCE WAREHOUSE                     ,FAACQ               
0070-0006354200014       ,D25+CARE (D25AL5NVF+)                                       ,     22321.43,06/10/2021,MACH. & EQPT.       ,MACHINE                                           ,         5,MFI-PIGGERY                   ,PIGGERY-MAINTENANCE WAREHOUSE                     ,FAACQ               
0070-0006354200015       ,D25+CARE (D25AL5NVF+)                                       ,     22321.43,06/10/2021,MACH. & EQPT.       ,MACHINE                                           ,         5,MFI-PIGGERY                   ,PIGGERY-MAINTENANCE WAREHOUSE                     ,FAACQ               
0070-0006354200016       ,D25+CARE (D25AL5NVF+)                                       ,     22321.43,06/10/2021,MACH. & EQPT.       ,MACHINE                                           ,         5,MFI-PIGGERY                   ,PIGGERY-MAINTENANCE WAREHOUSE                     ,FAACQ               
0070-0006354200017       ,D25+CARE (D25AL5NVF+)                                       ,     22321.43,06/10/2021,MACH. & EQPT.       ,MACHINE                                           ,         5,MFI-PIGGERY                   ,PIGGERY-MAINTENANCE WAREHOUSE                     ,FAACQ               
0070-0006354200018       ,D25+CARE (D25AL5NVF+)                                       ,     22321.43,06/10/2021,MACH. & EQPT.       ,MACHINE                                           ,         5,MFI-PIGGERY                   ,PIGGERY-MAINTENANCE WAREHOUSE                     ,FAACQ               
0070-0006719600001       ,DIGITAL HOG SCALE                                           ,     77491.07,06/08/2021,STR. EQPT.          ,WEIGHING SCALE                                    ,         3,MFI-PIGGERY                   ,PIGGERY-GILT HOUSE                                ,FAACQ               
0070-0006694500002       ,SANWA DIGITAL CLAMP TESTER                                  ,      9477.68,07/01/2021,TOOLS               ,CLAMP  METER                                      ,         3,MFI-PIGGERY                   ,PIGGERY-ENGINEERING                               ,FAACQ               
0070-0006502700001       ,ENGINE CUMMINS ENGINE 6BT5 9-C130                           ,   2918983.25,06/05/2021,MACH. & EQPT.       ,MACHINE MOTOR                                     ,         5,MFI-PIGGERY                   ,PIGGERY-LOGISTICS                                 ,FAACQ               
0070-0006833300001       ,PANA WM NA W11018BAQ TWIN TUB WASHER                        ,      9195.54,06/26/2021,STR. EQPT.          ,WASHING MACHINE                                   ,         3,MFI-PIGGERY                   ,PIGGERY-MAINTENANCE WAREHOUSE                     ,FAACQ               
0003317100001            ,TRACTOR HEAD PM-41 PL#:WIE-704                              ,   1200000.00,03/15/2014,TRNS. EQPT.         ,VEHICLE                                           ,        10,MFI-PIGGERY                   ,PIGGERY-LOGISTICS                                 ,FA_TRAN             
0070-0003200100032       ,KNAPSACK SPRAYER TUNGHO                                     ,      2706.00,01/03/2023,STR. EQPT.          ,SPRAYER                                           ,         3,MFI-PIGGERY                   ,PIGGERY-MAINTENANCE WAREHOUSE                     ,FAACQ               
0070-0003200100033       ,KNAPSACK SPRAYER TUNGHO                                     ,      2706.00,01/03/2023,STR. EQPT.          ,SPRAYER                                           ,         3,MFI-PIGGERY                   ,PIGGERY-MAINTENANCE WAREHOUSE                     ,FAACQ               
0070-0003200100034       ,KNAPSACK SPRAYER TUNGHO                                     ,      2706.00,01/03/2023,STR. EQPT.          ,SPRAYER                                           ,         3,MFI-PIGGERY                   ,PIGGERY-MAINTENANCE WAREHOUSE                     ,FAACQ               
0070-0003200100035       ,KNAPSACK SPRAYER TUNGHO                                     ,      2706.00,01/03/2023,STR. EQPT.          ,SPRAYER                                           ,         3,MFI-PIGGERY                   ,PIGGERY-MAINTENANCE WAREHOUSE                     ,FAACQ               
0070-0003200100036       ,KNAPSACK SPRAYER TUNGHO                                     ,      2706.00,01/03/2023,STR. EQPT.          ,SPRAYER                                           ,         3,MFI-PIGGERY                   ,PIGGERY-MAINTENANCE WAREHOUSE                     ,FAACQ               
0070-0003200100037       ,KNAPSACK SPRAYER TUNGHO                                     ,      2706.00,01/03/2023,STR. EQPT.          ,SPRAYER                                           ,         3,MFI-PIGGERY                   ,PIGGERY-MAINTENANCE WAREHOUSE                     ,FAACQ               
0070-0003200100038       ,KNAPSACK SPRAYER TUNGHO                                     ,      2706.00,01/03/2023,STR. EQPT.          ,SPRAYER                                           ,         3,MARCELA FARMS INCORPORATED    ,MFI-SLAUGHTER HOUSE & MEAT CUTTING PLANT 2        ,FA_TRAN             
0070-0003200100039       ,KNAPSACK SPRAYER TUNGHO                                     ,      2706.00,01/03/2023,STR. EQPT.          ,SPRAYER                                           ,         3,MARCELA FARMS INCORPORATED    ,MFI-SLAUGHTER HOUSE & MEAT CUTTING PLANT 2        ,FA_TRAN             
0070-0003200100008       ,KNAPSACK SPRAYER TUNGHO                                     ,      2357.14,07/01/2021,STR. EQPT.          ,SPRAYER                                           ,         3,MFI-PIGGERY                   ,PIGGERY-MAINTENANCE WAREHOUSE                     ,FAACQ               
0070-0006549100001       ,MONITOR LED  AOC LCD 18.5"" E970SWN                          ,      2991.07,07/06/2021,OFF. EQPT.          ,MONITOR                                           ,         3,MFI-PIGGERY                   ,PIGGERY-MAIN ADMIN                                ,FAACQ               
0070-0006629400001       ,PRINTER EPSON L3110                                         ,      7674.11,07/14/2021,OFF. EQPT.          ,PRINTER                                           ,         3,MFI-PIGGERY                   ,PIGGERY-MAIN ADMIN                                ,FAACQ               
0070-0001688100001       ,KEBOS UPS PG650V LITE                                       ,      1473.21,07/14/2021,OFF. EQPT.          ,UPS                                               ,         5,MFI-PIGGERY                   ,PIGGERY-GROWING                                   ,FAACQ               
0070-0006354200019       ,D25+CARE (D25AL5NVF+)                                       ,     22321.43,08/06/2021,MACH. & EQPT.       ,MACHINE                                           ,         5,MFI-PIGGERY                   ,PIGGERY-MAINTENANCE WAREHOUSE                     ,FAACQ               
0070-0006354200020       ,D25+CARE (D25AL5NVF+)                                       ,     22321.43,08/06/2021,MACH. & EQPT.       ,MACHINE                                           ,         5,MFI-PIGGERY                   ,PIGGERY-MAINTENANCE WAREHOUSE                     ,FAACQ               
0070-0006354200021       ,D25+CARE (D25AL5NVF+)                                       ,     22321.43,08/06/2021,MACH. & EQPT.       ,MACHINE                                           ,         5,MFI-PIGGERY                   ,PIGGERY-MAINTENANCE WAREHOUSE                     ,FAACQ               
0070-0006354200022       ,D25+CARE (D25AL5NVF+)                                       ,     22321.43,08/06/2021,MACH. & EQPT.       ,MACHINE                                           ,         5,MFI-PIGGERY                   ,PIGGERY-MAINTENANCE WAREHOUSE                     ,FAACQ               
0070-0006354200023       ,D25+CARE (D25AL5NVF+)                                       ,     22321.43,08/06/2021,MACH. & EQPT.       ,MACHINE                                           ,         5,MFI-PIGGERY                   ,PIGGERY-MAINTENANCE WAREHOUSE                     ,FAACQ               
0070-0006354200024       ,D25+CARE (D25AL5NVF+)                                       ,     22321.43,08/06/2021,MACH. & EQPT.       ,MACHINE                                           ,         5,MFI-PIGGERY                   ,PIGGERY-MAINTENANCE WAREHOUSE                     ,FAACQ               
0070-0005336600003       ,DEWALT RECHARGEABLE DRILL                                   ,     14598.57,08/02/2021,TOOLS               ,DRILL                                             ,         5,MFI-PIGGERY                   ,PIGGERY-MAINTENANCE WAREHOUSE                     ,FAACQ               
0070-0004871400120       ,EMERGENCY LIGHT MODEL:AEL-9032L                             ,      2499.78,08/02/2021,STR. EQPT.          ,EMERGENCY LIGHT                                   ,         3,MFI-PIGGERY                   ,PIGGERY-MAINTENANCE WAREHOUSE                     ,FAACQ               
0070-0004871400121       ,EMERGENCY LIGHT MODEL:AEL-9032L                             ,      2499.78,08/02/2021,STR. EQPT.          ,EMERGENCY LIGHT                                   ,         3,MFI-PIGGERY                   ,PIGGERY-MAINTENANCE WAREHOUSE                     ,FAACQ               
0070-0004871400122       ,EMERGENCY LIGHT MODEL:AEL-9032L                             ,      2499.78,08/02/2021,STR. EQPT.          ,EMERGENCY LIGHT                                   ,         3,MFI-PIGGERY                   ,PIGGERY-MAINTENANCE WAREHOUSE                     ,FAACQ               
0070-0004871400123       ,EMERGENCY LIGHT MODEL:AEL-9032L                             ,      2499.78,08/02/2021,STR. EQPT.          ,EMERGENCY LIGHT                                   ,         3,MFI-PIGGERY                   ,PIGGERY-MAINTENANCE WAREHOUSE                     ,FAACQ               
0070-0004871400124       ,EMERGENCY LIGHT MODEL:AEL-9032L                             ,      2499.78,08/02/2021,STR. EQPT.          ,EMERGENCY LIGHT                                   ,         3,MFI-PIGGERY                   ,PIGGERY-MAINTENANCE WAREHOUSE                     ,FAACQ               
0070-0004871400125       ,EMERGENCY LIGHT MODEL:AEL-9032L                             ,      2499.78,08/02/2021,STR. EQPT.          ,EMERGENCY LIGHT                                   ,         3,MFI-PIGGERY                   ,PIGGERY-MAINTENANCE WAREHOUSE                     ,FAACQ               
0070-0006401800001       ,BOX WRENCH 6-32MM                                           ,      4464.06,08/06/2021,TOOLS               ,TOOLS                                             ,         3,MFI-PIGGERY                   ,PIGGERY-MAINTENANCE WAREHOUSE                     ,FAACQ               
0070-0005266800002       ,WATER SOFTENER FILTER W/ AUTOMATIC/MANUAL BACKWASH          ,    490000.00,08/01/2021,STR. EQPT.          ,OTHERS                                            ,         5,MFI-PIGGERY                   ,PIGGERY-MAIN ADMIN                                ,FAACQ               
0070-0006949300001       ,BLOWER LOTUS                                                ,      2495.00,08/25/2021,TOOLS               ,BLOWER                                            ,         3,MFI-PIGGERY                   ,PIGGERY-MAINTENANCE                               ,FAACQ               
0070-0004513700010       ,EBARA ALL SS304 END SUCTION CENTRIFUGAL                     ,     75892.86,09/24/2021,MACH. & EQPT.       ,PUMP                                              ,         5,MFI-PIGGERY UNTAGA            ,PIGGERY UNTAGA-MAIN ADMIN                         ,FA_TRAN             
0070-0004513700011       ,EBARA ALL SS304 END SUCTION CENTRIFUGAL                     ,     75892.86,09/24/2021,MACH. & EQPT.       ,PUMP                                              ,         5,MFI-PIGGERY                   ,PIGGERY-MAINTENANCE WAREHOUSE                     ,FAACQ               
0070-0004513700012       ,EBARA ALL SS304 END SUCTION CENTRIFUGAL                     ,     75892.86,09/24/2021,MACH. & EQPT.       ,PUMP                                              ,         5,MFI-PIGGERY                   ,PIGGERY-MAINTENANCE WAREHOUSE                     ,FAACQ               
0070-0007012900001       ,PERSONAL REFRIGERATOR 4 CU.FT MANUAL DEFROST                ,      9000.00,09/30/2021,STR. EQPT.          ,REFRIGERATOR                                      ,         3,MFI-PIGGERY                   ,PIGGERY-MAIN ADMIN                                ,FAACQ               
0070-0007012900002       ,PERSONAL REFRIGERATOR 4 CU.FT MANUAL DEFROST                ,      9000.00,09/30/2021,STR. EQPT.          ,REFRIGERATOR                                      ,         3,MFI-PIGGERY                   ,PIGGERY-MAIN ADMIN                                ,FAACQ               
0002828400001            ,HINO SS1E TRACTOR HEAD PM-55 CS#:ZF6590 PL#:KCU-4211        ,   4210000.00,01/27/2016,TRNS. EQPT.         ,VEHICLE                                           ,        10,MFI-PIGGERY                   ,PIGGERY-LOGISTICS                                 ,FA_TRAN             
0070-0006809200001       ,NEMA-1 FABRICATED & ASSEMBLED IN FLOOR MOUNTED ENC          ,    250000.00,09/30/2021,ELEC. INTS. & EQPT. ,PANEL BOARD                                       ,         5,MFI-PIGGERY                   ,PIGGERY-MAINTENANCE WAREHOUSE                     ,FAACQ               
0070-0006596700001       ,NEMA-1 ECB 250A 3P 230V                                     ,     10011.44,10/08/2021,ELEC. INTS. & EQPT. ,PANEL BOARD                                       ,         5,MFI-PIGGERY                   ,PIGGERY-MAINTENANCE WAREHOUSE                     ,FAACQ               
0070-0006596700002       ,NEMA-1 ECB 250A 3P 230V                                     ,     10011.44,10/08/2021,ELEC. INTS. & EQPT. ,PANEL BOARD                                       ,         5,MFI-PIGGERY                   ,PIGGERY-MAINTENANCE WAREHOUSE                     ,FAACQ               
0070-0006635800011       ,SKELETAL TRAILER 20FTR STRAIGHT TYPE (6 HOLES)              ,    401785.71,10/11/2021,TRNS. EQPT.         ,TRAILER                                           ,        10,MFI-PIGGERY                   ,PIGGERY-LOGISTICS                                 ,FAACQ               
0070-0007057200001       ,WELDING MACHINE 140 AMPERE                                  ,      5499.00,10/15/2021,MACH. & EQPT.       ,MACHINE                                           ,         5,MFI-PIGGERY                   ,PIGGERY-MAINTENANCE WAREHOUSE                     ,FAACQ               
0070-0007057200002       ,WELDING MACHINE 140 AMPERE                                  ,      5499.00,10/15/2021,MACH. & EQPT.       ,MACHINE                                           ,         5,MFI-PIGGERY                   ,PIGGERY-MAINTENANCE WAREHOUSE                     ,FAACQ               
0070-0007057200003       ,WELDING MACHINE 140 AMPERE                                  ,      5499.00,10/15/2021,MACH. & EQPT.       ,MACHINE                                           ,         5,MFI-PIGGERY                   ,PIGGERY-MAINTENANCE WAREHOUSE                     ,FAACQ               
0070-0004254500005       ,FRANKLIN (USA) SUB. MOTOR 10HP                              ,     51785.71,10/15/2021,MACH. & EQPT.       ,MOTOR                                             ,         5,MFI-PIGGERY                   ,PIGGERY-MAINTENANCE WAREHOUSE                     ,FAACQ               
0070-0004918000010       ,SUBMERSIBLE PUMP GOULDS MODEL: 95L10 07-6                   ,     64100.00,10/15/2021,MACH. & EQPT.       ,PUMP                                              ,         5,MFI-PIGGERY                   ,PIGGERY-MAINTENANCE WAREHOUSE                     ,FAACQ               
0070-0004254500006       ,FRANKLIN (USA) SUB. MOTOR 10HP                              ,     51785.71,10/15/2021,MACH. & EQPT.       ,MOTOR                                             ,         5,MFI-PIGGERY                   ,PIGGERY-MAINTENANCE WAREHOUSE                     ,FAACQ               
0070-0004254500007       ,FRANKLIN (USA) SUB. MOTOR 10HP                              ,     51785.71,10/15/2021,MACH. & EQPT.       ,MOTOR                                             ,         5,MFI-PIGGERY                   ,PIGGERY-MAINTENANCE WAREHOUSE                     ,FAACQ               
0070-0004918000011       ,SUBMERSIBLE PUMP GOULDS MODEL: 95L10 07-6                   ,     64100.00,10/15/2021,MACH. & EQPT.       ,PUMP                                              ,         5,MFI-PIGGERY                   ,PIGGERY-MAINTENANCE WAREHOUSE                     ,FAACQ               
0070-0004918000012       ,SUBMERSIBLE PUMP GOULDS MODEL: 95L10 07-6                   ,     64100.00,10/15/2021,MACH. & EQPT.       ,PUMP                                              ,         5,MFI-PIGGERY                   ,PIGGERY-MAINTENANCE WAREHOUSE                     ,FAACQ               
0070-0004705600001       ,SIGNAL BOOSTER                                              ,      4228.00,09/25/2021,OFF. EQPT.          ,OTHERS                                            ,         3,MFI-PIGGERY                   ,PIGGERY-MAIN ADMIN                                ,FAACQ               
0070-0004705600002       ,SIGNAL BOOSTER                                              ,      4228.00,09/25/2021,OFF. EQPT.          ,OTHERS                                            ,         3,MFI-PIGGERY                   ,PIGGERY-MAIN ADMIN                                ,FAACQ               
0070-0003347200001       ,CELLPHONE NOKIA                                             ,      1590.00,08/03/2021,OFF. EQPT.          ,CELLPHONE                                         ,         3,MFI-PIGGERY                   ,PIGGERY-NURSERY                                   ,FAACQ               
0070-0006522300001       ,WALL FAN CAMEL                                              ,      1707.00,09/09/2021,STR. EQPT.          ,FAN                                               ,         3,MFI-PIGGERY                   ,PIGGERY-ENGINEERING                               ,FAACQ               
0026-0006571100057       ,CPU SET INTEL CORE I3-9100 3.6GHZ 6MB                       ,     15000.00,01/04/2021,OFF. EQPT.          ,CPU                                               ,         3,MFI-PIGGERY                   ,PIGGERY-GROWING                                   ,FA_TRAN             
0110-0006485500001       ,GOULD SHALLOW PUMP 1HP J10S                                 ,     15730.14,10/11/2021,MACH. & EQPT.       ,PUMP                                              ,         4,MFI-PIGGERY                   ,PIGGERY-MAINTENANCE                               ,FA_TRAN             
0110-0006485500002       ,GOULD SHALLOW PUMP 1HP J10S                                 ,     15730.14,10/11/2021,MACH. & EQPT.       ,PUMP                                              ,         4,MFI-PIGGERY                   ,PIGGERY-MAINTENANCE                               ,FA_TRAN             
0070-0001765600031       ,COMPACT VHF FM PORTABLE RADIO-TK-2107                       ,      8500.00,11/05/2021,STR. EQPT.          ,RADIO                                             ,         3,MFI-PIGGERY                   ,PIGGERY-SAFETY AND SECURITY DEPT.                 ,FAACQ               
0070-0001765600032       ,COMPACT VHF FM PORTABLE RADIO-TK-2107                       ,      8500.00,11/05/2021,STR. EQPT.          ,RADIO                                             ,         3,MFI-PIGGERY                   ,PIGGERY-SAFETY AND SECURITY DEPT.                 ,FAACQ               
0070-0001765600033       ,COMPACT VHF FM PORTABLE RADIO-TK-2107                       ,      8500.00,11/05/2021,STR. EQPT.          ,RADIO                                             ,         3,MFI-PIGGERY                   ,PIGGERY-SAFETY AND SECURITY DEPT.                 ,FAACQ               
0070-0001765600034       ,COMPACT VHF FM PORTABLE RADIO-TK-2107                       ,      8500.00,11/05/2021,STR. EQPT.          ,RADIO                                             ,         3,MFI-PIGGERY                   ,PIGGERY-SAFETY AND SECURITY DEPT.                 ,FAACQ               
0070-0001765600035       ,COMPACT VHF FM PORTABLE RADIO-TK-2107                       ,      8500.00,11/05/2021,STR. EQPT.          ,RADIO                                             ,         3,MFI-PIGGERY                   ,PIGGERY-SAFETY AND SECURITY DEPT.                 ,FAACQ               
0070-0006401900008       ,MAKITA 7650H MIST BLOWER                                    ,     26167.50,11/02/2021,MACH. & EQPT.       ,MACHINE                                           ,         5,MFI-GP FARM                   ,GPF-ADMIN                                         ,FA_TRAN             
0070-0006401900009       ,MAKITA 7650H MIST BLOWER                                    ,     26167.50,11/02/2021,MACH. & EQPT.       ,MACHINE                                           ,         5,MFI-PIGGERY                   ,PIGGERY-MAINTENANCE WAREHOUSE                     ,FAACQ               
0070-0006401900010       ,MAKITA 7650H MIST BLOWER                                    ,     26167.50,11/02/2021,MACH. & EQPT.       ,MACHINE                                           ,         5,MFI-PIGGERY                   ,PIGGERY-MAINTENANCE WAREHOUSE                     ,FAACQ               
0070-0006401900011       ,MAKITA 7650H MIST BLOWER                                    ,     26167.50,11/02/2021,MACH. & EQPT.       ,MACHINE                                           ,         5,MFI-PIGGERY                   ,PIGGERY-MAINTENANCE WAREHOUSE                     ,FAACQ               
0070-0006401900012       ,MAKITA 7650H MIST BLOWER                                    ,     26167.50,11/02/2021,MACH. & EQPT.       ,MACHINE                                           ,         5,MFI-PIGGERY                   ,PIGGERY-MAINTENANCE WAREHOUSE                     ,FAACQ               
0070-0001688100002       ,KEBOS UPS PG650V LITE                                       ,      1473.21,11/02/2021,OFF. EQPT.          ,UPS                                               ,         5,MFI-PIGGERY                   ,PIGGERY-MAIN ADMIN                                ,FAACQ               
0070-0007012600001       ,PRESSURE WASHER KAWASAKI 1 HP                               ,      7142.86,11/02/2021,MACH. & EQPT.       ,PRESSURE WASHER                                   ,         2,MFI-PIGGERY                   ,PIGGERY-MAINTENANCE WAREHOUSE                     ,FAACQ               
0070-0007012600002       ,PRESSURE WASHER KAWASAKI 1 HP                               ,      7142.86,11/02/2021,MACH. & EQPT.       ,PRESSURE WASHER                                   ,         2,MFI-PIGGERY                   ,PIGGERY-MAINTENANCE WAREHOUSE                     ,FAACQ               
0070-0007012600003       ,PRESSURE WASHER KAWASAKI 1 HP                               ,      7142.86,11/02/2021,MACH. & EQPT.       ,PRESSURE WASHER                                   ,         2,MFI-PIGGERY                   ,PIGGERY-MAINTENANCE WAREHOUSE                     ,FAACQ               
0070-0007012600004       ,PRESSURE WASHER KAWASAKI 1 HP                               ,      7142.86,11/02/2021,MACH. & EQPT.       ,PRESSURE WASHER                                   ,         2,MFI-PIGGERY                   ,PIGGERY-MAINTENANCE WAREHOUSE                     ,FAACQ               
0070-0007012600005       ,PRESSURE WASHER KAWASAKI 1 HP                               ,      7142.86,11/02/2021,MACH. & EQPT.       ,PRESSURE WASHER                                   ,         2,MFI-PIGGERY                   ,PIGGERY-MAINTENANCE WAREHOUSE                     ,FAACQ               
0070-0007012700001       ,PRESSURE WASHER KAWASAKI 1 HP PUMP ONLY                     ,      2857.14,11/02/2021,MACH. & EQPT.       ,PRESSURE WASHER                                   ,         2,MFI-PIGGERY                   ,PIGGERY-MAINTENANCE WAREHOUSE                     ,FAACQ               
0070-0007012700002       ,PRESSURE WASHER KAWASAKI 1 HP PUMP ONLY                     ,      2857.14,11/02/2021,MACH. & EQPT.       ,PRESSURE WASHER                                   ,         2,MFI-PIGGERY                   ,PIGGERY-MAINTENANCE WAREHOUSE                     ,FAACQ               
0070-0007012700003       ,PRESSURE WASHER KAWASAKI 1 HP PUMP ONLY                     ,      2857.14,11/02/2021,MACH. & EQPT.       ,PRESSURE WASHER                                   ,         2,MFI-PIGGERY                   ,PIGGERY-MAINTENANCE WAREHOUSE                     ,FAACQ               
0070-0007012700004       ,PRESSURE WASHER KAWASAKI 1 HP PUMP ONLY                     ,      2857.14,11/02/2021,MACH. & EQPT.       ,PRESSURE WASHER                                   ,         2,MFI-PIGGERY                   ,PIGGERY-MAINTENANCE WAREHOUSE                     ,FAACQ               
0070-0007012700005       ,PRESSURE WASHER KAWASAKI 1 HP PUMP ONLY                     ,      2857.14,11/02/2021,MACH. & EQPT.       ,PRESSURE WASHER                                   ,         2,MFI-PIGGERY                   ,PIGGERY-MAINTENANCE WAREHOUSE                     ,FAACQ               
0070-0007012700006       ,PRESSURE WASHER KAWASAKI 1 HP PUMP ONLY                     ,      2857.14,11/02/2021,MACH. & EQPT.       ,PRESSURE WASHER                                   ,         2,MFI-PIGGERY                   ,PIGGERY-MAINTENANCE WAREHOUSE                     ,FAACQ               
0070-0007012700007       ,PRESSURE WASHER KAWASAKI 1 HP PUMP ONLY                     ,      2857.14,11/02/2021,MACH. & EQPT.       ,PRESSURE WASHER                                   ,         2,MFI-PIGGERY                   ,PIGGERY-MAINTENANCE WAREHOUSE                     ,FAACQ               
0070-0007012700008       ,PRESSURE WASHER KAWASAKI 1 HP PUMP ONLY                     ,      2857.14,11/02/2021,MACH. & EQPT.       ,PRESSURE WASHER                                   ,         2,MFI-PIGGERY                   ,PIGGERY-MAINTENANCE WAREHOUSE                     ,FAACQ               
0070-0007012700009       ,PRESSURE WASHER KAWASAKI 1 HP PUMP ONLY                     ,      2857.14,11/02/2021,MACH. & EQPT.       ,PRESSURE WASHER                                   ,         2,MFI-PIGGERY                   ,PIGGERY-MAINTENANCE WAREHOUSE                     ,FAACQ               
0070-0007012700010       ,PRESSURE WASHER KAWASAKI 1 HP PUMP ONLY                     ,      2857.14,11/02/2021,MACH. & EQPT.       ,PRESSURE WASHER                                   ,         2,MFI-PIGGERY                   ,PIGGERY-MAINTENANCE WAREHOUSE                     ,FAACQ               
0070-0007151600001       ,CARRIER A/C WCARH019EEV 2HP                                 ,     51298.00,11/17/2021,MACH. & EQPT.       ,AIRCON                                            ,         5,MFI-PIGGERY                   ,PIGGERY-MAIN ADMIN                                ,FAACQ               
0070-0000620200003       ,M.T.S PANEL BOARD 3 PHASE 250A SQUARED EZD250F              ,     21798.48,11/19/2021,ELEC. INTS. & EQPT. ,PANEL BOARD                                       ,         5,MFI-PIGGERY                   ,PIGGERY-MAINTENANCE WAREHOUSE                     ,FAACQ               
0070-0000620200004       ,M.T.S PANEL BOARD 3 PHASE 250A SQUARED EZD250F              ,     21798.48,11/19/2021,ELEC. INTS. & EQPT. ,PANEL BOARD                                       ,         5,MFI-PIGGERY                   ,PIGGERY-MAINTENANCE WAREHOUSE                     ,FAACQ               
0070-0004215200002       ,AIRCON CARRIER 1HP                                          ,     22698.00,11/17/2021,MACH. & EQPT.       ,AIRCON                                            ,         5,MFI-PIGGERY                   ,PIGGERY-LABORATORY                                ,FAACQ               
0070-0006657100001       ,ISUZU FORWARD BULK TRUCK PL#:KAK-1604                       ,   1700000.00,11/02/2021,TRNS. EQPT.         ,VEHICLE                                           ,        10,MFI-PIGGERY                   ,PIGGERY-LOGISTICS                                 ,FAACQ               
0070-0006657200001       ,ISUZU FORWARD BULK TRUCK PL#:KAK-1603                       ,   1700000.00,11/02/2021,TRNS. EQPT.         ,VEHICLE                                           ,        10,MFI-PIGGERY                   ,PIGGERY-LOGISTICS                                 ,FAACQ               
0070-0006842400001       ,TRAILER 20FT.                                               ,    290000.00,11/02/2021,TRNS. EQPT.         ,TRAILER                                           ,        10,MFI-PIGGERY                   ,PIGGERY-LOGISTICS                                 ,FAACQ               
0070-0006842400002       ,TRAILER 20FT.                                               ,    290000.00,11/02/2021,TRNS. EQPT.         ,TRAILER                                           ,        10,MFI-PIGGERY                   ,PIGGERY-LOGISTICS                                 ,FAACQ               
0070-0006842400003       ,TRAILER 20FT.                                               ,    290000.00,11/02/2021,TRNS. EQPT.         ,TRAILER                                           ,        10,MFI-PIGGERY                   ,PIGGERY-LOGISTICS                                 ,FAACQ               
0070-0006842400004       ,TRAILER 20FT.                                               ,    290000.00,11/02/2021,TRNS. EQPT.         ,TRAILER                                           ,        10,MFI-PIGGERY                   ,PIGGERY-LOGISTICS                                 ,FAACQ               
0070-0006842400005       ,TRAILER 20FT.                                               ,    290000.00,11/02/2021,TRNS. EQPT.         ,TRAILER                                           ,        10,MFI-PIGGERY                   ,PIGGERY-LOGISTICS                                 ,FAACQ               
0070-0002237800001       ,ELECTRIC DRILL                                              ,      3499.00,11/26/2021,TOOLS               ,DRILL                                             ,         5,MFI-PIGGERY                   ,PIGGERY-MAINTENANCE WAREHOUSE                     ,FAACQ               
0070-0006392500001       ,ANGLE GRINDER                                               ,      2999.00,11/26/2021,TOOLS               ,GRINDER                                           ,        10,MFI-PIGGERY                   ,PIGGERY-MAINTENANCE WAREHOUSE                     ,FAACQ               
0070-0006392500002       ,ANGLE GRINDER                                               ,      2999.00,11/26/2021,TOOLS               ,GRINDER                                           ,        10,MFI-PIGGERY                   ,PIGGERY-MAINTENANCE WAREHOUSE                     ,FAACQ               
0070-0006392500003       ,ANGLE GRINDER                                               ,      2999.00,11/26/2021,TOOLS               ,GRINDER                                           ,        10,MFI-PIGGERY                   ,PIGGERY-MAINTENANCE WAREHOUSE                     ,FAACQ               
0070-0000283400001       ,OMNI EMERGENCY LIGHT  AEL-9032L / 12 V                      ,      2799.75,11/26/2021,STR. EQPT.          ,EMERGENCY LIGHT                                   ,         3,MFI-PIGGERY                   ,PIGGERY-MAINTENANCE WAREHOUSE                     ,FAACQ               
0070-0000283400002       ,OMNI EMERGENCY LIGHT  AEL-9032L / 12 V                      ,      2799.75,11/26/2021,STR. EQPT.          ,EMERGENCY LIGHT                                   ,         3,MFI-PIGGERY                   ,PIGGERY-MAINTENANCE WAREHOUSE                     ,FAACQ               
0070-0000283400003       ,OMNI EMERGENCY LIGHT  AEL-9032L / 12 V                      ,      2799.75,11/26/2021,STR. EQPT.          ,EMERGENCY LIGHT                                   ,         3,MFI-PIGGERY                   ,PIGGERY-MAINTENANCE WAREHOUSE                     ,FAACQ               
0070-0000283400004       ,OMNI EMERGENCY LIGHT  AEL-9032L / 12 V                      ,      2799.75,11/26/2021,STR. EQPT.          ,EMERGENCY LIGHT                                   ,         3,MFI-PIGGERY                   ,PIGGERY-MAINTENANCE WAREHOUSE                     ,FAACQ               
0070-0000283400005       ,OMNI EMERGENCY LIGHT  AEL-9032L / 12 V                      ,      2799.75,11/26/2021,STR. EQPT.          ,EMERGENCY LIGHT                                   ,         3,MFI-PIGGERY                   ,PIGGERY-MAINTENANCE WAREHOUSE                     ,FAACQ               
0070-0000283400006       ,OMNI EMERGENCY LIGHT  AEL-9032L / 12 V                      ,      2799.75,11/26/2021,STR. EQPT.          ,EMERGENCY LIGHT                                   ,         3,MFI-PIGGERY                   ,PIGGERY-MAINTENANCE WAREHOUSE                     ,FAACQ               
0070-0000283400007       ,OMNI EMERGENCY LIGHT  AEL-9032L / 12 V                      ,      2799.75,11/26/2021,STR. EQPT.          ,EMERGENCY LIGHT                                   ,         3,MFI-PIGGERY                   ,PIGGERY-MAINTENANCE WAREHOUSE                     ,FAACQ               
0070-0000283400008       ,OMNI EMERGENCY LIGHT  AEL-9032L / 12 V                      ,      2799.75,11/26/2021,STR. EQPT.          ,EMERGENCY LIGHT                                   ,         3,MFI-PIGGERY                   ,PIGGERY-MAINTENANCE WAREHOUSE                     ,FAACQ               
0070-0000283400009       ,OMNI EMERGENCY LIGHT  AEL-9032L / 12 V                      ,      2799.75,11/26/2021,STR. EQPT.          ,EMERGENCY LIGHT                                   ,         3,MFI-PIGGERY                   ,PIGGERY-MAINTENANCE WAREHOUSE                     ,FAACQ               
0070-0006505500001       ,PORTABLE WELDING MACHINE INVERTER                           ,      5873.22,12/13/2021,MACH. & EQPT.       ,MACHINE MOTOR                                     ,         5,MFI-PIGGERY                   ,PIGGERY-MAINTENANCE WAREHOUSE                     ,FAACQ               
0070-0006505500002       ,PORTABLE WELDING MACHINE INVERTER                           ,      5873.22,12/13/2021,MACH. & EQPT.       ,MACHINE MOTOR                                     ,         5,MFI-PIGGERY                   ,PIGGERY-MAINTENANCE WAREHOUSE                     ,FAACQ               
0070-0006505500003       ,PORTABLE WELDING MACHINE INVERTER                           ,      5873.22,12/13/2021,MACH. & EQPT.       ,MACHINE MOTOR                                     ,         5,MFI-PIGGERY                   ,PIGGERY-MAINTENANCE WAREHOUSE                     ,FAACQ               
0070-0006505500004       ,PORTABLE WELDING MACHINE INVERTER                           ,      5873.22,12/13/2021,MACH. & EQPT.       ,MACHINE MOTOR                                     ,         5,MFI-PIGGERY                   ,PIGGERY-MAINTENANCE WAREHOUSE                     ,FAACQ               
0070-0007250900001       ,AIRCON TCL 1HP TAC 09CWM/H1                                 ,     11497.00,12/22/2021,MACH. & EQPT.       ,AIRCON                                            ,         5,MFI-PIGGERY                   ,PIGGERY-MAIN ADMIN                                ,FAACQ               
0070-0007250900002       ,AIRCON TCL 1HP TAC 09CWM/H1                                 ,     11497.00,12/22/2021,MACH. & EQPT.       ,AIRCON                                            ,         5,MFI-PIGGERY                   ,PIGGERY-MAIN ADMIN                                ,FAACQ               
0070-0006147000003       ,PROBE FOR MULTISCAN                                         ,     24107.14,12/01/2021,STR. EQPT.          ,OTHERS                                            ,         3,MFI-PIGGERY                   ,PIGGERY-BREEDING                                  ,FAACQ               
0070-0000713000001       ,CPU ASUS                                                    ,     14375.00,01/18/2022,OFF. EQPT.          ,CPU                                               ,         3,MFI-PIGGERY                   ,PIGGERY-MAIN ADMIN                                ,FAACQ               
0070-0004222500003       ,MS MULTISCAN SET                                            ,    180000.00,01/21/2022,OFF. EQPT.          ,OTHERS                                            ,         3,MFI-PIGGERY UNTAGA            ,PIGGERY UNTAGA-MAIN ADMIN                         ,FA_TRAN             
0000000600001            ,FORWARD # 07 CRB-571                                        ,    586308.00,01/31/2003,TRNS. EQPT.         ,VEHICLE                                           ,        10,MFI-PIGGERY                   ,PIGGERY-MAIN ADMIN                                ,FA_TRAN             
0026-0000009500006       ,MONITOR LED AOC 18.5""                                       ,      3500.00,05/29/2013,OFF. EQPT.          ,MONITOR                                           ,         3,HEAD OFFICE                   ,HO-ACCOUNTING & DISBURSEMENTS DEPT.               ,FA_TRAN             
0070-0007212000001       ,ELECTRIC STOVE (SINGLE)                                     ,      2510.00,01/19/2022,STR. EQPT.          ,STOVE                                             ,         3,MFI-PIGGERY UNTAGA            ,PIGGERY UNTAGA-MAIN ADMIN                         ,FA_TRAN             
0070-0007212000002       ,ELECTRIC STOVE (SINGLE)                                     ,      2510.00,01/19/2022,STR. EQPT.          ,STOVE                                             ,         3,MFI-PIGGERY UNTAGA            ,PIGGERY UNTAGA-MAIN ADMIN                         ,FA_TRAN             
0070-0001514000001       ,MONITOR AOC                                                 ,      4419.64,01/26/2022,OFF. EQPT.          ,MONITOR                                           ,         3,MFI-PIGGERY                   ,PIGGERY-MAIN ADMIN                                ,FAACQ               
0070-0001187300012       ,BIOMETRICS                                                  ,      8750.00,02/04/2022,STR. EQPT.          ,BIOMETRICS                                        ,         3,MFI-PIGGERY                   ,PIGGERY-MAIN ADMIN                                ,FAACQ               
0070-0001187300013       ,BIOMETRICS                                                  ,      8750.00,02/04/2022,STR. EQPT.          ,BIOMETRICS                                        ,         3,MFI-PIGGERY                   ,PIGGERY-MAIN ADMIN                                ,FAACQ               
0070-0007309700001       ,DOSATRON DIA4AL                                             ,     25000.00,02/02/2022,STR. EQPT.          ,PARTS                                             ,         1,MFI-PIGGERY                   ,PIGGERY-MAINTENANCE WAREHOUSE                     ,FAACQ               
0070-0007309700002       ,DOSATRON DIA4AL                                             ,     25000.00,02/02/2022,STR. EQPT.          ,PARTS                                             ,         1,MFI-PIGGERY                   ,PIGGERY-MAINTENANCE WAREHOUSE                     ,FAACQ               
0070-0007309700003       ,DOSATRON DIA4AL                                             ,     25000.00,02/02/2022,STR. EQPT.          ,PARTS                                             ,         1,MFI-PIGGERY                   ,PIGGERY-MAINTENANCE WAREHOUSE                     ,FAACQ               
0070-0007309700004       ,DOSATRON DIA4AL                                             ,     25000.00,02/02/2022,STR. EQPT.          ,PARTS                                             ,         1,MFI-PIGGERY                   ,PIGGERY-MAINTENANCE WAREHOUSE                     ,FAACQ               
0070-0007309700005       ,DOSATRON DIA4AL                                             ,     25000.00,02/02/2022,STR. EQPT.          ,PARTS                                             ,         1,MFI-PIGGERY                   ,PIGGERY-MAINTENANCE WAREHOUSE                     ,FAACQ               
0070-0007309700006       ,DOSATRON DIA4AL                                             ,     25000.00,02/02/2022,STR. EQPT.          ,PARTS                                             ,         1,MFI-PIGGERY                   ,PIGGERY-MAINTENANCE WAREHOUSE                     ,FAACQ               
0070-0007309700007       ,DOSATRON DIA4AL                                             ,     25000.00,02/02/2022,STR. EQPT.          ,PARTS                                             ,         1,MFI-PIGGERY                   ,PIGGERY-MAINTENANCE WAREHOUSE                     ,FAACQ               
0070-0007309700008       ,DOSATRON DIA4AL                                             ,     25000.00,02/02/2022,STR. EQPT.          ,PARTS                                             ,         1,MFI-PIGGERY                   ,PIGGERY-MAINTENANCE WAREHOUSE                     ,FAACQ               
0070-0007309700009       ,DOSATRON DIA4AL                                             ,     25000.00,02/02/2022,STR. EQPT.          ,PARTS                                             ,         1,MFI-PIGGERY                   ,PIGGERY-MAINTENANCE WAREHOUSE                     ,FAACQ               
0070-0007309700010       ,DOSATRON DIA4AL                                             ,     25000.00,02/02/2022,STR. EQPT.          ,PARTS                                             ,         1,MFI-PIGGERY                   ,PIGGERY-MAINTENANCE WAREHOUSE                     ,FAACQ               
0070-0007309700011       ,DOSATRON DIA4AL                                             ,     25000.00,02/02/2022,STR. EQPT.          ,PARTS                                             ,         1,MFI-PIGGERY                   ,PIGGERY-MAINTENANCE WAREHOUSE                     ,FAACQ               
0070-0007309700012       ,DOSATRON DIA4AL                                             ,     25000.00,02/02/2022,STR. EQPT.          ,PARTS                                             ,         1,MFI-PIGGERY                   ,PIGGERY-MAINTENANCE WAREHOUSE                     ,FAACQ               
0110-0007259600001       ,PANELBOARD HOUSING 6BRANCHES PLUG-IN TYPE                   ,      3170.95,12/22/2021,ELEC. INTS. & EQPT. ,PANEL BOARD                                       ,         5,MFI-PIGGERY                   ,PIGGERY-MAINTENANCE                               ,FA_TRAN             
0070-0007284300001       ,LOTUS SOCKET WRENCH                                         ,      3899.00,01/09/2022,TOOLS               ,TOOLS                                             ,         3,MFI-PIGGERY                   ,PIGGERY-MAINTENANCE                               ,FAACQ               
0070-0003207700003       ,PRINTER EPSON LQ-310                                        ,     12406.25,01/12/2022,OFF. EQPT.          ,PRINTER                                           ,         3,MFI-PIGGERY                   ,PIGGERY-MAIN ADMIN                                ,FAACQ               
0002828000001            ,HINO SS1E TRACTOR HEAD PM-48 PL#:ABL-6995                   ,   4200000.00,05/04/2015,TRNS. EQPT.         ,VEHICLE                                           ,        10,MFI-PIGGERY                   ,PIGGERY-MAIN ADMIN                                ,FA_TRAN             
0070-0005030100005       ,SUBMERSIBLE PUMP EBARA MODEL: DML 67.5                      ,     75892.86,01/29/2022,MACH. & EQPT.       ,PUMP                                              ,         5,MFI-PIGGERY                   ,PIGGERY-MAINTENANCE                               ,FAACQ               
0070-0005030100006       ,SUBMERSIBLE PUMP EBARA MODEL: DML 67.5                      ,     75892.86,01/29/2022,MACH. & EQPT.       ,PUMP                                              ,         5,MFI-PIGGERY                   ,PIGGERY-MAINTENANCE                               ,FAACQ               
0070-0005030100007       ,SUBMERSIBLE PUMP EBARA MODEL: DML 67.5                      ,     75892.86,01/29/2022,MACH. & EQPT.       ,PUMP                                              ,         5,MFI-PIGGERY                   ,PIGGERY-MAINTENANCE                               ,FAACQ               
0070-0007064600001       ,CONTROL PANEL REDUCED VOLTAGE AUTO TRANSFORMER              ,     34017.00,02/12/2022,ELEC. INTS. & EQPT. ,PANEL BOARD                                       ,         5,MFI-PIGGERY                   ,PIGGERY-ENGINEERING                               ,FAACQ               
0070-0004322600001       ,SUBSTATION TYPE TRANSFORMER                                 ,   1426000.00,02/04/2022,ELEC. INTS. & EQPT. ,TRANSFORMER                                       ,         5,MFI-PIGGERY                   ,PIGGERY-ENGINEERING                               ,FAACQ               
0070-0007011700001       ,WATER SOFTENER FILTER FOR 40 GPM                            ,    550000.00,02/09/2022,MACH. & EQPT.       ,WATER PURIFIER                                    ,         5,MFI-PIGGERY                   ,PIGGERY-MAINTENANCE WAREHOUSE                     ,FAACQ               
0070-0007011700002       ,WATER SOFTENER FILTER FOR 40 GPM                            ,    550000.00,02/09/2022,MACH. & EQPT.       ,WATER PURIFIER                                    ,         5,MFI-PIGGERY                   ,PIGGERY-MAINTENANCE WAREHOUSE                     ,FAACQ               
0070-0007011700003       ,WATER SOFTENER FILTER FOR 40 GPM                            ,    550000.00,02/09/2022,MACH. & EQPT.       ,WATER PURIFIER                                    ,         5,MFI-PIGGERY                   ,PIGGERY-MAINTENANCE WAREHOUSE                     ,FAACQ               
0070-0003837900013       ,HYPO CHLORINATOR (PULSATRON)                                ,     40000.00,02/16/2022,MACH. & EQPT.       ,MACHINE TOOLS                                     ,         5,MFI-PIGGERY                   ,PIGGERY-MAINTENANCE WAREHOUSE                     ,FAACQ               
0070-0003837900014       ,HYPO CHLORINATOR (PULSATRON)                                ,     40000.00,02/16/2022,MACH. & EQPT.       ,MACHINE TOOLS                                     ,         5,MFI-PIGGERY                   ,PIGGERY-MAINTENANCE WAREHOUSE                     ,FAACQ               
0070-0003837900015       ,HYPO CHLORINATOR (PULSATRON)                                ,     40000.00,02/16/2022,MACH. & EQPT.       ,MACHINE TOOLS                                     ,         5,MFI-PIGGERY                   ,PIGGERY-MAINTENANCE WAREHOUSE                     ,FAACQ               
0070-0007309700013       ,DOSATRON DIA4AL                                             ,     25000.00,02/23/2022,STR. EQPT.          ,PARTS                                             ,         1,MFI-PIGGERY                   ,PIGGERY-MAINTENANCE WAREHOUSE                     ,FAACQ               
0070-0007309700014       ,DOSATRON DIA4AL                                             ,     25000.00,02/23/2022,STR. EQPT.          ,PARTS                                             ,         1,MFI-PIGGERY                   ,PIGGERY-MAINTENANCE WAREHOUSE                     ,FAACQ               
0070-0007309700015       ,DOSATRON DIA4AL                                             ,     25000.00,02/23/2022,STR. EQPT.          ,PARTS                                             ,         1,MFI-PIGGERY                   ,PIGGERY-MAINTENANCE WAREHOUSE                     ,FAACQ               
0070-0007309700016       ,DOSATRON DIA4AL                                             ,     25000.00,02/23/2022,STR. EQPT.          ,PARTS                                             ,         1,MFI-PIGGERY                   ,PIGGERY-MAINTENANCE WAREHOUSE                     ,FAACQ               
0070-0007309700017       ,DOSATRON DIA4AL                                             ,     25000.00,02/23/2022,STR. EQPT.          ,PARTS                                             ,         1,MFI-PIGGERY                   ,PIGGERY-MAINTENANCE WAREHOUSE                     ,FAACQ               
0070-0007309700018       ,DOSATRON DIA4AL                                             ,     25000.00,02/23/2022,STR. EQPT.          ,PARTS                                             ,         1,MFI-PIGGERY                   ,PIGGERY-MAINTENANCE WAREHOUSE                     ,FAACQ               
0070-0007309700019       ,DOSATRON DIA4AL                                             ,     25000.00,02/23/2022,STR. EQPT.          ,PARTS                                             ,         1,MFI-PIGGERY                   ,PIGGERY-MAINTENANCE WAREHOUSE                     ,FAACQ               
0070-0007309700020       ,DOSATRON DIA4AL                                             ,     25000.00,02/23/2022,STR. EQPT.          ,PARTS                                             ,         1,MFI-PIGGERY                   ,PIGGERY-MAINTENANCE WAREHOUSE                     ,FAACQ               
0070-0007309700021       ,DOSATRON DIA4AL                                             ,     25000.00,02/23/2022,STR. EQPT.          ,PARTS                                             ,         1,MFI-PIGGERY                   ,PIGGERY-MAINTENANCE WAREHOUSE                     ,FAACQ               
0070-0007309700022       ,DOSATRON DIA4AL                                             ,     25000.00,02/23/2022,STR. EQPT.          ,PARTS                                             ,         1,MFI-PIGGERY                   ,PIGGERY-MAINTENANCE WAREHOUSE                     ,FAACQ               
0070-0007309700023       ,DOSATRON DIA4AL                                             ,     25000.00,02/23/2022,STR. EQPT.          ,PARTS                                             ,         1,MFI-PIGGERY                   ,PIGGERY-MAINTENANCE WAREHOUSE                     ,FAACQ               
0070-0007309700024       ,DOSATRON DIA4AL                                             ,     25000.00,02/23/2022,STR. EQPT.          ,PARTS                                             ,         1,MFI-PIGGERY                   ,PIGGERY-MAINTENANCE WAREHOUSE                     ,FAACQ               
0070-0007419000001       ,CELLPHONE NOKIA 6310                                        ,      2401.79,03/02/2022,OFF. EQPT.          ,CELLPHONE                                         ,         3,MFI-PIGGERY                   ,PIGGERY-MAIN ADMIN                                ,FAACQ               
0070-0005452800001       ,SAMSUNG SMART UA32T4300AGXXP                                ,     16999.00,03/14/2022,OFF. EQPT.          ,TV                                                ,         3,MFI-PIGGERY                   ,PIGGERY-GROWING                                   ,FAACQ               
0070-0007433100001       ,CELLPHONE SAMSUNG GALAXY A03                                ,      4821.43,03/07/2022,OFF. EQPT.          ,CELLPHONE                                         ,         3,PEANUT KISSES                 ,PK-ADMIN                                          ,FA_TRAN             
0070-0004991600001       ,POWER SPRAYER WULI POWER SPRAYER 2 HP MODEL                 ,     26000.00,03/17/2022,MACH. & EQPT.       ,POWER SPRAYER                                     ,         3,MFI-PIGGERY                   ,PIGGERY-MAINTENANCE                               ,FAACQ               
0070-0004991600002       ,POWER SPRAYER WULI POWER SPRAYER 2 HP MODEL                 ,     26000.00,03/17/2022,MACH. & EQPT.       ,POWER SPRAYER                                     ,         3,DRESSING PLANT                ,DRESSING PLANT-ADMIN                              ,FA_TRAN             
0070-0004991600003       ,POWER SPRAYER WULI POWER SPRAYER 2 HP MODEL                 ,     26000.00,03/17/2022,MACH. & EQPT.       ,POWER SPRAYER                                     ,         3,MFI-PIGGERY                   ,PIGGERY-MAINTENANCE                               ,FAACQ               
0070-0004991600004       ,POWER SPRAYER WULI POWER SPRAYER 2 HP MODEL                 ,     26000.00,03/17/2022,MACH. & EQPT.       ,POWER SPRAYER                                     ,         3,MFI-PIGGERY                   ,PIGGERY-MAINTENANCE                               ,FAACQ               
0070-0004991600005       ,POWER SPRAYER WULI POWER SPRAYER 2 HP MODEL                 ,     26000.00,03/17/2022,MACH. & EQPT.       ,POWER SPRAYER                                     ,         3,MFI-PIGGERY                   ,PIGGERY-MAINTENANCE                               ,FAACQ               
0070-0004991600006       ,POWER SPRAYER WULI POWER SPRAYER 2 HP MODEL                 ,     26000.00,03/17/2022,MACH. & EQPT.       ,POWER SPRAYER                                     ,         3,MFI-PIGGERY                   ,PIGGERY-MAINTENANCE                               ,FAACQ               
0070-0004991600007       ,POWER SPRAYER WULI POWER SPRAYER 2 HP MODEL                 ,     26000.00,03/17/2022,MACH. & EQPT.       ,POWER SPRAYER                                     ,         3,MFI-PIGGERY                   ,PIGGERY-MAINTENANCE                               ,FAACQ               
0070-0004991600008       ,POWER SPRAYER WULI POWER SPRAYER 2 HP MODEL                 ,     26000.00,03/17/2022,MACH. & EQPT.       ,POWER SPRAYER                                     ,         3,MFI-PIGGERY                   ,PIGGERY-MAINTENANCE                               ,FAACQ               
0070-0004991600009       ,POWER SPRAYER WULI POWER SPRAYER 2 HP MODEL                 ,     26000.00,03/17/2022,MACH. & EQPT.       ,POWER SPRAYER                                     ,         3,MFI-PIGGERY                   ,PIGGERY-MAINTENANCE                               ,FAACQ               
0070-0004991600010       ,POWER SPRAYER WULI POWER SPRAYER 2 HP MODEL                 ,     26000.00,03/17/2022,MACH. & EQPT.       ,POWER SPRAYER                                     ,         3,MFI-PIGGERY                   ,PIGGERY-MAINTENANCE                               ,FAACQ               
0070-0006111700001       ,FUJI DIGITAL WEIGHING SCALE 400 KILOS CAPACITY              ,     81160.72,02/21/2022,STR. EQPT.          ,WEIGHING SCALE                                    ,         3,MFI-PIGGERY                   ,PIGGERY-MAINTENANCE WAREHOUSE                     ,FAACQ               
0070-0006111700002       ,FUJI DIGITAL WEIGHING SCALE 400 KILOS CAPACITY              ,     81160.72,02/21/2022,STR. EQPT.          ,WEIGHING SCALE                                    ,         3,MFI-PIGGERY                   ,PIGGERY-MAINTENANCE WAREHOUSE                     ,FAACQ               
0070-0007341900001       ,ELASTIC SOFT 20KV RUBBERIZED GLOVES                         ,      8100.00,03/21/2022,TOOLS               ,TOOLS                                             ,         3,MFI-PIGGERY                   ,PIGGERY-ENGINEERING                               ,FAACQ               
0070-0007415400001       ,ORBIT FAN 18"" CAMEL                                         ,      2737.00,03/25/2022,STR. EQPT.          ,FAN                                               ,         3,MFI-PIGGERY                   ,PIGGERY-MAINTENANCE WAREHOUSE                     ,FAACQ               
0070-0007415400002       ,ORBIT FAN 18"" CAMEL                                         ,      2737.00,03/25/2022,STR. EQPT.          ,FAN                                               ,         3,MFI-PIGGERY                   ,PIGGERY-MAINTENANCE WAREHOUSE                     ,FAACQ               
0070-0007415400003       ,ORBIT FAN 18"" CAMEL                                         ,      2737.00,03/25/2022,STR. EQPT.          ,FAN                                               ,         3,MFI-PIGGERY                   ,PIGGERY-MAINTENANCE WAREHOUSE                     ,FAACQ               
0070-0007415400004       ,ORBIT FAN 18"" CAMEL                                         ,      2737.00,03/25/2022,STR. EQPT.          ,FAN                                               ,         3,MFI-PIGGERY                   ,PIGGERY-MAINTENANCE WAREHOUSE                     ,FAACQ               
0070-0007415400005       ,ORBIT FAN 18"" CAMEL                                         ,      2737.00,03/25/2022,STR. EQPT.          ,FAN                                               ,         3,MFI-PIGGERY                   ,PIGGERY-MAINTENANCE WAREHOUSE                     ,FAACQ               
0070-0007415400006       ,ORBIT FAN 18"" CAMEL                                         ,      2737.00,03/25/2022,STR. EQPT.          ,FAN                                               ,         3,MFI-PIGGERY                   ,PIGGERY-MAINTENANCE WAREHOUSE                     ,FAACQ               
0070-0006283800002       ,LONGTECH ROOTS BLOWER WITHOUT MOTOR MODEL-LT-080            ,    118727.85,04/05/2022,MACH. & EQPT.       ,MACHINE                                           ,         3,MFI-PIGGERY                   ,PIGGERY-MAINTENANCE WAREHOUSE                     ,FAACQ               
0070-0006283800003       ,LONGTECH ROOTS BLOWER WITHOUT MOTOR MODEL-LT-080            ,    118727.85,04/05/2022,MACH. & EQPT.       ,MACHINE                                           ,         3,MFI-PIGGERY                   ,PIGGERY-MAINTENANCE WAREHOUSE                     ,FAACQ               
0070-0007457700001       ,TOYOTA HILUX CS#:CS#S5Z652 PL#:GAR-1976                     ,    952679.00,04/19/2022,TRNS. EQPT.         ,VEHICLE                                           ,        10,MFI-PIGGERY                   ,PIGGERY-MAIN ADMIN                                ,FAACQ               
0070-0007461200001       ,VARIABLE FREQUENCY DRIVE 10HP 7.5KW 3PHASE                  ,     24936.60,04/26/2022,OFF. EQPT.          ,OFFICE EQUIPMENT                                  ,         3,DRESSING PLANT                ,DRESSING PLANT-ADMIN                              ,FA_TRAN             
0070-0007344200001       ,RADIO HANDSET MOTOPLUS DUAL BAND FM TRANSCEIVER             ,      2400.00,04/27/2022,STR. EQPT.          ,RADIO                                             ,         3,MFI-PIGGERY                   ,PIGGERY-MAIN ADMIN                                ,FAACQ               
0070-0007344200002       ,RADIO HANDSET MOTOPLUS DUAL BAND FM TRANSCEIVER             ,      2400.00,04/27/2022,STR. EQPT.          ,RADIO                                             ,         3,MFI-PIGGERY                   ,PIGGERY-MAIN ADMIN                                ,FAACQ               
0070-0007344200003       ,RADIO HANDSET MOTOPLUS DUAL BAND FM TRANSCEIVER             ,      2400.00,04/27/2022,STR. EQPT.          ,RADIO                                             ,         3,MFI-PIGGERY                   ,PIGGERY-MAIN ADMIN                                ,FAACQ               
0070-0007344200004       ,RADIO HANDSET MOTOPLUS DUAL BAND FM TRANSCEIVER             ,      2400.00,04/27/2022,STR. EQPT.          ,RADIO                                             ,         3,MFI-PIGGERY                   ,PIGGERY-MAIN ADMIN                                ,FAACQ               
0070-0007344200005       ,RADIO HANDSET MOTOPLUS DUAL BAND FM TRANSCEIVER             ,      2400.00,04/27/2022,STR. EQPT.          ,RADIO                                             ,         3,MFI-PIGGERY                   ,PIGGERY-MAIN ADMIN                                ,FAACQ               
0070-0007344200006       ,RADIO HANDSET MOTOPLUS DUAL BAND FM TRANSCEIVER             ,      2400.00,04/27/2022,STR. EQPT.          ,RADIO                                             ,         3,MFI-PIGGERY                   ,PIGGERY-MAIN ADMIN                                ,FAACQ               
0070-0007344200007       ,RADIO HANDSET MOTOPLUS DUAL BAND FM TRANSCEIVER             ,      2400.00,04/27/2022,STR. EQPT.          ,RADIO                                             ,         3,MFI-PIGGERY                   ,PIGGERY-MAIN ADMIN                                ,FAACQ               
0070-0007344200008       ,RADIO HANDSET MOTOPLUS DUAL BAND FM TRANSCEIVER             ,      2400.00,04/27/2022,STR. EQPT.          ,RADIO                                             ,         3,MFI-PIGGERY                   ,PIGGERY-MAIN ADMIN                                ,FAACQ               
0070-0004513700013       ,EBARA ALL SS304 END SUCTION CENTRIFUGAL                     ,     75892.86,05/10/2022,MACH. & EQPT.       ,PUMP                                              ,         5,MFI-PIGGERY                   ,PIGGERY-MAINTENANCE WAREHOUSE                     ,FAACQ               
0070-0004513700014       ,EBARA ALL SS304 END SUCTION CENTRIFUGAL                     ,     75892.86,05/10/2022,MACH. & EQPT.       ,PUMP                                              ,         5,MFI-PIGGERY                   ,PIGGERY-MAINTENANCE WAREHOUSE                     ,FAACQ               
0070-0007212000003       ,ELECTRIC STOVE (SINGLE)                                     ,      2241.07,05/10/2022,STR. EQPT.          ,STOVE                                             ,         3,MFI-PIGGERY                   ,PIGGERY-BREEDING                                  ,FAACQ               
0070-0004227600038       ,SUBMERSIBLE PUMP STREAMPLUS .5HP                            ,      6964.29,05/12/2022,MACH. & EQPT.       ,PUMP                                              ,         5,MFI-PIGGERY                   ,PIGGERY-MAINTENANCE WAREHOUSE                     ,FAACQ               
0070-0004227600039       ,SUBMERSIBLE PUMP STREAMPLUS .5HP                            ,      6964.29,05/12/2022,MACH. & EQPT.       ,PUMP                                              ,         5,MFI-PIGGERY                   ,PIGGERY-MAINTENANCE WAREHOUSE                     ,FAACQ               
0070-0004227600040       ,SUBMERSIBLE PUMP STREAMPLUS .5HP                            ,      6964.29,05/12/2022,MACH. & EQPT.       ,PUMP                                              ,         5,MFI-PIGGERY                   ,PIGGERY-MAINTENANCE WAREHOUSE                     ,FAACQ               
0070-0004227600041       ,SUBMERSIBLE PUMP STREAMPLUS .5HP                            ,      6964.29,05/12/2022,MACH. & EQPT.       ,PUMP                                              ,         5,MFI-PIGGERY                   ,PIGGERY-MAINTENANCE WAREHOUSE                     ,FAACQ               
0070-0004227600042       ,SUBMERSIBLE PUMP STREAMPLUS .5HP                            ,      6964.29,05/12/2022,MACH. & EQPT.       ,PUMP                                              ,         5,MFI-PIGGERY                   ,PIGGERY-MAINTENANCE WAREHOUSE                     ,FAACQ               
0070-0004227600043       ,SUBMERSIBLE PUMP STREAMPLUS .5HP                            ,      6964.29,05/12/2022,MACH. & EQPT.       ,PUMP                                              ,         5,MFI-PIGGERY                   ,PIGGERY-MAINTENANCE WAREHOUSE                     ,FAACQ               
0070-0004227600044       ,SUBMERSIBLE PUMP STREAMPLUS .5HP                            ,      6964.29,05/12/2022,MACH. & EQPT.       ,PUMP                                              ,         5,MFI-PIGGERY UNTAGA            ,PIGGERY UNTAGA-MAIN ADMIN                         ,FA_TRAN             
0070-0004227600045       ,SUBMERSIBLE PUMP STREAMPLUS .5HP                            ,      6964.29,05/12/2022,MACH. & EQPT.       ,PUMP                                              ,         5,MFI-PIGGERY                   ,PIGGERY-MAINTENANCE WAREHOUSE                     ,FAACQ               
0070-0004227600046       ,SUBMERSIBLE PUMP STREAMPLUS .5HP                            ,      6964.29,05/12/2022,MACH. & EQPT.       ,PUMP                                              ,         5,MFI-PIGGERY                   ,PIGGERY-MAINTENANCE WAREHOUSE                     ,FAACQ               
0070-0004227600047       ,SUBMERSIBLE PUMP STREAMPLUS .5HP                            ,      6964.29,05/12/2022,MACH. & EQPT.       ,PUMP                                              ,         5,MFI-PIGGERY                   ,PIGGERY-MAINTENANCE WAREHOUSE                     ,FAACQ               
0070-0004934600017       ,SUBMERSIBLE PUMP STREAMPLUS 1HP                             ,     12053.57,05/12/2022,MACH. & EQPT.       ,PUMP                                              ,         5,MFI-PIGGERY                   ,PIGGERY-MAINTENANCE WAREHOUSE                     ,FAACQ               
0070-0004934600018       ,SUBMERSIBLE PUMP STREAMPLUS 1HP                             ,     12053.57,05/12/2022,MACH. & EQPT.       ,PUMP                                              ,         5,MFI-PIGGERY                   ,PIGGERY-MAINTENANCE WAREHOUSE                     ,FAACQ               
0070-0004934600019       ,SUBMERSIBLE PUMP STREAMPLUS 1HP                             ,     12053.57,05/12/2022,MACH. & EQPT.       ,PUMP                                              ,         5,MFI-PIGGERY                   ,PIGGERY-MAINTENANCE WAREHOUSE                     ,FAACQ               
0070-0004934600020       ,SUBMERSIBLE PUMP STREAMPLUS 1HP                             ,     12053.57,05/12/2022,MACH. & EQPT.       ,PUMP                                              ,         5,MFI-PIGGERY                   ,PIGGERY-MAINTENANCE WAREHOUSE                     ,FAACQ               
0070-0004934600021       ,SUBMERSIBLE PUMP STREAMPLUS 1HP                             ,     12053.57,05/12/2022,MACH. & EQPT.       ,PUMP                                              ,         5,MFI-PIGGERY                   ,PIGGERY-MAINTENANCE WAREHOUSE                     ,FAACQ               
0070-0004934600022       ,SUBMERSIBLE PUMP STREAMPLUS 1HP                             ,     12053.57,05/12/2022,MACH. & EQPT.       ,PUMP                                              ,         5,MFI-PIGGERY                   ,PIGGERY-MAINTENANCE WAREHOUSE                     ,FAACQ               
0070-0004934600023       ,SUBMERSIBLE PUMP STREAMPLUS 1HP                             ,     12053.57,05/12/2022,MACH. & EQPT.       ,PUMP                                              ,         5,MFI-PIGGERY                   ,PIGGERY-MAINTENANCE WAREHOUSE                     ,FAACQ               
0070-0004934600024       ,SUBMERSIBLE PUMP STREAMPLUS 1HP                             ,     12053.57,05/12/2022,MACH. & EQPT.       ,PUMP                                              ,         5,MFI-PIGGERY                   ,PIGGERY-MAINTENANCE WAREHOUSE                     ,FAACQ               
0070-0004934600025       ,SUBMERSIBLE PUMP STREAMPLUS 1HP                             ,     12053.57,05/12/2022,MACH. & EQPT.       ,PUMP                                              ,         5,MFI-PIGGERY                   ,PIGGERY-MAINTENANCE WAREHOUSE                     ,FAACQ               
0070-0004934600026       ,SUBMERSIBLE PUMP STREAMPLUS 1HP                             ,     12053.57,05/12/2022,MACH. & EQPT.       ,PUMP                                              ,         5,MFI-BREEDER LAPSAON DIMIAO    ,BLD-LAPSAON ADMIN                                 ,FA_TRAN             
0070-0004230500006       ,MONITOR AOC 18.5""                                           ,      5300.00,05/18/2022,OFF. EQPT.          ,MONITOR                                           ,         3,MFI-PIGGERY                   ,PIGGERY-MAIN ADMIN                                ,FAACQ               
0070-0004230500007       ,MONITOR AOC 18.5""                                           ,      4732.14,05/18/2022,OFF. EQPT.          ,MONITOR                                           ,         3,MFI-PIGGERY                   ,PIGGERY-BREEDING                                  ,FAACQ               
0070-0007064600002       ,CONTROL PANEL REDUCED VOLTAGE AUTO TRANSFORMER              ,     24462.80,05/18/2022,ELEC. INTS. & EQPT. ,PANEL BOARD                                       ,         5,MFI-PIGGERY                   ,PIGGERY-MAINTENANCE WAREHOUSE                     ,FAACQ               
0070-0007642700001       ,ALUMINUM LADDER SKYLER 7 STEP                               ,      2850.00,05/21/2022,FUR. & FIXT.        ,LADDER                                            ,         5,MFI-PIGGERY                   ,PIGGERY-MAINTENANCE WAREHOUSE                     ,FAACQ               
0070-0007642700002       ,ALUMINUM LADDER SKYLER 7 STEP                               ,      2850.00,05/21/2022,FUR. & FIXT.        ,LADDER                                            ,         5,MFI-PIGGERY                   ,PIGGERY-MAINTENANCE WAREHOUSE                     ,FAACQ               
0070-0001125500001       ,SANWA ANALOG CLAMP METER TESTER #CAM-600S                   ,      5142.86,05/31/2022,TOOLS               ,MULTI-TESTER                                      ,         3,MFI-PIGGERY                   ,PIGGERY-MAINTENANCE WAREHOUSE                     ,FAACQ               
0070-0003219600001       ,SANWA MULTI-TESTER YX 360TRF                                ,      2035.71,05/31/2022,TOOLS               ,TOOLS                                             ,         3,MFI-PIGGERY                   ,PIGGERY-MAINTENANCE WAREHOUSE                     ,FAACQ               
0070-0007302800001       ,SUPPLY & DELIVERY OF ELECTRICAL PANELBOARDS                 ,     83928.57,06/09/2022,ELEC. INTS. & EQPT. ,PANEL BOARD                                       ,         5,MFI-PIGGERY UNTAGA            ,PIGGERY UNTAGA-MAIN ADMIN                         ,FA_TRAN             
0070-0007553000001       ,CRESTON FIBERGLASS EXTENSION LADDER                         ,     17857.14,05/18/2022,FUR. & FIXT.        ,LADDER                                            ,         5,MFI-PIGGERY                   ,PIGGERY-FIXED ASSET DEPARTMENT                    ,FAACQ               
0070-0007553000002       ,CRESTON FIBERGLASS EXTENSION LADDER                         ,     17857.14,05/18/2022,FUR. & FIXT.        ,LADDER                                            ,         5,MFI-PIGGERY                   ,PIGGERY-FIXED ASSET DEPARTMENT                    ,FAACQ               
0070-0007553000003       ,CRESTON FIBERGLASS EXTENSION LADDER                         ,     17857.14,05/18/2022,FUR. & FIXT.        ,LADDER                                            ,         5,MFI-PIGGERY                   ,PIGGERY-FIXED ASSET DEPARTMENT                    ,FAACQ               
0070-0003307200001       ,MINI VACUUM CLEANER                                         ,      3099.00,06/22/2022,STR. EQPT.          ,VACUUM                                            ,         3,MFI-PIGGERY                   ,PIGGERY-MAINTENANCE WAREHOUSE                     ,FAACQ               
0070-0004324800001       ,NANO STATION M5                                             ,      6150.00,06/24/2022,STR. EQPT.          ,OTHERS                                            ,         3,MFI-PIGGERY                   ,PIGGERY-MAINTENANCE WAREHOUSE                     ,FAACQ               
0070-0004324800002       ,NANO STATION M5                                             ,      6150.00,06/24/2022,STR. EQPT.          ,OTHERS                                            ,         3,MFI-PIGGERY                   ,PIGGERY-MAINTENANCE WAREHOUSE                     ,FAACQ               
0070-0003794700001       ,MONITOR LED AOC 18.5"" E970SWN                               ,      4642.86,06/29/2022,OFF. EQPT.          ,MONITOR                                           ,         3,MFI-PIGGERY                   ,PIGGERY-GROWING                                   ,FAACQ               
0070-0007786100006       ,HOG VAN - 2 LAYER                                           ,    288246.98,04/26/2023,TRNS. EQPT.         ,VEHICLE                                           ,        10,MFI-PIGGERY                   ,PIGGERY-LOGISTICS                                 ,FAACQ               
0070-0007254400001       ,MAKITA DRILL                                                ,      3499.00,07/04/2022,TOOLS               ,TOOLS                                             ,         3,MFI-PIGGERY                   ,PIGGERY-MAINTENANCE WAREHOUSE                     ,FAACQ               
0070-0007254400002       ,MAKITA DRILL                                                ,      3499.00,07/04/2022,TOOLS               ,TOOLS                                             ,         3,MFI-PIGGERY                   ,PIGGERY-MAINTENANCE WAREHOUSE                     ,FAACQ               
0070-0007802200001       ,MILWAUKEE CUT-OFF SAW                                       ,     11995.00,07/04/2022,TOOLS               ,MACHINE TOOLS                                     ,         5,MFI-PIGGERY                   ,PIGGERY-MAINTENANCE WAREHOUSE                     ,FAACQ               
0070-0007802300001       ,MAKITA GRINDER                                              ,      2999.00,07/04/2022,TOOLS               ,GRINDER                                           ,         7,MFI-PIGGERY                   ,PIGGERY-MAINTENANCE WAREHOUSE                     ,FAACQ               
0070-0007802300002       ,MAKITA GRINDER                                              ,      2999.00,07/04/2022,TOOLS               ,GRINDER                                           ,         7,MFI-PIGGERY                   ,PIGGERY-MAINTENANCE WAREHOUSE                     ,FAACQ               
0070-0001637100001       ,MACBOOK AIR 2020 13"" 256GB                                  ,     53562.50,07/05/2022,OFF. EQPT.          ,LAPTOP                                            ,         3,MFI-PIGGERY                   ,PIGGERY-MAIN ADMIN                                ,FAACQ               
0070-0006407800001       ,MITS. FUSO TRACTOR HEAD CS#:H0D017 PL#:GAR-4973             ,   4598214.00,07/16/2022,TRNS. EQPT.         ,VEHICLE                                           ,        10,MFI-PIGGERY                   ,PIGGERY-LOGISTICS                                 ,FAACQ               
0070-0007786100003       ,HOG VAN - 2 LAYER                                           ,    322836.62,06/13/2022,TRNS. EQPT.         ,VEHICLE                                           ,        10,MFI-PIGGERY                   ,PIGGERY-LOGISTICS                                 ,FAACQ               
0070-0007786100004       ,HOG VAN - 2 LAYER                                           ,    322836.62,06/13/2022,TRNS. EQPT.         ,VEHICLE                                           ,        10,MFI-PIGGERY                   ,PIGGERY-LOGISTICS                                 ,FAACQ               
0070-0007786100005       ,HOG VAN - 2 LAYER                                           ,    322836.62,06/13/2022,TRNS. EQPT.         ,VEHICLE                                           ,        10,MFI-PIGGERY                   ,PIGGERY-LOGISTICS                                 ,FAACQ               
0070-0006232300001       ,DISTRIBUTION TRANSFORMER 50 KVA 7620/13200                  ,     99360.00,07/13/2022,ELEC. INTS. & EQPT. ,TRANSFORMER                                       ,         3,MFI-PIGGERY                   ,PIGGERY-MARCELA POWERPLANT                        ,FAACQ               
0070-0006232300002       ,DISTRIBUTION TRANSFORMER 50 KVA 7620/13200                  ,     99360.00,07/13/2022,ELEC. INTS. & EQPT. ,TRANSFORMER                                       ,         3,MFI-PIGGERY                   ,PIGGERY-MARCELA POWERPLANT                        ,FAACQ               
0070-0006232300003       ,DISTRIBUTION TRANSFORMER 50 KVA 7620/13200                  ,     99360.00,07/13/2022,ELEC. INTS. & EQPT. ,TRANSFORMER                                       ,         3,MFI-PIGGERY                   ,PIGGERY-MARCELA POWERPLANT                        ,FAACQ               
0070-0001263700004       ,SUPERFLOW BLADDER TANK                                      ,    113343.75,07/16/2022,MACH. & EQPT.       ,TANK                                              ,         3,MFI-PIGGERY                   ,PIGGERY-MAINTENANCE WAREHOUSE                     ,FAACQ               
0070-0001263700005       ,SUPERFLOW BLADDER TANK                                      ,    113343.75,07/16/2022,MACH. & EQPT.       ,TANK                                              ,         3,MFI-PIGGERY                   ,PIGGERY-MAINTENANCE WAREHOUSE                     ,FAACQ               
0070-0001263700006       ,SUPERFLOW BLADDER TANK                                      ,    113343.75,07/16/2022,MACH. & EQPT.       ,TANK                                              ,         3,MFI-PIGGERY                   ,PIGGERY-MAINTENANCE WAREHOUSE                     ,FAACQ               
0070-0001263700007       ,SUPERFLOW BLADDER TANK                                      ,    113343.75,07/16/2022,MACH. & EQPT.       ,TANK                                              ,         3,MFI-PIGGERY                   ,PIGGERY-MAINTENANCE WAREHOUSE                     ,FAACQ               
0070-0002871300001       ,APC UPS                                                     ,      2276.79,07/21/2022,OFF. EQPT.          ,UPS                                               ,         5,MFI-PIGGERY                   ,PIGGERY-FARROWING                                 ,FAACQ               
0070-0007493700001       ,DELTA VFD 75C23A                                            ,    110000.00,07/21/2022,MACH. & EQPT.       ,OTHERS                                            ,         3,MFI-PIGGERY                   ,PIGGERY-ENGINEERING                               ,FAACQ               
0070-0007495100001       ,KPC-CCO1 NUMBERIC KEYPAD                                    ,      7420.00,07/21/2022,OFF. EQPT.          ,CELLPHONE                                         ,         3,MFI-PIGGERY                   ,PIGGERY-ENGINEERING                               ,FAACQ               
0110-0006521800001       ,BLADDER PRESSURE TANK VAREM 60L HORIZONTAL                  ,      8906.25,06/11/2022,MACH. & EQPT.       ,TANK                                              ,         5,MFI-PIGGERY                   ,PIGGERY-MAINTENANCE                               ,FA_TRAN             
0070-0007740600001       ,CONTROL GP-E 512-5720                                       ,     37727.00,06/29/2022,STR. EQPT.          ,ELECTRICAL PARTS                                  ,         3,MFI-PIGGERY                   ,PIGGERY-MAINTENANCE WAREHOUSE                     ,FAACQ               
0070-0007740600002       ,CONTROL GP-E 512-5720                                       ,     37727.00,06/29/2022,STR. EQPT.          ,ELECTRICAL PARTS                                  ,         3,MFI-PIGGERY                   ,PIGGERY-MAINTENANCE WAREHOUSE                     ,FAACQ               
0070-0007890200001       ,DELL INSPIRON 5410 I5-11320H                                ,     46419.64,08/08/2022,OFF. EQPT.          ,COMPUTER                                          ,         3,MFI-PIGGERY                   ,PIGGERY-MAIN ADMIN                                ,FAACQ               
0026-0007303500002       ,BGS-002 BAUDOUIN  INDUSTRIAL GENERATING SET                 ,   2218160.38,01/03/2022,MACH. & EQPT.       ,GENERATOR                                         ,         5,FIXRITE PANGLAO               ,FIXRITE PANGLAO-ADMIN                             ,FA_TRAN             
0026-0007304700002       ,BGS-043 BAUDOUIN INDUSTRIAL GENERATING SET                  ,   4523879.71,01/03/2022,MACH. & EQPT.       ,GENERATOR                                         ,         5,MFI-PIGGERY                   ,PIGGERY-MAIN ADMIN                                ,FA_TRAN             
0070-0007066500001       ,DEWALT DCD796 BRUSHLESS COMPACT HAMMER DRILL DRIVE          ,     14598.57,08/09/2022,TOOLS               ,HAND TOOLS                                        ,         3,MFI-PIGGERY                   ,PIGGERY-MAINTENANCE                               ,FAACQ               
0070-0007066500002       ,DEWALT DCD796 BRUSHLESS COMPACT HAMMER DRILL DRIVE          ,     14598.57,08/09/2022,TOOLS               ,HAND TOOLS                                        ,         3,MFI-PIGGERY                   ,PIGGERY-MAINTENANCE                               ,FAACQ               
0070-0007066500003       ,DEWALT DCD796 BRUSHLESS COMPACT HAMMER DRILL DRIVE          ,     14598.57,08/09/2022,TOOLS               ,HAND TOOLS                                        ,         3,MFI-PIGGERY                   ,PIGGERY-MAINTENANCE                               ,FAACQ               
0070-0001187300014       ,BIOMETRICS                                                  ,     13616.07,08/22/2022,STR. EQPT.          ,BIOMETRICS                                        ,         3,MFI-PIGGERY                   ,PIGGERY-MARCELA POWERPLANT                        ,FAACQ               
0070-0001050900006       ,KAWASAKI  POWER SPRAYER 1.5HP                               ,      6696.43,08/16/2022,MACH. & EQPT.       ,PRESSURE WASHER                                   ,         2,MFI-PIGGERY UNTAGA            ,PIGGERY UNTAGA-MAIN ADMIN                         ,FA_TRAN             
0070-0001050900007       ,KAWASAKI  POWER SPRAYER 1.5HP                               ,      6696.43,08/16/2022,MACH. & EQPT.       ,PRESSURE WASHER                                   ,         2,MFI-PIGGERY                   ,PIGGERY-MAINTENANCE                               ,FAACQ               
0070-0001050900008       ,KAWASAKI  POWER SPRAYER 1.5HP                               ,      6696.43,08/16/2022,MACH. & EQPT.       ,PRESSURE WASHER                                   ,         2,MFI-PIGGERY                   ,PIGGERY-MAINTENANCE                               ,FAACQ               
0070-0001050900009       ,KAWASAKI  POWER SPRAYER 1.5HP                               ,      6696.43,08/16/2022,MACH. & EQPT.       ,PRESSURE WASHER                                   ,         2,MFI-PIGGERY                   ,PIGGERY-MAINTENANCE                               ,FAACQ               
0070-0001050900010       ,KAWASAKI  POWER SPRAYER 1.5HP                               ,      6696.43,08/16/2022,MACH. & EQPT.       ,PRESSURE WASHER                                   ,         2,MFI-PIGGERY                   ,PIGGERY-MAINTENANCE                               ,FAACQ               
0070-0001050900011       ,KAWASAKI  POWER SPRAYER 1.5HP                               ,      6696.43,08/16/2022,MACH. & EQPT.       ,PRESSURE WASHER                                   ,         2,MFI-PIGGERY                   ,PIGGERY-MAINTENANCE                               ,FAACQ               
0070-0001050900012       ,KAWASAKI  POWER SPRAYER 1.5HP                               ,      6696.43,08/16/2022,MACH. & EQPT.       ,PRESSURE WASHER                                   ,         2,MFI-PIGGERY                   ,PIGGERY-MAINTENANCE                               ,FAACQ               
0070-0001050900013       ,KAWASAKI  POWER SPRAYER 1.5HP                               ,      6696.43,08/16/2022,MACH. & EQPT.       ,PRESSURE WASHER                                   ,         2,MFI-PIGGERY                   ,PIGGERY-MAINTENANCE                               ,FAACQ               
0070-0001050900014       ,KAWASAKI  POWER SPRAYER 1.5HP                               ,      6696.43,08/16/2022,MACH. & EQPT.       ,PRESSURE WASHER                                   ,         2,MFI-PIGGERY                   ,PIGGERY-MAINTENANCE                               ,FAACQ               
0070-0004234900002       ,BATTERY CHARGER POWERCRAFT                                  ,      6700.00,08/16/2022,MACH. & EQPT.       ,BATTERY CHARGER                                   ,         5,MFI-PIGGERY                   ,PIGGERY-MAINTENANCE                               ,FAACQ               
0070-0003200100001       ,TUNGHU KNAPSACK SPRAYER                                     ,      2340.00,02/08/2019,STR. EQPT.          ,SPRAYER                                           ,         3,MFI-PIGGERY                   ,PIGGERY-MAINTENANCE WAREHOUSE                     ,FAACQ               
0070-0003200100009       ,KNAPSACK SPRAYER TUNGHO                                     ,      2357.14,07/01/2021,STR. EQPT.          ,SPRAYER                                           ,         3,MFI-PIGGERY                   ,PIGGERY-MAINTENANCE WAREHOUSE                     ,FAACQ               
0070-0003200100010       ,KNAPSACK SPRAYER TUNGHO                                     ,      2357.14,07/01/2021,STR. EQPT.          ,SPRAYER                                           ,         3,MFI-PIGGERY                   ,PIGGERY-MAINTENANCE WAREHOUSE                     ,FAACQ               
0070-0003200100011       ,KNAPSACK SPRAYER TUNGHO                                     ,      2357.14,07/01/2021,STR. EQPT.          ,SPRAYER                                           ,         3,MFI-PIGGERY                   ,PIGGERY-MAINTENANCE WAREHOUSE                     ,FAACQ               
0070-0003200100012       ,KNAPSACK SPRAYER TUNGHO                                     ,      2357.14,07/01/2021,STR. EQPT.          ,SPRAYER                                           ,         3,MFI-PIGGERY                   ,PIGGERY-MAINTENANCE WAREHOUSE                     ,FAACQ               
0070-0003200100013       ,KNAPSACK SPRAYER TUNGHO                                     ,      2357.14,07/01/2021,STR. EQPT.          ,SPRAYER                                           ,         3,MFI-PIGGERY                   ,PIGGERY-MAINTENANCE WAREHOUSE                     ,FAACQ               
0070-0003200100014       ,KNAPSACK SPRAYER TUNGHO                                     ,      2357.14,07/01/2021,STR. EQPT.          ,SPRAYER                                           ,         3,MFI-PIGGERY                   ,PIGGERY-MAINTENANCE WAREHOUSE                     ,FAACQ               
0070-0003200100015       ,KNAPSACK SPRAYER TUNGHO                                     ,      2357.14,07/01/2021,STR. EQPT.          ,SPRAYER                                           ,         3,MFI-PIGGERY                   ,PIGGERY-MAINTENANCE WAREHOUSE                     ,FAACQ               
0070-0003200100016       ,KNAPSACK SPRAYER TUNGHO                                     ,      2357.14,07/01/2021,STR. EQPT.          ,SPRAYER                                           ,         3,MFI-PIGGERY                   ,PIGGERY-MAINTENANCE WAREHOUSE                     ,FAACQ               
0070-0003200100002       ,KNAPSACK SPRAYER TUNGHO                                     ,      2357.14,11/08/2021,STR. EQPT.          ,SPRAYER                                           ,         3,MFI-PIGGERY                   ,PIGGERY-MAINTENANCE WAREHOUSE                     ,FAACQ               
0070-0003200100027       ,KNAPSACK SPRAYER TUNGHO                                     ,      2357.14,11/08/2021,STR. EQPT.          ,SPRAYER                                           ,         3,MFI-PIGGERY                   ,PIGGERY-MAINTENANCE WAREHOUSE                     ,FAACQ               
0070-0003200100028       ,KNAPSACK SPRAYER TUNGHO                                     ,      2357.14,11/08/2021,STR. EQPT.          ,SPRAYER                                           ,         3,MFI-PIGGERY                   ,PIGGERY-MAINTENANCE WAREHOUSE                     ,FAACQ               
0070-0003200100029       ,KNAPSACK SPRAYER TUNGHO                                     ,      2357.14,11/08/2021,STR. EQPT.          ,SPRAYER                                           ,         3,MFI-PIGGERY                   ,PIGGERY-MAINTENANCE WAREHOUSE                     ,FAACQ               
0070-0003200100030       ,KNAPSACK SPRAYER TUNGHO                                     ,      2357.14,11/08/2021,STR. EQPT.          ,SPRAYER                                           ,         3,MFI-PIGGERY                   ,PIGGERY-MAINTENANCE WAREHOUSE                     ,FAACQ               
0070-0003200100031       ,KNAPSACK SPRAYER TUNGHO                                     ,      2357.14,11/08/2021,STR. EQPT.          ,SPRAYER                                           ,         3,MFI-PIGGERY                   ,PIGGERY-MAINTENANCE WAREHOUSE                     ,FAACQ               
0070-0007889200001       ,INFRARED THERMOMETER (TES 1327K)                            ,      7314.55,08/31/2022,OFF. EQPT.          ,THERMOMETER                                       ,         3,MFI-PIGGERY                   ,PIGGERY-ENGINEERING                               ,FAACQ               
0070-0005510500001       ,GOULDS PUMP COUPLED W/ BALDOR ELECTRIC MOTOR 10HP           ,     43750.00,09/01/2022,MACH. & EQPT.       ,PUMP                                              ,         4,MFI-PIGGERY                   ,PIGGERY-MAINTENANCE WAREHOUSE                     ,FAACQ               
0070-0005510500002       ,GOULDS PUMP COUPLED W/ BALDOR ELECTRIC MOTOR 10HP           ,     43750.00,09/01/2022,MACH. & EQPT.       ,PUMP                                              ,         4,MFI-PIGGERY                   ,PIGGERY-MAINTENANCE WAREHOUSE                     ,FAACQ               
0070-0005510500003       ,GOULDS PUMP COUPLED W/ BALDOR ELECTRIC MOTOR 10HP           ,     43750.00,09/01/2022,MACH. & EQPT.       ,PUMP                                              ,         4,MFI-PIGGERY                   ,PIGGERY-MAINTENANCE WAREHOUSE                     ,FAACQ               
0070-0004234900003       ,BATTERY CHARGER POWERCRAFT                                  ,      4687.50,07/08/2026,MACH. & EQPT.       ,BATTERY CHARGER                                   ,         5,MFI-PIGGERY                   ,PIGGERY-POWERHOUSE                                ,FAACQ               
0070-0004234900004       ,BATTERY CHARGER POWERCRAFT                                  ,      4687.50,07/29/2026,MACH. & EQPT.       ,BATTERY CHARGER                                   ,         5,MFI-PIGGERY                   ,PIGGERY-POWERHOUSE                                ,FAACQ               
0070-0005458600016       ,KARCHER CLASSIC HIGH-PRESSURE CLEANERS HD 6/15-4 C          ,     54425.82,09/12/2022,MACH. & EQPT.       ,CLEANING DEVICE                                   ,         3,MFI-PIGGERY                   ,PIGGERY-MAINTENANCE                               ,FAACQ               
0070-0001050900015       ,KAWASAKI  POWER SPRAYER 1.5HP                               ,      6696.42,09/12/2022,MACH. & EQPT.       ,PRESSURE WASHER                                   ,         2,MFI-PIGGERY                   ,PIGGERY-MAINTENANCE                               ,FAACQ               
0070-0000620200005       ,M.T.S PANEL BOARD 3 PHASE 250A SQUARED EZD250F              ,     22531.00,09/16/2022,ELEC. INTS. & EQPT. ,PANEL BOARD                                       ,         5,MFI-PIGGERY                   ,PIGGERY-MAINTENANCE                               ,FAACQ               
0070-0000620200006       ,M.T.S PANEL BOARD 3 PHASE 250A SQUARED EZD250F              ,     22531.00,09/16/2022,ELEC. INTS. & EQPT. ,PANEL BOARD                                       ,         5,MFI-PIGGERY                   ,PIGGERY-MAINTENANCE                               ,FAACQ               
0070-0007828500001       ,WIKA -GERMANY 2 DIAL FACE                                   ,      3150.00,09/29/2022,MACH. & EQPT.       ,GAUGE                                             ,         3,MFI-PIGGERY                   ,PIGGERY-ENGINEERING                               ,FAACQ               
0070-0007828500002       ,WIKA -GERMANY 2 DIAL FACE                                   ,      3150.00,09/29/2022,MACH. & EQPT.       ,GAUGE                                             ,         3,MFI-PIGGERY                   ,PIGGERY-ENGINEERING                               ,FAACQ               
0070-0007828500003       ,WIKA -GERMANY 2 DIAL FACE                                   ,      3150.00,09/29/2022,MACH. & EQPT.       ,GAUGE                                             ,         3,MFI-PIGGERY                   ,PIGGERY-ENGINEERING                               ,FAACQ               
0070-0007828500004       ,WIKA -GERMANY 2 DIAL FACE                                   ,      3150.00,09/29/2022,MACH. & EQPT.       ,GAUGE                                             ,         3,MFI-PIGGERY                   ,PIGGERY-ENGINEERING                               ,FAACQ               
0070-0007828500005       ,WIKA -GERMANY 2 DIAL FACE                                   ,      3150.00,09/29/2022,MACH. & EQPT.       ,GAUGE                                             ,         3,MFI-PIGGERY                   ,PIGGERY-ENGINEERING                               ,FAACQ               
0070-0007827900001       ,DELTA VFD075C43A WITH KEYPAD                                ,     67716.00,09/30/2022,OFF. EQPT.          ,OTHERS                                            ,         3,MFI-PIGGERY                   ,PIGGERY-ENGINEERING                               ,FAACQ               
0070-0007828100001       ,PRESSURE TRANSMITTER                                        ,      6300.00,09/30/2022,MACH. & EQPT.       ,OTHERS                                            ,         3,MFI-PIGGERY                   ,PIGGERY-ENGINEERING                               ,FAACQ               
0070-0006502500001       ,FORKLIFT 15T CPCD150 ENGINE                                 ,   3197870.50,09/27/2022,MACH. & EQPT.       ,FORKLIFT                                          ,        10,MFI-PIGGERY                   ,PIGGERY-LOGISTICS                                 ,FAACQ               
0070-0007931200001       ,CT SPLIT TYPE 1000:5                                        ,      5332.35,10/05/2022,ELEC. INTS. & EQPT. ,TRANSFORMER                                       ,         3,MFI-PIGGERY                   ,PIGGERY-MARCELA POWERPLANT                        ,FAACQ               
0070-0007931200002       ,CT SPLIT TYPE 1000:5                                        ,      5332.35,10/05/2022,ELEC. INTS. & EQPT. ,TRANSFORMER                                       ,         3,MFI-PIGGERY                   ,PIGGERY-MARCELA POWERPLANT                        ,FAACQ               
0070-0007931200003       ,CT SPLIT TYPE 1000:5                                        ,      5332.35,10/05/2022,ELEC. INTS. & EQPT. ,TRANSFORMER                                       ,         3,MFI-PIGGERY                   ,PIGGERY-MARCELA POWERPLANT                        ,FAACQ               
0070-0005458600017       ,KARCHER CLASSIC HIGH-PRESSURE CLEANERS HD 6/15-4 C          ,     54425.82,10/11/2022,MACH. & EQPT.       ,CLEANING DEVICE                                   ,         3,MFI-PIGGERY                   ,PIGGERY-MAINTENANCE                               ,FAACQ               
0070-0005458600018       ,KARCHER CLASSIC HIGH-PRESSURE CLEANERS HD 6/15-4 C          ,     54425.82,10/11/2022,MACH. & EQPT.       ,CLEANING DEVICE                                   ,         3,MFI-PIGGERY                   ,PIGGERY-MAINTENANCE                               ,FAACQ               
0070-0005458600019       ,KARCHER CLASSIC HIGH-PRESSURE CLEANERS HD 6/15-4 C          ,     54425.82,10/11/2022,MACH. & EQPT.       ,CLEANING DEVICE                                   ,         3,MFI-PIGGERY                   ,PIGGERY-MAINTENANCE                               ,FAACQ               
0070-0005458600020       ,KARCHER CLASSIC HIGH-PRESSURE CLEANERS HD 6/15-4 C          ,     54425.82,10/11/2022,MACH. & EQPT.       ,CLEANING DEVICE                                   ,         3,MFI-PIGGERY                   ,PIGGERY-MAINTENANCE                               ,FAACQ               
0070-0005458600021       ,KARCHER CLASSIC HIGH-PRESSURE CLEANERS HD 6/15-4 C          ,     54425.82,10/11/2022,MACH. & EQPT.       ,CLEANING DEVICE                                   ,         3,MFI-PIGGERY                   ,PIGGERY-MAINTENANCE                               ,FAACQ               
0070-0005458600022       ,KARCHER CLASSIC HIGH-PRESSURE CLEANERS HD 6/15-4 C          ,     54425.82,10/11/2022,MACH. & EQPT.       ,CLEANING DEVICE                                   ,         3,MFI-PIGGERY                   ,PIGGERY-MAINTENANCE                               ,FAACQ               
0070-0005458600023       ,KARCHER CLASSIC HIGH-PRESSURE CLEANERS HD 6/15-4 C          ,     54425.82,10/11/2022,MACH. & EQPT.       ,CLEANING DEVICE                                   ,         3,MFI-PIGGERY                   ,PIGGERY-MAINTENANCE                               ,FAACQ               
0070-0007931100001       ,GE KV2C FM9S CLASS 20 3-PHASE 4-WIRE 120V-480V              ,     17000.00,10/17/2022,ELEC. INTS. & EQPT. ,METER                                             ,         5,MFI-PIGGERY                   ,PIGGERY-MARCELA POWERPLANT                        ,FAACQ               
0070-0006694500003       ,SANWA DIGITAL CLAMP TESTER                                  ,      4502.68,10/22/2022,STR. EQPT.          ,TEST KIT                                          ,         5,MFI-PIGGERY                   ,PIGGERY-MAINTENANCE WAREHOUSE                     ,FAACQ               
0070-0006368900003       ,NUTEX  DIGITAL HANGING SCALE                                ,     24000.00,10/22/2022,STR. EQPT.          ,SCALE                                             ,         3,MFI-PIGGERY                   ,PIGGERY-NURSERY                                   ,FAACQ               
0070-0006368900004       ,NUTEX  DIGITAL HANGING SCALE                                ,     24000.00,10/22/2022,STR. EQPT.          ,SCALE                                             ,         3,MFI-PIGGERY                   ,PIGGERY-NURSERY                                   ,FAACQ               
0070-0008067500001       ,CARRIER AIRCON 2HP WINDOW TYPE W/OUT TIMER                  ,     33600.00,10/24/2022,MACH. & EQPT.       ,AIRCON-WINDOW-TYPE                                ,         3,MFI-PIGGERY                   ,PIGGERY-ENGINEERING                               ,FAACQ               
0070-0007965500001       ,NS UVT CAT#33671-220 VOLTS                                  ,      6294.00,10/25/2022,ELEC. INTS. & EQPT. ,ELECTRICAL PARTS                                  ,         3,MFI-PIGGERY                   ,PIGGERY-MARCELA POWERPLANT                        ,FAACQ               
0002824700001            ,ISUZU FREEZER VAN PL#:RGR-217                               ,    666700.00,02/20/2008,TRNS. EQPT.         ,VEHICLE                                           ,        10,MFI-PIGGERY                   ,PIGGERY-LOGISTICS                                 ,FA_TRAN             
0110-0007917000001       ,GOULDS PUMP 1HP 220V SHALLOW                                ,     16540.18,10/08/2022,MACH. & EQPT.       ,PUMP                                              ,         5,MFI-PIGGERY                   ,PIGGERY-MAINTENANCE                               ,FA_TRAN             
0110-0007917000002       ,GOULDS PUMP 1HP 220V SHALLOW                                ,     16540.18,10/08/2022,MACH. & EQPT.       ,PUMP                                              ,         5,MFI-PIGGERY                   ,PIGGERY-MAINTENANCE                               ,FA_TRAN             
0110-0008219900001       ,CARRIER STANDARD FCU/ACCU-1 1.5HP                           ,     33750.00,10/20/2022,MACH. & EQPT.       ,AIRCON                                            ,         5,FIXRITE PANGLAO               ,FIXRITE PANGLAO-ADMIN                             ,FA_TRAN             
0110-0008219900002       ,CARRIER STANDARD FCU/ACCU-1 1.5HP                           ,     33750.00,10/20/2022,MACH. & EQPT.       ,AIRCON                                            ,         5,FIXRITE PANGLAO               ,FIXRITE PANGLAO-ADMIN                             ,FA_TRAN             
0110-0008281300001       ,ELECTRIC CIRCUIT BREAKER 63 AT3P400VECB                     ,      3484.00,10/26/2022,ELEC. INTS. & EQPT. ,CIRCUIT BREAKER                                   ,         3,FIXRITE PANGLAO               ,FIXRITE PANGLAO-ADMIN                             ,FA_TRAN             
0110-0008281300002       ,ELECTRIC CIRCUIT BREAKER 63 AT3P400VECB                     ,      3484.00,10/26/2022,ELEC. INTS. & EQPT. ,CIRCUIT BREAKER                                   ,         3,FIXRITE PANGLAO               ,FIXRITE PANGLAO-ADMIN                             ,FA_TRAN             
0110-0008281400001       ,ELECTRIC ROUND METER400V3PDIGITALCT TYPE                    ,     27600.00,10/26/2022,ELEC. INTS. & EQPT. ,METER                                             ,         5,FIXRITE PANGLAO               ,FIXRITE PANGLAO-ADMIN                             ,FA_TRAN             
0110-0008281400002       ,ELECTRIC ROUND METER400V3PDIGITALCT TYPE                    ,     27600.00,10/26/2022,ELEC. INTS. & EQPT. ,METER                                             ,         5,FIXRITE PANGLAO               ,FIXRITE PANGLAO-ADMIN                             ,FA_TRAN             
0110-0008281400003       ,ELECTRIC ROUND METER400V3PDIGITALCT TYPE                    ,     27600.00,10/26/2022,ELEC. INTS. & EQPT. ,METER                                             ,         5,FIXRITE PANGLAO               ,FIXRITE PANGLAO-ADMIN                             ,FA_TRAN             
0110-0008282400001       ,ELECTRIC ROUND METER230V1PDIGITALCT                         ,     27600.00,10/26/2022,ELEC. INTS. & EQPT. ,METER                                             ,         5,FIXRITE PANGLAO               ,FIXRITE PANGLAO-ADMIN                             ,FA_TRAN             
0070-0005458600024       ,KARCHER CLASSIC HIGH-PRESSURE CLEANERS HD 6/15-4 C          ,     54425.92,11/04/2022,MACH. & EQPT.       ,CLEANING DEVICE                                   ,         3,MFI-POULTRY LAYER             ,POULTRY-LAYER                                     ,FA_TRAN             
0070-0005458600025       ,KARCHER CLASSIC HIGH-PRESSURE CLEANERS HD 6/15-4 C          ,     54425.92,11/04/2022,MACH. & EQPT.       ,CLEANING DEVICE                                   ,         3,AGGREGATES & CONSTRUCTION MATE,AGGREGATES & CONS.-ADMIN                          ,FA_TRAN             
0070-0004934600027       ,SUBMERSIBLE PUMP STREAMPLUS 1HP                             ,     12053.57,11/07/2022,MACH. & EQPT.       ,PUMP                                              ,         5,MFI-PIGGERY                   ,PIGGERY-MAINTENANCE WAREHOUSE                     ,FAACQ               
0070-0004934600028       ,SUBMERSIBLE PUMP STREAMPLUS 1HP                             ,     12053.57,11/07/2022,MACH. & EQPT.       ,PUMP                                              ,         5,MFI-PIGGERY                   ,PIGGERY-MAINTENANCE WAREHOUSE                     ,FAACQ               
0070-0004934600029       ,SUBMERSIBLE PUMP STREAMPLUS 1HP                             ,     12053.57,11/07/2022,MACH. & EQPT.       ,PUMP                                              ,         5,MFI-PIGGERY                   ,PIGGERY-MAINTENANCE WAREHOUSE                     ,FAACQ               
0070-0004934600030       ,SUBMERSIBLE PUMP STREAMPLUS 1HP                             ,     12053.57,11/07/2022,MACH. & EQPT.       ,PUMP                                              ,         5,MFI-PIGGERY                   ,PIGGERY-MAINTENANCE WAREHOUSE                     ,FAACQ               
0070-0004934600031       ,SUBMERSIBLE PUMP STREAMPLUS 1HP                             ,     12053.57,11/07/2022,MACH. & EQPT.       ,PUMP                                              ,         5,MFI-PIGGERY                   ,PIGGERY-MAINTENANCE WAREHOUSE                     ,FAACQ               
0070-0004934600032       ,SUBMERSIBLE PUMP STREAMPLUS 1HP                             ,     12053.57,11/07/2022,MACH. & EQPT.       ,PUMP                                              ,         5,MFI-PIGGERY                   ,PIGGERY-MAINTENANCE WAREHOUSE                     ,FAACQ               
0070-0004934600033       ,SUBMERSIBLE PUMP STREAMPLUS 1HP                             ,     12053.57,11/07/2022,MACH. & EQPT.       ,PUMP                                              ,         5,MFI-PIGGERY                   ,PIGGERY-MAINTENANCE WAREHOUSE                     ,FAACQ               
0070-0004934600034       ,SUBMERSIBLE PUMP STREAMPLUS 1HP                             ,     12053.57,11/07/2022,MACH. & EQPT.       ,PUMP                                              ,         5,MFI-PIGGERY                   ,PIGGERY-MAINTENANCE WAREHOUSE                     ,FAACQ               
0070-0004934600035       ,SUBMERSIBLE PUMP STREAMPLUS 1HP                             ,     12053.57,11/07/2022,MACH. & EQPT.       ,PUMP                                              ,         5,MFI-PIGGERY                   ,PIGGERY-MAINTENANCE WAREHOUSE                     ,FAACQ               
0070-0004934600036       ,SUBMERSIBLE PUMP STREAMPLUS 1HP                             ,     12053.57,11/07/2022,MACH. & EQPT.       ,PUMP                                              ,         5,MFI-PIGGERY                   ,PIGGERY-MAINTENANCE WAREHOUSE                     ,FAACQ               
0070-0004222500004       ,MS MULTISCAN SET                                            ,    160714.29,11/11/2022,OFF. EQPT.          ,OTHERS                                            ,         3,MFI-PIGGERY                   ,PIGGERY-LABORATORY                                ,FAACQ               
0070-0006675000001       ,CELLPHONE REALME C11                                        ,      4106.25,11/08/2022,OFF. EQPT.          ,CELLPHONE                                         ,         3,MFI-PIGGERY                   ,PIGGERY-MAIN ADMIN                                ,FAACQ               
0070-0007911600001       ,KUTAI GENERATOR AVR MODEL:ADVR-16                           ,     15100.00,11/18/2022,ELEC. INTS. & EQPT. ,AVR                                               ,         3,MFI-PIGGERY                   ,PIGGERY-ENGINEERING                               ,FAACQ               
0070-0006325700003       ,VESPA AIR COMPRESSOR 1/4HP                                  ,      9000.00,12/05/2022,MACH. & EQPT.       ,AIR COMPRESSOR                                    ,         5,MFI-PIGGERY                   ,PIGGERY-MAINTENANCE WAREHOUSE                     ,FAACQ               
0070-0004242200003       ,WATER BATH                                                  ,     33928.57,12/16/2022,OTHER EQPT.         ,OTHERS                                            ,         5,MFI-PIGGERY                   ,PIGGERY-LABORATORY                                ,FAACQ               
0070-0001803500001       ,CHAIN BLOCK 2 TONS CAPACITY                                 ,     13375.00,12/20/2022,TOOLS               ,TOOLS                                             ,         3,MFI-PIGGERY                   ,PIGGERY-MAINTENANCE                               ,FAACQ               
0070-0008305200001       ,WRENCH COMBINATION 6MMX32MM                                 ,      3928.57,12/20/2022,TOOLS               ,TOOLS                                             ,         3,MFI-PIGGERY                   ,PIGGERY-MAINTENANCE                               ,FAACQ               
0070-0001755200008       ,MAKITA BLOWER UB-1100                                       ,      4375.00,12/22/2022,MACH. & EQPT.       ,TOOLS                                             ,         3,MFI-PIGGERY                   ,PIGGERY-MAINTENANCE                               ,FAACQ               
0070-0008093800001       ,LEVER BLOCK 1.5TONS                                         ,      5803.58,12/22/2022,MACH. & EQPT.       ,MACHINE TOOLS                                     ,         5,MFI-PIGGERY                   ,PIGGERY-MAINTENANCE                               ,FAACQ               
0070-0006774100001       ,WELDING MACHINE YAMATO 300A                                 ,      9642.86,12/29/2022,MACH. & EQPT.       ,MACHINE                                           ,         5,MFI-PIGGERY                   ,PIGGERY-MAINTENANCE WAREHOUSE                     ,FAACQ               
0070-0008166200001       ,SHARP SMART TV 2T C42DF1X                                   ,     16998.00,12/22/2022,OFF. EQPT.          ,TV                                                ,         3,MFI-PIGGERY                   ,PIGGERY-MAINTENANCE                               ,FAACQ               
0070-0007675800001       ,MOTOPLUS DUAL BAND HANDHELD RADIO TRANSCEIVER               ,      2400.00,01/03/2023,OFF. EQPT.          ,RADIO HANDSET                                     ,         3,MFI-PIGGERY                   ,PIGGERY-SAFETY AND SECURITY DEPT.                 ,FAACQ               
0070-0007675800002       ,MOTOPLUS DUAL BAND HANDHELD RADIO TRANSCEIVER               ,      2400.00,01/03/2023,OFF. EQPT.          ,RADIO HANDSET                                     ,         3,MFI-PIGGERY                   ,PIGGERY-SAFETY AND SECURITY DEPT.                 ,FAACQ               
0070-0007675800003       ,MOTOPLUS DUAL BAND HANDHELD RADIO TRANSCEIVER               ,      2400.00,01/03/2023,OFF. EQPT.          ,RADIO HANDSET                                     ,         3,MFI-PIGGERY                   ,PIGGERY-SAFETY AND SECURITY DEPT.                 ,FAACQ               
0070-0007675800004       ,MOTOPLUS DUAL BAND HANDHELD RADIO TRANSCEIVER               ,      2400.00,01/03/2023,OFF. EQPT.          ,RADIO HANDSET                                     ,         3,MFI-PIGGERY                   ,PIGGERY-SAFETY AND SECURITY DEPT.                 ,FAACQ               
0070-0007675800005       ,MOTOPLUS DUAL BAND HANDHELD RADIO TRANSCEIVER               ,      2400.00,01/03/2023,OFF. EQPT.          ,RADIO HANDSET                                     ,         3,MFI-PIGGERY                   ,PIGGERY-SAFETY AND SECURITY DEPT.                 ,FAACQ               
0070-0003200100040       ,KNAPSACK SPRAYER TUNGHO                                     ,      2706.00,01/03/2023,STR. EQPT.          ,SPRAYER                                           ,         3,MFI-PIGGERY                   ,PIGGERY-MAINTENANCE WAREHOUSE                     ,FAACQ               
0070-0003200100041       ,KNAPSACK SPRAYER TUNGHO                                     ,      2706.00,01/03/2023,STR. EQPT.          ,SPRAYER                                           ,         3,MFI-PIGGERY                   ,PIGGERY-MAINTENANCE WAREHOUSE                     ,FAACQ               
0070-0005733700004       ,MEMBRANE BIOGAS HOLDER                                      ,   1530270.00,01/13/2023,MACH. & EQPT.       ,HOLDER                                            ,         5,MFI-PIGGERY                   ,PIGGERY-ENGINEERING                               ,FAACQ               
0070-0008002500001       ,STARTING AUTO TRANSFORMER 15HP3PHASE230V                    ,     10465.00,01/18/2023,ELEC. INTS. & EQPT. ,TRANSFORMER                                       ,         5,MFI-PIGGERY                   ,PIGGERY-ENGINEERING                               ,FAACQ               
0070-0008231800001       ,LINTRATEK NEW ALC TRI BAND(SIGNAL BOOSTER)                  ,      6404.74,01/19/2023,STR. EQPT.          ,OTHERS                                            ,         3,MFI-PIGGERY                   ,PIGGERY-MAIN ADMIN                                ,FAACQ               
0070-0008037300001       ,DOL 630 PIG7"" SMALL 12 RL SKOV VENTILATION                  ,     47428.36,01/13/2023,MACH. & EQPT.       ,OTHERS                                            ,         5,MFI-PIGGERY                   ,PIGGERY-MAINTENANCE WAREHOUSE                     ,FAACQ               
0070-0008037300002       ,DOL 630 PIG7"" SMALL 12 RL SKOV VENTILATION                  ,     47428.36,01/13/2023,MACH. & EQPT.       ,OTHERS                                            ,         5,MFI-PIGGERY                   ,PIGGERY-MAINTENANCE WAREHOUSE                     ,FAACQ               
0070-0008037300003       ,DOL 630 PIG7"" SMALL 12 RL SKOV VENTILATION                  ,     47428.36,01/13/2023,MACH. & EQPT.       ,OTHERS                                            ,         5,MFI-PIGGERY                   ,PIGGERY-MAINTENANCE WAREHOUSE                     ,FAACQ               
0070-0008037300004       ,DOL 630 PIG7"" SMALL 12 RL SKOV VENTILATION                  ,     47428.36,01/13/2023,MACH. & EQPT.       ,OTHERS                                            ,         5,MFI-PIGGERY                   ,PIGGERY-MAINTENANCE WAREHOUSE                     ,FAACQ               
0070-0008037300005       ,DOL 630 PIG7"" SMALL 12 RL SKOV VENTILATION                  ,     47428.36,01/13/2023,MACH. & EQPT.       ,OTHERS                                            ,         5,MFI-PIGGERY                   ,PIGGERY-MAINTENANCE WAREHOUSE                     ,FAACQ               
0070-0008037300006       ,DOL 630 PIG7"" SMALL 12 RL SKOV VENTILATION                  ,     47428.36,01/13/2023,MACH. & EQPT.       ,OTHERS                                            ,         5,MFI-PIGGERY                   ,PIGGERY-MAINTENANCE WAREHOUSE                     ,FAACQ               
0070-0008037300007       ,DOL 630 PIG7"" SMALL 12 RL SKOV VENTILATION                  ,     47428.36,01/13/2023,MACH. & EQPT.       ,OTHERS                                            ,         5,MFI-PIGGERY                   ,PIGGERY-MAINTENANCE WAREHOUSE                     ,FAACQ               
0070-0008037300008       ,DOL 630 PIG7"" SMALL 12 RL SKOV VENTILATION                  ,     47428.36,01/13/2023,MACH. & EQPT.       ,OTHERS                                            ,         5,MFI-PIGGERY                   ,PIGGERY-MAINTENANCE WAREHOUSE                     ,FAACQ               
0070-0008037300009       ,DOL 630 PIG7"" SMALL 12 RL SKOV VENTILATION                  ,     47428.36,01/13/2023,MACH. & EQPT.       ,OTHERS                                            ,         5,MFI-PIGGERY                   ,PIGGERY-MAINTENANCE WAREHOUSE                     ,FAACQ               
0070-0008037300010       ,DOL 630 PIG7"" SMALL 12 RL SKOV VENTILATION                  ,     47428.36,01/13/2023,MACH. & EQPT.       ,OTHERS                                            ,         5,MFI-PIGGERY                   ,PIGGERY-MAINTENANCE WAREHOUSE                     ,FAACQ               
0070-0008037300011       ,DOL 630 PIG7"" SMALL 12 RL SKOV VENTILATION                  ,     47428.36,01/13/2023,MACH. & EQPT.       ,OTHERS                                            ,         5,MFI-PIGGERY                   ,PIGGERY-MAINTENANCE WAREHOUSE                     ,FAACQ               
0070-0008037300012       ,DOL 630 PIG7"" SMALL 12 RL SKOV VENTILATION                  ,     47428.36,01/13/2023,MACH. & EQPT.       ,OTHERS                                            ,         5,MFI-PIGGERY                   ,PIGGERY-MAINTENANCE WAREHOUSE                     ,FAACQ               
0070-0008037300013       ,DOL 630 PIG7"" SMALL 12 RL SKOV VENTILATION                  ,     47428.36,01/13/2023,MACH. & EQPT.       ,OTHERS                                            ,         5,MFI-PIGGERY                   ,PIGGERY-MAINTENANCE WAREHOUSE                     ,FAACQ               
0070-0008037300014       ,DOL 630 PIG7"" SMALL 12 RL SKOV VENTILATION                  ,     47428.36,01/13/2023,MACH. & EQPT.       ,OTHERS                                            ,         5,MFI-PIGGERY                   ,PIGGERY-MAINTENANCE WAREHOUSE                     ,FAACQ               
0070-0008037300015       ,DOL 630 PIG7"" SMALL 12 RL SKOV VENTILATION                  ,     47428.36,01/13/2023,MACH. & EQPT.       ,OTHERS                                            ,         5,MFI-PIGGERY                   ,PIGGERY-MAINTENANCE WAREHOUSE                     ,FAACQ               
0070-0008296300001       ,RADIATION SHIELD FOR CLIMATE SENSORS                        ,      3187.35,01/13/2023,                    ,OTHERS                                            ,         0,MFI-PIGGERY                   ,PIGGERY-MAINTENANCE WAREHOUSE                     ,FAACQ               
0070-0008296300002       ,RADIATION SHIELD FOR CLIMATE SENSORS                        ,      3187.35,01/13/2023,                    ,OTHERS                                            ,         0,MFI-PIGGERY                   ,PIGGERY-MAINTENANCE WAREHOUSE                     ,FAACQ               
0070-0008296300003       ,RADIATION SHIELD FOR CLIMATE SENSORS                        ,      3187.35,01/13/2023,                    ,OTHERS                                            ,         0,MFI-PIGGERY                   ,PIGGERY-MAINTENANCE WAREHOUSE                     ,FAACQ               
0070-0008296300004       ,RADIATION SHIELD FOR CLIMATE SENSORS                        ,      3187.35,01/13/2023,                    ,OTHERS                                            ,         0,MFI-PIGGERY                   ,PIGGERY-MAINTENANCE WAREHOUSE                     ,FAACQ               
0070-0008296300005       ,RADIATION SHIELD FOR CLIMATE SENSORS                        ,      3187.35,01/13/2023,                    ,OTHERS                                            ,         0,MFI-PIGGERY                   ,PIGGERY-MAINTENANCE WAREHOUSE                     ,FAACQ               
0070-0008296300006       ,RADIATION SHIELD FOR CLIMATE SENSORS                        ,      3187.35,01/13/2023,                    ,OTHERS                                            ,         0,MFI-PIGGERY                   ,PIGGERY-MAINTENANCE WAREHOUSE                     ,FAACQ               
0070-0008296300007       ,RADIATION SHIELD FOR CLIMATE SENSORS                        ,      3187.35,01/13/2023,                    ,OTHERS                                            ,         0,MFI-PIGGERY                   ,PIGGERY-MAINTENANCE WAREHOUSE                     ,FAACQ               
0070-0008296300008       ,RADIATION SHIELD FOR CLIMATE SENSORS                        ,      3187.35,01/13/2023,                    ,OTHERS                                            ,         0,MFI-PIGGERY                   ,PIGGERY-MAINTENANCE WAREHOUSE                     ,FAACQ               
0070-0008296300009       ,RADIATION SHIELD FOR CLIMATE SENSORS                        ,      3187.35,01/13/2023,                    ,OTHERS                                            ,         0,MFI-PIGGERY                   ,PIGGERY-MAINTENANCE WAREHOUSE                     ,FAACQ               
0070-0008296300010       ,RADIATION SHIELD FOR CLIMATE SENSORS                        ,      3187.35,01/13/2023,                    ,OTHERS                                            ,         0,MFI-PIGGERY                   ,PIGGERY-MAINTENANCE WAREHOUSE                     ,FAACQ               
0070-0008296300011       ,RADIATION SHIELD FOR CLIMATE SENSORS                        ,      3187.35,01/13/2023,                    ,OTHERS                                            ,         0,MFI-PIGGERY                   ,PIGGERY-MAINTENANCE WAREHOUSE                     ,FAACQ               
0070-0008296300012       ,RADIATION SHIELD FOR CLIMATE SENSORS                        ,      3187.35,01/13/2023,                    ,OTHERS                                            ,         0,MFI-PIGGERY                   ,PIGGERY-MAINTENANCE WAREHOUSE                     ,FAACQ               
0070-0008296300013       ,RADIATION SHIELD FOR CLIMATE SENSORS                        ,      3187.35,01/13/2023,                    ,OTHERS                                            ,         0,MFI-PIGGERY                   ,PIGGERY-MAINTENANCE WAREHOUSE                     ,FAACQ               
0070-0008296300014       ,RADIATION SHIELD FOR CLIMATE SENSORS                        ,      3187.35,01/13/2023,                    ,OTHERS                                            ,         0,MFI-PIGGERY                   ,PIGGERY-MAINTENANCE WAREHOUSE                     ,FAACQ               
0070-0008296300015       ,RADIATION SHIELD FOR CLIMATE SENSORS                        ,      3187.35,01/13/2023,                    ,OTHERS                                            ,         0,MFI-PIGGERY                   ,PIGGERY-MAINTENANCE WAREHOUSE                     ,FAACQ               
0070-0000453800001       ,WEIGHING SCALE                                              ,      2901.00,01/20/2023,STR. EQPT.          ,WEIGHING SCALE                                    ,         3,MFI-PIGGERY                   ,PIGGERY-MAIN ADMIN                                ,FAACQ               
0070-0000015200001       ,IDEAL UPS BLK 650VA 5106C                                   ,      1950.00,01/20/2023,OFF. EQPT.          ,UPS                                               ,         5,MFI-PIGGERY                   ,PIGGERY-MAIN ADMIN                                ,FAACQ               
0070-0000015200002       ,IDEAL UPS BLK 650VA 5106C                                   ,      1950.00,01/20/2023,OFF. EQPT.          ,UPS                                               ,         5,MFI-PIGGERY                   ,PIGGERY-MAIN ADMIN                                ,FAACQ               
0070-0000015200003       ,IDEAL UPS BLK 650VA 5106C                                   ,      1950.00,01/20/2023,OFF. EQPT.          ,UPS                                               ,         5,MFI-PIGGERY                   ,PIGGERY-MAIN ADMIN                                ,FAACQ               
0070-0000015200004       ,IDEAL UPS BLK 650VA 5106C                                   ,      1950.00,01/20/2023,OFF. EQPT.          ,UPS                                               ,         5,MFI-PIGGERY                   ,PIGGERY-MAIN ADMIN                                ,FAACQ               
0070-0000015200005       ,IDEAL UPS BLK 650VA 5106C                                   ,      1950.00,01/20/2023,OFF. EQPT.          ,UPS                                               ,         5,MFI-PIGGERY                   ,PIGGERY-MAIN ADMIN                                ,FAACQ               
0070-0000015200006       ,IDEAL UPS BLK 650VA 5106C                                   ,      1950.00,01/20/2023,OFF. EQPT.          ,UPS                                               ,         5,MFI-PIGGERY                   ,PIGGERY-MAIN ADMIN                                ,FAACQ               
0070-0008212600001       ,225XL S.SAVER HEATER W/KITUNIVERSAL MONUT                   ,     47301.76,01/31/2023,OTHER EQPT.         ,HEATER                                            ,         5,MFI-PIGGERY                   ,PIGGERY-MAINTENANCE WAREHOUSE                     ,FAACQ               
0070-0008212600002       ,225XL S.SAVER HEATER W/KITUNIVERSAL MONUT                   ,     47301.76,01/31/2023,OTHER EQPT.         ,HEATER                                            ,         5,MFI-PIGGERY                   ,PIGGERY-MAINTENANCE WAREHOUSE                     ,FAACQ               
0070-0008212600003       ,225XL S.SAVER HEATER W/KITUNIVERSAL MONUT                   ,     47301.76,01/31/2023,OTHER EQPT.         ,HEATER                                            ,         5,MFI-PIGGERY                   ,PIGGERY-MAINTENANCE WAREHOUSE                     ,FAACQ               
0070-0008212600004       ,225XL S.SAVER HEATER W/KITUNIVERSAL MONUT                   ,     47301.76,01/31/2023,OTHER EQPT.         ,HEATER                                            ,         5,MFI-PIGGERY                   ,PIGGERY-MAINTENANCE WAREHOUSE                     ,FAACQ               
0070-0008212700001       ,LP GAS HOSE 10                                              ,      1690.50,01/31/2023,                    ,OTHERS                                            ,         0,MFI-PIGGERY                   ,PIGGERY-MAINTENANCE WAREHOUSE                     ,FAACQ               
0070-0008212700002       ,LP GAS HOSE 10                                              ,      1690.50,01/31/2023,                    ,OTHERS                                            ,         0,MFI-PIGGERY                   ,PIGGERY-MAINTENANCE WAREHOUSE                     ,FAACQ               
0070-0008212700003       ,LP GAS HOSE 10                                              ,      1690.50,01/31/2023,                    ,OTHERS                                            ,         0,MFI-PIGGERY                   ,PIGGERY-MAINTENANCE WAREHOUSE                     ,FAACQ               
0070-0008212700004       ,LP GAS HOSE 10                                              ,      1690.50,01/31/2023,                    ,OTHERS                                            ,         0,MFI-PIGGERY                   ,PIGGERY-MAINTENANCE WAREHOUSE                     ,FAACQ               
0070-0008213000001       ,SS-225 GAS VLV ASSY LP HW 240                               ,      5030.68,01/31/2023,                    ,SUPPLIES                                          ,         0,MFI-PIGGERY                   ,PIGGERY-MAINTENANCE WAREHOUSE                     ,FAACQ               
0070-0008213000002       ,SS-225 GAS VLV ASSY LP HW 240                               ,      5030.68,01/31/2023,                    ,SUPPLIES                                          ,         0,MFI-PIGGERY                   ,PIGGERY-MAINTENANCE WAREHOUSE                     ,FAACQ               
0070-0008213000003       ,SS-225 GAS VLV ASSY LP HW 240                               ,      5030.68,01/31/2023,                    ,SUPPLIES                                          ,         0,MFI-PIGGERY                   ,PIGGERY-MAINTENANCE WAREHOUSE                     ,FAACQ               
0070-0008213000004       ,SS-225 GAS VLV ASSY LP HW 240                               ,      5030.68,01/31/2023,                    ,SUPPLIES                                          ,         0,MFI-PIGGERY                   ,PIGGERY-MAINTENANCE WAREHOUSE                     ,FAACQ               
0070-0008213000005       ,SS-225 GAS VLV ASSY LP HW 240                               ,      5030.68,01/31/2023,                    ,SUPPLIES                                          ,         0,MFI-PIGGERY                   ,PIGGERY-MAINTENANCE WAREHOUSE                     ,FAACQ               
0070-0008213000006       ,SS-225 GAS VLV ASSY LP HW 240                               ,      5030.68,01/31/2023,                    ,SUPPLIES                                          ,         0,MFI-PIGGERY                   ,PIGGERY-MAINTENANCE WAREHOUSE                     ,FAACQ               
0070-0008213000007       ,SS-225 GAS VLV ASSY LP HW 240                               ,      5030.68,01/31/2023,                    ,SUPPLIES                                          ,         0,MFI-PIGGERY                   ,PIGGERY-MAINTENANCE WAREHOUSE                     ,FAACQ               
0070-0008213000008       ,SS-225 GAS VLV ASSY LP HW 240                               ,      5030.68,01/31/2023,                    ,SUPPLIES                                          ,         0,MFI-PIGGERY                   ,PIGGERY-MAINTENANCE WAREHOUSE                     ,FAACQ               
0070-0008213000009       ,SS-225 GAS VLV ASSY LP HW 240                               ,      5030.68,01/31/2023,                    ,SUPPLIES                                          ,         0,MFI-PIGGERY                   ,PIGGERY-MAINTENANCE WAREHOUSE                     ,FAACQ               
0070-0008213000010       ,SS-225 GAS VLV ASSY LP HW 240                               ,      5030.68,01/31/2023,                    ,SUPPLIES                                          ,         0,MFI-PIGGERY                   ,PIGGERY-MAINTENANCE WAREHOUSE                     ,FAACQ               
0070-0008213000011       ,SS-225 GAS VLV ASSY LP HW 240                               ,      5030.68,01/31/2023,                    ,SUPPLIES                                          ,         0,MFI-PIGGERY                   ,PIGGERY-MAINTENANCE WAREHOUSE                     ,FAACQ               
0070-0008213000012       ,SS-225 GAS VLV ASSY LP HW 240                               ,      5030.68,01/31/2023,                    ,SUPPLIES                                          ,         0,MFI-PIGGERY                   ,PIGGERY-MAINTENANCE WAREHOUSE                     ,FAACQ               
0070-0008213000013       ,SS-225 GAS VLV ASSY LP HW 240                               ,      5030.68,01/31/2023,                    ,SUPPLIES                                          ,         0,MFI-PIGGERY                   ,PIGGERY-MAINTENANCE WAREHOUSE                     ,FAACQ               
0070-0008213000014       ,SS-225 GAS VLV ASSY LP HW 240                               ,      5030.68,01/31/2023,                    ,SUPPLIES                                          ,         0,MFI-PIGGERY                   ,PIGGERY-MAINTENANCE WAREHOUSE                     ,FAACQ               
0070-0008213000015       ,SS-225 GAS VLV ASSY LP HW 240                               ,      5030.68,01/31/2023,                    ,SUPPLIES                                          ,         0,MFI-PIGGERY                   ,PIGGERY-MAINTENANCE WAREHOUSE                     ,FAACQ               
0070-0008213300001       ,MODULE UT ELECTRONIC 1018-500                               ,      4276.94,01/31/2023,                    ,SUPPLIES                                          ,         0,MFI-PIGGERY                   ,PIGGERY-MAINTENANCE WAREHOUSE                     ,FAACQ               
0070-0008213300002       ,MODULE UT ELECTRONIC 1018-500                               ,      4276.94,01/31/2023,                    ,SUPPLIES                                          ,         0,MFI-PIGGERY                   ,PIGGERY-MAINTENANCE WAREHOUSE                     ,FAACQ               
0070-0008213300003       ,MODULE UT ELECTRONIC 1018-500                               ,      4276.94,01/31/2023,                    ,SUPPLIES                                          ,         0,MFI-PIGGERY                   ,PIGGERY-MAINTENANCE WAREHOUSE                     ,FAACQ               
0070-0008213300004       ,MODULE UT ELECTRONIC 1018-500                               ,      4276.94,01/31/2023,                    ,SUPPLIES                                          ,         0,MFI-PIGGERY                   ,PIGGERY-MAINTENANCE WAREHOUSE                     ,FAACQ               
0070-0008213300005       ,MODULE UT ELECTRONIC 1018-500                               ,      4276.94,01/31/2023,                    ,SUPPLIES                                          ,         0,MFI-PIGGERY                   ,PIGGERY-MAINTENANCE WAREHOUSE                     ,FAACQ               
0070-0008213300006       ,MODULE UT ELECTRONIC 1018-500                               ,      4276.94,01/31/2023,                    ,SUPPLIES                                          ,         0,MFI-PIGGERY                   ,PIGGERY-MAINTENANCE WAREHOUSE                     ,FAACQ               
0070-0008213300007       ,MODULE UT ELECTRONIC 1018-500                               ,      4276.94,01/31/2023,                    ,SUPPLIES                                          ,         0,MFI-PIGGERY                   ,PIGGERY-MAINTENANCE WAREHOUSE                     ,FAACQ               
0070-0008213300008       ,MODULE UT ELECTRONIC 1018-500                               ,      4276.94,01/31/2023,                    ,SUPPLIES                                          ,         0,MFI-PIGGERY                   ,PIGGERY-MAINTENANCE WAREHOUSE                     ,FAACQ               
0070-0008213300009       ,MODULE UT ELECTRONIC 1018-500                               ,      4276.94,01/31/2023,                    ,SUPPLIES                                          ,         0,MFI-PIGGERY                   ,PIGGERY-MAINTENANCE WAREHOUSE                     ,FAACQ               
0070-0008213300010       ,MODULE UT ELECTRONIC 1018-500                               ,      4276.94,01/31/2023,                    ,SUPPLIES                                          ,         0,MFI-PIGGERY                   ,PIGGERY-MAINTENANCE WAREHOUSE                     ,FAACQ               
0070-0008213300011       ,MODULE UT ELECTRONIC 1018-500                               ,      4276.94,01/31/2023,                    ,SUPPLIES                                          ,         0,MFI-PIGGERY                   ,PIGGERY-MAINTENANCE WAREHOUSE                     ,FAACQ               
0070-0008213300012       ,MODULE UT ELECTRONIC 1018-500                               ,      4276.94,01/31/2023,                    ,SUPPLIES                                          ,         0,MFI-PIGGERY                   ,PIGGERY-MAINTENANCE WAREHOUSE                     ,FAACQ               
0070-0008213300013       ,MODULE UT ELECTRONIC 1018-500                               ,      4276.94,01/31/2023,                    ,SUPPLIES                                          ,         0,MFI-PIGGERY                   ,PIGGERY-MAINTENANCE WAREHOUSE                     ,FAACQ               
0070-0008213300014       ,MODULE UT ELECTRONIC 1018-500                               ,      4276.94,01/31/2023,                    ,SUPPLIES                                          ,         0,MFI-PIGGERY                   ,PIGGERY-MAINTENANCE WAREHOUSE                     ,FAACQ               
0070-0008213300015       ,MODULE UT ELECTRONIC 1018-500                               ,      4276.94,01/31/2023,                    ,SUPPLIES                                          ,         0,MFI-PIGGERY                   ,PIGGERY-MAINTENANCE WAREHOUSE                     ,FAACQ               
0070-0008213800001       ,BLOWER WHEEL 22-225                                         ,      2291.51,01/31/2023,                    ,SUPPLIES                                          ,         0,MFI-PIGGERY                   ,PIGGERY-MAINTENANCE WAREHOUSE                     ,FAACQ               
0070-0008213800002       ,BLOWER WHEEL 22-225                                         ,      2291.51,01/31/2023,                    ,SUPPLIES                                          ,         0,MFI-PIGGERY                   ,PIGGERY-MAINTENANCE WAREHOUSE                     ,FAACQ               
0070-0008213800003       ,BLOWER WHEEL 22-225                                         ,      2291.51,01/31/2023,                    ,SUPPLIES                                          ,         0,MFI-PIGGERY                   ,PIGGERY-MAINTENANCE WAREHOUSE                     ,FAACQ               
0070-0008213800004       ,BLOWER WHEEL 22-225                                         ,      2291.51,01/31/2023,                    ,SUPPLIES                                          ,         0,MFI-PIGGERY                   ,PIGGERY-MAINTENANCE WAREHOUSE                     ,FAACQ               
0070-0008213800005       ,BLOWER WHEEL 22-225                                         ,      2291.51,01/31/2023,                    ,SUPPLIES                                          ,         0,MFI-PIGGERY                   ,PIGGERY-MAINTENANCE WAREHOUSE                     ,FAACQ               
0070-0008213800006       ,BLOWER WHEEL 22-225                                         ,      2291.51,01/31/2023,                    ,SUPPLIES                                          ,         0,MFI-PIGGERY                   ,PIGGERY-MAINTENANCE WAREHOUSE                     ,FAACQ               
0070-0008213800007       ,BLOWER WHEEL 22-225                                         ,      2291.51,01/31/2023,                    ,SUPPLIES                                          ,         0,MFI-PIGGERY                   ,PIGGERY-MAINTENANCE WAREHOUSE                     ,FAACQ               
0070-0008213800008       ,BLOWER WHEEL 22-225                                         ,      2291.51,01/31/2023,                    ,SUPPLIES                                          ,         0,MFI-PIGGERY                   ,PIGGERY-MAINTENANCE WAREHOUSE                     ,FAACQ               
0070-0008215000001       ,TRANSFORMER XFMR 240V/24V 40VA                              ,      1836.42,01/31/2023,                    ,ELECTRICAL SUPPLIES                               ,         0,MFI-PIGGERY                   ,PIGGERY-MAINTENANCE WAREHOUSE                     ,FAACQ               
0070-0008215000002       ,TRANSFORMER XFMR 240V/24V 40VA                              ,      1836.42,01/31/2023,                    ,ELECTRICAL SUPPLIES                               ,         0,MFI-PIGGERY                   ,PIGGERY-MAINTENANCE WAREHOUSE                     ,FAACQ               
0070-0008215000003       ,TRANSFORMER XFMR 240V/24V 40VA                              ,      1836.42,01/31/2023,                    ,ELECTRICAL SUPPLIES                               ,         0,MFI-PIGGERY                   ,PIGGERY-MAINTENANCE WAREHOUSE                     ,FAACQ               
0070-0008215000004       ,TRANSFORMER XFMR 240V/24V 40VA                              ,      1836.42,01/31/2023,                    ,ELECTRICAL SUPPLIES                               ,         0,MFI-PIGGERY                   ,PIGGERY-MAINTENANCE WAREHOUSE                     ,FAACQ               
0070-0008215000005       ,TRANSFORMER XFMR 240V/24V 40VA                              ,      1836.42,01/31/2023,                    ,ELECTRICAL SUPPLIES                               ,         0,MFI-PIGGERY                   ,PIGGERY-MAINTENANCE WAREHOUSE                     ,FAACQ               
0070-0008215200001       ,SS-225 BLWR/MTR ASSY 240 60HZ                               ,     13135.67,01/31/2023,                    ,SUPPLIES                                          ,         0,MFI-PIGGERY                   ,PIGGERY-MAINTENANCE WAREHOUSE                     ,FAACQ               
0070-0008215200002       ,SS-225 BLWR/MTR ASSY 240 60HZ                               ,     13135.67,01/31/2023,                    ,SUPPLIES                                          ,         0,MFI-PIGGERY                   ,PIGGERY-MAINTENANCE WAREHOUSE                     ,FAACQ               
0070-0008215200003       ,SS-225 BLWR/MTR ASSY 240 60HZ                               ,     13135.67,01/31/2023,                    ,SUPPLIES                                          ,         0,MFI-PIGGERY                   ,PIGGERY-MAINTENANCE WAREHOUSE                     ,FAACQ               
0070-0008215200004       ,SS-225 BLWR/MTR ASSY 240 60HZ                               ,     13135.67,01/31/2023,                    ,SUPPLIES                                          ,         0,MFI-PIGGERY                   ,PIGGERY-MAINTENANCE WAREHOUSE                     ,FAACQ               
0070-0008215200005       ,SS-225 BLWR/MTR ASSY 240 60HZ                               ,     13135.67,01/31/2023,                    ,SUPPLIES                                          ,         0,MFI-PIGGERY                   ,PIGGERY-MAINTENANCE WAREHOUSE                     ,FAACQ               
0070-0008215200006       ,SS-225 BLWR/MTR ASSY 240 60HZ                               ,     13135.67,01/31/2023,                    ,SUPPLIES                                          ,         0,MFI-PIGGERY                   ,PIGGERY-MAINTENANCE WAREHOUSE                     ,FAACQ               
0070-0008215200007       ,SS-225 BLWR/MTR ASSY 240 60HZ                               ,     13135.67,01/31/2023,                    ,SUPPLIES                                          ,         0,MFI-PIGGERY                   ,PIGGERY-MAINTENANCE WAREHOUSE                     ,FAACQ               
0070-0008215200008       ,SS-225 BLWR/MTR ASSY 240 60HZ                               ,     13135.67,01/31/2023,                    ,SUPPLIES                                          ,         0,MFI-PIGGERY                   ,PIGGERY-MAINTENANCE WAREHOUSE                     ,FAACQ               
0070-0005663500021       ,ALPHA VIZZ HEATER                                           ,     10000.00,02/01/2023,STR. EQPT.          ,HEATER                                            ,         5,MFI-PIGGERY                   ,PIGGERY-MAINTENANCE WAREHOUSE                     ,FAACQ               
0070-0005663500022       ,ALPHA VIZZ HEATER                                           ,     10000.00,02/01/2023,STR. EQPT.          ,HEATER                                            ,         5,MFI-PIGGERY                   ,PIGGERY-MAINTENANCE WAREHOUSE                     ,FAACQ               
0070-0005663500023       ,ALPHA VIZZ HEATER                                           ,     10000.00,02/01/2023,STR. EQPT.          ,HEATER                                            ,         5,MFI-PIGGERY                   ,PIGGERY-MAINTENANCE WAREHOUSE                     ,FAACQ               
0070-0005663500024       ,ALPHA VIZZ HEATER                                           ,     10000.00,02/01/2023,STR. EQPT.          ,HEATER                                            ,         5,MFI-PIGGERY                   ,PIGGERY-MAINTENANCE WAREHOUSE                     ,FAACQ               
0070-0005663500025       ,ALPHA VIZZ HEATER                                           ,     10000.00,02/01/2023,STR. EQPT.          ,HEATER                                            ,         5,MFI-PIGGERY                   ,PIGGERY-MAINTENANCE WAREHOUSE                     ,FAACQ               
0070-0005663500026       ,ALPHA VIZZ HEATER                                           ,     10000.00,02/01/2023,STR. EQPT.          ,HEATER                                            ,         5,MFI-PIGGERY                   ,PIGGERY-MAINTENANCE WAREHOUSE                     ,FAACQ               
0070-0005663500027       ,ALPHA VIZZ HEATER                                           ,     10000.00,02/01/2023,STR. EQPT.          ,HEATER                                            ,         5,MFI-PIGGERY                   ,PIGGERY-MAINTENANCE WAREHOUSE                     ,FAACQ               
0070-0005663500028       ,ALPHA VIZZ HEATER                                           ,     10000.00,02/01/2023,STR. EQPT.          ,HEATER                                            ,         5,MFI-PIGGERY                   ,PIGGERY-MAINTENANCE WAREHOUSE                     ,FAACQ               
0070-0005663500029       ,ALPHA VIZZ HEATER                                           ,     10000.00,02/01/2023,STR. EQPT.          ,HEATER                                            ,         5,MFI-PIGGERY                   ,PIGGERY-MAINTENANCE WAREHOUSE                     ,FAACQ               
0070-0005663500030       ,ALPHA VIZZ HEATER                                           ,     10000.00,02/01/2023,STR. EQPT.          ,HEATER                                            ,         5,MFI-PIGGERY                   ,PIGGERY-MAINTENANCE WAREHOUSE                     ,FAACQ               
0070-0008417200001       ,VESPA AIR COMPRESSOR 2HP                                    ,     17857.14,02/09/2023,MACH. & EQPT.       ,COMPRESSOR                                        ,         5,MFI-PIGGERY                   ,PIGGERY-MARCELA POWERPLANT                        ,FAACQ               
0070-0005343400001       ,FUSE CUT-OUT 100A 15KV                                      ,      7912.00,02/17/2023,TOOLS               ,TOOLS                                             ,         3,MFI-PIGGERY                   ,PIGGERY-MAINTENANCE                               ,FAACQ               
0070-0005343400002       ,FUSE CUT-OUT 100A 15KV                                      ,      7912.00,02/17/2023,TOOLS               ,TOOLS                                             ,         3,MFI-PIGGERY                   ,PIGGERY-MAINTENANCE                               ,FAACQ               
0070-0005343400003       ,FUSE CUT-OUT 100A 15KV                                      ,      7912.00,02/17/2023,TOOLS               ,TOOLS                                             ,         3,MFI-PIGGERY                   ,PIGGERY-MAINTENANCE                               ,FAACQ               
0070-0006401900013       ,MAKITA 7650H MIST BLOWER                                    ,     38669.75,02/22/2023,MACH. & EQPT.       ,MACHINE                                           ,         5,MFI-PIGGERY                   ,PIGGERY-MAINTENANCE WAREHOUSE                     ,FAACQ               
0070-0006401900014       ,MAKITA 7650H MIST BLOWER                                    ,     38669.75,02/22/2023,MACH. & EQPT.       ,MACHINE                                           ,         5,MFI-PIGGERY                   ,PIGGERY-MAINTENANCE WAREHOUSE                     ,FAACQ               
0070-0006401900015       ,MAKITA 7650H MIST BLOWER                                    ,     38669.75,02/22/2023,MACH. & EQPT.       ,MACHINE                                           ,         5,MFI-PIGGERY                   ,PIGGERY-MAINTENANCE WAREHOUSE                     ,FAACQ               
0070-0006401900016       ,MAKITA 7650H MIST BLOWER                                    ,     38669.75,02/22/2023,MACH. & EQPT.       ,MACHINE                                           ,         5,MFI-PIGGERY                   ,PIGGERY-MAINTENANCE WAREHOUSE                     ,FAACQ               
0070-0006401900017       ,MAKITA 7650H MIST BLOWER                                    ,     38669.75,02/22/2023,MACH. & EQPT.       ,MACHINE                                           ,         5,MFI-PIGGERY                   ,PIGGERY-MAINTENANCE WAREHOUSE                     ,FAACQ               
0070-0001978900002       ,WASHING MACHINE                                             ,     14100.00,03/02/2023,MACH. & EQPT.       ,WASHING MACHINE                                   ,         3,MFI-PIGGERY                   ,PIGGERY-MAINTENANCE WAREHOUSE                     ,FAACQ               
0070-0003198800003       ,AIRCON CARRIER 2HP WINDOW TYPE                              ,     50200.00,03/02/2023,MACH. & EQPT.       ,AIRCON                                            ,         5,MFI-PIGGERY                   ,PIGGERY-MAINTENANCE WAREHOUSE                     ,FAACQ               
0070-0001978900003       ,WASHING MACHINE                                             ,     14100.00,03/02/2023,MACH. & EQPT.       ,WASHING MACHINE                                   ,         3,MFI-PIGGERY                   ,PIGGERY-GROWING                                   ,FAACQ               
0070-0008433200001       ,PANELBOARD THERMOPLASTIC ENCLOSURE W/NUETRAL                ,      9513.00,03/01/2023,ELEC. INTS. & EQPT. ,PANEL BOARD                                       ,         5,MFI-PIGGERY                   ,PIGGERY-MAINTENANCE WAREHOUSE                     ,FAACQ               
0070-0008516600001       ,CELLPHONE REALME C30S                                       ,      4508.04,03/01/2023,OFF. EQPT.          ,CELLPHONE                                         ,         3,MFI-PIGGERY                   ,PIGGERY-LOGISTICS                                 ,FAACQ               
0070-0008433100001       ,NEMA-1 ENCLOSURE PANELBOARD:WATER PROCESSING                ,     83346.43,03/03/2023,ELEC. INTS. & EQPT. ,PANEL BOARD                                       ,         5,MFI-PIGGERY                   ,PIGGERY-MAINTENANCE WAREHOUSE                     ,FAACQ               
0070-0007975200001       ,BS-002-BIOGAS SCRUBBER SYSTEM                               ,   1150000.00,03/27/2023,STR. EQPT.          ,MACHINE                                           ,         5,MFI-PIGGERY                   ,PIGGERY-MARCELA POWERPLANT                        ,FAACQ               
0070-0007975200002       ,BS-002-BIOGAS SCRUBBER SYSTEM                               ,   1150000.00,03/27/2023,MACH. & EQPT.       ,MACHINE                                           ,         5,MFI-PIGGERY                   ,PIGGERY-MARCELA POWERPLANT                        ,FAACQ               
0070-0001979700001       ,VACUUM CLEANER (WET & DRY)                                  ,      3300.00,03/27/2023,STR. EQPT.          ,VACUUM                                            ,         3,MFI-PIGGERY                   ,PIGGERY-MAINTENANCE WAREHOUSE                     ,FAACQ               
0110-0007280000001       ,DRY TYPE TRANSFORMER 50KVA                                  ,    120000.00,03/15/2023,ELEC. INTS. & EQPT. ,TRANSFORMER                                       ,         5,MFI-PIGGERY                   ,PIGGERY-ENGINEERING                               ,FA_TRAN             
0110-0007280000002       ,DRY TYPE TRANSFORMER 50KVA                                  ,    120000.00,03/15/2023,ELEC. INTS. & EQPT. ,TRANSFORMER                                       ,         5,MFI-PIGGERY                   ,PIGGERY-ENGINEERING                               ,FA_TRAN             
0110-0007280000003       ,DRY TYPE TRANSFORMER 50KVA                                  ,    120000.00,03/15/2023,ELEC. INTS. & EQPT. ,TRANSFORMER                                       ,         5,MFI-PIGGERY                   ,PIGGERY-ENGINEERING                               ,FA_TRAN             
0070-0000949000001       ,POWER SPRAYER HEAVY DUTY-WULI                               ,     26500.00,04/04/2023,STR. EQPT.          ,SPRAYER                                           ,         2,MFI-PIGGERY UNTAGA            ,PIGGERY UNTAGA-MAIN ADMIN                         ,FA_TRAN             
0070-0000949000002       ,POWER SPRAYER HEAVY DUTY-WULI                               ,     26500.00,04/04/2023,STR. EQPT.          ,SPRAYER                                           ,         2,MFI-PIGGERY UNTAGA            ,PIGGERY UNTAGA-MAIN ADMIN                         ,FA_TRAN             
0070-0000949000003       ,POWER SPRAYER HEAVY DUTY-WULI                               ,     26500.00,04/04/2023,STR. EQPT.          ,SPRAYER                                           ,         2,MFI-PIGGERY                   ,PIGGERY-MAINTENANCE                               ,FAACQ               
0070-0000949000004       ,POWER SPRAYER HEAVY DUTY-WULI                               ,     26500.00,04/04/2023,STR. EQPT.          ,SPRAYER                                           ,         2,MFI-PIGGERY                   ,PIGGERY-MAINTENANCE                               ,FAACQ               
0070-0000949000005       ,POWER SPRAYER HEAVY DUTY-WULI                               ,     26500.00,04/04/2023,STR. EQPT.          ,SPRAYER                                           ,         2,MFI-PIGGERY                   ,PIGGERY-MAINTENANCE                               ,FAACQ               
0070-0000949000006       ,POWER SPRAYER HEAVY DUTY-WULI                               ,     26500.00,04/04/2023,STR. EQPT.          ,SPRAYER                                           ,         2,MFI-PIGGERY                   ,PIGGERY-MAINTENANCE                               ,FAACQ               
0070-0000949000007       ,POWER SPRAYER HEAVY DUTY-WULI                               ,     26500.00,04/04/2023,STR. EQPT.          ,SPRAYER                                           ,         2,MFI-PIGGERY                   ,PIGGERY-MAINTENANCE                               ,FAACQ               
0070-0000949000008       ,POWER SPRAYER HEAVY DUTY-WULI                               ,     26500.00,04/04/2023,STR. EQPT.          ,SPRAYER                                           ,         2,MFI-PIGGERY                   ,PIGGERY-MAINTENANCE                               ,FAACQ               
0070-0000949000009       ,POWER SPRAYER HEAVY DUTY-WULI                               ,     26500.00,04/04/2023,STR. EQPT.          ,SPRAYER                                           ,         2,MFI-PIGGERY                   ,PIGGERY-MAINTENANCE                               ,FAACQ               
0070-0000949000010       ,POWER SPRAYER HEAVY DUTY-WULI                               ,     26500.00,04/04/2023,STR. EQPT.          ,SPRAYER                                           ,         2,MFI-PIGGERY                   ,PIGGERY-MAINTENANCE                               ,FAACQ               
0070-0007222300001       ,172448 TCL ANDROID 40S615                                   ,     11873.21,04/05/2023,OFF. EQPT.          ,TV                                                ,         3,MFI-PIGGERY                   ,PIGGERY-MAIN ADMIN                                ,FAACQ               
0070-0008236700001       ,RENCO LEAN-MEATER DIGITAL BACKFAT INDICATOR                 ,     37500.00,04/11/2023,TOOLS               ,TOOLS                                             ,         3,MFI-PIGGERY                   ,PIGGERY-BREEDING                                  ,FAACQ               
0070-0002962900001       ,INSTALLATION OF CCTV CAMERAS                                ,    140000.00,03/07/2023,BLDG. IMPVT.        ,OTHERS                                            ,        15,MFI-PIGGERY                   ,PIGGERY-MAIN ADMIN                                ,FAACQ               
0070-0006774100002       ,WELDING MACHINE YAMATO 300A                                 ,      6071.43,04/18/2023,MACH. & EQPT.       ,MACHINE                                           ,         5,MFI-PIGGERY                   ,PIGGERY-MAINTENANCE                               ,FAACQ               
0070-0008375100001       ,RIGID IMPACT THREADER MACHINE 1/2""-4""                       ,    540000.00,04/18/2023,TOOLS               ,MACHINE TOOLS                                     ,         5,MFI-PIGGERY                   ,PIGGERY-MAINTENANCE                               ,FAACQ               
0070-0008474900001       ,ACER ASPIRE 5 A514-55-330C                                  ,     33034.82,04/20/2023,OFF. EQPT.          ,LAPTOP                                            ,         3,MFI-PIGGERY                   ,PIGGERY-ENGINEERING                               ,FAACQ               
0070-0004771400001       ,CELLPHONE OPPO                                              ,      5356.25,04/24/2023,OFF. EQPT.          ,CELLPHONE                                         ,         3,MFI-PIGGERY                   ,PIGGERY-MAIN ADMIN                                ,FAACQ               
0070-0008768900001       ,VIVO Y02S (865539061703808)                                 ,      5356.25,04/25/2023,OFF. EQPT.          ,CELLPHONE                                         ,         3,MFI-PIGGERY                   ,PIGGERY-ENGINEERING                               ,FAACQ               
0070-0007786100007       ,HOG VAN - 2 LAYER                                           ,    288246.98,04/26/2023,TRNS. EQPT.         ,VEHICLE                                           ,        10,MFI-PIGGERY                   ,PIGGERY-LOGISTICS                                 ,FAACQ               
0070-0007786100008       ,HOG VAN - 2 LAYER                                           ,    288246.98,04/26/2023,TRNS. EQPT.         ,VEHICLE                                           ,        10,MFI-PIGGERY                   ,PIGGERY-LOGISTICS                                 ,FAACQ               
0070-0001242300001       ,TV SAMSUNG 32""                                              ,     12499.11,05/02/2023,STR. EQPT.          ,TV                                                ,         3,MFI-PIGGERY                   ,PIGGERY-MAIN ADMIN                                ,FAACQ               
0070-0002541300003       ,USHOWCASE FUJIDENZO SU140A                                  ,     25848.21,05/02/2023,STR. EQPT.          ,FREEZER/CHILLER                                   ,         5,MFI-PIGGERY                   ,PIGGERY-MAIN ADMIN                                ,FAACQ               
0070-0008340100001       ,EBARA END SUCTION CENTRIFUGAL PUMP MODEL:GS50-315           ,    107142.86,03/23/2023,MACH. & EQPT.       ,PUMP                                              ,         5,MFI-PIGGERY UNTAGA            ,PIGGERY UNTAGA-MAIN ADMIN                         ,FA_TRAN             
0070-0008340100002       ,EBARA END SUCTION CENTRIFUGAL PUMP MODEL:GS50-315           ,    107142.86,03/23/2023,MACH. & EQPT.       ,PUMP                                              ,         5,MFI-PIGGERY                   ,PIGGERY-MAINTENANCE                               ,FAACQ               
0070-0008340100003       ,EBARA END SUCTION CENTRIFUGAL PUMP MODEL:GS50-315           ,    107142.86,03/23/2023,MACH. & EQPT.       ,PUMP                                              ,         5,MFI-PIGGERY                   ,PIGGERY-MAINTENANCE                               ,FAACQ               
0070-0008340100004       ,EBARA END SUCTION CENTRIFUGAL PUMP MODEL:GS50-315           ,    107142.86,03/23/2023,MACH. & EQPT.       ,PUMP                                              ,         5,MFI-PIGGERY                   ,PIGGERY-MAINTENANCE                               ,FAACQ               
0070-0004302600001       ,DELL E2020H 19.45"" WIDESCREEN FLAT PANEL MONITOR            ,      7469.14,03/22/2023,OFF. EQPT.          ,MONITOR                                           ,         3,MFI-PIGGERY                   ,PIGGERY-MAIN ADMIN                                ,FAACQ               
0070-0008101800001       ,DELL OPTIPLEX 3000 MICRO INTEL (R) CORE (TM)                ,     47530.86,03/22/2023,OFF. EQPT.          ,CPU                                               ,         3,MFI-PIGGERY                   ,PIGGERY-MAIN ADMIN                                ,FAACQ               
0070-0006635800012       ,SKELETAL TRAILER 20FTR STRAIGHT TYPE (6 HOLES)              ,    450000.00,11/15/2021,TRNS. EQPT.         ,TRAILER                                           ,        10,MFI-PIGGERY                   ,PIGGERY-LOGISTICS                                 ,FAACQ               
0070-0008443000001       ,FRP TANK 42X72 F-TB6"" MB PENTAIR BRAND BLUE                 ,     90000.00,05/06/2023,FUR. & FIXT.        ,TANK                                              ,         3,MFI-PIGGERY                   ,PIGGERY-ENGINEERING                               ,FAACQ               
0070-0008421400001       ,BRAND NEW CATERPILLAR MODELC27 800KW/1000KW GENSET          ,   8300000.00,04/10/2023,MACH. & EQPT.       ,GENERATOR                                         ,         5,MFI-PIGGERY                   ,PIGGERY-ENGINEERING                               ,FAACQ               
0070-0006344800001       ,MAKITA CIRCULAR SAW                                         ,      7199.00,05/18/2023,MACH. & EQPT.       ,MACHINE TOOLS                                     ,         5,MFI-PIGGERY                   ,PIGGERY-ENGINEERING                               ,FAACQ               
0070-0008776600001       ,SAMSUNG CP GLX A14 LTE BLACK                                ,      8919.64,06/07/2023,OFF. EQPT.          ,CELLPHONE                                         ,         3,MFI-PIGGERY                   ,PIGGERY-MARCELA POWERPLANT                        ,FAACQ               
0070-0007021000001       ,MONITOR ACER 19.5""                                          ,      3928.57,06/10/2023,OFF. EQPT.          ,MONITOR                                           ,         3,MFI-PIGGERY                   ,PIGGERY-MAIN ADMIN                                ,FAACQ               
0070-0004705600003       ,SIGNAL BOOSTER                                              ,      7157.80,06/20/2023,OFF. EQPT.          ,OTHERS                                            ,         3,MFI-PIGGERY                   ,PIGGERY-MAIN ADMIN                                ,FAACQ               
0026-0006265900008       ,STANDARD MAIN TABLE 1100W-1100WX600DX760H                   ,      3800.00,07/20/2017,FUR. & FIXT.        ,TABLE                                             ,         5,MFI-PIGGERY                   ,PIGGERY-MAIN ADMIN                                ,FA_TRAN             
0026-0008117300003       ,EPSON L5290 SERIES AIO PRINTER                              ,     14950.00,06/07/2023,OFF. EQPT.          ,PRINTER                                           ,         3,DISTRIBUTION SALES GROUP      ,LDI-DISTRIBUTION SALES GROUP                      ,FA_TRAN             
0070-0005458600026       ,KARCHER CLASSIC HIGH PRESSURE CLEANERS HD 6/15-4 C          ,     54425.82,07/03/2023,MACH. & EQPT.       ,MACHINE TOOLS                                     ,         5,MFI-PIGGERY                   ,PIGGERY-MAINTENANCE                               ,FAACQ               
0070-0005458600027       ,KARCHER CLASSIC HIGH PRESSURE CLEANERS HD 6/15-4 C          ,     54425.82,07/03/2023,MACH. & EQPT.       ,MACHINE TOOLS                                     ,         5,MFI-PIGGERY                   ,PIGGERY-MAINTENANCE                               ,FAACQ               
0070-0005458600028       ,KARCHER CLASSIC HIGH PRESSURE CLEANERS HD 6/15-4 C          ,     54425.82,07/03/2023,MACH. & EQPT.       ,MACHINE TOOLS                                     ,         5,MFI-PIGGERY                   ,PIGGERY-MAINTENANCE                               ,FAACQ               
0070-0005458600029       ,KARCHER CLASSIC HIGH PRESSURE CLEANERS HD 6/15-4 C          ,     54425.82,07/03/2023,MACH. & EQPT.       ,MACHINE TOOLS                                     ,         5,MFI-PIGGERY                   ,PIGGERY-MAINTENANCE                               ,FAACQ               
0070-0005458600030       ,KARCHER CLASSIC HIGH PRESSURE CLEANERS HD 6/15-4 C          ,     54425.82,07/03/2023,MACH. & EQPT.       ,MACHINE TOOLS                                     ,         5,MFI-PIGGERY                   ,PIGGERY-MAINTENANCE                               ,FAACQ               
0000773900037            ,MOBILE PEDESTAL 400L X 560D X660HMM                         ,      2500.00,04/22/2016,FUR. & FIXT.        ,OTHERS                                            ,         3,MFI-PIGGERY                   ,PIGGERY-MAIN ADMIN                                ,FA_TRAN             
0000774000032            ,VERTICAL CABINET 5 DRAWER 460LX620D                         ,     10685.00,04/22/2016,FUR. & FIXT.        ,CABINET                                           ,         5,MFI-PIGGERY                   ,PIGGERY-MAIN ADMIN                                ,FA_TRAN             
0070-0006376100002       ,BIOLOGICAL MICROSCOPE OLYMPUS CX23LEDRFS1 JAPAN BR          ,     52321.43,07/13/2023,STR. EQPT.          ,OTHERS                                            ,         3,MFI-PIGGERY                   ,PIGGERY-LABORATORY                                ,FAACQ               
0070-0005458600031       ,KARCHER CLASSIC HIGH PRESSURE CLEANERS HD 6/15-4 C          ,     54425.82,07/13/2023,MACH. & EQPT.       ,MACHINE TOOLS                                     ,         5,MFI-PIGGERY                   ,PIGGERY-MAINTENANCE                               ,FAACQ               
0070-0005458600032       ,KARCHER CLASSIC HIGH PRESSURE CLEANERS HD 6/15-4 C          ,     54425.82,07/13/2023,MACH. & EQPT.       ,MACHINE TOOLS                                     ,         5,MFI-PIGGERY                   ,PIGGERY-MAINTENANCE                               ,FAACQ               
0070-0005458600033       ,KARCHER CLASSIC HIGH PRESSURE CLEANERS HD 6/15-4 C          ,     54425.82,07/13/2023,MACH. & EQPT.       ,MACHINE TOOLS                                     ,         5,MFI-PIGGERY                   ,PIGGERY-MAINTENANCE                               ,FAACQ               
0070-0005458600034       ,KARCHER CLASSIC HIGH PRESSURE CLEANERS HD 6/15-4 C          ,     54425.82,07/13/2023,MACH. & EQPT.       ,MACHINE TOOLS                                     ,         5,MFI-PIGGERY                   ,PIGGERY-MAINTENANCE                               ,FAACQ               
0070-0005458600035       ,KARCHER CLASSIC HIGH PRESSURE CLEANERS HD 6/15-4 C          ,     54425.82,07/13/2023,MACH. & EQPT.       ,MACHINE TOOLS                                     ,         5,MFI-PIGGERY                   ,PIGGERY-MAINTENANCE                               ,FAACQ               
0070-0005458600036       ,KARCHER CLASSIC HIGH PRESSURE CLEANERS HD 6/15-4 C          ,     54425.82,07/13/2023,MACH. & EQPT.       ,MACHINE TOOLS                                     ,         5,MFI-PIGGERY                   ,PIGGERY-MAINTENANCE                               ,FAACQ               
0070-0005458600037       ,KARCHER CLASSIC HIGH PRESSURE CLEANERS HD 6/15-4 C          ,     54425.82,07/13/2023,MACH. & EQPT.       ,MACHINE TOOLS                                     ,         5,MFI-PIGGERY                   ,PIGGERY-MAINTENANCE                               ,FAACQ               
0070-0008840700001       ,EBS-RAY CENTRIFUGAL PUMP MODEL:65-16                        ,     21813.95,07/13/2023,MACH. & EQPT.       ,PUMP                                              ,         5,MFI-PIGGERY                   ,PIGGERY-MAINTENANCE                               ,FAACQ               
0070-0008840700002       ,EBS-RAY CENTRIFUGAL PUMP MODEL:65-16                        ,     21813.95,07/13/2023,MACH. & EQPT.       ,PUMP                                              ,         5,MFI-PIGGERY                   ,PIGGERY-MAINTENANCE                               ,FAACQ               
0070-0004227600048       ,SUBMERSIBLE PUMP STREAMPLUS .5HP                            ,      8660.71,07/13/2023,MACH. & EQPT.       ,PUMP                                              ,         5,MFI-PIGGERY                   ,PIGGERY-MAINTENANCE WAREHOUSE                     ,FAACQ               
0070-0004227600049       ,SUBMERSIBLE PUMP STREAMPLUS .5HP                            ,      8660.71,07/13/2023,MACH. & EQPT.       ,PUMP                                              ,         5,MFI-PIGGERY                   ,PIGGERY-MAINTENANCE WAREHOUSE                     ,FAACQ               
0070-0004227600050       ,SUBMERSIBLE PUMP STREAMPLUS .5HP                            ,      8660.71,07/13/2023,MACH. & EQPT.       ,PUMP                                              ,         5,MFI-PIGGERY                   ,PIGGERY-MAINTENANCE WAREHOUSE                     ,FAACQ               
0070-0004227600051       ,SUBMERSIBLE PUMP STREAMPLUS .5HP                            ,      8660.71,07/13/2023,MACH. & EQPT.       ,PUMP                                              ,         5,MFI-PIGGERY                   ,PIGGERY-MAINTENANCE WAREHOUSE                     ,FAACQ               
0070-0004227600052       ,SUBMERSIBLE PUMP STREAMPLUS .5HP                            ,      8660.71,07/13/2023,MACH. & EQPT.       ,PUMP                                              ,         5,MFI-PIGGERY                   ,PIGGERY-MAINTENANCE WAREHOUSE                     ,FAACQ               
0070-0004227600053       ,SUBMERSIBLE PUMP STREAMPLUS .5HP                            ,      8660.71,07/13/2023,MACH. & EQPT.       ,PUMP                                              ,         5,MFI-PIGGERY                   ,PIGGERY-MAINTENANCE WAREHOUSE                     ,FAACQ               
0070-0004227600054       ,SUBMERSIBLE PUMP STREAMPLUS .5HP                            ,      8660.71,07/13/2023,MACH. & EQPT.       ,PUMP                                              ,         5,MFI-PIGGERY                   ,PIGGERY-MAINTENANCE WAREHOUSE                     ,FAACQ               
0070-0004227600055       ,SUBMERSIBLE PUMP STREAMPLUS .5HP                            ,      8660.71,07/13/2023,MACH. & EQPT.       ,PUMP                                              ,         5,MFI-PIGGERY                   ,PIGGERY-MAINTENANCE WAREHOUSE                     ,FAACQ               
0070-0004227600056       ,SUBMERSIBLE PUMP STREAMPLUS .5HP                            ,      8660.71,07/13/2023,MACH. & EQPT.       ,PUMP                                              ,         5,MFI-PIGGERY                   ,PIGGERY-MAINTENANCE WAREHOUSE                     ,FAACQ               
0070-0004227600057       ,SUBMERSIBLE PUMP STREAMPLUS .5HP                            ,      8660.71,07/13/2023,MACH. & EQPT.       ,PUMP                                              ,         5,MFI-PIGGERY                   ,PIGGERY-MAINTENANCE WAREHOUSE                     ,FAACQ               
0070-0004227600058       ,SUBMERSIBLE PUMP STREAMPLUS .5HP                            ,      8660.71,07/13/2023,MACH. & EQPT.       ,PUMP                                              ,         5,MFI-PIGGERY                   ,PIGGERY-MAINTENANCE WAREHOUSE                     ,FAACQ               
0070-0004227600059       ,SUBMERSIBLE PUMP STREAMPLUS .5HP                            ,      8660.71,07/13/2023,MACH. & EQPT.       ,PUMP                                              ,         5,MFI-PIGGERY                   ,PIGGERY-MAINTENANCE WAREHOUSE                     ,FAACQ               
0070-0004227600060       ,SUBMERSIBLE PUMP STREAMPLUS .5HP                            ,      8660.71,07/13/2023,MACH. & EQPT.       ,PUMP                                              ,         5,MFI-PIGGERY                   ,PIGGERY-MAINTENANCE WAREHOUSE                     ,FAACQ               
0070-0004227600061       ,SUBMERSIBLE PUMP STREAMPLUS .5HP                            ,      8660.71,07/13/2023,MACH. & EQPT.       ,PUMP                                              ,         5,MFI-PIGGERY                   ,PIGGERY-MAINTENANCE WAREHOUSE                     ,FAACQ               
0070-0004227600062       ,SUBMERSIBLE PUMP STREAMPLUS .5HP                            ,      8660.71,07/13/2023,MACH. & EQPT.       ,PUMP                                              ,         5,MFI-PIGGERY                   ,PIGGERY-MAINTENANCE WAREHOUSE                     ,FAACQ               
0070-0004227600063       ,SUBMERSIBLE PUMP STREAMPLUS .5HP                            ,      8660.71,07/13/2023,MACH. & EQPT.       ,PUMP                                              ,         5,MFI-PIGGERY                   ,PIGGERY-MAINTENANCE WAREHOUSE                     ,FAACQ               
0070-0004227600064       ,SUBMERSIBLE PUMP STREAMPLUS .5HP                            ,      8660.71,07/13/2023,MACH. & EQPT.       ,PUMP                                              ,         5,MFI-PIGGERY                   ,PIGGERY-MAINTENANCE WAREHOUSE                     ,FAACQ               
0070-0004227600065       ,SUBMERSIBLE PUMP STREAMPLUS .5HP                            ,      8660.71,07/13/2023,MACH. & EQPT.       ,PUMP                                              ,         5,MFI-PIGGERY                   ,PIGGERY-MAINTENANCE WAREHOUSE                     ,FAACQ               
0070-0004227600066       ,SUBMERSIBLE PUMP STREAMPLUS .5HP                            ,      8660.71,07/13/2023,MACH. & EQPT.       ,PUMP                                              ,         5,MFI-PIGGERY                   ,PIGGERY-MAINTENANCE WAREHOUSE                     ,FAACQ               
0070-0004227600067       ,SUBMERSIBLE PUMP STREAMPLUS .5HP                            ,      8660.71,07/13/2023,MACH. & EQPT.       ,PUMP                                              ,         5,MFI-PIGGERY                   ,PIGGERY-MAINTENANCE WAREHOUSE                     ,FAACQ               
0070-0004227600068       ,SUBMERSIBLE PUMP STREAMPLUS .5HP                            ,      8660.71,07/13/2023,MACH. & EQPT.       ,PUMP                                              ,         5,MFI-PIGGERY                   ,PIGGERY-MAINTENANCE WAREHOUSE                     ,FAACQ               
0070-0004227600069       ,SUBMERSIBLE PUMP STREAMPLUS .5HP                            ,      8660.71,07/13/2023,MACH. & EQPT.       ,PUMP                                              ,         5,MFI-PIGGERY                   ,PIGGERY-MAINTENANCE WAREHOUSE                     ,FAACQ               
0070-0004227600070       ,SUBMERSIBLE PUMP STREAMPLUS .5HP                            ,      8660.71,07/13/2023,MACH. & EQPT.       ,PUMP                                              ,         5,MFI-PIGGERY                   ,PIGGERY-MAINTENANCE WAREHOUSE                     ,FAACQ               
0070-0004227600071       ,SUBMERSIBLE PUMP STREAMPLUS .5HP                            ,      8660.71,07/13/2023,MACH. & EQPT.       ,PUMP                                              ,         5,MFI-PIGGERY                   ,PIGGERY-MAINTENANCE WAREHOUSE                     ,FAACQ               
0070-0004227600072       ,SUBMERSIBLE PUMP STREAMPLUS .5HP                            ,      8660.71,07/13/2023,MACH. & EQPT.       ,PUMP                                              ,         5,MFI-PIGGERY                   ,PIGGERY-MAINTENANCE WAREHOUSE                     ,FAACQ               
0070-0004934600037       ,SUBMERSIBLE PUMP STREAMPLUS 1HP                             ,     11696.43,07/13/2023,MACH. & EQPT.       ,PUMP                                              ,         5,MFI-PIGGERY                   ,PIGGERY-MAINTENANCE WAREHOUSE                     ,FAACQ               
0070-0004934600038       ,SUBMERSIBLE PUMP STREAMPLUS 1HP                             ,     11696.43,07/13/2023,MACH. & EQPT.       ,PUMP                                              ,         5,MFI-PIGGERY                   ,PIGGERY-MAINTENANCE WAREHOUSE                     ,FAACQ               
0070-0004934600039       ,SUBMERSIBLE PUMP STREAMPLUS 1HP                             ,     11696.43,07/13/2023,MACH. & EQPT.       ,PUMP                                              ,         5,MFI-PIGGERY                   ,PIGGERY-MAINTENANCE WAREHOUSE                     ,FAACQ               
0070-0004934600040       ,SUBMERSIBLE PUMP STREAMPLUS 1HP                             ,     11696.43,07/13/2023,MACH. & EQPT.       ,PUMP                                              ,         5,MFI-PIGGERY                   ,PIGGERY-MAINTENANCE WAREHOUSE                     ,FAACQ               
0070-0004934600041       ,SUBMERSIBLE PUMP STREAMPLUS 1HP                             ,     11696.43,07/13/2023,MACH. & EQPT.       ,PUMP                                              ,         5,MFI-PIGGERY                   ,PIGGERY-MAINTENANCE WAREHOUSE                     ,FAACQ               
0070-0004934600042       ,SUBMERSIBLE PUMP STREAMPLUS 1HP                             ,     11696.43,07/13/2023,MACH. & EQPT.       ,PUMP                                              ,         5,MFI-PIGGERY                   ,PIGGERY-MAINTENANCE WAREHOUSE                     ,FAACQ               
0070-0004934600043       ,SUBMERSIBLE PUMP STREAMPLUS 1HP                             ,     11696.43,07/13/2023,MACH. & EQPT.       ,PUMP                                              ,         5,MFI-PIGGERY                   ,PIGGERY-MAINTENANCE WAREHOUSE                     ,FAACQ               
0070-0004934600044       ,SUBMERSIBLE PUMP STREAMPLUS 1HP                             ,     11696.43,07/13/2023,MACH. & EQPT.       ,PUMP                                              ,         5,MFI-PIGGERY                   ,PIGGERY-MAINTENANCE WAREHOUSE                     ,FAACQ               
0070-0004934600045       ,SUBMERSIBLE PUMP STREAMPLUS 1HP                             ,     11696.43,07/13/2023,MACH. & EQPT.       ,PUMP                                              ,         5,MFI-PIGGERY                   ,PIGGERY-MAINTENANCE WAREHOUSE                     ,FAACQ               
0070-0004934600046       ,SUBMERSIBLE PUMP STREAMPLUS 1HP                             ,     11696.43,07/13/2023,MACH. & EQPT.       ,PUMP                                              ,         5,MFI-PIGGERY                   ,PIGGERY-MAINTENANCE WAREHOUSE                     ,FAACQ               
0070-0008662100001       ,WEIGHT TESTER  50KG                                         ,      8500.00,07/13/2023,STR. EQPT.          ,WEIGHING INDICATOR                                ,         3,MFI-PIGGERY                   ,PIGGERY-MAINTENANCE WAREHOUSE                     ,FAACQ               
0070-0008662100002       ,WEIGHT TESTER  50KG                                         ,      8500.00,07/13/2023,STR. EQPT.          ,WEIGHING INDICATOR                                ,         3,MFI-PIGGERY                   ,PIGGERY-MAINTENANCE WAREHOUSE                     ,FAACQ               
0070-0007048000001       ,PRINTER EPSON L3210 AIO                                     ,      8388.39,07/24/2023,OFF. EQPT.          ,PRINTER                                           ,         3,MFI-PIGGERY                   ,PIGGERY-MAIN ADMIN                                ,FAACQ               
0070-0007816500001       ,CPU SET CORE I5                                             ,     15535.72,07/25/2023,OFF. EQPT.          ,CPU                                               ,         3,MARCELA FARMS INCORPORATED    ,MFI-SLAUGHTER HOUSE & MEAT CUTTING PLANT 2        ,FA_TRAN             
0070-0008580100001       ,ACER K202HQL 19.5"" LED MONITOR                              ,      3526.79,07/25/2023,OFF. EQPT.          ,MONITOR                                           ,         3,MFI-PIGGERY                   ,PIGGERY-MAIN ADMIN                                ,FAACQ               
0070-0009016600001       ,NEMA -1  MTS(MANUAL TRANSFER SWITCH)                        ,    100000.00,08/07/2023,OTHER EQPT.         ,SWITCH                                            ,         3,MFI-PIGGERY                   ,PIGGERY-GROWING                                   ,FAACQ               
0070-0009016600002       ,NEMA -1  MTS(MANUAL TRANSFER SWITCH)                        ,    100000.00,08/07/2023,OTHER EQPT.         ,SWITCH                                            ,         3,MFI-PIGGERY                   ,PIGGERY-GROWING                                   ,FAACQ               
0070-0008940300001       ,ASAHI WALL FAN                                              ,      3637.00,08/07/2023,STR. EQPT.          ,FAN                                               ,         3,MFI-PIGGERY                   ,PIGGERY-ENGINEERING                               ,FAACQ               
0070-0007816500002       ,CPU SET CORE I5                                             ,     15535.72,08/07/2023,OFF. EQPT.          ,CPU                                               ,         3,MFI-PIGGERY                   ,PIGGERY-MAIN ADMIN                                ,FAACQ               
0070-0008580100002       ,ACER K202HQL 19.5"" LED MONITOR                              ,      3526.79,08/07/2023,OFF. EQPT.          ,MONITOR                                           ,         3,MFI-PIGGERY                   ,PIGGERY-MAIN ADMIN                                ,FAACQ               
0070-0008994500001       ,EBSRAY"" (AUSTRALIA) STREAMLINE CENTRIFUGAL PUMP             ,     66964.29,08/08/2023,MACH. & EQPT.       ,PUMP                                              ,         5,MFI-PIGGERY                   ,PIGGERY-ENGINEERING                               ,FAACQ               
0070-0008703800001       ,RUJIE SWITCH 24 PORT RG-S2915-24GT4MS-L24 PORT              ,     16143.75,08/15/2023,ELEC. INTS. & EQPT. ,SWITCH                                            ,         3,MFI-PIGGERY                   ,PIGGERY-MAIN ADMIN                                ,FAACQ               
0070-0007016600001       ,RING BLOWER RB-750S 1.5"" 220V 1HP 1PH STK# A0111            ,     25600.00,08/15/2023,STR. EQPT.          ,OTHERS                                            ,         3,MFI-PIGGERY                   ,PIGGERY-MAINTENANCE                               ,FAACQ               
0070-0004230600001       ,DC POWER SUPPLY                                             ,      5850.00,08/15/2023,OFF. EQPT.          ,POWER SUPPLY                                      ,         5,MFI-PIGGERY                   ,PIGGERY-MAINTENANCE                               ,FAACQ               
0070-0004230600002       ,DC POWER SUPPLY                                             ,      5850.00,08/15/2023,OFF. EQPT.          ,POWER SUPPLY                                      ,         5,MFI-PIGGERY                   ,PIGGERY-MAINTENANCE                               ,FAACQ               
0070-0004230600003       ,DC POWER SUPPLY                                             ,      5850.00,08/15/2023,OFF. EQPT.          ,POWER SUPPLY                                      ,         5,MFI-PIGGERY                   ,PIGGERY-MAINTENANCE                               ,FAACQ               
0070-0005578500003       ,KENWOOD BASE TK-7108                                        ,     11500.00,08/15/2023,OFF. EQPT.          ,RADIO BASE                                        ,         5,MFI-PIGGERY                   ,PIGGERY-MAINTENANCE                               ,FAACQ               
0070-0005578500004       ,KENWOOD BASE TK-7108                                        ,     11500.00,08/15/2023,OFF. EQPT.          ,RADIO BASE                                        ,         5,MFI-PIGGERY                   ,PIGGERY-MAINTENANCE                               ,FAACQ               
0070-0005578500005       ,KENWOOD BASE TK-7108                                        ,     11500.00,08/15/2023,OFF. EQPT.          ,RADIO BASE                                        ,         5,MFI-PIGGERY                   ,PIGGERY-MAINTENANCE                               ,FAACQ               
0070-0006719600002       ,DIGITAL HOG SCALE                                           ,     99870.00,08/15/2023,STR. EQPT.          ,WEIGHING SCALE                                    ,         3,MFI-PIGGERY                   ,PIGGERY-MAINTENANCE WAREHOUSE                     ,FAACQ               
0070-0006719600003       ,DIGITAL HOG SCALE                                           ,     99870.00,08/15/2023,STR. EQPT.          ,WEIGHING SCALE                                    ,         3,MFI-PIGGERY                   ,PIGGERY-MAINTENANCE WAREHOUSE                     ,FAACQ               
0070-0002844300001       ,STEEL CABINET 5 DRAWERS                                     ,      9375.00,08/16/2023,FUR. & FIXT.        ,CABINET                                           ,        10,MARCELA FARMS INCORPORATED    ,MFI-SLAUGHTER HOUSE & MEAT CUTTING PLANT 2        ,FA_TRAN             
0070-0001256600001       ,MAKITA GRINDER N9500N                                       ,      4725.00,08/16/2023,TOOLS               ,GRINDER                                           ,         3,MFI-PIGGERY                   ,PIGGERY-MAINTENANCE                               ,FAACQ               
0070-0001256600002       ,MAKITA GRINDER N9500N                                       ,      4725.00,08/16/2023,TOOLS               ,GRINDER                                           ,         3,MFI-PIGGERY                   ,PIGGERY-MAINTENANCE                               ,FAACQ               
0024-0001707000001       ,FIGHTER # 9 REL-314                                         ,    536500.00,11/16/2006,TRNS. EQPT.         ,VEHICLE                                           ,        10,MFI-PIGGERY                   ,PIGGERY-MAIN ADMIN                                ,FA_TRAN             
0070-0009044900001       ,C2N-35GV LITE COMPOSITE TANK                                ,     23214.06,08/18/2023,FUR. & FIXT.        ,TANK                                              ,         3,MFI-PIGGERY                   ,PIGGERY-MAINTENANCE                               ,FAACQ               
0070-0004809600001       ,MULTI-PURPOSE LADDER                                        ,      7142.64,08/18/2023,FUR. & FIXT.        ,LADDER-ALUMINUM                                   ,         3,MFI-PIGGERY                   ,PIGGERY-MAINTENANCE WAREHOUSE                     ,FAACQ               
0070-0004809600002       ,MULTI-PURPOSE LADDER                                        ,      7142.64,08/18/2023,FUR. & FIXT.        ,LADDER-ALUMINUM                                   ,         3,MFI-PIGGERY                   ,PIGGERY-MAINTENANCE WAREHOUSE                     ,FAACQ               
0070-0006401900018       ,MAKITA 7650H MIST BLOWER                                    ,     25818.60,08/22/2023,MACH. & EQPT.       ,MACHINE                                           ,         5,MFI-PIGGERY                   ,PIGGERY-MAINTENANCE WAREHOUSE                     ,FAACQ               
0070-0006401900019       ,MAKITA 7650H MIST BLOWER                                    ,     25818.60,08/22/2023,MACH. & EQPT.       ,MACHINE                                           ,         5,MFI-PIGGERY                   ,PIGGERY-MAINTENANCE WAREHOUSE                     ,FAACQ               
0070-0006401900020       ,MAKITA 7650H MIST BLOWER                                    ,     25818.60,08/22/2023,MACH. & EQPT.       ,MACHINE                                           ,         5,MFI-PIGGERY                   ,PIGGERY-MAINTENANCE WAREHOUSE                     ,FAACQ               
0070-0006401900021       ,MAKITA 7650H MIST BLOWER                                    ,     25818.60,08/22/2023,MACH. & EQPT.       ,MACHINE                                           ,         5,MFI-PIGGERY                   ,PIGGERY-MAINTENANCE WAREHOUSE                     ,FAACQ               
0070-0006401900022       ,MAKITA 7650H MIST BLOWER                                    ,     25818.60,08/22/2023,MACH. & EQPT.       ,MACHINE                                           ,         5,MFI-PIGGERY                   ,PIGGERY-MAINTENANCE WAREHOUSE                     ,FAACQ               
0070-0006401900023       ,MAKITA 7650H MIST BLOWER                                    ,     25818.60,08/22/2023,MACH. & EQPT.       ,MACHINE                                           ,         5,MFI-PIGGERY                   ,PIGGERY-MAINTENANCE WAREHOUSE                     ,FAACQ               
0070-0006401900024       ,MAKITA 7650H MIST BLOWER                                    ,     25818.60,08/22/2023,MACH. & EQPT.       ,MACHINE                                           ,         5,MFI-PIGGERY                   ,PIGGERY-MAINTENANCE WAREHOUSE                     ,FAACQ               
0070-0006401900025       ,MAKITA 7650H MIST BLOWER                                    ,     25818.60,08/22/2023,MACH. & EQPT.       ,MACHINE                                           ,         5,MFI-PIGGERY                   ,PIGGERY-MAINTENANCE WAREHOUSE                     ,FAACQ               
0070-0006401900026       ,MAKITA 7650H MIST BLOWER                                    ,     25818.60,08/22/2023,MACH. & EQPT.       ,MACHINE                                           ,         5,MFI-PIGGERY                   ,PIGGERY-MAINTENANCE WAREHOUSE                     ,FAACQ               
0070-0006401900027       ,MAKITA 7650H MIST BLOWER                                    ,     25818.60,08/22/2023,MACH. & EQPT.       ,MACHINE                                           ,         5,MFI-PIGGERY                   ,PIGGERY-MAINTENANCE WAREHOUSE                     ,FAACQ               
0070-0000808500005       ,HONDA XRM STANDARD                                          ,     75000.00,08/23/2023,TRNS. EQPT.         ,MOTORCYCLE-BRAND NEW                              ,         7,MARCELA FARMS INCORPORATED    ,MFI-SLAUGHTER HOUSE & MEAT CUTTING PLANT 2        ,FA_TRAN             
0070-0008619000001       ,RG-S2915-10GT2MS-P-LPORT GIGABIT LAYER +MANAGED             ,     18269.64,08/23/2023,OFF. EQPT.          ,OTHERS                                            ,         3,MFI-PIGGERY                   ,PIGGERY-MAIN ADMIN                                ,FAACQ               
0070-0008619000002       ,RG-S2915-10GT2MS-P-LPORT GIGABIT LAYER +MANAGED             ,     18269.64,08/23/2023,OFF. EQPT.          ,OTHERS                                            ,         3,MFI-PIGGERY                   ,PIGGERY-MAIN ADMIN                                ,FAACQ               
0070-0008619000003       ,RG-S2915-10GT2MS-P-LPORT GIGABIT LAYER +MANAGED             ,     18269.64,08/23/2023,OFF. EQPT.          ,OTHERS                                            ,         3,MFI-PIGGERY                   ,PIGGERY-MAIN ADMIN                                ,FAACQ               
0070-0008619000004       ,RG-S2915-10GT2MS-P-LPORT GIGABIT LAYER +MANAGED             ,     18269.64,08/23/2023,OFF. EQPT.          ,OTHERS                                            ,         3,MFI-PIGGERY                   ,PIGGERY-MAIN ADMIN                                ,FAACQ               
0070-0008619000005       ,RG-S2915-10GT2MS-P-LPORT GIGABIT LAYER +MANAGED             ,     18269.64,08/23/2023,OFF. EQPT.          ,OTHERS                                            ,         3,MFI-PIGGERY                   ,PIGGERY-MAIN ADMIN                                ,FAACQ               
0070-0008858700001       ,EVER WATER METER #2""DIA. FLANGE TYPE                        ,     21157.14,08/29/2023,STR. EQPT.          ,METER                                             ,         5,MFI-PIGGERY                   ,PIGGERY-MAINTENANCE WAREHOUSE                     ,FAACQ               
0070-0008858700002       ,EVER WATER METER #2""DIA. FLANGE TYPE                        ,     21157.14,08/29/2023,STR. EQPT.          ,METER                                             ,         5,MFI-PIGGERY                   ,PIGGERY-MAINTENANCE WAREHOUSE                     ,FAACQ               
0070-0008858700003       ,EVER WATER METER #2""DIA. FLANGE TYPE                        ,     21157.14,08/29/2023,STR. EQPT.          ,METER                                             ,         5,MFI-PIGGERY                   ,PIGGERY-MAINTENANCE WAREHOUSE                     ,FAACQ               
0070-0008858700004       ,EVER WATER METER #2""DIA. FLANGE TYPE                        ,     21157.14,08/29/2023,STR. EQPT.          ,METER                                             ,         5,MFI-PIGGERY                   ,PIGGERY-MAINTENANCE WAREHOUSE                     ,FAACQ               
0070-0008858700005       ,EVER WATER METER #2""DIA. FLANGE TYPE                        ,     21157.14,08/29/2023,STR. EQPT.          ,METER                                             ,         5,MFI-PIGGERY                   ,PIGGERY-MAINTENANCE WAREHOUSE                     ,FAACQ               
0070-0008858700006       ,EVER WATER METER #2""DIA. FLANGE TYPE                        ,     21157.14,08/29/2023,STR. EQPT.          ,METER                                             ,         5,MFI-PIGGERY                   ,PIGGERY-MAINTENANCE WAREHOUSE                     ,FAACQ               
0070-0008858700007       ,EVER WATER METER #2""DIA. FLANGE TYPE                        ,     21157.14,08/29/2023,STR. EQPT.          ,METER                                             ,         5,MFI-PIGGERY                   ,PIGGERY-MAINTENANCE WAREHOUSE                     ,FAACQ               
0070-0008858700008       ,EVER WATER METER #2""DIA. FLANGE TYPE                        ,     21157.14,08/29/2023,STR. EQPT.          ,METER                                             ,         5,MFI-PIGGERY                   ,PIGGERY-MAINTENANCE WAREHOUSE                     ,FAACQ               
0070-0008858700009       ,EVER WATER METER #2""DIA. FLANGE TYPE                        ,     21157.14,08/29/2023,STR. EQPT.          ,METER                                             ,         5,MFI-PIGGERY                   ,PIGGERY-MAINTENANCE WAREHOUSE                     ,FAACQ               
0070-0008858700010       ,EVER WATER METER #2""DIA. FLANGE TYPE                        ,     21157.14,08/29/2023,STR. EQPT.          ,METER                                             ,         5,MFI-PIGGERY                   ,PIGGERY-MAINTENANCE WAREHOUSE                     ,FAACQ               
0070-0008858700011       ,EVER WATER METER #2""DIA. FLANGE TYPE                        ,     21157.14,08/29/2023,STR. EQPT.          ,METER                                             ,         5,MFI-PIGGERY                   ,PIGGERY-MAINTENANCE WAREHOUSE                     ,FAACQ               
0070-0008858700012       ,EVER WATER METER #2""DIA. FLANGE TYPE                        ,     21157.14,08/29/2023,STR. EQPT.          ,METER                                             ,         5,MFI-PIGGERY                   ,PIGGERY-MAINTENANCE WAREHOUSE                     ,FAACQ               
0070-0008858700013       ,EVER WATER METER #2""DIA. FLANGE TYPE                        ,     21157.14,08/29/2023,STR. EQPT.          ,METER                                             ,         5,MFI-PIGGERY                   ,PIGGERY-MAINTENANCE WAREHOUSE                     ,FAACQ               
0070-0008858700014       ,EVER WATER METER #2""DIA. FLANGE TYPE                        ,     21157.14,08/29/2023,STR. EQPT.          ,METER                                             ,         5,MFI-PIGGERY                   ,PIGGERY-MAINTENANCE WAREHOUSE                     ,FAACQ               
0070-0008858700015       ,EVER WATER METER #2""DIA. FLANGE TYPE                        ,     21157.14,08/29/2023,STR. EQPT.          ,METER                                             ,         5,MFI-PIGGERY                   ,PIGGERY-MAINTENANCE WAREHOUSE                     ,FAACQ               
0070-0008858700016       ,EVER WATER METER #2""DIA. FLANGE TYPE                        ,     21157.14,08/29/2023,STR. EQPT.          ,METER                                             ,         5,MFI-PIGGERY                   ,PIGGERY-MAINTENANCE WAREHOUSE                     ,FAACQ               
0070-0008858700017       ,EVER WATER METER #2""DIA. FLANGE TYPE                        ,     21157.14,08/29/2023,STR. EQPT.          ,METER                                             ,         5,MFI-PIGGERY                   ,PIGGERY-MAINTENANCE WAREHOUSE                     ,FAACQ               
0070-0008858700018       ,EVER WATER METER #2""DIA. FLANGE TYPE                        ,     21157.14,08/29/2023,STR. EQPT.          ,METER                                             ,         5,MFI-PIGGERY                   ,PIGGERY-MAINTENANCE WAREHOUSE                     ,FAACQ               
0070-0008858700019       ,EVER WATER METER #2""DIA. FLANGE TYPE                        ,     21157.14,08/29/2023,STR. EQPT.          ,METER                                             ,         5,MFI-PIGGERY                   ,PIGGERY-MAINTENANCE WAREHOUSE                     ,FAACQ               
0070-0008858700020       ,EVER WATER METER #2""DIA. FLANGE TYPE                        ,     21157.14,08/29/2023,STR. EQPT.          ,METER                                             ,         5,MFI-PIGGERY                   ,PIGGERY-MAINTENANCE WAREHOUSE                     ,FAACQ               
0070-0009050000001       ,SELF PRIMING ELECTRIC OIL PUMP 550W /220V                   ,     10300.00,08/30/2023,STR. EQPT.          ,PUMP                                              ,         5,MFI-PIGGERY                   ,PIGGERY-ENGINEERING                               ,FAACQ               
0070-0007029900001       ,ALUMINUM LADDER 10FT. A-TYPE                                ,      2678.57,08/30/2023,FUR. & FIXT.        ,LADDER                                            ,         5,MFI-PIGGERY                   ,PIGGERY-MAINTENANCE                               ,FAACQ               
0009-0001519500014       ,CABINET B4-5 VERTICAL BEIGE                                 ,     10684.50,02/01/2011,FUR. & FIXT.        ,CABINET                                           ,        10,MFI-PIGGERY                   ,PIGGERY-MAIN ADMIN                                ,FA_TRAN             
0070-0008870900001       ,10KVA AEC RACK MOUNTABLE UPS                                ,    109400.00,09/04/2023,OFF. EQPT.          ,UPS                                               ,         5,MFI-PIGGERY                   ,PIGGERY-MAIN ADMIN                                ,FAACQ               
0070-0008880700001       ,3KVA/3000VA AEC UPS ONLINE DOUBLE CONVERSION UPS            ,     48536.00,09/04/2023,OTHER EQPT.         ,UPS                                               ,         5,MFI-PIGGERY                   ,PIGGERY-MAIN ADMIN                                ,FAACQ               
0070-0003227400001       ,AIRCON CARRIER 0.5HP                                        ,      9819.64,09/06/2023,MACH. & EQPT.       ,AIRCON                                            ,         5,MFI-PIGGERY                   ,PIGGERY-MAIN ADMIN                                ,FAACQ               
0070-0003227400002       ,AIRCON CARRIER 0.5HP                                        ,      9819.64,09/06/2023,MACH. & EQPT.       ,AIRCON                                            ,         5,MFI-PIGGERY                   ,PIGGERY-MAIN ADMIN                                ,FAACQ               
0070-0001978900004       ,WASHING MACHINE                                             ,      8928.57,09/06/2023,MACH. & EQPT.       ,WASHING MACHINE                                   ,         3,MFI-PIGGERY                   ,PIGGERY-MAIN ADMIN                                ,FAACQ               
0026-0003869900084       ,CISCO UC PHONE 7821                                         ,      8035.71,09/11/2023,OFF. EQPT.          ,TELEPHONE                                         ,         3,MFI-PIGGERY                   ,PIGGERY-EXPANSION ADMIN                           ,FA_TRAN             
0026-0003869900085       ,CISCO UC PHONE 7821                                         ,      8035.71,09/11/2023,OFF. EQPT.          ,TELEPHONE                                         ,         3,MFI-PIGGERY                   ,PIGGERY-EXPANSION ADMIN                           ,FA_TRAN             
0026-0003869900096       ,CISCO UC PHONE 7821                                         ,      8035.71,09/11/2023,OFF. EQPT.          ,TELEPHONE                                         ,         3,MFI-PIGGERY                   ,PIGGERY-EXPANSION ADMIN                           ,FA_TRAN             
0026-0003869900101       ,CISCO UC PHONE 7821                                         ,      8035.71,09/11/2023,OFF. EQPT.          ,TELEPHONE                                         ,         3,MFI-PIGGERY                   ,PIGGERY-EXPANSION ADMIN                           ,FA_TRAN             
0026-0003869900083       ,CISCO UC PHONE 7821                                         ,      8035.71,09/11/2023,OFF. EQPT.          ,TELEPHONE                                         ,         3,MFI-PIGGERY                   ,PIGGERY-EXPANSION ADMIN                           ,FA_TRAN             
0070-0005425100001       ,WALL FAN HANABISHI 18""                                      ,      1930.36,09/14/2023,STR. EQPT.          ,FAN                                               ,         3,MFI-PIGGERY                   ,PIGGERY-KITCHEN                                   ,FAACQ               
0070-0004397300003       ,MTS PANEL 200 AMPS 3 POLE                                   ,     19500.00,09/14/2023,ELEC. INTS. & EQPT. ,PANEL BOARD                                       ,         5,MFI-PIGGERY                   ,PIGGERY-MAINTENANCE                               ,FAACQ               
0070-0004397300004       ,MTS PANEL 200 AMPS 3 POLE                                   ,     19500.00,09/14/2023,ELEC. INTS. & EQPT. ,PANEL BOARD                                       ,         5,MFI-PIGGERY                   ,PIGGERY-MAINTENANCE                               ,FAACQ               
0070-0004397300005       ,MTS PANEL 200 AMPS 3 POLE                                   ,     19500.00,09/14/2023,ELEC. INTS. & EQPT. ,PANEL BOARD                                       ,         5,MFI-PIGGERY                   ,PIGGERY-MAINTENANCE                               ,FAACQ               
0070-0004397300006       ,MTS PANEL 200 AMPS 3 POLE                                   ,     19500.00,09/14/2023,ELEC. INTS. & EQPT. ,PANEL BOARD                                       ,         5,MFI-PIGGERY                   ,PIGGERY-MAINTENANCE                               ,FAACQ               
0070-0006079400003       ,END SUNCTION CENTRIFUGAL PUMP EBARA ALL SS304               ,     28571.43,09/19/2023,MACH. & EQPT.       ,PUMP                                              ,         5,MFI-PIGGERY                   ,PIGGERY-MAINTENANCE                               ,FAACQ               
0070-0006079400004       ,END SUNCTION CENTRIFUGAL PUMP EBARA ALL SS304               ,     28571.43,09/19/2023,MACH. & EQPT.       ,PUMP                                              ,         5,MFI-PIGGERY                   ,PIGGERY-MAINTENANCE                               ,FAACQ               
0070-0009197400001       ,APPLE IPHONE 13 256GB MD                                    ,     42223.21,09/19/2023,OFF. EQPT.          ,CELLPHONE                                         ,         3,MFI-PIGGERY                   ,PIGGERY-MAIN ADMIN                                ,FAACQ               
0026-0003869900063       ,CISCO UC PHONE 7821                                         ,      8482.14,11/22/2022,OFF. EQPT.          ,TELEPHONE                                         ,         3,MFI-PIGGERY                   ,PIGGERY-EXPANSION ADMIN                           ,FA_TRAN             
0070-0009195500001       ,COMPRESSOR WITH STARTING KIT MODEL;NEU 2178 GK              ,     14700.00,09/23/2023,OTHER EQPT.         ,COMPRESSOR                                        ,         4,MFI-PIGGERY                   ,PIGGERY-MAIN ADMIN                                ,FAACQ               
0026-0003869900093       ,CISCO UC PHONE 7821                                         ,      8035.71,09/11/2023,OFF. EQPT.          ,TELEPHONE                                         ,         3,MFI-PIGGERY                   ,PIGGERY-MAIN ADMIN                                ,FA_TRAN             
0026-0003869900100       ,CISCO UC PHONE 7821                                         ,      8035.71,09/11/2023,OFF. EQPT.          ,TELEPHONE                                         ,         3,MFI-PIGGERY                   ,PIGGERY-MAIN ADMIN                                ,FA_TRAN             
0070-0000949000011       ,POWER SPRAYER HEAVY DUTY-WULI                               ,     27000.00,09/28/2023,STR. EQPT.          ,SPRAYER                                           ,         2,MFI-PIGGERY                   ,PIGGERY-MAINTENANCE                               ,FAACQ               
0070-0000949000012       ,POWER SPRAYER HEAVY DUTY-WULI                               ,     27000.00,09/28/2023,STR. EQPT.          ,SPRAYER                                           ,         2,MFI-PIGGERY                   ,PIGGERY-MAINTENANCE                               ,FAACQ               
0070-0000949000013       ,POWER SPRAYER HEAVY DUTY-WULI                               ,     27000.00,09/28/2023,STR. EQPT.          ,SPRAYER                                           ,         2,MFI-PIGGERY                   ,PIGGERY-MAINTENANCE                               ,FAACQ               
0070-0000949000014       ,POWER SPRAYER HEAVY DUTY-WULI                               ,     27000.00,09/28/2023,STR. EQPT.          ,SPRAYER                                           ,         2,MFI-PIGGERY                   ,PIGGERY-MAINTENANCE                               ,FAACQ               
0070-0000949000015       ,POWER SPRAYER HEAVY DUTY-WULI                               ,     27000.00,09/28/2023,STR. EQPT.          ,SPRAYER                                           ,         2,MFI-PIGGERY                   ,PIGGERY-MAINTENANCE                               ,FAACQ               
0070-0000949000016       ,POWER SPRAYER HEAVY DUTY-WULI                               ,     27000.00,09/28/2023,STR. EQPT.          ,SPRAYER                                           ,         2,MFI-PIGGERY                   ,PIGGERY-MAINTENANCE                               ,FAACQ               
0070-0000949000017       ,POWER SPRAYER HEAVY DUTY-WULI                               ,     27000.00,09/28/2023,STR. EQPT.          ,SPRAYER                                           ,         2,MFI-PIGGERY                   ,PIGGERY-MAINTENANCE                               ,FAACQ               
0070-0000949000018       ,POWER SPRAYER HEAVY DUTY-WULI                               ,     27000.00,09/28/2023,STR. EQPT.          ,SPRAYER                                           ,         2,MFI-PIGGERY                   ,PIGGERY-MAINTENANCE                               ,FAACQ               
0070-0000949000019       ,POWER SPRAYER HEAVY DUTY-WULI                               ,     27000.00,09/28/2023,STR. EQPT.          ,SPRAYER                                           ,         2,MFI-PIGGERY                   ,PIGGERY-MAINTENANCE                               ,FAACQ               
0070-0000949000020       ,POWER SPRAYER HEAVY DUTY-WULI                               ,     27000.00,09/28/2023,STR. EQPT.          ,SPRAYER                                           ,         2,MFI-PIGGERY                   ,PIGGERY-MAINTENANCE                               ,FAACQ               
0070-0001104300006       ,CENTRIFUGAL PUMP END SUCTION ""EBARA""                        ,     77678.57,09/29/2023,MACH. & EQPT.       ,PUMP                                              ,         5,MFI-PIGGERY                   ,PIGGERY-MAINTENANCE                               ,FAACQ               
0070-0001104300007       ,CENTRIFUGAL PUMP END SUCTION ""EBARA""                        ,     77678.57,09/29/2023,MACH. & EQPT.       ,PUMP                                              ,         5,MFI-PIGGERY                   ,PIGGERY-MAINTENANCE                               ,FAACQ               
0070-0008443800001       ,SUBMERSIBLE PUMP 5HP GOULDS MODEL: 45GS50432                ,     65178.57,09/19/2023,MACH. & EQPT.       ,PUMP                                              ,         5,MFI-PIGGERY                   ,PIGGERY-MAINTENANCE                               ,FAACQ               
0070-0008443800002       ,SUBMERSIBLE PUMP 5HP GOULDS MODEL: 45GS50432                ,     65178.57,09/19/2023,MACH. & EQPT.       ,PUMP                                              ,         5,MFI-PIGGERY                   ,PIGGERY-MAINTENANCE                               ,FAACQ               
0070-0008443800003       ,SUBMERSIBLE PUMP 5HP GOULDS MODEL: 45GS50432                ,     65178.57,09/19/2023,MACH. & EQPT.       ,PUMP                                              ,         5,MFI-PIGGERY                   ,PIGGERY-MAINTENANCE                               ,FAACQ               
0070-0008443800004       ,SUBMERSIBLE PUMP 5HP GOULDS MODEL: 45GS50432                ,     65178.57,09/19/2023,MACH. & EQPT.       ,PUMP                                              ,         5,MFI-PIGGERY                   ,PIGGERY-MAINTENANCE                               ,FAACQ               
0070-0008443800005       ,SUBMERSIBLE PUMP 5HP GOULDS MODEL: 45GS50432                ,     65178.57,09/19/2023,MACH. & EQPT.       ,PUMP                                              ,         5,MFI-PIGGERY                   ,PIGGERY-MAINTENANCE                               ,FAACQ               
0070-0008443800006       ,SUBMERSIBLE PUMP 5HP GOULDS MODEL: 45GS50432                ,     65178.57,09/19/2023,MACH. & EQPT.       ,PUMP                                              ,         5,MFI-PIGGERY                   ,PIGGERY-MAINTENANCE                               ,FAACQ               
0070-0008979300001       ,NEMA-4 PB-GROWING POLYESTER ENCLOSURE                       ,     19642.86,10/05/2023,ELEC. INTS. & EQPT. ,PANEL BOARD                                       ,         5,MFI-PIGGERY                   ,PIGGERY-GROWING                                   ,FAACQ               
0070-0008979300002       ,NEMA-4 PB-GROWING POLYESTER ENCLOSURE                       ,     19642.86,10/05/2023,ELEC. INTS. & EQPT. ,PANEL BOARD                                       ,         5,MFI-PIGGERY                   ,PIGGERY-GROWING                                   ,FAACQ               
0070-0008979300003       ,NEMA-4 PB-GROWING POLYESTER ENCLOSURE                       ,     19642.86,10/05/2023,ELEC. INTS. & EQPT. ,PANEL BOARD                                       ,         5,MFI-PIGGERY                   ,PIGGERY-GROWING                                   ,FAACQ               
0070-0008979300004       ,NEMA-4 PB-GROWING POLYESTER ENCLOSURE                       ,     19642.86,10/05/2023,ELEC. INTS. & EQPT. ,PANEL BOARD                                       ,         5,MFI-PIGGERY                   ,PIGGERY-GROWING                                   ,FAACQ               
0070-0008979300005       ,NEMA-4 PB-GROWING POLYESTER ENCLOSURE                       ,     19642.86,10/05/2023,ELEC. INTS. & EQPT. ,PANEL BOARD                                       ,         5,MFI-PIGGERY                   ,PIGGERY-GROWING                                   ,FAACQ               
0070-0008979300006       ,NEMA-4 PB-GROWING POLYESTER ENCLOSURE                       ,     19642.86,10/05/2023,ELEC. INTS. & EQPT. ,PANEL BOARD                                       ,         5,MFI-PIGGERY                   ,PIGGERY-GROWING                                   ,FAACQ               
0070-0008979300007       ,NEMA-4 PB-GROWING POLYESTER ENCLOSURE                       ,     19642.86,10/05/2023,ELEC. INTS. & EQPT. ,PANEL BOARD                                       ,         5,MFI-PIGGERY                   ,PIGGERY-GROWING                                   ,FAACQ               
0070-0008979300008       ,NEMA-4 PB-GROWING POLYESTER ENCLOSURE                       ,     19642.86,10/05/2023,ELEC. INTS. & EQPT. ,PANEL BOARD                                       ,         5,MFI-PIGGERY                   ,PIGGERY-GROWING                                   ,FAACQ               
0070-0008979300009       ,NEMA-4 PB-GROWING POLYESTER ENCLOSURE                       ,     19642.86,10/05/2023,ELEC. INTS. & EQPT. ,PANEL BOARD                                       ,         5,MFI-PIGGERY                   ,PIGGERY-GROWING                                   ,FAACQ               
0070-0008979300010       ,NEMA-4 PB-GROWING POLYESTER ENCLOSURE                       ,     19642.86,10/05/2023,ELEC. INTS. & EQPT. ,PANEL BOARD                                       ,         5,MFI-PIGGERY                   ,PIGGERY-GROWING                                   ,FAACQ               
0070-0008979300011       ,NEMA-4 PB-GROWING POLYESTER ENCLOSURE                       ,     19642.86,10/05/2023,ELEC. INTS. & EQPT. ,PANEL BOARD                                       ,         5,MFI-PIGGERY                   ,PIGGERY-GROWING                                   ,FAACQ               
0070-0008979300012       ,NEMA-4 PB-GROWING POLYESTER ENCLOSURE                       ,     19642.86,10/05/2023,ELEC. INTS. & EQPT. ,PANEL BOARD                                       ,         5,MFI-PIGGERY                   ,PIGGERY-GROWING                                   ,FAACQ               
0070-0008979300013       ,NEMA-4 PB-GROWING POLYESTER ENCLOSURE                       ,     19642.86,10/05/2023,ELEC. INTS. & EQPT. ,PANEL BOARD                                       ,         5,MFI-PIGGERY                   ,PIGGERY-GROWING                                   ,FAACQ               
0070-0008979300014       ,NEMA-4 PB-GROWING POLYESTER ENCLOSURE                       ,     19642.86,10/05/2023,ELEC. INTS. & EQPT. ,PANEL BOARD                                       ,         5,MFI-PIGGERY                   ,PIGGERY-GROWING                                   ,FAACQ               
0070-0008979300015       ,NEMA-4 PB-GROWING POLYESTER ENCLOSURE                       ,     19642.86,10/05/2023,ELEC. INTS. & EQPT. ,PANEL BOARD                                       ,         5,MFI-PIGGERY                   ,PIGGERY-GROWING                                   ,FAACQ               
0070-0008979300016       ,NEMA-4 PB-GROWING POLYESTER ENCLOSURE                       ,     19642.86,10/05/2023,ELEC. INTS. & EQPT. ,PANEL BOARD                                       ,         5,MFI-PIGGERY                   ,PIGGERY-GROWING                                   ,FAACQ               
0070-0008979300017       ,NEMA-4 PB-GROWING POLYESTER ENCLOSURE                       ,     19642.86,10/05/2023,ELEC. INTS. & EQPT. ,PANEL BOARD                                       ,         5,MFI-PIGGERY                   ,PIGGERY-GROWING                                   ,FAACQ               
0070-0008979300018       ,NEMA-4 PB-GROWING POLYESTER ENCLOSURE                       ,     19642.86,10/05/2023,ELEC. INTS. & EQPT. ,PANEL BOARD                                       ,         5,MFI-PIGGERY                   ,PIGGERY-GROWING                                   ,FAACQ               
0070-0008979300019       ,NEMA-4 PB-GROWING POLYESTER ENCLOSURE                       ,     19642.86,10/05/2023,ELEC. INTS. & EQPT. ,PANEL BOARD                                       ,         5,MFI-PIGGERY                   ,PIGGERY-GROWING                                   ,FAACQ               
0070-0008979300020       ,NEMA-4 PB-GROWING POLYESTER ENCLOSURE                       ,     19642.86,10/05/2023,ELEC. INTS. & EQPT. ,PANEL BOARD                                       ,         5,MFI-PIGGERY                   ,PIGGERY-GROWING                                   ,FAACQ               
0070-0008979300021       ,NEMA-4 PB-GROWING POLYESTER ENCLOSURE                       ,     19642.86,10/05/2023,ELEC. INTS. & EQPT. ,PANEL BOARD                                       ,         5,MFI-PIGGERY                   ,PIGGERY-GROWING                                   ,FAACQ               
0070-0008979300022       ,NEMA-4 PB-GROWING POLYESTER ENCLOSURE                       ,     19642.86,10/05/2023,ELEC. INTS. & EQPT. ,PANEL BOARD                                       ,         5,MFI-PIGGERY                   ,PIGGERY-GROWING                                   ,FAACQ               
0070-0008979300023       ,NEMA-4 PB-GROWING POLYESTER ENCLOSURE                       ,     19642.86,10/05/2023,ELEC. INTS. & EQPT. ,PANEL BOARD                                       ,         5,MFI-PIGGERY                   ,PIGGERY-GROWING                                   ,FAACQ               
0070-0008979300024       ,NEMA-4 PB-GROWING POLYESTER ENCLOSURE                       ,     19642.86,10/05/2023,ELEC. INTS. & EQPT. ,PANEL BOARD                                       ,         5,MFI-PIGGERY                   ,PIGGERY-GROWING                                   ,FAACQ               
0070-0008979300025       ,NEMA-4 PB-GROWING POLYESTER ENCLOSURE                       ,     19642.86,10/05/2023,ELEC. INTS. & EQPT. ,PANEL BOARD                                       ,         5,MFI-PIGGERY                   ,PIGGERY-GROWING                                   ,FAACQ               
0070-0008979300026       ,NEMA-4 PB-GROWING POLYESTER ENCLOSURE                       ,     19642.86,10/05/2023,ELEC. INTS. & EQPT. ,PANEL BOARD                                       ,         5,MFI-PIGGERY                   ,PIGGERY-GROWING                                   ,FAACQ               
0070-0008979300027       ,NEMA-4 PB-GROWING POLYESTER ENCLOSURE                       ,     19642.86,10/05/2023,ELEC. INTS. & EQPT. ,PANEL BOARD                                       ,         5,MFI-PIGGERY                   ,PIGGERY-GROWING                                   ,FAACQ               
0070-0008979300028       ,NEMA-4 PB-GROWING POLYESTER ENCLOSURE                       ,     19642.86,10/05/2023,ELEC. INTS. & EQPT. ,PANEL BOARD                                       ,         5,MFI-PIGGERY                   ,PIGGERY-GROWING                                   ,FAACQ               
0070-0008979300029       ,NEMA-4 PB-GROWING POLYESTER ENCLOSURE                       ,     19642.86,10/05/2023,ELEC. INTS. & EQPT. ,PANEL BOARD                                       ,         5,MFI-PIGGERY                   ,PIGGERY-GROWING                                   ,FAACQ               
0070-0008979300030       ,NEMA-4 PB-GROWING POLYESTER ENCLOSURE                       ,     19642.86,10/05/2023,ELEC. INTS. & EQPT. ,PANEL BOARD                                       ,         5,MFI-PIGGERY                   ,PIGGERY-GROWING                                   ,FAACQ               
0070-0008979300031       ,NEMA-4 PB-GROWING POLYESTER ENCLOSURE                       ,     19642.86,10/05/2023,ELEC. INTS. & EQPT. ,PANEL BOARD                                       ,         5,MFI-PIGGERY                   ,PIGGERY-GROWING                                   ,FAACQ               
0070-0008979300032       ,NEMA-4 PB-GROWING POLYESTER ENCLOSURE                       ,     19642.86,10/05/2023,ELEC. INTS. & EQPT. ,PANEL BOARD                                       ,         5,MFI-PIGGERY                   ,PIGGERY-GROWING                                   ,FAACQ               
0070-0008979300033       ,NEMA-4 PB-GROWING POLYESTER ENCLOSURE                       ,     19642.86,10/05/2023,ELEC. INTS. & EQPT. ,PANEL BOARD                                       ,         5,MFI-PIGGERY                   ,PIGGERY-GROWING                                   ,FAACQ               
0070-0008979300034       ,NEMA-4 PB-GROWING POLYESTER ENCLOSURE                       ,     19642.86,10/05/2023,ELEC. INTS. & EQPT. ,PANEL BOARD                                       ,         5,MFI-PIGGERY                   ,PIGGERY-GROWING                                   ,FAACQ               
0070-0008979300035       ,NEMA-4 PB-GROWING POLYESTER ENCLOSURE                       ,     19642.86,10/05/2023,ELEC. INTS. & EQPT. ,PANEL BOARD                                       ,         5,MFI-PIGGERY                   ,PIGGERY-GROWING                                   ,FAACQ               
0070-0009242700001       ,WL-25ASB PUMP ONLY                                          ,     22500.00,10/20/2023,MACH. & EQPT.       ,PUMP                                              ,         5,MFI-PIGGERY                   ,PIGGERY-MAINTENANCE                               ,FAACQ               
0070-0009242700002       ,WL-25ASB PUMP ONLY                                          ,     22500.00,10/20/2023,MACH. & EQPT.       ,PUMP                                              ,         5,MFI-PIGGERY                   ,PIGGERY-MAINTENANCE                               ,FAACQ               
0070-0009242700003       ,WL-25ASB PUMP ONLY                                          ,     22500.00,10/20/2023,MACH. & EQPT.       ,PUMP                                              ,         5,MFI-PIGGERY                   ,PIGGERY-MAINTENANCE                               ,FAACQ               
0070-0009242700004       ,WL-25ASB PUMP ONLY                                          ,     22500.00,10/20/2023,MACH. & EQPT.       ,PUMP                                              ,         5,MFI-PIGGERY                   ,PIGGERY-MAINTENANCE                               ,FAACQ               
0070-0009242700005       ,WL-25ASB PUMP ONLY                                          ,     22500.00,10/20/2023,MACH. & EQPT.       ,PUMP                                              ,         5,MFI-PIGGERY                   ,PIGGERY-MAINTENANCE                               ,FAACQ               
0070-0009242700006       ,WL-25ASB PUMP ONLY                                          ,     22500.00,10/20/2023,MACH. & EQPT.       ,PUMP                                              ,         5,MFI-PIGGERY                   ,PIGGERY-MAINTENANCE                               ,FAACQ               
0070-0009242700007       ,WL-25ASB PUMP ONLY                                          ,     22500.00,10/20/2023,MACH. & EQPT.       ,PUMP                                              ,         5,MFI-PIGGERY                   ,PIGGERY-MAINTENANCE                               ,FAACQ               
0070-0009242700008       ,WL-25ASB PUMP ONLY                                          ,     22500.00,10/20/2023,MACH. & EQPT.       ,PUMP                                              ,         5,MFI-PIGGERY                   ,PIGGERY-MAINTENANCE                               ,FAACQ               
0070-0009242700009       ,WL-25ASB PUMP ONLY                                          ,     22500.00,10/20/2023,MACH. & EQPT.       ,PUMP                                              ,         5,MFI-PIGGERY                   ,PIGGERY-MAINTENANCE                               ,FAACQ               
0070-0009242700010       ,WL-25ASB PUMP ONLY                                          ,     22500.00,10/20/2023,MACH. & EQPT.       ,PUMP                                              ,         5,MFI-PIGGERY                   ,PIGGERY-MAINTENANCE                               ,FAACQ               
0116-0007494600001       ,FUSO CANTER FE84 6W CS#:H0C370 PL#:GAS-1526                 ,   1428571.00,07/16/2022,TRNS. EQPT.         ,VEHICLE                                           ,        10,MFI-BREEDER RIZAL BILAR       ,BRB-RIZAL ADMIN                                   ,FA_TRAN             
0116-0007658700002       ,SALTER HANGING SCALE 5KG 20 GRAMS GRADUATION                ,      6500.00,07/20/2023,OTHER EQPT.         ,WEIGHING SCALE                                    ,         3,MFI-PIGGERY                   ,PIGGERY-MAIN ADMIN                                ,FA_TRAN             
0079-0007480900002       ,EBARA CENTRIFUGAL PUMP HORIZONTAL SPLIT CASE                ,    316964.28,06/23/2023,MACH. & EQPT.       ,PUMP                                              ,         5,MFI-PIGGERY                   ,PIGGERY-MAINTENANCE WAREHOUSE                     ,FA_TRAN             
0079-0007481000002       ,REDUCED VOLTAGE WYE DELTA MAGNETIC STARTER                  ,     53571.43,06/23/2023,ELEC. INTS. & EQPT. ,PANEL BOARD                                       ,         5,MFI-PIGGERY                   ,PIGGERY-MAINTENANCE WAREHOUSE                     ,FA_TRAN             
0070-0000638300001       ,BENCH VISE HEAVY DUTY TYPE                                  ,      3700.89,11/16/2023,TOOLS               ,TOOLS                                             ,         3,MFI-PIGGERY                   ,PIGGERY-MAINTENANCE                               ,FAACQ               
0070-0000808500006       ,HONDA XRM STANDARD                                          ,     75900.00,11/16/2023,TRNS. EQPT.         ,MOTORCYCLE-BRAND NEW                              ,         7,MFI-PIGGERY                   ,PIGGERY-MAIN ADMIN                                ,FAACQ               
0070-0002541300004       ,USHOWCASE FUJIDENZO SU140A                                  ,     25848.21,11/21/2023,STR. EQPT.          ,FREEZER/CHILLER                                   ,         5,MFI-PIGGERY                   ,PIGGERY-MAIN ADMIN                                ,FAACQ               
0070-0005663500031       ,ALPHA VIZZ HEATER                                           ,      8928.57,11/29/2023,STR. EQPT.          ,HEATER                                            ,         5,MFI-PIGGERY                   ,PIGGERY-MAINTENANCE WAREHOUSE                     ,FAACQ               
0070-0005663500032       ,ALPHA VIZZ HEATER                                           ,      8928.57,11/29/2023,STR. EQPT.          ,HEATER                                            ,         5,MFI-PIGGERY                   ,PIGGERY-MAINTENANCE WAREHOUSE                     ,FAACQ               
0070-0005663500033       ,ALPHA VIZZ HEATER                                           ,      8928.57,11/29/2023,STR. EQPT.          ,HEATER                                            ,         5,MFI-PIGGERY                   ,PIGGERY-MAINTENANCE WAREHOUSE                     ,FAACQ               
0070-0005663500034       ,ALPHA VIZZ HEATER                                           ,      8928.57,11/29/2023,STR. EQPT.          ,HEATER                                            ,         5,MFI-PIGGERY                   ,PIGGERY-MAINTENANCE WAREHOUSE                     ,FAACQ               
0070-0005663500035       ,ALPHA VIZZ HEATER                                           ,      8928.57,11/29/2023,STR. EQPT.          ,HEATER                                            ,         5,MFI-PIGGERY                   ,PIGGERY-MAINTENANCE WAREHOUSE                     ,FAACQ               
0070-0005663500036       ,ALPHA VIZZ HEATER                                           ,      8928.57,11/29/2023,STR. EQPT.          ,HEATER                                            ,         5,MFI-PIGGERY                   ,PIGGERY-MAINTENANCE WAREHOUSE                     ,FAACQ               
0070-0005663500037       ,ALPHA VIZZ HEATER                                           ,      8928.57,11/29/2023,STR. EQPT.          ,HEATER                                            ,         5,MFI-PIGGERY                   ,PIGGERY-MAINTENANCE WAREHOUSE                     ,FAACQ               
0070-0005663500038       ,ALPHA VIZZ HEATER                                           ,      8928.57,11/29/2023,STR. EQPT.          ,HEATER                                            ,         5,MFI-PIGGERY                   ,PIGGERY-MAINTENANCE WAREHOUSE                     ,FAACQ               
0070-0005663500039       ,ALPHA VIZZ HEATER                                           ,      8928.57,11/29/2023,STR. EQPT.          ,HEATER                                            ,         5,MFI-PIGGERY                   ,PIGGERY-MAINTENANCE WAREHOUSE                     ,FAACQ               
0070-0005663500040       ,ALPHA VIZZ HEATER                                           ,      8928.57,11/29/2023,STR. EQPT.          ,HEATER                                            ,         5,MFI-PIGGERY                   ,PIGGERY-MAINTENANCE WAREHOUSE                     ,FAACQ               
0070-0009046800001       ,RG-S2915-10GT2MS-P-L 10-PORT GIGABIT LAYER 2+               ,     20055.36,11/29/2023,OFF. EQPT.          ,ROUTER                                            ,         5,MFI-PIGGERY                   ,PIGGERY-MAIN ADMIN                                ,FAACQ               
0070-0009425300001       ,CELLPHONE REDMI A2+                                         ,      3124.11,12/01/2023,OFF. EQPT.          ,CELLPHONE                                         ,         3,MFI-PIGGERY                   ,PIGGERY-MAIN ADMIN                                ,FAACQ               
0026-0003869900061       ,CISCO UC PHONE 7821                                         ,      8571.43,12/05/2023,OFF. EQPT.          ,TELEPHONE                                         ,         3,MFI-PIGGERY                   ,PIGGERY-MARCELA POWERPLANT                        ,FA_TRAN             
0070-0008768700001       ,NEMA-1 DP-1                                                 ,     94120.93,12/07/2023,ELEC. INTS. & EQPT. ,ELECTRICAL PARTS                                  ,         3,MFI-PIGGERY                   ,PIGGERY-ENGINEERING                               ,FAACQ               
0070-0008768900002       ,NEMA DP-2                                                   ,    301587.30,12/07/2023,ELEC. INTS. & EQPT. ,ELECTRICAL PARTS                                  ,         3,MFI-PIGGERY                   ,PIGGERY-ENGINEERING                               ,FAACQ               
0070-0008769200001       ,NEMA-1 MTS-2500A3P230V                                      ,    599147.40,12/07/2023,ELEC. INTS. & EQPT. ,ELECTRICAL PARTS                                  ,         3,MFI-PIGGERY                   ,PIGGERY-ENGINEERING                               ,FAACQ               
0070-0008775700001       ,NEMA-1 ATS-1                                                ,   1040858.66,12/07/2023,ELEC. INTS. & EQPT. ,ELECTRICAL PARTS                                  ,         3,MFI-PIGGERY                   ,PIGGERY-ENGINEERING                               ,FAACQ               
0070-0001256600003       ,MAKITA GRINDER N9500N                                       ,      4885.71,12/13/2023,TOOLS               ,GRINDER                                           ,         3,MFI-PIGGERY                   ,PIGGERY-MAINTENANCE WAREHOUSE                     ,FAACQ               
0070-0001256600004       ,MAKITA GRINDER N9500N                                       ,      4885.71,12/13/2023,TOOLS               ,GRINDER                                           ,         3,MFI-PIGGERY                   ,PIGGERY-MAINTENANCE WAREHOUSE                     ,FAACQ               
0070-0005988500002       ,MAKITA CUT-OFF SAW MODEL:M2401                              ,      5753.57,12/13/2023,MACH. & EQPT.       ,OTHERS                                            ,         3,MFI-PIGGERY                   ,PIGGERY-MAINTENANCE WAREHOUSE                     ,FAACQ               
0070-0006125100001       ,MAKITA DRILL MODEL:M0801                                    ,      1960.71,12/13/2023,TOOLS               ,DRILL                                             ,         5,MFI-PIGGERY                   ,PIGGERY-MAINTENANCE WAREHOUSE                     ,FAACQ               
0070-0009264100001       ,DOSATRON CHLORINATOR D20S/ D20AL2VF                         ,    145535.71,12/29/2023,TOOLS               ,TOOLS                                             ,         3,MFI-PIGGERY                   ,PIGGERY-MAINTENANCE WAREHOUSE                     ,FAACQ               
0070-0009264100002       ,DOSATRON CHLORINATOR D20S/ D20AL2VF                         ,    145535.71,12/29/2023,TOOLS               ,TOOLS                                             ,         3,MFI-PIGGERY UNTAGA            ,PIGGERY UNTAGA-MAIN ADMIN                         ,FA_TRAN             
0070-0009264100003       ,DOSATRON CHLORINATOR D20S/ D20AL2VF                         ,    145535.71,12/29/2023,TOOLS               ,TOOLS                                             ,         3,GROWOUT-LOMANGOG              ,GROWOUT LOMANGOG PHASE 1                          ,FA_TRAN             
0070-0009264100004       ,DOSATRON CHLORINATOR D20S/ D20AL2VF                         ,    145535.71,12/29/2023,TOOLS               ,TOOLS                                             ,         3,GROWOUT-LOMANGOG              ,GROWOUT LOMANGOG PHASE 1                          ,FA_TRAN             
0070-0009264100005       ,DOSATRON CHLORINATOR D20S/ D20AL2VF                         ,    145535.71,12/29/2023,TOOLS               ,TOOLS                                             ,         3,GROWOUT-LOMANGOG              ,GROWOUT LOMANGOG ADMIN                            ,FA_TRAN             
0070-0009264100006       ,DOSATRON CHLORINATOR D20S/ D20AL2VF                         ,    145535.71,12/29/2023,TOOLS               ,TOOLS                                             ,         3,MFI-PIGGERY UNTAGA            ,PIGGERY UNTAGA-MAIN ADMIN                         ,FA_TRAN             
0070-0009264100007       ,DOSATRON CHLORINATOR D20S/ D20AL2VF                         ,    145535.71,12/29/2023,TOOLS               ,TOOLS                                             ,         3,GROWOUT-LOMANGOG              ,GROWOUT LOMANGOG ADMIN                            ,FA_TRAN             
0070-0009264100008       ,DOSATRON CHLORINATOR D20S/ D20AL2VF                         ,    145535.71,12/29/2023,TOOLS               ,TOOLS                                             ,         3,GROWOUT-LOMANGOG              ,GROWOUT LOMANGOG ADMIN                            ,FA_TRAN             
0070-0009264100009       ,DOSATRON CHLORINATOR D20S/ D20AL2VF                         ,    145535.71,12/29/2023,TOOLS               ,TOOLS                                             ,         3,GROWOUT-LOMANGOG              ,GROWOUT LOMANGOG ADMIN                            ,FA_TRAN             
0070-0009264100010       ,DOSATRON CHLORINATOR D20S/ D20AL2VF                         ,    145535.71,12/29/2023,TOOLS               ,TOOLS                                             ,         3,MFI-POULTRY LAYER             ,POULTRY-PRODUCTION                                ,FA_TRAN             
0070-0009264100011       ,DOSATRON CHLORINATOR D20S/ D20AL2VF                         ,    145535.71,12/29/2023,TOOLS               ,TOOLS                                             ,         3,MFI-POULTRY LAYER             ,POULTRY-PRODUCTION                                ,FA_TRAN             
0070-0009264100012       ,DOSATRON CHLORINATOR D20S/ D20AL2VF                         ,    145535.71,12/29/2023,TOOLS               ,TOOLS                                             ,         3,MFI-GP FARM                   ,GPF-ADMIN                                         ,FA_TRAN             
0070-0008940300002       ,ASAHI WALL FAN                                              ,      2158.04,12/29/2023,STR. EQPT.          ,FAN                                               ,         3,MFI-PIGGERY                   ,PIGGERY-MAINTENANCE WAREHOUSE                     ,FAACQ               
0070-0008940300003       ,ASAHI WALL FAN                                              ,      2158.04,12/29/2023,STR. EQPT.          ,FAN                                               ,         3,MFI-PIGGERY                   ,PIGGERY-MAINTENANCE WAREHOUSE                     ,FAACQ               
0070-0008940300004       ,ASAHI WALL FAN                                              ,      2158.04,12/29/2023,STR. EQPT.          ,FAN                                               ,         3,MFI-PIGGERY                   ,PIGGERY-MAINTENANCE WAREHOUSE                     ,FAACQ               
0070-0008940300005       ,ASAHI WALL FAN                                              ,      2158.04,12/29/2023,STR. EQPT.          ,FAN                                               ,         3,MFI-PIGGERY                   ,PIGGERY-MAINTENANCE WAREHOUSE                     ,FAACQ               
0070-0009276000001       ,TESTO 206 PH1 INSTRUMENT SET                                ,     12257.14,12/29/2023,STR. EQPT.          ,OTHERS                                            ,         3,MFI-PIGGERY                   ,PIGGERY-NURSERY                                   ,FAACQ               
0070-0003200100042       ,KNAPSACK SPRAYER TUNGHO                                     ,      2416.07,01/05/2024,STR. EQPT.          ,SPRAYER                                           ,         3,MFI-PIGGERY                   ,PIGGERY-MAINTENANCE WAREHOUSE                     ,FAACQ               
0070-0003200100043       ,KNAPSACK SPRAYER TUNGHO                                     ,      2416.07,01/05/2024,STR. EQPT.          ,SPRAYER                                           ,         3,MFI-PIGGERY                   ,PIGGERY-MAINTENANCE WAREHOUSE                     ,FAACQ               
0070-0003200100044       ,KNAPSACK SPRAYER TUNGHO                                     ,      2416.07,01/05/2024,STR. EQPT.          ,SPRAYER                                           ,         3,MFI-PIGGERY                   ,PIGGERY-MAINTENANCE WAREHOUSE                     ,FAACQ               
0070-0003200100045       ,KNAPSACK SPRAYER TUNGHO                                     ,      2416.07,01/05/2024,STR. EQPT.          ,SPRAYER                                           ,         3,MFI-PIGGERY                   ,PIGGERY-MAINTENANCE WAREHOUSE                     ,FAACQ               
0070-0003200100046       ,KNAPSACK SPRAYER TUNGHO                                     ,      2416.07,01/05/2024,STR. EQPT.          ,SPRAYER                                           ,         3,MFI-PIGGERY                   ,PIGGERY-MAINTENANCE WAREHOUSE                     ,FAACQ               
0070-0003200100047       ,KNAPSACK SPRAYER TUNGHO                                     ,      2416.07,01/05/2024,STR. EQPT.          ,SPRAYER                                           ,         3,MFI-PIGGERY                   ,PIGGERY-MAINTENANCE WAREHOUSE                     ,FAACQ               
0070-0003200100048       ,KNAPSACK SPRAYER TUNGHO                                     ,      2416.07,01/05/2024,STR. EQPT.          ,SPRAYER                                           ,         3,MFI-PIGGERY                   ,PIGGERY-MAINTENANCE WAREHOUSE                     ,FAACQ               
0070-0007969200001       ,PORTABLE WELDING MACHINE DC INVERTER MMA 200                ,     16071.43,01/11/2024,MACH. & EQPT.       ,MACHINE TOOLS                                     ,         5,MFI-PIGGERY                   ,PIGGERY-MAINTENANCE WAREHOUSE                     ,FAACQ               
0070-0009365700001       ,TOYOTA HILUX CS#Z9D299 PL#:GBC-1570                         ,   1057143.00,01/15/2024,TRNS. EQPT.         ,VEHICLE                                           ,        10,MFI-GP FARM                   ,GPF-ADMIN                                         ,FA_TRAN             
0070-0007874700001       ,CONDURA CFRZR CCF310RI 10.6CF                               ,     21895.00,01/15/2024,STR. EQPT.          ,FREEZER/CHILLER                                   ,         5,MFI-PIGGERY                   ,PIGGERY-MAIN ADMIN                                ,FAACQ               
0070-0002660800001       ,EVER WATER METER SIZE 6"" (150MM) DIAMETER FLANGE T          ,     62649.29,01/19/2024,STR. EQPT.          ,METER                                             ,         3,MFI-PIGGERY                   ,PIGGERY-MAINTENANCE WAREHOUSE                     ,FAACQ               
0070-0001213300011       ,DOUBLE DECK                                                 ,      6000.00,01/25/2024,FUR. & FIXT.        ,BED                                               ,         5,MFI-PIGGERY                   ,PIGGERY-MAINTENANCE                               ,FAACQ               
0070-0001213300012       ,DOUBLE DECK                                                 ,      6000.00,01/25/2024,FUR. & FIXT.        ,BED                                               ,         5,MFI-PIGGERY                   ,PIGGERY-MAINTENANCE                               ,FAACQ               
0070-0001213300013       ,DOUBLE DECK                                                 ,      6000.00,01/25/2024,FUR. & FIXT.        ,BED                                               ,         5,MFI-PIGGERY                   ,PIGGERY-MAINTENANCE                               ,FAACQ               
0070-0001213300014       ,DOUBLE DECK                                                 ,      6000.00,01/25/2024,FUR. & FIXT.        ,BED                                               ,         5,MFI-PIGGERY                   ,PIGGERY-MAINTENANCE                               ,FAACQ               
0070-0001213300015       ,DOUBLE DECK                                                 ,      6000.00,01/25/2024,FUR. & FIXT.        ,BED                                               ,         5,MFI-PIGGERY                   ,PIGGERY-MAINTENANCE                               ,FAACQ               
0070-0004513700015       ,EBARA ALL SS304 END SUCTION CENTRIFUGAL                     ,     84821.43,02/06/2024,MACH. & EQPT.       ,PUMP                                              ,         5,MFI-PIGGERY                   ,PIGGERY-MAINTENANCE                               ,FAACQ               
0070-0004513700016       ,EBARA ALL SS304 END SUCTION CENTRIFUGAL                     ,     84821.43,02/06/2024,MACH. & EQPT.       ,PUMP                                              ,         5,MFI-PIGGERY                   ,PIGGERY-MAINTENANCE                               ,FAACQ               
0070-0004513700017       ,EBARA ALL SS304 END SUCTION CENTRIFUGAL                     ,     84821.43,02/06/2024,MACH. & EQPT.       ,PUMP                                              ,         5,MFI-PIGGERY                   ,PIGGERY-MAINTENANCE                               ,FAACQ               
0070-0004513700018       ,EBARA ALL SS304 END SUCTION CENTRIFUGAL                     ,     84821.43,02/06/2024,MACH. & EQPT.       ,PUMP                                              ,         5,MFI-PIGGERY                   ,PIGGERY-MAINTENANCE                               ,FAACQ               
0070-0008179600001       ,STANLEY OPEN WRENCH 6MM-22MM                                ,      1963.39,01/31/2024,TOOLS               ,TOOLS                                             ,         3,MFI-PIGGERY                   ,PIGGERY-MAINTENANCE                               ,FAACQ               
0070-0008179700001       ,LOTUS SOCKET WRENCH 10MM 32MM                               ,      3927.68,01/31/2024,TOOLS               ,TOOLS                                             ,         3,MFI-PIGGERY                   ,PIGGERY-MAINTENANCE                               ,FAACQ               
0070-0008305400001       ,WRENCH BOX 6-32MM                                           ,      5615.85,01/31/2024,TOOLS               ,TOOLS                                             ,         3,MFI-PIGGERY                   ,PIGGERY-MAINTENANCE                               ,FAACQ               
0070-0009306400001       ,CHILLER COMPRESSOR EMBRACO NEU2178GK 230V 60HZ              ,     11160.71,02/06/2024,MACH. & EQPT.       ,COMPRESSOR                                        ,         5,MFI-PIGGERY                   ,PIGGERY-MAINTENANCE WAREHOUSE                     ,FAACQ               
0070-0009385100001       ,HIKVISION-DS-3E0510 HP-E                                    ,      6400.00,03/06/2024,ELEC. INTS. & EQPT. ,HARD DISK                                         ,         2,MFI-PIGGERY                   ,PIGGERY-MAINTENANCE WAREHOUSE                     ,FAACQ               
0070-0009429300001       ,HIKVISION DS-3E0318P-E/M (B)                                ,      8350.00,03/06/2024,OFF. EQPT.          ,SWITCH                                            ,         3,MFI-PIGGERY                   ,PIGGERY-MAINTENANCE WAREHOUSE                     ,FAACQ               
0070-0003198800004       ,AIRCON CARRIER 2HP WINDOW TYPE                              ,     23562.50,03/06/2024,MACH. & EQPT.       ,AIRCON                                            ,         5,MFI-PIGGERY                   ,PIGGERY-MAINTENANCE                               ,FAACQ               
0070-0003198800005       ,AIRCON CARRIER 2HP WINDOW TYPE                              ,     23562.50,03/06/2024,MACH. & EQPT.       ,AIRCON                                            ,         5,MFI-PIGGERY                   ,PIGGERY-MAINTENANCE                               ,FAACQ               
0070-0007675800006       ,MOTOPLUS DUAL BAND HANDHELD RADIO TRANSCEIVER               ,      2400.00,03/14/2024,OFF. EQPT.          ,RADIO HANDSET                                     ,         3,MFI-PIGGERY                   ,PIGGERY-MAINTENANCE WAREHOUSE                     ,FAACQ               
0070-0007675800007       ,MOTOPLUS DUAL BAND HANDHELD RADIO TRANSCEIVER               ,      2400.00,03/14/2024,OFF. EQPT.          ,RADIO HANDSET                                     ,         3,MFI-PIGGERY                   ,PIGGERY-MAINTENANCE WAREHOUSE                     ,FAACQ               
0070-0007675800008       ,MOTOPLUS DUAL BAND HANDHELD RADIO TRANSCEIVER               ,      2400.00,03/14/2024,OFF. EQPT.          ,RADIO HANDSET                                     ,         3,MFI-PIGGERY                   ,PIGGERY-MAINTENANCE WAREHOUSE                     ,FAACQ               
0070-0007675800009       ,MOTOPLUS DUAL BAND HANDHELD RADIO TRANSCEIVER               ,      2400.00,03/14/2024,OFF. EQPT.          ,RADIO HANDSET                                     ,         3,MFI-PIGGERY                   ,PIGGERY-MAINTENANCE WAREHOUSE                     ,FAACQ               
0070-0007675800010       ,MOTOPLUS DUAL BAND HANDHELD RADIO TRANSCEIVER               ,      2400.00,03/14/2024,OFF. EQPT.          ,RADIO HANDSET                                     ,         3,MFI-PIGGERY                   ,PIGGERY-MAINTENANCE WAREHOUSE                     ,FAACQ               
0070-0007675800011       ,MOTOPLUS DUAL BAND HANDHELD RADIO TRANSCEIVER               ,      2400.00,03/14/2024,OFF. EQPT.          ,RADIO HANDSET                                     ,         3,MFI-PIGGERY                   ,PIGGERY-MAINTENANCE WAREHOUSE                     ,FAACQ               
0070-0007675800012       ,MOTOPLUS DUAL BAND HANDHELD RADIO TRANSCEIVER               ,      2400.00,03/14/2024,OFF. EQPT.          ,RADIO HANDSET                                     ,         3,MFI-PIGGERY                   ,PIGGERY-MAINTENANCE WAREHOUSE                     ,FAACQ               
0070-0007675800013       ,MOTOPLUS DUAL BAND HANDHELD RADIO TRANSCEIVER               ,      2400.00,03/14/2024,OFF. EQPT.          ,RADIO HANDSET                                     ,         3,MFI-PIGGERY                   ,PIGGERY-MAINTENANCE WAREHOUSE                     ,FAACQ               
0070-0007675800014       ,MOTOPLUS DUAL BAND HANDHELD RADIO TRANSCEIVER               ,      2400.00,03/14/2024,OFF. EQPT.          ,RADIO HANDSET                                     ,         3,MFI-PIGGERY                   ,PIGGERY-MAINTENANCE WAREHOUSE                     ,FAACQ               
0070-0007675800015       ,MOTOPLUS DUAL BAND HANDHELD RADIO TRANSCEIVER               ,      2400.00,03/14/2024,OFF. EQPT.          ,RADIO HANDSET                                     ,         3,MFI-PIGGERY                   ,PIGGERY-MAINTENANCE WAREHOUSE                     ,FAACQ               
0110-0009182800001       ,DRY TYPE TRANSFORMER 3P 60HZ                                ,    160650.00,11/16/2023,ELEC. INTS. & EQPT. ,TRANSFORMER                                       ,         5,MFI-PIGGERY                   ,PIGGERY-KASAWANA WATER PROCESSING                 ,FA_TRAN             
0070-0004173100011       ,POWER SPRAYER 2HP(WL25 ASBC)                                ,     27900.00,03/15/2024,MACH. & EQPT.       ,POWER SPRAYER                                     ,         3,MFI-PIGGERY                   ,PIGGERY-MAINTENANCE                               ,FAACQ               
0070-0004173100012       ,POWER SPRAYER 2HP(WL25 ASBC)                                ,     27900.00,03/15/2024,MACH. & EQPT.       ,POWER SPRAYER                                     ,         3,MFI-PIGGERY                   ,PIGGERY-MAINTENANCE                               ,FAACQ               
0070-0004173100013       ,POWER SPRAYER 2HP(WL25 ASBC)                                ,     27900.00,03/15/2024,MACH. & EQPT.       ,POWER SPRAYER                                     ,         3,MFI-PIGGERY                   ,PIGGERY-MAINTENANCE                               ,FAACQ               
0070-0004173100014       ,POWER SPRAYER 2HP(WL25 ASBC)                                ,     27900.00,03/15/2024,MACH. & EQPT.       ,POWER SPRAYER                                     ,         3,MFI-PIGGERY                   ,PIGGERY-MAINTENANCE                               ,FAACQ               
0070-0004173100015       ,POWER SPRAYER 2HP(WL25 ASBC)                                ,     27900.00,03/15/2024,MACH. & EQPT.       ,POWER SPRAYER                                     ,         3,MFI-PIGGERY                   ,PIGGERY-MAINTENANCE                               ,FAACQ               
0070-0004173100016       ,POWER SPRAYER 2HP(WL25 ASBC)                                ,     27900.00,03/15/2024,MACH. & EQPT.       ,POWER SPRAYER                                     ,         3,MFI-PIGGERY                   ,PIGGERY-MAINTENANCE                               ,FAACQ               
0070-0009175800001       ,KAWAKE RING BLOWER MODEL: KB-601A-21                        ,     35678.57,03/26/2024,MACH. & EQPT.       ,MACHINE MOTOR                                     ,         5,MFI-PIGGERY                   ,PIGGERY-MAINTENANCE                               ,FAACQ               
0070-0006111700003       ,FUJI DIGITAL WEIGHING SCALE 400 KILOS CAPACITY              ,     90848.22,04/03/2024,STR. EQPT.          ,WEIGHING SCALE                                    ,         3,MFI-PIGGERY UNTAGA            ,PIGGERY UNTAGA-MAIN ADMIN                         ,FA_TRAN             
0070-0006111700004       ,FUJI DIGITAL WEIGHING SCALE 400 KILOS CAPACITY              ,     90848.22,04/03/2024,STR. EQPT.          ,WEIGHING SCALE                                    ,         3,MFI-PIGGERY                   ,PIGGERY-MAINTENANCE                               ,FAACQ               
0026-0003869900064       ,CISCO UC PHONE 7821                                         ,      8571.43,12/05/2023,OFF. EQPT.          ,TELEPHONE                                         ,         3,MFI-PIGGERY                   ,PIGGERY-MAIN ADMIN                                ,FA_TRAN             
0070-0008864300001       ,EPSON L 5290 AIO PRINTER                                    ,     12049.11,04/19/2024,OFF. EQPT.          ,PRINTER                                           ,         3,MFI-PIGGERY                   ,PIGGERY-MAIN ADMIN                                ,FAACQ               
0070-0009710500001       ,BRAND NEW ""EBARA""END SUCTION CENTRIFUGAL PUMP               ,    117857.14,04/22/2024,MACH. & EQPT.       ,PUMP                                              ,         5,MFI-PIGGERY                   ,PIGGERY-MAINTENANCE WAREHOUSE                     ,FAACQ               
0070-0008518600001       ,CLAMP METER FLUKE 376                                       ,     40926.00,04/23/2024,TOOLS               ,CLAMP  METER                                      ,         3,MFI-PIGGERY                   ,PIGGERY-ENGINEERING                               ,FAACQ               
0070-0006574600001       ,MITS. FUSO FJ 1823R TRUCK 6W CS#:H0E172 PL#:GBD-3133        ,   2955357.00,04/26/2024,TRNS. EQPT.         ,VEHICLE                                           ,        10,MFI-PIGGERY UNTAGA            ,PIGGERY UNTAGA-MAIN ADMIN                         ,FA_TRAN             
0070-0006574600002       ,FUSO FJ 1823R TRUCK 6W CS#:H0E173 PL#:GBD-3565              ,   2955357.00,04/26/2024,TRNS. EQPT.         ,VEHICLE                                           ,        10,MFI-PIGGERY                   ,PIGGERY-LOGISTICS                                 ,FAACQ               
0070-0006574600003       ,FUSO FJ 1823R TRUCK 6W CS#:H0E174 PL#:GBD-3132              ,   2955357.00,04/26/2024,TRNS. EQPT.         ,VEHICLE                                           ,        10,MFI-PIGGERY                   ,PIGGERY-LOGISTICS                                 ,FAACQ               
0070-0006368900005       ,NUTEX  DIGITAL HANGING SCALE                                ,     26000.00,04/29/2024,STR. EQPT.          ,SCALE                                             ,         3,MFI-PIGGERY                   ,PIGGERY-MAINTENANCE WAREHOUSE                     ,FAACQ               
0070-0006368900006       ,NUTEX  DIGITAL HANGING SCALE                                ,     26000.00,04/29/2024,STR. EQPT.          ,SCALE                                             ,         3,MFI-PIGGERY                   ,PIGGERY-MAINTENANCE WAREHOUSE                     ,FAACQ               
0070-0009832000001       ,NEMA-1  ENCLOSUREGALVANIZEDPOWDER COATED                    ,      4788.00,05/07/2024,ELEC. INTS. & EQPT. ,ELECTRICAL PARTS                                  ,         3,MFI-PIGGERY                   ,PIGGERY-BREEDING                                  ,FAACQ               
0070-0009832000002       ,NEMA-1  ENCLOSUREGALVANIZEDPOWDER COATED                    ,      4788.00,05/07/2024,ELEC. INTS. & EQPT. ,ELECTRICAL PARTS                                  ,         3,MFI-PIGGERY                   ,PIGGERY-BREEDING                                  ,FAACQ               
0070-0009832000003       ,NEMA-1  ENCLOSUREGALVANIZEDPOWDER COATED                    ,      4788.00,05/07/2024,ELEC. INTS. & EQPT. ,ELECTRICAL PARTS                                  ,         3,MFI-PIGGERY                   ,PIGGERY-BREEDING                                  ,FAACQ               
0070-0009832000004       ,NEMA-1  ENCLOSUREGALVANIZEDPOWDER COATED                    ,      4788.00,05/07/2024,ELEC. INTS. & EQPT. ,ELECTRICAL PARTS                                  ,         3,MFI-PIGGERY                   ,PIGGERY-BREEDING                                  ,FAACQ               
0070-0009832000005       ,NEMA-1  ENCLOSUREGALVANIZEDPOWDER COATED                    ,      4788.00,05/07/2024,ELEC. INTS. & EQPT. ,ELECTRICAL PARTS                                  ,         3,MFI-PIGGERY                   ,PIGGERY-BREEDING                                  ,FAACQ               
0070-0009832000006       ,NEMA-1  ENCLOSUREGALVANIZEDPOWDER COATED                    ,      4788.00,05/07/2024,ELEC. INTS. & EQPT. ,ELECTRICAL PARTS                                  ,         3,MFI-PIGGERY                   ,PIGGERY-BREEDING                                  ,FAACQ               
0070-0009832000007       ,NEMA-1  ENCLOSUREGALVANIZEDPOWDER COATED                    ,      4788.00,05/07/2024,ELEC. INTS. & EQPT. ,ELECTRICAL PARTS                                  ,         3,MFI-PIGGERY                   ,PIGGERY-BREEDING                                  ,FAACQ               
0070-0009832000008       ,NEMA-1  ENCLOSUREGALVANIZEDPOWDER COATED                    ,      4788.00,05/07/2024,ELEC. INTS. & EQPT. ,ELECTRICAL PARTS                                  ,         3,MFI-PIGGERY                   ,PIGGERY-BREEDING                                  ,FAACQ               
0070-0009911500001       ,HAMMER DRILL (MODEL:DCD7781N-KR)                            ,      5197.69,05/14/2024,TOOLS               ,DRILL                                             ,         5,MFI-PIGGERY                   ,PIGGERY-MAINTENANCE                               ,FAACQ               
0070-0009911500002       ,HAMMER DRILL (MODEL:DCD7781N-KR)                            ,      5197.69,05/14/2024,TOOLS               ,DRILL                                             ,         5,MFI-PIGGERY                   ,PIGGERY-MAINTENANCE                               ,FAACQ               
0070-0009911500003       ,HAMMER DRILL (MODEL:DCD7781N-KR)                            ,      5197.69,05/14/2024,TOOLS               ,DRILL                                             ,         5,MFI-PIGGERY                   ,PIGGERY-MAINTENANCE                               ,FAACQ               
0070-0003837900016       ,HYPO CHLORINATOR (PULSATRON)                                ,     40000.00,05/14/2024,MACH. & EQPT.       ,MACHINE TOOLS                                     ,         5,MFI-PIGGERY                   ,PIGGERY-MAINTENANCE WAREHOUSE                     ,FAACQ               
0070-0003837900017       ,HYPO CHLORINATOR (PULSATRON)                                ,     40000.00,05/14/2024,MACH. & EQPT.       ,MACHINE TOOLS                                     ,         5,MFI-PIGGERY                   ,PIGGERY-MAINTENANCE WAREHOUSE                     ,FAACQ               
0070-0003837900018       ,HYPO CHLORINATOR (PULSATRON)                                ,     40000.00,05/14/2024,MACH. & EQPT.       ,MACHINE TOOLS                                     ,         5,MFI-PIGGERY                   ,PIGGERY-MAINTENANCE WAREHOUSE                     ,FAACQ               
0070-0009573000001       ,IV5 (COMAP BRAND)                                           ,     97117.12,05/15/2024,OFF. EQPT.          ,OTHERS                                            ,         4,MFI-PIGGERY                   ,PIGGERY-MARCELA POWERPLANT                        ,FAACQ               
0070-0007675800016       ,MOTOPLUS DUAL BAND HANDHELD RADIO TRANSCEIVER               ,      2400.00,05/23/2024,OFF. EQPT.          ,RADIO HANDSET                                     ,         3,MFI-PIGGERY                   ,PIGGERY-SAFETY AND SECURITY DEPT.                 ,FAACQ               
0070-0007675800017       ,MOTOPLUS DUAL BAND HANDHELD RADIO TRANSCEIVER               ,      2400.00,05/23/2024,OFF. EQPT.          ,RADIO HANDSET                                     ,         3,MFI-PIGGERY                   ,PIGGERY-SAFETY AND SECURITY DEPT.                 ,FAACQ               
0070-0007675800018       ,MOTOPLUS DUAL BAND HANDHELD RADIO TRANSCEIVER               ,      2400.00,05/23/2024,OFF. EQPT.          ,RADIO HANDSET                                     ,         3,MFI-PIGGERY                   ,PIGGERY-SAFETY AND SECURITY DEPT.                 ,FAACQ               
0070-0007675800019       ,MOTOPLUS DUAL BAND HANDHELD RADIO TRANSCEIVER               ,      2400.00,05/23/2024,OFF. EQPT.          ,RADIO HANDSET                                     ,         3,MFI-PIGGERY                   ,PIGGERY-SAFETY AND SECURITY DEPT.                 ,FAACQ               
0070-0007675800020       ,MOTOPLUS DUAL BAND HANDHELD RADIO TRANSCEIVER               ,      2400.00,05/23/2024,OFF. EQPT.          ,RADIO HANDSET                                     ,         3,MFI-PIGGERY                   ,PIGGERY-SAFETY AND SECURITY DEPT.                 ,FAACQ               
0070-0009359400001       ,15 TONS BRAND NEW DIESEL FORKLIFT                           ,   4009986.00,04/16/2024,MACH. & EQPT.       ,FORKLIFT                                          ,        10,MFI-PIGGERY                   ,PIGGERY-LOGISTICS                                 ,FAACQ               
0070-0009817500001       ,HIK VISION DOME TYPE IP CAMERA 4MP 2.8MM                    ,      2500.00,05/23/2024,OFF. EQPT.          ,CAMERA                                            ,         3,MFI-PIGGERY                   ,PIGGERY-GROWING                                   ,FAACQ               
0070-0009817500002       ,HIK VISION DOME TYPE IP CAMERA 4MP 2.8MM                    ,      2500.00,05/23/2024,OFF. EQPT.          ,CAMERA                                            ,         3,MFI-PIGGERY                   ,PIGGERY-GROWING                                   ,FAACQ               
0070-0009817500003       ,HIK VISION DOME TYPE IP CAMERA 4MP 2.8MM                    ,      2500.00,05/23/2024,OFF. EQPT.          ,CAMERA                                            ,         3,MFI-PIGGERY                   ,PIGGERY-GROWING                                   ,FAACQ               
0070-0009817500004       ,HIK VISION DOME TYPE IP CAMERA 4MP 2.8MM                    ,      2500.00,05/23/2024,OFF. EQPT.          ,CAMERA                                            ,         3,MFI-PIGGERY                   ,PIGGERY-GROWING                                   ,FAACQ               
0070-0009817500005       ,HIK VISION DOME TYPE IP CAMERA 4MP 2.8MM                    ,      2500.00,05/23/2024,OFF. EQPT.          ,CAMERA                                            ,         3,MFI-PIGGERY                   ,PIGGERY-GROWING                                   ,FAACQ               
0070-0009817500006       ,HIK VISION DOME TYPE IP CAMERA 4MP 2.8MM                    ,      2500.00,05/23/2024,OFF. EQPT.          ,CAMERA                                            ,         3,MFI-PIGGERY                   ,PIGGERY-GROWING                                   ,FAACQ               
0070-0009817500007       ,HIK VISION DOME TYPE IP CAMERA 4MP 2.8MM                    ,      2500.00,05/23/2024,OFF. EQPT.          ,CAMERA                                            ,         3,MFI-PIGGERY                   ,PIGGERY-GROWING                                   ,FAACQ               
0070-0009817500008       ,HIK VISION DOME TYPE IP CAMERA 4MP 2.8MM                    ,      2500.00,05/23/2024,OFF. EQPT.          ,CAMERA                                            ,         3,MFI-PIGGERY                   ,PIGGERY-GROWING                                   ,FAACQ               
0070-0009901700001       ,HIK VISION NVR 16 CHANNEL 2HDD SLOTS(DS-7616N1-Q2)          ,      5110.00,05/23/2024,STR. EQPT.          ,HARD DISK                                         ,         2,MFI-PIGGERY                   ,PIGGERY-GROWING                                   ,FAACQ               
0070-0005030100008       ,SUBMERSIBLE PUMP EBARA MODEL: DML 67.5                      ,    114285.72,05/23/2024,MACH. & EQPT.       ,PUMP                                              ,         5,MFI-PIGGERY                   ,PIGGERY-ENGINEERING                               ,FAACQ               
0070-0005030100009       ,SUBMERSIBLE PUMP EBARA MODEL: DML 67.5                      ,    114285.72,05/23/2024,MACH. & EQPT.       ,PUMP                                              ,         5,MFI-PIGGERY UNTAGA            ,PIGGERY UNTAGA-MAIN ADMIN                         ,FA_TRAN             
0070-0007254300001       ,COMBINATION WRENCH SET 8-32MM                               ,      3883.93,05/24/2024,TOOLS               ,TOOLS                                             ,         3,MFI-PIGGERY                   ,PIGGERY-ENGINEERING                               ,FAACQ               
0070-0009844600001       ,NEMA-1 PB GESTATING-FABRICATED & ASSEMBLED                  ,     38116.80,05/24/2024,ELEC. INTS. & EQPT. ,PANEL BOARD                                       ,         5,MFI-PIGGERY                   ,PIGGERY-BREEDING                                  ,FAACQ               
0070-0009844600002       ,NEMA-1 PB GESTATING-FABRICATED & ASSEMBLED                  ,     38116.80,05/24/2024,ELEC. INTS. & EQPT. ,PANEL BOARD                                       ,         5,MFI-PIGGERY                   ,PIGGERY-BREEDING                                  ,FAACQ               
0070-0009844600003       ,NEMA-1 PB GESTATING-FABRICATED & ASSEMBLED                  ,     38116.80,05/24/2024,ELEC. INTS. & EQPT. ,PANEL BOARD                                       ,         5,MFI-PIGGERY                   ,PIGGERY-BREEDING                                  ,FAACQ               
0070-0009844600004       ,NEMA-1 PB GESTATING-FABRICATED & ASSEMBLED                  ,     38116.80,05/24/2024,ELEC. INTS. & EQPT. ,PANEL BOARD                                       ,         5,MFI-PIGGERY                   ,PIGGERY-BREEDING                                  ,FAACQ               
0070-0009844700001       ,NEMA-1 LP-GESTATING-FABRICATED & ASSEMBLED                  ,     12852.00,05/24/2024,ELEC. INTS. & EQPT. ,OTHERS                                            ,         5,MFI-PIGGERY                   ,PIGGERY-BREEDING                                  ,FAACQ               
0070-0009844700002       ,NEMA-1 LP-GESTATING-FABRICATED & ASSEMBLED                  ,     12852.00,05/24/2024,ELEC. INTS. & EQPT. ,OTHERS                                            ,         5,MFI-PIGGERY                   ,PIGGERY-BREEDING                                  ,FAACQ               
0070-0009844700003       ,NEMA-1 LP-GESTATING-FABRICATED & ASSEMBLED                  ,     12852.00,05/24/2024,ELEC. INTS. & EQPT. ,OTHERS                                            ,         5,MFI-PIGGERY                   ,PIGGERY-BREEDING                                  ,FAACQ               
0070-0009844700004       ,NEMA-1 LP-GESTATING-FABRICATED & ASSEMBLED                  ,     12852.00,05/24/2024,ELEC. INTS. & EQPT. ,OTHERS                                            ,         5,MFI-PIGGERY                   ,PIGGERY-BREEDING                                  ,FAACQ               
0026-0009772700001       ,ISUZU FUSO ALUM. VAN BODY PL#:GBD-3132                      ,    230000.00,04/11/2024,TRNS. EQPT.         ,VEHICLE                                           ,        10,MFI-PIGGERY                   ,PIGGERY-LOGISTICS                                 ,FA_TRAN             
0070-0003198800006       ,AIRCON CARRIER 2HP WINDOW TYPE                              ,     23562.50,06/04/2024,MACH. & EQPT.       ,AIRCON                                            ,         5,MFI-PIGGERY                   ,PIGGERY-MAINTENANCE WAREHOUSE                     ,FAACQ               
0070-0003198800007       ,AIRCON CARRIER 2HP WINDOW TYPE                              ,     23562.50,06/04/2024,MACH. & EQPT.       ,AIRCON                                            ,         5,MFI-PIGGERY                   ,PIGGERY-MAINTENANCE WAREHOUSE                     ,FAACQ               
0070-0000427500001       ,WALL FAN ASAHI                                              ,      1638.39,06/04/2024,STR. EQPT.          ,FAN                                               ,         3,MFI-PIGGERY                   ,PIGGERY-GILT HOUSE                                ,FAACQ               
0070-0010153800001       ,SONY UHD KD 43X75K 43 INCH.4K UHD/4K PROCESSOR X            ,     23800.00,06/11/2024,OFF. EQPT.          ,TV                                                ,         3,MFI-PIGGERY                   ,PIGGERY-MAIN ADMIN                                ,FAACQ               
0070-0006125100002       ,MAKITA DRILL MODEL:M0801                                    ,      2587.50,06/11/2024,TOOLS               ,DRILL                                             ,         5,MFI-PIGGERY                   ,PIGGERY-ENGINEERING                               ,FAACQ               
0070-0006125100003       ,MAKITA DRILL MODEL:M0801                                    ,      2587.50,06/11/2024,TOOLS               ,DRILL                                             ,         5,MFI-PIGGERY                   ,PIGGERY-ENGINEERING                               ,FAACQ               
0070-0009901300001       ,HIK VISION 10 PORTS POE SWITCH(DS-3E0510P-E)                ,      3250.00,06/18/2024,STR. EQPT.          ,SWITCH                                            ,         3,MFI-PIGGERY                   ,PIGGERY-GROWING                                   ,FAACQ               
0070-0009901300002       ,HIK VISION 10 PORTS POE SWITCH(DS-3E0510P-E)                ,      3250.00,06/18/2024,STR. EQPT.          ,SWITCH                                            ,         3,MFI-PIGGERY                   ,PIGGERY-GROWING                                   ,FAACQ               
0070-0009902200001       ,HIK VISION 24 PORTS POE SWITCH(DS-3E1526P-SI)               ,     15750.00,06/18/2024,OFF. EQPT.          ,SWITCH                                            ,         3,MFI-PIGGERY                   ,PIGGERY-GROWING                                   ,FAACQ               
0070-0010132800001       ,SECURE 650VA UPS (450W)WITH AVR                             ,      1607.14,06/21/2024,OFF. EQPT.          ,AVR                                               ,         3,MFI-PIGGERY                   ,PIGGERY-MARCELA POWERPLANT                        ,FAACQ               
0070-0005030100010       ,SUBMERSIBLE PUMP EBARA MODEL: DML 67.5                      ,    114285.72,06/24/2024,MACH. & EQPT.       ,PUMP                                              ,         5,MFI-PIGGERY                   ,PIGGERY-ENGINEERING                               ,FAACQ               
0070-0005030100011       ,SUBMERSIBLE PUMP EBARA MODEL: DML 67.5                      ,    114285.72,06/24/2024,MACH. & EQPT.       ,PUMP                                              ,         5,MFI-PIGGERY                   ,PIGGERY-ENGINEERING                               ,FAACQ               
0070-0009924800001       ,LONGTECH THREE LOBES ROOTS BLOWER LTS-080                   ,    107442.72,06/24/2024,MACH. & EQPT.       ,BLOWER                                            ,         3,DRESSING PLANT                ,DRESSING PLANT-ADMIN                              ,FA_TRAN             
0070-0004227600073       ,SUBMERSIBLE PUMP STREAMPLUS .5HP                            ,      8660.71,07/03/2024,MACH. & EQPT.       ,PUMP                                              ,         5,MFI-PIGGERY                   ,PIGGERY-MAINTENANCE                               ,FAACQ               
0070-0004227600074       ,SUBMERSIBLE PUMP STREAMPLUS .5HP                            ,      8660.71,07/03/2024,MACH. & EQPT.       ,PUMP                                              ,         5,MFI-PIGGERY                   ,PIGGERY-MAINTENANCE                               ,FAACQ               
0070-0004227600075       ,SUBMERSIBLE PUMP STREAMPLUS .5HP                            ,      8660.71,07/03/2024,MACH. & EQPT.       ,PUMP                                              ,         5,MFI-PIGGERY                   ,PIGGERY-MAINTENANCE                               ,FAACQ               
0070-0004227600076       ,SUBMERSIBLE PUMP STREAMPLUS .5HP                            ,      8660.71,07/03/2024,MACH. & EQPT.       ,PUMP                                              ,         5,MFI-PIGGERY                   ,PIGGERY-MAINTENANCE                               ,FAACQ               
0070-0004227600077       ,SUBMERSIBLE PUMP STREAMPLUS .5HP                            ,      8660.71,07/03/2024,MACH. & EQPT.       ,PUMP                                              ,         5,MFI-PIGGERY                   ,PIGGERY-MAINTENANCE                               ,FAACQ               
0070-0004227600078       ,SUBMERSIBLE PUMP STREAMPLUS .5HP                            ,      8660.71,07/03/2024,MACH. & EQPT.       ,PUMP                                              ,         5,MFI-PIGGERY                   ,PIGGERY-MAINTENANCE                               ,FAACQ               
0070-0004227600079       ,SUBMERSIBLE PUMP STREAMPLUS .5HP                            ,      8660.71,07/03/2024,MACH. & EQPT.       ,PUMP                                              ,         5,MFI-PIGGERY                   ,PIGGERY-MAINTENANCE                               ,FAACQ               
0070-0004227600080       ,SUBMERSIBLE PUMP STREAMPLUS .5HP                            ,      8660.71,07/03/2024,MACH. & EQPT.       ,PUMP                                              ,         5,MFI-PIGGERY                   ,PIGGERY-MAINTENANCE                               ,FAACQ               
0070-0004227600081       ,SUBMERSIBLE PUMP STREAMPLUS .5HP                            ,      8660.71,07/03/2024,MACH. & EQPT.       ,PUMP                                              ,         5,MFI-PIGGERY                   ,PIGGERY-MAINTENANCE                               ,FAACQ               
0070-0004227600082       ,SUBMERSIBLE PUMP STREAMPLUS .5HP                            ,      8660.71,07/03/2024,MACH. & EQPT.       ,PUMP                                              ,         5,MFI-PIGGERY                   ,PIGGERY-MAINTENANCE                               ,FAACQ               
0070-0004227600083       ,SUBMERSIBLE PUMP STREAMPLUS .5HP                            ,      8660.71,07/03/2024,MACH. & EQPT.       ,PUMP                                              ,         5,MFI-PIGGERY                   ,PIGGERY-MAINTENANCE                               ,FAACQ               
0070-0004227600084       ,SUBMERSIBLE PUMP STREAMPLUS .5HP                            ,      8660.71,07/03/2024,MACH. & EQPT.       ,PUMP                                              ,         5,MFI-PIGGERY                   ,PIGGERY-MAINTENANCE                               ,FAACQ               
0070-0004227600085       ,SUBMERSIBLE PUMP STREAMPLUS .5HP                            ,      8660.71,07/03/2024,MACH. & EQPT.       ,PUMP                                              ,         5,MFI-PIGGERY                   ,PIGGERY-MAINTENANCE                               ,FAACQ               
0070-0004227600086       ,SUBMERSIBLE PUMP STREAMPLUS .5HP                            ,      8660.71,07/03/2024,MACH. & EQPT.       ,PUMP                                              ,         5,MFI-PIGGERY                   ,PIGGERY-MAINTENANCE                               ,FAACQ               
0070-0004227600087       ,SUBMERSIBLE PUMP STREAMPLUS .5HP                            ,      8660.71,07/03/2024,MACH. & EQPT.       ,PUMP                                              ,         5,MFI-PIGGERY                   ,PIGGERY-MAINTENANCE                               ,FAACQ               
0070-0004227600088       ,SUBMERSIBLE PUMP STREAMPLUS .5HP                            ,      8660.71,07/03/2024,MACH. & EQPT.       ,PUMP                                              ,         5,MFI-PIGGERY                   ,PIGGERY-MAINTENANCE                               ,FAACQ               
0070-0004227600089       ,SUBMERSIBLE PUMP STREAMPLUS .5HP                            ,      8660.71,07/03/2024,MACH. & EQPT.       ,PUMP                                              ,         5,MFI-PIGGERY                   ,PIGGERY-MAINTENANCE                               ,FAACQ               
0070-0004227600090       ,SUBMERSIBLE PUMP STREAMPLUS .5HP                            ,      8660.71,07/03/2024,MACH. & EQPT.       ,PUMP                                              ,         5,MFI-PIGGERY                   ,PIGGERY-MAINTENANCE                               ,FAACQ               
0070-0004227600091       ,SUBMERSIBLE PUMP STREAMPLUS .5HP                            ,      8660.71,07/03/2024,MACH. & EQPT.       ,PUMP                                              ,         5,MFI-PIGGERY                   ,PIGGERY-MAINTENANCE                               ,FAACQ               
0070-0004227600092       ,SUBMERSIBLE PUMP STREAMPLUS .5HP                            ,      8660.71,07/03/2024,MACH. & EQPT.       ,PUMP                                              ,         5,MFI-PIGGERY                   ,PIGGERY-MAINTENANCE                               ,FAACQ               
0070-0004934600047       ,SUBMERSIBLE PUMP STREAMPLUS 1HP                             ,     11696.43,07/03/2024,MACH. & EQPT.       ,PUMP                                              ,         5,MFI-PIGGERY                   ,PIGGERY-MAINTENANCE                               ,FAACQ               
0070-0004934600048       ,SUBMERSIBLE PUMP STREAMPLUS 1HP                             ,     11696.43,07/03/2024,MACH. & EQPT.       ,PUMP                                              ,         5,MFI-PIGGERY                   ,PIGGERY-MAINTENANCE                               ,FAACQ               
0070-0004934600049       ,SUBMERSIBLE PUMP STREAMPLUS 1HP                             ,     11696.43,07/03/2024,MACH. & EQPT.       ,PUMP                                              ,         5,MFI-PIGGERY                   ,PIGGERY-MAINTENANCE                               ,FAACQ               
0070-0004934600050       ,SUBMERSIBLE PUMP STREAMPLUS 1HP                             ,     11696.43,07/03/2024,MACH. & EQPT.       ,PUMP                                              ,         5,MFI-PIGGERY                   ,PIGGERY-MAINTENANCE                               ,FAACQ               
0070-0004934600051       ,SUBMERSIBLE PUMP STREAMPLUS 1HP                             ,     11696.43,07/03/2024,MACH. & EQPT.       ,PUMP                                              ,         5,MFI-PIGGERY                   ,PIGGERY-MAINTENANCE                               ,FAACQ               
0070-0004934600052       ,SUBMERSIBLE PUMP STREAMPLUS 1HP                             ,     11696.43,07/03/2024,MACH. & EQPT.       ,PUMP                                              ,         5,MFI-PIGGERY                   ,PIGGERY-MAINTENANCE                               ,FAACQ               
0070-0004934600053       ,SUBMERSIBLE PUMP STREAMPLUS 1HP                             ,     11696.43,07/03/2024,MACH. & EQPT.       ,PUMP                                              ,         5,MFI-PIGGERY                   ,PIGGERY-MAINTENANCE                               ,FAACQ               
0070-0004934600054       ,SUBMERSIBLE PUMP STREAMPLUS 1HP                             ,     11696.43,07/03/2024,MACH. & EQPT.       ,PUMP                                              ,         5,MFI-PIGGERY                   ,PIGGERY-MAINTENANCE                               ,FAACQ               
0070-0004934600055       ,SUBMERSIBLE PUMP STREAMPLUS 1HP                             ,     11696.43,07/03/2024,MACH. & EQPT.       ,PUMP                                              ,         5,MFI-PIGGERY                   ,PIGGERY-MAINTENANCE                               ,FAACQ               
0070-0004934600056       ,SUBMERSIBLE PUMP STREAMPLUS 1HP                             ,     11696.43,07/03/2024,MACH. & EQPT.       ,PUMP                                              ,         5,MFI-PIGGERY                   ,PIGGERY-MAINTENANCE                               ,FAACQ               
0070-0010191600001       ,HEAVY DUTY HOTSTICKS 35FT. OFFER BRAND: AB CHANCE           ,     82142.86,07/25/2024,TOOLS               ,TOOLS                                             ,         3,MFI-PIGGERY                   ,PIGGERY-MARCELA POWERPLANT                        ,FAACQ               
0070-0010207200001       ,LONGTECH THREE LOBES  ROOTS BLOWER-LT-80 W/MOTOR            ,    159255.96,07/25/2024,MACH. & EQPT.       ,BLOWER                                            ,         3,MFI-PIGGERY                   ,PIGGERY-MAINTENANCE                               ,FAACQ               
0070-0008609300001       ,CELLPHONE OPPO A17K 5000MAH 4GB RAM                         ,      5356.25,08/19/2024,OFF. EQPT.          ,CELLPHONE                                         ,         3,MFI-PIGGERY                   ,PIGGERY-ENGINEERING                               ,FAACQ               
0070-0009500000001       ,PORKY'S PICK UP XL FOR SOWS                                 ,    438385.65,05/24/2024,FUR. & FIXT.        ,TROLLEY-STAINLESS                                 ,         7,MFI-PIGGERY                   ,PIGGERY-MAINTENANCE WAREHOUSE                     ,FAACQ               
0070-0008203700001       ,24 PORT POE SWITCH (DS-3EO 326P-E/M( C )                    ,     13898.56,08/22/2024,OFF. EQPT.          ,SWITCH                                            ,         3,HEAD OFFICE                   ,HO-INFORMATION TECHNOLOGY                         ,FA_TRAN             
0070-0008203700002       ,24 PORT POE SWITCH (DS-3EO 326P-E/M( C )                    ,     13898.56,08/22/2024,OFF. EQPT.          ,SWITCH                                            ,         3,HEAD OFFICE                   ,HO-INFORMATION TECHNOLOGY                         ,FA_TRAN             
0070-0009311800001       ,DOME 2.8MM 4MP (HW 1-D1 40H) HIKVISION                      ,      2748.50,08/22/2024,STR. EQPT.          ,CCTV                                              ,         3,MFI-PIGGERY                   ,PIGGERY-GROWING                                   ,FAACQ               
0070-0009311800002       ,DOME 2.8MM 4MP (HW 1-D1 40H) HIKVISION                      ,      2748.50,08/22/2024,STR. EQPT.          ,CCTV                                              ,         3,MFI-PIGGERY                   ,PIGGERY-GROWING                                   ,FAACQ               
0070-0009311800003       ,DOME 2.8MM 4MP (HW 1-D1 40H) HIKVISION                      ,      2748.50,08/22/2024,STR. EQPT.          ,CCTV                                              ,         3,MFI-PIGGERY                   ,PIGGERY-GROWING                                   ,FAACQ               
0070-0009311800004       ,DOME 2.8MM 4MP (HW 1-D1 40H) HIKVISION                      ,      2748.50,08/22/2024,STR. EQPT.          ,CCTV                                              ,         3,MFI-PIGGERY                   ,PIGGERY-GROWING                                   ,FAACQ               
0070-0009311800005       ,DOME 2.8MM 4MP (HW 1-D1 40H) HIKVISION                      ,      2748.50,08/22/2024,STR. EQPT.          ,CCTV                                              ,         3,MFI-PIGGERY                   ,PIGGERY-GROWING                                   ,FAACQ               
0070-0010189800001       ,EBARA SS304  VERTICAL IN LINE CENTRIFUGAL PUMP              ,     55357.15,08/27/2024,MACH. & EQPT.       ,PUMP                                              ,         5,MFI-PIGGERY                   ,PIGGERY-ENGINEERING                               ,FAACQ               
0070-0010189800002       ,EBARA SS304  VERTICAL IN LINE CENTRIFUGAL PUMP              ,     55357.15,08/27/2024,MACH. & EQPT.       ,PUMP                                              ,         5,MFI-PIGGERY                   ,PIGGERY-ENGINEERING                               ,FAACQ               
0070-0010199100001       ,MDA TANK(TURKEY) VERTICAL BLADDER TANK                      ,    110912.50,08/27/2024,HEAVY EQPT.         ,TANK                                              ,         3,MFI-PIGGERY                   ,PIGGERY-MAINTENANCE WAREHOUSE                     ,FAACQ               
0070-0010199100002       ,MDA TANK(TURKEY) VERTICAL BLADDER TANK                      ,    110912.50,08/27/2024,HEAVY EQPT.         ,TANK                                              ,         3,MFI-PIGGERY                   ,PIGGERY-MAINTENANCE WAREHOUSE                     ,FAACQ               
0070-0010199100003       ,MDA TANK(TURKEY) VERTICAL BLADDER TANK                      ,    110912.50,08/27/2024,HEAVY EQPT.         ,TANK                                              ,         3,MFI-PIGGERY                   ,PIGGERY-MAINTENANCE WAREHOUSE                     ,FAACQ               
0070-0010093500001       ,SUBSTATION TYPE TRANSFORMER 3 PHASE 60HCU-CU                ,   1615000.00,09/02/2024,ELEC. INTS. & EQPT. ,TRANSFORMER                                       ,         5,MFI-PIGGERY                   ,PIGGERY-MAINTENANCE WAREHOUSE                     ,FAACQ               
0070-0003229800001       ,WULI POWER SPRAYER 2HP (MODEL #WL25ASBC)                    ,     27900.00,09/03/2024,MACH. & EQPT.       ,POWER SPRAYER                                     ,         3,MFI-PIGGERY                   ,PIGGERY-MAINTENANCE                               ,FAACQ               
0070-0003229800002       ,WULI POWER SPRAYER 2HP (MODEL #WL25ASBC)                    ,     27900.00,09/03/2024,MACH. & EQPT.       ,POWER SPRAYER                                     ,         3,MFI-PIGGERY                   ,PIGGERY-MAINTENANCE                               ,FAACQ               
0070-0003229800003       ,WULI POWER SPRAYER 2HP (MODEL #WL25ASBC)                    ,     27900.00,09/03/2024,MACH. & EQPT.       ,POWER SPRAYER                                     ,         3,MFI-PIGGERY                   ,PIGGERY-MAINTENANCE                               ,FAACQ               
0070-0003229800004       ,WULI POWER SPRAYER 2HP (MODEL #WL25ASBC)                    ,     27900.00,09/03/2024,MACH. & EQPT.       ,POWER SPRAYER                                     ,         3,MFI-PIGGERY                   ,PIGGERY-MAINTENANCE                               ,FAACQ               
0070-0003229800005       ,WULI POWER SPRAYER 2HP (MODEL #WL25ASBC)                    ,     27900.00,09/03/2024,MACH. & EQPT.       ,POWER SPRAYER                                     ,         3,MFI-PIGGERY                   ,PIGGERY-MAINTENANCE                               ,FAACQ               
0070-0003229800006       ,WULI POWER SPRAYER 2HP (MODEL #WL25ASBC)                    ,     27900.00,09/03/2024,MACH. & EQPT.       ,POWER SPRAYER                                     ,         3,MFI-PIGGERY                   ,PIGGERY-MAINTENANCE                               ,FAACQ               
0070-0003229800007       ,WULI POWER SPRAYER 2HP (MODEL #WL25ASBC)                    ,     27900.00,09/03/2024,MACH. & EQPT.       ,POWER SPRAYER                                     ,         3,MFI-PIGGERY                   ,PIGGERY-MAINTENANCE                               ,FAACQ               
0070-0003229800008       ,WULI POWER SPRAYER 2HP (MODEL #WL25ASBC)                    ,     27900.00,09/03/2024,MACH. & EQPT.       ,POWER SPRAYER                                     ,         3,MFI-PIGGERY                   ,PIGGERY-MAINTENANCE                               ,FAACQ               
0070-0003229800009       ,WULI POWER SPRAYER 2HP (MODEL #WL25ASBC)                    ,     27900.00,09/03/2024,MACH. & EQPT.       ,POWER SPRAYER                                     ,         3,MFI-PIGGERY                   ,PIGGERY-MAINTENANCE                               ,FAACQ               
0070-0003229800010       ,WULI POWER SPRAYER 2HP (MODEL #WL25ASBC)                    ,     27900.00,09/03/2024,MACH. & EQPT.       ,POWER SPRAYER                                     ,         3,MFI-PIGGERY                   ,PIGGERY-MAINTENANCE                               ,FAACQ               
0070-0010385600001       ,CARRIER A/C WCARZ006EC/ECI                                  ,      9819.64,09/03/2024,MACH. & EQPT.       ,AIRCON                                            ,         5,MFI-PIGGERY                   ,PIGGERY-GROWING                                   ,FAACQ               
0070-0004222500005       ,MS MULTISCAN SET                                            ,    180000.00,09/09/2024,OFF. EQPT.          ,OTHERS                                            ,         3,MFI-PIGGERY                   ,PIGGERY-BREEDING                                  ,FAACQ               
0070-0009969500001       ,MITS. STRADA GL CS#:Y41731 PL#:GBF-6229                     ,   1050893.00,09/18/2024,TRNS. EQPT.         ,VEHICLE                                           ,        10,MFI-PIGGERY                   ,PIGGERY-MAIN ADMIN                                ,FAACQ               
0070-0008985900001       ,CATERPILLAR GENSET                                          ,   7589285.71,12/18/2023,MACH. & EQPT.       ,GENERATOR                                         ,         5,MFI-PIGGERY                   ,PIGGERY-ENGINEERING                               ,FAACQ               
0070-0007493700002       ,DELTA VFD 75C23A                                            ,    101322.00,10/04/2024,MACH. & EQPT.       ,OTHERS                                            ,         3,MFI-PIGGERY                   ,PIGGERY-ENGINEERING                               ,FAACQ               
0070-0009911500004       ,HAMMER DRILL (MODEL:DCD7781N-KR)                            ,      4158.15,10/08/2024,TOOLS               ,DRILL                                             ,         5,MFI-PIGGERY                   ,PIGGERY-ENGINEERING                               ,FAACQ               
0070-0009911500005       ,HAMMER DRILL (MODEL:DCD7781N-KR)                            ,      4158.15,10/08/2024,TOOLS               ,DRILL                                             ,         5,MFI-PIGGERY                   ,PIGGERY-ENGINEERING                               ,FAACQ               
0070-0001242500001       ,HANABISHI WATER DISPENSER                                   ,      6961.61,10/14/2024,STR. EQPT.          ,DISPENSER                                         ,         3,MFI-PIGGERY                   ,PIGGERY-MAIN ADMIN                                ,FAACQ               
0070-0006774100003       ,WELDING MACHINE YAMATO 300A                                 ,      4910.71,10/12/2024,MACH. & EQPT.       ,MACHINE                                           ,         5,MFI-PIGGERY                   ,PIGGERY-MAINTENANCE                               ,FAACQ               
0070-0006774100004       ,WELDING MACHINE YAMATO 300A                                 ,      4910.71,10/12/2024,MACH. & EQPT.       ,MACHINE                                           ,         5,MFI-PIGGERY                   ,PIGGERY-MAINTENANCE                               ,FAACQ               
0070-0010675200001       ,24 PORT GIGABIT UNMANAGED POE SWITCH PORTS SFP              ,     17179.75,10/17/2024,OFF. EQPT.          ,SWITCH                                            ,         3,MFI-PIGGERY                   ,PIGGERY-GROWING                                   ,FAACQ               
0070-0010675200002       ,24 PORT GIGABIT UNMANAGED POE SWITCH PORTS SFP              ,     17179.75,10/17/2024,OFF. EQPT.          ,SWITCH                                            ,         3,MFI-PIGGERY                   ,PIGGERY-GROWING                                   ,FAACQ               
0070-0005030100012       ,SUBMERSIBLE PUMP EBARA MODEL: DML 67.5                      ,    114285.72,10/24/2024,MACH. & EQPT.       ,PUMP                                              ,         5,MFI-PIGGERY                   ,PIGGERY-MARCELA POWERPLANT                        ,FAACQ               
0070-0005030100013       ,SUBMERSIBLE PUMP EBARA MODEL: DML 67.5                      ,    114285.72,10/24/2024,MACH. & EQPT.       ,PUMP                                              ,         5,MFI-PIGGERY                   ,PIGGERY-MARCELA POWERPLANT                        ,FAACQ               
0070-0007728800001       ,MAKITA BLOWER UB1102                                        ,      3655.36,10/28/2024,TOOLS               ,BLOWER                                            ,         3,MFI-PIGGERY                   ,PIGGERY-ENGINEERING                               ,FAACQ               
0070-0007728800002       ,MAKITA BLOWER UB1102                                        ,      3655.36,10/28/2024,TOOLS               ,BLOWER                                            ,         3,MFI-PIGGERY                   ,PIGGERY-ENGINEERING                               ,FAACQ               
0070-0007100100001       ,EMPTY DMX CONTAINER 1134KG (LARGE)                          ,      5000.00,11/01/2024,STR. EQPT.          ,CONTAINER                                         ,         3,MFI-PIGGERY                   ,PIGGERY-MAINTENANCE WAREHOUSE                     ,FAACQ               
0070-0007100100002       ,EMPTY DMX CONTAINER 1134KG (LARGE)                          ,      5000.00,11/01/2024,STR. EQPT.          ,CONTAINER                                         ,         3,MFI-PIGGERY                   ,PIGGERY-MAINTENANCE WAREHOUSE                     ,FAACQ               
0070-0007100100003       ,EMPTY DMX CONTAINER 1134KG (LARGE)                          ,      5000.00,11/01/2024,STR. EQPT.          ,CONTAINER                                         ,         3,MFI-PIGGERY                   ,PIGGERY-MAINTENANCE WAREHOUSE                     ,FAACQ               
0070-0006774100005       ,WELDING MACHINE YAMATO 300A                                 ,      4910.72,11/06/2024,MACH. & EQPT.       ,MACHINE                                           ,         5,MFI-PIGGERY                   ,PIGGERY-MAINTENANCE                               ,FAACQ               
0070-0006774100006       ,WELDING MACHINE YAMATO 300A                                 ,      4910.72,11/06/2024,MACH. & EQPT.       ,MACHINE                                           ,         5,MFI-PIGGERY                   ,PIGGERY-MAINTENANCE                               ,FAACQ               
0070-0007917000001       ,GOULDS PUMP 1HP 220V SHALLOW                                ,     18772.32,11/11/2024,MACH. & EQPT.       ,PUMP                                              ,         5,MFI-PIGGERY                   ,PIGGERY-LOGISTICS                                 ,FAACQ               
0070-0006521800002       ,BLADDER PRESSURE TANK VAREM 60L HORIZONTAL                  ,      9375.00,11/11/2024,MACH. & EQPT.       ,TANK                                              ,         5,MFI-PIGGERY                   ,PIGGERY-LOGISTICS                                 ,FAACQ               
0070-0007917000002       ,GOULDS PUMP 1HP 220V SHALLOW                                ,     18772.32,11/11/2024,MACH. & EQPT.       ,PUMP                                              ,         5,MFI-PIGGERY                   ,PIGGERY-LOGISTICS                                 ,FAACQ               
0070-0006521800003       ,BLADDER PRESSURE TANK VAREM 60L HORIZONTAL                  ,      9375.00,11/15/2024,MACH. & EQPT.       ,TANK                                              ,         5,MFI-PIGGERY                   ,PIGGERY-LOGISTICS                                 ,FAACQ               
0070-0004223500002       ,TCL UHD 43P755                                              ,     14732.14,11/27/2024,STR. EQPT.          ,TV                                                ,         3,MFI-PIGGERY                   ,PIGGERY-MAIN ADMIN                                ,FAACQ               
0070-0007675800021       ,MOTOPLUS DUAL BAND HANDHELD RADIO TRANSCEIVER               ,      2400.00,12/20/2024,OFF. EQPT.          ,RADIO HANDSET                                     ,         3,MFI-PIGGERY                   ,PIGGERY-SAFETY AND SECURITY DEPT.                 ,FAACQ               
0070-0007675800022       ,MOTOPLUS DUAL BAND HANDHELD RADIO TRANSCEIVER               ,      2400.00,12/20/2024,OFF. EQPT.          ,RADIO HANDSET                                     ,         3,MFI-PIGGERY                   ,PIGGERY-SAFETY AND SECURITY DEPT.                 ,FAACQ               
0070-0007675800023       ,MOTOPLUS DUAL BAND HANDHELD RADIO TRANSCEIVER               ,      2400.00,12/20/2024,OFF. EQPT.          ,RADIO HANDSET                                     ,         3,MFI-PIGGERY                   ,PIGGERY-SAFETY AND SECURITY DEPT.                 ,FAACQ               
0070-0007675800024       ,MOTOPLUS DUAL BAND HANDHELD RADIO TRANSCEIVER               ,      2400.00,12/20/2024,OFF. EQPT.          ,RADIO HANDSET                                     ,         3,MFI-PIGGERY                   ,PIGGERY-SAFETY AND SECURITY DEPT.                 ,FAACQ               
0070-0007675800025       ,MOTOPLUS DUAL BAND HANDHELD RADIO TRANSCEIVER               ,      2400.00,12/20/2024,OFF. EQPT.          ,RADIO HANDSET                                     ,         3,MFI-PIGGERY                   ,PIGGERY-SAFETY AND SECURITY DEPT.                 ,FAACQ               
0026-0006265900016       ,STANDARD MAIN TABLE 1100W-1100WX600DX760H                   ,      3800.00,07/04/2017,FUR. & FIXT.        ,TABLE                                             ,         5,MFI-PIGGERY                   ,PIGGERY-MAIN ADMIN                                ,FA_TRAN             
0026-0000996500146       ,STAFF CHAIR W/O ARM BLACK                                   ,      4500.00,07/15/2024,FUR. & FIXT.        ,CHAIR                                             ,         3,MFI-PIGGERY                   ,PIGGERY-MAIN ADMIN                                ,FA_TRAN             
0070-0008651100001       ,TECNO SPARK GO CELLPHONE                                    ,      3749.11,01/09/2025,OFF. EQPT.          ,CELLPHONE                                         ,         3,MFI-PIGGERY                   ,PIGGERY-MAIN ADMIN                                ,FAACQ               
0070-0010191200004       ,EJ 230V 500 GPM 110PSI                                      ,    240670.00,01/02/2025,MACH. & EQPT.       ,PUMP                                              ,         5,MFI-GP FARM                   ,GPF-ADMIN                                         ,FA_TRAN             
0070-0010191200005       ,EJ 230V 500 GPM 110PSI                                      ,    240670.00,01/02/2025,MACH. & EQPT.       ,PUMP                                              ,         5,MFI-PIGGERY                   ,PIGGERY-MAINTENANCE WAREHOUSE                     ,FAACQ               
0070-0010191200006       ,EJ 230V 500 GPM 110PSI                                      ,    240670.00,01/02/2025,MACH. & EQPT.       ,PUMP                                              ,         5,MFI-PIGGERY                   ,PIGGERY-MAINTENANCE WAREHOUSE                     ,FAACQ               
0070-0010194000001       ,EJ 400V 500GPM 110PSI                                       ,    240670.00,01/02/2025,MACH. & EQPT.       ,MACH. & EQUIPMENT                                 ,         5,MFI-GP FARM                   ,GPF-ADMIN                                         ,FA_TRAN             
0070-0006388500002       ,SANWA CLAMP METER DCL 1200R TRUE RMS                        ,     10602.68,01/17/2025,TOOLS               ,CLAMP  METER                                      ,         3,MFI-PIGGERY                   ,PIGGERY-ENGINEERING                               ,FAACQ               
0070-0011243400001       ,MTS PANELNEMA 1SURFACE MOUNTED BEIGE PUSH LOCK              ,     52791.50,01/17/2025,ELEC. INTS. & EQPT. ,PANEL BOARD                                       ,         5,MFI-PIGGERY                   ,PIGGERY-ENGINEERING                               ,FAACQ               
0070-0011177200001       ,ELECTRIC OIL PUMP 220V-DIESEL ENGINE OIL                    ,      4500.00,01/23/2025,MACH. & EQPT.       ,PUMP                                              ,         5,MFI-PIGGERY                   ,PIGGERY-ENGINEERING                               ,FAACQ               
0070-0011177200002       ,ELECTRIC OIL PUMP 220V-DIESEL ENGINE OIL                    ,      4500.00,01/23/2025,MACH. & EQPT.       ,PUMP                                              ,         5,MFI-PIGGERY                   ,PIGGERY-ENGINEERING                               ,FAACQ               
0070-0001190200001       ,OFFICE CHAIR                                                ,      5625.00,02/04/2025,FUR. & FIXT.        ,TABLE                                             ,         5,MFI-PIGGERY                   ,PIGGERY-MAIN ADMIN                                ,FAACQ               
0070-0008910100001       ,24 PORTS POE SWITCH (RG-S2915-24GT4MS-P-L)                  ,     26191.97,02/07/2025,OFF. EQPT.          ,SWITCH                                            ,         3,MFI-PIGGERY                   ,PIGGERY-MAIN ADMIN                                ,FAACQ               
0070-0009003100001       ,12 PORTS POE SWITCH (RG-S2915-10GT2MS-P-PL                  ,     13910.40,02/07/2025,OTHER EQPT.         ,SWITCH                                            ,         3,MFI-PIGGERY                   ,PIGGERY-MAIN ADMIN                                ,FAACQ               
0070-0010134300001       ,EPSON L3210 AIO PRINTER                                     ,      7852.68,02/10/2025,OFF. EQPT.          ,PRINTER                                           ,         3,MFI-PIGGERY                   ,PIGGERY-MAIN ADMIN                                ,FAACQ               
0070-0009735600001       ,CPU SET I5                                                  ,     17500.00,02/11/2025,OFF. EQPT.          ,COMPUTER                                          ,         3,MFI-PIGGERY                   ,PIGGERY-MAIN ADMIN                                ,FAACQ               
0070-0009068400001       ,SALTER/ NUTEX 10KLS CAPACITY                                ,      8500.00,02/12/2025,STR. EQPT.          ,WEIGHING SCALE                                    ,         3,MFI-PIGGERY                   ,PIGGERY-MAINTENANCE                               ,FAACQ               
0070-0009068400002       ,SALTER/ NUTEX 10KLS CAPACITY                                ,      8500.00,02/12/2025,STR. EQPT.          ,WEIGHING SCALE                                    ,         3,MFI-PIGGERY                   ,PIGGERY-MAINTENANCE                               ,FAACQ               
0070-0009242700011       ,WL-25ASB PUMP ONLY                                          ,     24000.00,02/14/2025,MACH. & EQPT.       ,PUMP                                              ,         5,MFI-PIGGERY                   ,PIGGERY-MAINTENANCE                               ,FAACQ               
0070-0009242700012       ,WL-25ASB PUMP ONLY                                          ,     24000.00,02/14/2025,MACH. & EQPT.       ,PUMP                                              ,         5,MFI-PIGGERY                   ,PIGGERY-MAINTENANCE                               ,FAACQ               
0070-0009242700013       ,WL-25ASB PUMP ONLY                                          ,     24000.00,02/14/2025,MACH. & EQPT.       ,PUMP                                              ,         5,MFI-PIGGERY                   ,PIGGERY-MAINTENANCE                               ,FAACQ               
0070-0009242700014       ,WL-25ASB PUMP ONLY                                          ,     24000.00,02/14/2025,MACH. & EQPT.       ,PUMP                                              ,         5,MFI-PIGGERY                   ,PIGGERY-MAINTENANCE                               ,FAACQ               
0070-0009242700015       ,WL-25ASB PUMP ONLY                                          ,     24000.00,02/14/2025,MACH. & EQPT.       ,PUMP                                              ,         5,MFI-PIGGERY                   ,PIGGERY-MAINTENANCE                               ,FAACQ               
0070-0009242700016       ,WL-25ASB PUMP ONLY                                          ,     24000.00,02/14/2025,MACH. & EQPT.       ,PUMP                                              ,         5,MFI-PIGGERY                   ,PIGGERY-MAINTENANCE                               ,FAACQ               
0070-0009242700017       ,WL-25ASB PUMP ONLY                                          ,     24000.00,02/14/2025,MACH. & EQPT.       ,PUMP                                              ,         5,MFI-PIGGERY                   ,PIGGERY-MAINTENANCE                               ,FAACQ               
0070-0009242700018       ,WL-25ASB PUMP ONLY                                          ,     24000.00,02/14/2025,MACH. & EQPT.       ,PUMP                                              ,         5,MFI-PIGGERY                   ,PIGGERY-MAINTENANCE                               ,FAACQ               
0070-0009242700019       ,WL-25ASB PUMP ONLY                                          ,     24000.00,02/14/2025,MACH. & EQPT.       ,PUMP                                              ,         5,MFI-PIGGERY                   ,PIGGERY-MAINTENANCE                               ,FAACQ               
0070-0009242700020       ,WL-25ASB PUMP ONLY                                          ,     24000.00,02/14/2025,MACH. & EQPT.       ,PUMP                                              ,         5,MFI-PIGGERY                   ,PIGGERY-MAINTENANCE                               ,FAACQ               
0070-0011485200001       ,ALPHA WATER HEATER LH1000EM                                 ,      8571.43,02/14/2025,STR. EQPT.          ,HEATER                                            ,         5,MFI-PIGGERY                   ,PIGGERY-MAINTENANCE                               ,FAACQ               
0070-0011485200002       ,ALPHA WATER HEATER LH1000EM                                 ,      8571.43,02/14/2025,STR. EQPT.          ,HEATER                                            ,         5,MFI-PIGGERY                   ,PIGGERY-MAINTENANCE                               ,FAACQ               
0070-0011485200003       ,ALPHA WATER HEATER LH1000EM                                 ,      8571.43,02/14/2025,STR. EQPT.          ,HEATER                                            ,         5,MFI-PIGGERY                   ,PIGGERY-MAINTENANCE                               ,FAACQ               
0070-0011485200004       ,ALPHA WATER HEATER LH1000EM                                 ,      8571.43,02/14/2025,STR. EQPT.          ,HEATER                                            ,         5,MFI-PIGGERY                   ,PIGGERY-MAINTENANCE                               ,FAACQ               
0070-0011485200005       ,ALPHA WATER HEATER LH1000EM                                 ,      8571.43,02/14/2025,STR. EQPT.          ,HEATER                                            ,         5,MFI-PIGGERY                   ,PIGGERY-MAINTENANCE                               ,FAACQ               
0070-0011485200006       ,ALPHA WATER HEATER LH1000EM                                 ,      8571.43,02/14/2025,STR. EQPT.          ,HEATER                                            ,         5,MFI-PIGGERY                   ,PIGGERY-MAINTENANCE                               ,FAACQ               
0070-0011485200007       ,ALPHA WATER HEATER LH1000EM                                 ,      8571.43,02/14/2025,STR. EQPT.          ,HEATER                                            ,         5,MFI-PIGGERY                   ,PIGGERY-MAINTENANCE                               ,FAACQ               
0070-0011485200008       ,ALPHA WATER HEATER LH1000EM                                 ,      8571.43,02/14/2025,STR. EQPT.          ,HEATER                                            ,         5,MFI-PIGGERY                   ,PIGGERY-MAINTENANCE                               ,FAACQ               
0070-0011485200009       ,ALPHA WATER HEATER LH1000EM                                 ,      8571.43,02/14/2025,STR. EQPT.          ,HEATER                                            ,         5,MFI-PIGGERY                   ,PIGGERY-MAINTENANCE                               ,FAACQ               
0070-0011485200010       ,ALPHA WATER HEATER LH1000EM                                 ,      8571.43,02/14/2025,STR. EQPT.          ,HEATER                                            ,         5,MFI-PIGGERY                   ,PIGGERY-MAINTENANCE                               ,FAACQ               
0070-0007717200001       ,1.5 FT. WALL MOUNTED DATA CABINET W/PDU &                   ,      9428.40,02/18/2025,FUR. & FIXT.        ,CABINET-STEEL                                     ,        10,MFI-PIGGERY                   ,PIGGERY-MAINTENANCE WAREHOUSE                     ,FAACQ               
0070-0008679800001       ,RG-S2915-24GT4MS-P-L                                        ,     24735.00,02/18/2025,OFF. EQPT.          ,HUB                                               ,         3,MFI-PIGGERY                   ,PIGGERY-MAINTENANCE WAREHOUSE                     ,FAACQ               
0070-0011288400001       ,MCCB 1600 AT 3P ABB                                         ,     80937.50,02/27/2025,ELEC. INTS. & EQPT. ,CIRCUIT BREAKER                                   ,         3,MFI-PIGGERY                   ,PIGGERY-ENGINEERING                               ,FAACQ               
0070-0011095400001       ,BRONSON BAGGER MIXER ENGINE 6.5HP BR65GELS                  ,     56785.71,02/28/2025,MACH. & EQPT.       ,MIXER                                             ,        10,MFI-PIGGERY                   ,PIGGERY-MAINTENANCE                               ,FAACQ               
0070-0011858100001       ,DEMOLITION HAMMER ZEKOKI                                    ,     21178.34,03/10/2025,TOOLS               ,TOOLS                                             ,         3,MFI-PIGGERY                   ,PIGGERY-MAINTENANCE WAREHOUSE                     ,FAACQ               
0070-0011858200001       ,EAGLE PIPE WELDING MACHINE                                  ,      2678.57,03/10/2025,TOOLS               ,TOOLS                                             ,         3,MFI-PIGGERY                   ,PIGGERY-MAINTENANCE WAREHOUSE                     ,FAACQ               
0070-0011858300001       ,ROTARY HAMMER LOTUS                                         ,      4459.82,03/10/2025,TOOLS               ,TOOLS                                             ,         3,MFI-PIGGERY                   ,PIGGERY-MAINTENANCE WAREHOUSE                     ,FAACQ               
0070-0011858200002       ,EAGLE PIPE WELDING MACHINE                                  ,      2678.57,03/10/2025,TOOLS               ,TOOLS                                             ,         3,MFI-PIGGERY                   ,PIGGERY-MAINTENANCE                               ,FAACQ               
0070-0011950800001       ,HITACHI DEMOLITION HAMMER H60MC SDSMAX. 1250W               ,     58035.71,03/14/2025,TOOLS               ,MACHINE TOOLS                                     ,         5,MFI-PIGGERY                   ,PIGGERY-MAINTENANCE                               ,FAACQ               
0070-0011950800002       ,HITACHI DEMOLITION HAMMER H60MC SDSMAX. 1250W               ,     58035.71,03/14/2025,TOOLS               ,MACHINE TOOLS                                     ,         5,MFI-PIGGERY                   ,PIGGERY-MAINTENANCE                               ,FAACQ               
0070-0011951100001       ,HITACHI ROTARY HAMMER 45MM(1 -3/4)DH45ME                    ,     42857.14,03/14/2025,TOOLS               ,MACHINE TOOLS                                     ,         5,MFI-PIGGERY                   ,PIGGERY-MAINTENANCE                               ,FAACQ               
0070-0011951100002       ,HITACHI ROTARY HAMMER 45MM(1 -3/4)DH45ME                    ,     42857.14,03/14/2025,TOOLS               ,MACHINE TOOLS                                     ,         5,MFI-PIGGERY                   ,PIGGERY-MAINTENANCE                               ,FAACQ               
0070-0006283800004       ,LONGTECH ROOTS BLOWER WITHOUT MOTOR MODEL-LT-080            ,    106007.00,03/19/2025,MACH. & EQPT.       ,MACHINE                                           ,         3,MFI-PIGGERY                   ,PIGGERY-ENGINEERING                               ,FAACQ               
0070-0006283800005       ,LONGTECH ROOTS BLOWER WITHOUT MOTOR MODEL-LT-080            ,    106007.00,03/19/2025,MACH. & EQPT.       ,MACHINE                                           ,         3,MFI-PIGGERY                   ,PIGGERY-ENGINEERING                               ,FAACQ               
0070-0007728800003       ,MAKITA BLOWER UB1102                                        ,      3655.36,03/25/2025,TOOLS               ,BLOWER                                            ,         3,MFI-PIGGERY                   ,PIGGERY-ENGINEERING                               ,FAACQ               
0070-0007728800004       ,MAKITA BLOWER UB1102                                        ,      3655.36,03/25/2025,TOOLS               ,BLOWER                                            ,         3,MFI-PIGGERY                   ,PIGGERY-ENGINEERING                               ,FAACQ               
0070-0007728800005       ,MAKITA BLOWER UB1102                                        ,      3655.36,03/25/2025,TOOLS               ,BLOWER                                            ,         3,MFI-PIGGERY                   ,PIGGERY-ENGINEERING                               ,FAACQ               
0070-0010740000001       ,CPU SET I5 - FRONTIER VOGUE VG25MBK MICRO CASE              ,     18750.00,04/07/2025,OFF. EQPT.          ,CPU                                               ,         3,MFI-PIGGERY                   ,PIGGERY-NURSERY                                   ,FAACQ               
0070-0010740000002       ,CPU SET I5 - FRONTIER VOGUE VG25MBK MICRO CASE              ,     18750.00,04/07/2025,OFF. EQPT.          ,CPU                                               ,         3,MFI-PIGGERY                   ,PIGGERY-MAIN ADMIN                                ,FAACQ               
0070-0010549200001       ,SHOE RACK .39X1.2X1.8                                       ,      7596.98,04/16/2025,STR. EQPT.          ,RACK                                              ,        10,MFI-PIGGERY                   ,PIGGERY-MAINTENANCE                               ,FAACQ               
0070-0009322400001       ,ACER K202Q BI 19.5'' WIDE LED MONITOR (VGA HDMI)            ,      3258.93,04/24/2025,OFF. EQPT.          ,MONITOR                                           ,         3,MFI-PIGGERY                   ,PIGGERY-FARROWING                                 ,FAACQ               
0070-0003698900001       ,DOWELL ORBIT FAN OF-182                                     ,      1873.22,04/29/2025,STR. EQPT.          ,FAN                                               ,         3,MFI-PIGGERY                   ,PIGGERY-MAINTENANCE WAREHOUSE                     ,FAACQ               
0070-0003698900002       ,DOWELL ORBIT FAN OF-182                                     ,      1873.22,04/29/2025,STR. EQPT.          ,FAN                                               ,         3,MFI-PIGGERY                   ,PIGGERY-MAINTENANCE WAREHOUSE                     ,FAACQ               
0070-0006200400001       ,BERLIN HAND PALLET TRUCK 3 TONS                             ,     14285.72,04/29/2025,MACH. & EQPT.       ,PALLET TRUCK                                      ,         4,MFI-PIGGERY                   ,PIGGERY-MAINTENANCE                               ,FAACQ               
0070-0009264100013       ,DOSATRON CHLORINATOR D20S/ D20AL2VF                         ,    147321.43,04/30/2025,TOOLS               ,TOOLS                                             ,         3,SOUTH PALMS DOS               ,SPD-ADMIN                                         ,FA_TRAN             
0070-0009264100014       ,DOSATRON CHLORINATOR D20S/ D20AL2VF                         ,    147321.43,04/30/2025,TOOLS               ,TOOLS                                             ,         3,SOUTH PALMS DOS               ,SPD-ADMIN                                         ,FA_TRAN             
0070-0009264100015       ,DOSATRON CHLORINATOR D20S/ D20AL2VF                         ,    147321.43,04/30/2025,TOOLS               ,TOOLS                                             ,         3,MFI-PIGGERY                   ,PIGGERY-MAINTENANCE WAREHOUSE                     ,FAACQ               
0070-0009264100016       ,DOSATRON CHLORINATOR D20S/ D20AL2VF                         ,    147321.43,04/30/2025,TOOLS               ,TOOLS                                             ,         3,MFI-PIGGERY                   ,PIGGERY-MAINTENANCE WAREHOUSE                     ,FAACQ               
0070-0009264100017       ,DOSATRON CHLORINATOR D20S/ D20AL2VF                         ,    147321.43,04/30/2025,TOOLS               ,TOOLS                                             ,         3,MFI-PIGGERY                   ,PIGGERY-MAINTENANCE WAREHOUSE                     ,FAACQ               
0070-0009264100018       ,DOSATRON CHLORINATOR D20S/ D20AL2VF                         ,    147321.43,04/30/2025,TOOLS               ,TOOLS                                             ,         3,MFI-PIGGERY                   ,PIGGERY-MAINTENANCE WAREHOUSE                     ,FAACQ               
0070-0009264100019       ,DOSATRON CHLORINATOR D20S/ D20AL2VF                         ,    147321.43,04/30/2025,TOOLS               ,TOOLS                                             ,         3,MFI-PIGGERY                   ,PIGGERY-MAINTENANCE WAREHOUSE                     ,FAACQ               
0070-0011559800001       ,DANFOSS PC -101P5K5T4E20H4 P/N 131L9867                     ,     51300.00,05/13/2025,STR. EQPT.          ,OTHERS                                            ,         2,MFI-PIGGERY                   ,PIGGERY-ENGINEERING                               ,FAACQ               
0079-0008774700007       ,HIK VISION DOME TYPE IP CAMERA 4MP 2.8MM                    ,      2589.29,03/26/2024,STR. EQPT.          ,CAMERA                                            ,         3,MFI-PIGGERY                   ,PIGGERY-MAIN ADMIN                                ,FA_TRAN             
0079-0008774700008       ,HIK VISION DOME TYPE IP CAMERA 4MP 2.8MM                    ,      2589.29,03/26/2024,STR. EQPT.          ,CAMERA                                            ,         3,MFI-PIGGERY                   ,PIGGERY-MAIN ADMIN                                ,FA_TRAN             
0079-0009769400001       ,SOLAR RAMMING PILE DRIVER                                   ,   2120020.00,05/13/2024,HEAVY EQPT.         ,OTHERS                                            ,        30,CENTRAL CONSTRUCTION GROUP    ,CCG-CDC CONSTRUCTION                              ,FA_TRAN             
0070-0001256600005       ,MAKITA GRINDER N9500N                                       ,      6448.21,05/20/2025,TOOLS               ,GRINDER                                           ,         3,MFI-PIGGERY                   ,PIGGERY-MAINTENANCE                               ,FAACQ               
0070-0001256600006       ,MAKITA GRINDER N9500N                                       ,      6448.21,05/20/2025,TOOLS               ,GRINDER                                           ,         3,MFI-PIGGERY                   ,PIGGERY-MAINTENANCE                               ,FAACQ               
0070-0001256600007       ,MAKITA GRINDER N9500N                                       ,      6448.21,05/20/2025,TOOLS               ,GRINDER                                           ,         3,MFI-PIGGERY                   ,PIGGERY-MAINTENANCE                               ,FAACQ               
0070-0008369200001       ,MAKITA HAMMER DRILL HP1630K                                 ,      4600.00,05/20/2025,TOOLS               ,DRILL                                             ,         5,MFI-PIGGERY                   ,PIGGERY-MAINTENANCE                               ,FAACQ               
0070-0008369200002       ,MAKITA HAMMER DRILL HP1630K                                 ,      4600.00,05/20/2025,TOOLS               ,DRILL                                             ,         5,MFI-PIGGERY                   ,PIGGERY-MAINTENANCE                               ,FAACQ               
0070-0008369200003       ,MAKITA HAMMER DRILL HP1630K                                 ,      4600.00,05/20/2025,TOOLS               ,DRILL                                             ,         5,MFI-PIGGERY                   ,PIGGERY-MAINTENANCE                               ,FAACQ               
0070-0010549200002       ,SHOE RACK .39X1.2X1.8                                       ,      7596.98,05/21/2025,STR. EQPT.          ,RACK                                              ,        10,MFI-PIGGERY                   ,PIGGERY-MAINTENANCE                               ,FAACQ               
0070-0012089300001       ,WALL MOUNTED DATA CABINET W/ FAN 2FT.                       ,      9000.00,05/22/2025,FUR. & FIXT.        ,CABINET-PLASTIC                                   ,         3,MFI-PIGGERY                   ,PIGGERY-MAIN ADMIN                                ,FAACQ               
0070-0006574600004       ,MITS. FUSO FJ1823R TRUCK CS#:H0G495 PL#:GBI-7315            ,   3017857.00,05/23/2025,TRNS. EQPT.         ,VEHICLE                                           ,        10,MFI-PIGGERY                   ,PIGGERY-LOGISTICS                                 ,FAACQ               
0070-0009999700001       ,HARD DISK 8TB SURVEILLANCE WESTERN DIGITAL                  ,     12500.00,05/23/2025,OFF. EQPT.          ,HARD DISK                                         ,         2,MFI-PIGGERY                   ,PIGGERY-MAIN ADMIN                                ,FAACQ               
0070-0009999700002       ,HARD DISK 8TB SURVEILLANCE WESTERN DIGITAL                  ,     12500.00,05/23/2025,OFF. EQPT.          ,HARD DISK                                         ,         2,MFI-PIGGERY                   ,PIGGERY-MAIN ADMIN                                ,FAACQ               
0070-0010148500001       ,HIK VISION NVR 16CH 4K W/ 4HDD SLOT                         ,     14000.00,05/23/2025,OFF. EQPT.          ,OTHERS                                            ,         3,MFI-PIGGERY                   ,PIGGERY-MAIN ADMIN                                ,FAACQ               
0070-0012088900001       ,HIK VISION 4MP 2.8MM DOME TYPE IP CAMERA                    ,      2500.00,05/23/2025,STR. EQPT.          ,CAMERA                                            ,         3,MFI-PIGGERY                   ,PIGGERY-MAIN ADMIN                                ,FAACQ               
0070-0012088900002       ,HIK VISION 4MP 2.8MM DOME TYPE IP CAMERA                    ,      2500.00,05/23/2025,STR. EQPT.          ,CAMERA                                            ,         3,MFI-PIGGERY                   ,PIGGERY-MAIN ADMIN                                ,FAACQ               
0070-0012089100001       ,HIK VISION 4MP 2.8MM BULLET TYPE IP CAMERA                  ,      2350.00,05/23/2025,STR. EQPT.          ,CAMERA                                            ,         3,MFI-PIGGERY                   ,PIGGERY-MAIN ADMIN                                ,FAACQ               
0070-0012089100002       ,HIK VISION 4MP 2.8MM BULLET TYPE IP CAMERA                  ,      2350.00,05/23/2025,STR. EQPT.          ,CAMERA                                            ,         3,MFI-PIGGERY                   ,PIGGERY-MAIN ADMIN                                ,FAACQ               
0070-0012089200001       ,HIK VISION BULLET IP CAMERA2.8MM 4MP                        ,      6500.00,05/23/2025,                    ,INVENTORIABLES                                    ,         0,MFI-PIGGERY                   ,PIGGERY-MAIN ADMIN                                ,FAACQ               
0070-0012089200002       ,HIK VISION BULLET IP CAMERA2.8MM 4MP                        ,      6500.00,05/23/2025,                    ,INVENTORIABLES                                    ,         0,MFI-PIGGERY                   ,PIGGERY-MAIN ADMIN                                ,FAACQ               
0070-0006283800006       ,LONGTECH ROOTS BLOWER WITHOUT MOTOR MODEL-LT-080            ,    106007.01,05/28/2025,MACH. & EQPT.       ,MACHINE                                           ,         3,MFI-PIGGERY                   ,PIGGERY-MARCELA POWERPLANT                        ,FAACQ               
0070-0006283800007       ,LONGTECH ROOTS BLOWER WITHOUT MOTOR MODEL-LT-080            ,    106007.01,05/28/2025,MACH. & EQPT.       ,MACHINE                                           ,         3,MFI-PIGGERY                   ,PIGGERY-MARCELA POWERPLANT                        ,FAACQ               
0070-0010549200003       ,SHOE RACK .39X1.2X1.8                                       ,      7596.98,06/02/2025,STR. EQPT.          ,RACK                                              ,        10,MFI-PIGGERY                   ,PIGGERY-MAINTENANCE                               ,FAACQ               
0070-0010549200004       ,SHOE RACK .39X1.2X1.8                                       ,      7596.98,06/02/2025,STR. EQPT.          ,RACK                                              ,        10,MFI-PIGGERY                   ,PIGGERY-MAINTENANCE                               ,FAACQ               
0070-0007210200001       ,STEEL LOCKER CABINET STANDARD 32 DOORS                      ,     14732.14,06/03/2025,FUR. & FIXT.        ,CABINET-STEEL                                     ,        10,MFI-PIGGERY                   ,PIGGERY-MAINTENANCE WAREHOUSE                     ,FAACQ               
0070-0007210200002       ,STEEL LOCKER CABINET STANDARD 32 DOORS                      ,     14732.14,06/03/2025,FUR. & FIXT.        ,CABINET-STEEL                                     ,        10,MFI-PIGGERY                   ,PIGGERY-MAINTENANCE WAREHOUSE                     ,FAACQ               
0070-0007210200003       ,STEEL LOCKER CABINET STANDARD 32 DOORS                      ,     14732.14,06/03/2025,FUR. & FIXT.        ,CABINET-STEEL                                     ,        10,MFI-PIGGERY                   ,PIGGERY-MAINTENANCE WAREHOUSE                     ,FAACQ               
0070-0007210200004       ,STEEL LOCKER CABINET STANDARD 32 DOORS                      ,     14732.14,06/03/2025,FUR. & FIXT.        ,CABINET-STEEL                                     ,        10,MFI-PIGGERY                   ,PIGGERY-MAINTENANCE WAREHOUSE                     ,FAACQ               
0070-0007210200005       ,STEEL LOCKER CABINET STANDARD 32 DOORS                      ,     14732.14,06/03/2025,FUR. & FIXT.        ,CABINET-STEEL                                     ,        10,MFI-PIGGERY                   ,PIGGERY-MAINTENANCE WAREHOUSE                     ,FAACQ               
0070-0007210200006       ,STEEL LOCKER CABINET STANDARD 32 DOORS                      ,     14732.14,06/03/2025,FUR. & FIXT.        ,CABINET-STEEL                                     ,        10,MFI-PIGGERY                   ,PIGGERY-MAINTENANCE WAREHOUSE                     ,FAACQ               
0070-0007210200007       ,STEEL LOCKER CABINET STANDARD 32 DOORS                      ,     14732.14,06/03/2025,FUR. & FIXT.        ,CABINET-STEEL                                     ,        10,MFI-PIGGERY                   ,PIGGERY-MAINTENANCE WAREHOUSE                     ,FAACQ               
0070-0007210200008       ,STEEL LOCKER CABINET STANDARD 32 DOORS                      ,     14732.14,06/03/2025,FUR. & FIXT.        ,CABINET-STEEL                                     ,        10,MFI-PIGGERY                   ,PIGGERY-MAINTENANCE WAREHOUSE                     ,FAACQ               
0070-0007210200009       ,STEEL LOCKER CABINET STANDARD 32 DOORS                      ,     14732.14,06/03/2025,FUR. & FIXT.        ,CABINET-STEEL                                     ,        10,MFI-PIGGERY                   ,PIGGERY-MAINTENANCE WAREHOUSE                     ,FAACQ               
0070-0007210200010       ,STEEL LOCKER CABINET STANDARD 32 DOORS                      ,     14732.14,06/03/2025,FUR. & FIXT.        ,CABINET-STEEL                                     ,        10,MFI-PIGGERY                   ,PIGGERY-MAINTENANCE WAREHOUSE                     ,FAACQ               
0070-0007210200011       ,STEEL LOCKER CABINET STANDARD 32 DOORS                      ,     14732.14,06/03/2025,FUR. & FIXT.        ,CABINET-STEEL                                     ,        10,MFI-PIGGERY                   ,PIGGERY-MAINTENANCE WAREHOUSE                     ,FAACQ               
0070-0007210200012       ,STEEL LOCKER CABINET STANDARD 32 DOORS                      ,     14732.14,06/03/2025,FUR. & FIXT.        ,CABINET-STEEL                                     ,        10,MFI-PIGGERY                   ,PIGGERY-MAINTENANCE WAREHOUSE                     ,FAACQ               
0070-0007210200013       ,STEEL LOCKER CABINET STANDARD 32 DOORS                      ,     14732.14,06/03/2025,FUR. & FIXT.        ,CABINET-STEEL                                     ,        10,MFI-PIGGERY                   ,PIGGERY-MAINTENANCE WAREHOUSE                     ,FAACQ               
0070-0007210200014       ,STEEL LOCKER CABINET STANDARD 32 DOORS                      ,     14732.14,06/03/2025,FUR. & FIXT.        ,CABINET-STEEL                                     ,        10,MFI-PIGGERY                   ,PIGGERY-MAINTENANCE WAREHOUSE                     ,FAACQ               
0070-0007210200015       ,STEEL LOCKER CABINET STANDARD 32 DOORS                      ,     14732.14,06/03/2025,FUR. & FIXT.        ,CABINET-STEEL                                     ,        10,MFI-PIGGERY                   ,PIGGERY-MAINTENANCE WAREHOUSE                     ,FAACQ               
0070-0011869000001       ,AI REF 100L                                                 ,     23214.29,06/03/2025,STR. EQPT.          ,REFRIGERATOR                                      ,         3,MFI-PIGGERY UNTAGA            ,PIGGERY UNTAGA-MAIN ADMIN                         ,FA_TRAN             
0070-0011869000002       ,AI REF 100L                                                 ,     23214.29,06/03/2025,STR. EQPT.          ,REFRIGERATOR                                      ,         3,MFI-PIGGERY                   ,PIGGERY-MAIN ADMIN                                ,FAACQ               
0070-0007100100004       ,EMPTY DMX CONTAINER 1134KG (LARGE)                          ,      5000.00,05/28/2025,STR. EQPT.          ,CONTAINER                                         ,         3,MFI-PIGGERY                   ,PIGGERY-MAIN ADMIN                                ,FAACQ               
0070-0007100100005       ,EMPTY DMX CONTAINER 1134KG (LARGE)                          ,      5000.00,05/28/2025,STR. EQPT.          ,CONTAINER                                         ,         3,MFI-PIGGERY                   ,PIGGERY-MAIN ADMIN                                ,FAACQ               
0070-0007675800026       ,MOTOPLUS DUAL BAND HANDHELD RADIO TRANSCEIVER               ,      2400.00,06/09/2025,OFF. EQPT.          ,RADIO HANDSET                                     ,         3,MFI-PIGGERY                   ,PIGGERY-SAFETY AND SECURITY DEPT.                 ,FAACQ               
0070-0007675800027       ,MOTOPLUS DUAL BAND HANDHELD RADIO TRANSCEIVER               ,      2400.00,06/09/2025,OFF. EQPT.          ,RADIO HANDSET                                     ,         3,MFI-PIGGERY                   ,PIGGERY-SAFETY AND SECURITY DEPT.                 ,FAACQ               
0070-0007675800028       ,MOTOPLUS DUAL BAND HANDHELD RADIO TRANSCEIVER               ,      2400.00,06/09/2025,OFF. EQPT.          ,RADIO HANDSET                                     ,         3,MFI-PIGGERY                   ,PIGGERY-SAFETY AND SECURITY DEPT.                 ,FAACQ               
0070-0007675800029       ,MOTOPLUS DUAL BAND HANDHELD RADIO TRANSCEIVER               ,      2400.00,06/09/2025,OFF. EQPT.          ,RADIO HANDSET                                     ,         3,MFI-PIGGERY                   ,PIGGERY-SAFETY AND SECURITY DEPT.                 ,FAACQ               
0070-0007675800030       ,MOTOPLUS DUAL BAND HANDHELD RADIO TRANSCEIVER               ,      2400.00,06/09/2025,OFF. EQPT.          ,RADIO HANDSET                                     ,         3,MFI-PIGGERY                   ,PIGGERY-SAFETY AND SECURITY DEPT.                 ,FAACQ               
0070-0007675800031       ,MOTOPLUS DUAL BAND HANDHELD RADIO TRANSCEIVER               ,      2400.00,06/09/2025,OFF. EQPT.          ,RADIO HANDSET                                     ,         3,MFI-PIGGERY                   ,PIGGERY-SAFETY AND SECURITY DEPT.                 ,FAACQ               
0070-0007675800032       ,MOTOPLUS DUAL BAND HANDHELD RADIO TRANSCEIVER               ,      2400.00,06/09/2025,OFF. EQPT.          ,RADIO HANDSET                                     ,         3,MFI-PIGGERY                   ,PIGGERY-SAFETY AND SECURITY DEPT.                 ,FAACQ               
0070-0007675800033       ,MOTOPLUS DUAL BAND HANDHELD RADIO TRANSCEIVER               ,      2400.00,06/09/2025,OFF. EQPT.          ,RADIO HANDSET                                     ,         3,MFI-PIGGERY                   ,PIGGERY-SAFETY AND SECURITY DEPT.                 ,FAACQ               
0070-0007675800034       ,MOTOPLUS DUAL BAND HANDHELD RADIO TRANSCEIVER               ,      2400.00,06/09/2025,OFF. EQPT.          ,RADIO HANDSET                                     ,         3,MFI-PIGGERY                   ,PIGGERY-SAFETY AND SECURITY DEPT.                 ,FAACQ               
0070-0007675800035       ,MOTOPLUS DUAL BAND HANDHELD RADIO TRANSCEIVER               ,      2400.00,06/09/2025,OFF. EQPT.          ,RADIO HANDSET                                     ,         3,MFI-PIGGERY                   ,PIGGERY-SAFETY AND SECURITY DEPT.                 ,FAACQ               
0116-0010194200002       ,DJ 230V 500 GPM 110PSI ( ALARM CHECK VALVE                  ,    704400.00,01/21/2025,MACH. & EQPT.       ,MACH. & EQUIPMENT                                 ,         5,MFI-PIGGERY                   ,PIGGERY-MAIN ADMIN                                ,FA_TRAN             
0070-0012129600001       ,CPU SET I3                                                  ,     14017.86,06/20/2025,OFF. EQPT.          ,CPU                                               ,         3,MFI-PIGGERY                   ,PIGGERY-GROWING                                   ,FAACQ               
0070-0008166400001       ,EPSON LQ310 DOT MATRIX PRINTER                              ,     13495.54,06/20/2025,OFF. EQPT.          ,PRINTER                                           ,         3,MFI-PIGGERY                   ,PIGGERY-MAIN ADMIN                                ,FAACQ               
0070-0011819800001       ,TOYOTA INNOVA CS#:HZ674B PL#:GBK-9996                       ,   1223214.00,06/24/2025,TRNS. EQPT.         ,VEHICLE                                           ,        10,MFI-PIGGERY                   ,PIGGERY-MAIN ADMIN                                ,FAACQ               
0070-0000449700001       ,ALUMINUM LADDER 5 STEPS                                     ,      1964.29,07/01/2025,FUR. & FIXT.        ,LADDER                                            ,         3,MFI-PIGGERY                   ,PIGGERY-MAINTENANCE                               ,FAACQ               
0070-0010307700001       ,HONDA BRUSH CUTTER MODEL:GX35-UMK435                        ,     15625.00,06/30/2025,MACH. & EQPT.       ,GRASS CUTTER                                      ,         5,MFI-PIGGERY                   ,PIGGERY-MAINTENANCE                               ,FAACQ               
0070-0010307700002       ,HONDA BRUSH CUTTER MODEL:GX35-UMK435                        ,     15625.00,06/30/2025,MACH. & EQPT.       ,GRASS CUTTER                                      ,         5,MFI-PIGGERY                   ,PIGGERY-MAINTENANCE                               ,FAACQ               
0106-0006900700001       ,FORKLIFT 25T CPCD250 ENGINE                                 ,   7530530.00,01/26/2022,MACH. & EQPT.       ,FORKLIFT                                          ,        10,MFI-PIGGERY                   ,PIGGERY-MAIN ADMIN                                ,FA_TRAN             
0070-0007917000003       ,GOULDS PUMP 1HP 220V SHALLOW                                ,     16517.85,07/07/2025,MACH. & EQPT.       ,PUMP                                              ,         5,MFI-PIGGERY                   ,PIGGERY-MAINTENANCE                               ,FAACQ               
0070-0012133000001       ,VAREM PRESSURE TANK 100L HORIZONTAL                         ,     13392.86,07/07/2025,MACH. & EQPT.       ,TANK                                              ,         5,MFI-PIGGERY                   ,PIGGERY-MAINTENANCE                               ,FAACQ               
0070-0006505500005       ,PORTABLE WELDING MACHINE INVERTER                           ,      4642.86,07/07/2025,MACH. & EQPT.       ,MACHINE MOTOR                                     ,         5,MFI-PIGGERY                   ,PIGGERY-MAINTENANCE                               ,FAACQ               
0070-0006505500006       ,PORTABLE WELDING MACHINE INVERTER                           ,      4642.86,07/07/2025,MACH. & EQPT.       ,MACHINE MOTOR                                     ,         5,MFI-PIGGERY                   ,PIGGERY-MAINTENANCE                               ,FAACQ               
0070-0010242000001       ,CARRIER A/C WCARH009EEVC2 1 HP                              ,     19464.29,07/10/2025,MACH. & EQPT.       ,AIRCON                                            ,         5,MFI-PIGGERY                   ,PIGGERY-GROWING                                   ,FAACQ               
0070-0011081200001       ,CARRIER A/C WCARZ006EC/EC1                                  ,     10982.14,07/10/2025,MACH. & EQPT.       ,AIRCON                                            ,         5,MFI-PIGGERY                   ,PIGGERY-MAIN ADMIN                                ,FAACQ               
0070-0010242000002       ,CARRIER A/C WCARH009EEVC2 1 HP                              ,     19464.29,07/10/2025,MACH. & EQPT.       ,AIRCON                                            ,         5,MFI-PIGGERY                   ,PIGGERY-SAFETY AND SECURITY DEPT.                 ,FAACQ               
0127-0010304100001       ,PADDLE WHEEL AERATOR 1HP 3PHASE 460VOLTS                    ,     22455.00,11/30/2024,MACH. & EQPT.       ,MACHINE MOTOR                                     ,         5,MFI-PIGGERY                   ,PIGGERY-MAIN ADMIN                                ,FA_TRAN             
0127-0010304100002       ,PADDLE WHEEL AERATOR 1HP 3PHASE 460VOLTS                    ,     22455.00,11/30/2024,MACH. & EQPT.       ,MACHINE MOTOR                                     ,         5,MFI-PIGGERY                   ,PIGGERY-MAIN ADMIN                                ,FA_TRAN             
0127-0010304100003       ,PADDLE WHEEL AERATOR 1HP 3PHASE 460VOLTS                    ,     22455.00,11/30/2024,MACH. & EQPT.       ,MACHINE MOTOR                                     ,         5,BISAYAN MARINE HATCHERY INC.  ,BMHI-ADMIN                                        ,FA_TRAN             
0127-0010304100004       ,PADDLE WHEEL AERATOR 1HP 3PHASE 460VOLTS                    ,     22455.00,11/30/2024,MACH. & EQPT.       ,MACHINE MOTOR                                     ,         5,BISAYAN MARINE HATCHERY INC.  ,BMHI-ADMIN                                        ,FA_TRAN             
0127-0010304100005       ,PADDLE WHEEL AERATOR 1HP 3PHASE 460VOLTS                    ,     22455.00,11/30/2024,MACH. & EQPT.       ,MACHINE MOTOR                                     ,         5,BISAYAN MARINE HATCHERY INC.  ,BMHI-ADMIN                                        ,FA_TRAN             
0127-0011617400001       ,HITACHI (JAPAN) SUBMERSIBLE MOTOR 15HP                      ,     86194.80,06/27/2024,MACH. & EQPT.       ,OTHERS                                            ,         5,MFI-CATAGBACAN                ,MFI-CATAGBACAN ADMIN                              ,FA_TRAN             
0127-0011617400002       ,HITACHI (JAPAN) SUBMERSIBLE MOTOR 15HP                      ,     86194.80,06/27/2024,MACH. & EQPT.       ,OTHERS                                            ,         5,MFI-MARIBOJOC FARM            ,MFI-MARIBOJOC ADMIN                               ,FA_TRAN             
0070-0005988500003       ,MAKITA CUT-OFF SAW MODEL:M2401                              ,      9282.14,07/18/2025,MACH. & EQPT.       ,OTHERS                                            ,         3,MFI-PIGGERY                   ,PIGGERY-MAINTENANCE                               ,FAACQ               
0070-0000949000021       ,POWER SPRAYER HEAVY DUTY-WULI                               ,     27900.00,07/26/2025,STR. EQPT.          ,SPRAYER                                           ,         2,MFI-PIGGERY                   ,PIGGERY-MAINTENANCE                               ,FAACQ               
0070-0000949000022       ,POWER SPRAYER HEAVY DUTY-WULI                               ,     27900.00,07/26/2025,STR. EQPT.          ,SPRAYER                                           ,         2,MFI-PIGGERY                   ,PIGGERY-MAINTENANCE                               ,FAACQ               
0070-0000949000023       ,POWER SPRAYER HEAVY DUTY-WULI                               ,     27900.00,07/26/2025,STR. EQPT.          ,SPRAYER                                           ,         2,MFI-PIGGERY                   ,PIGGERY-MAINTENANCE                               ,FAACQ               
0070-0000949000024       ,POWER SPRAYER HEAVY DUTY-WULI                               ,     27900.00,07/26/2025,STR. EQPT.          ,SPRAYER                                           ,         2,MFI-PIGGERY                   ,PIGGERY-MAINTENANCE                               ,FAACQ               
0070-0000949000025       ,POWER SPRAYER HEAVY DUTY-WULI                               ,     27900.00,07/26/2025,STR. EQPT.          ,SPRAYER                                           ,         2,MFI-PIGGERY                   ,PIGGERY-MAINTENANCE                               ,FAACQ               
0070-0000949000026       ,POWER SPRAYER HEAVY DUTY-WULI                               ,     27900.00,07/26/2025,STR. EQPT.          ,SPRAYER                                           ,         2,MFI-PIGGERY                   ,PIGGERY-MAINTENANCE                               ,FAACQ               
0070-0000949000027       ,POWER SPRAYER HEAVY DUTY-WULI                               ,     27900.00,07/26/2025,STR. EQPT.          ,SPRAYER                                           ,         2,MFI-PIGGERY                   ,PIGGERY-MAINTENANCE                               ,FAACQ               
0070-0000949000028       ,POWER SPRAYER HEAVY DUTY-WULI                               ,     27900.00,07/26/2025,STR. EQPT.          ,SPRAYER                                           ,         2,MFI-PIGGERY                   ,PIGGERY-MAINTENANCE                               ,FAACQ               
0070-0000949000029       ,POWER SPRAYER HEAVY DUTY-WULI                               ,     27900.00,07/26/2025,STR. EQPT.          ,SPRAYER                                           ,         2,MFI-PIGGERY                   ,PIGGERY-MAINTENANCE                               ,FAACQ               
0070-0000949000030       ,POWER SPRAYER HEAVY DUTY-WULI                               ,     27900.00,07/26/2025,STR. EQPT.          ,SPRAYER                                           ,         2,MFI-PIGGERY                   ,PIGGERY-MAINTENANCE                               ,FAACQ               
0070-0011860000001       ,MONTANA PRESSURE TANK 60L HORIZONTAL                        ,      4598.21,07/28/2025,STR. EQPT.          ,TANK                                              ,         5,MFI-PIGGERY                   ,PIGGERY-LOGISTICS                                 ,FAACQ               
0070-0010074500001       ,CARRIER A/C WCARJ012EEV 1.5HP                               ,     31249.11,07/28/2025,STR. EQPT.          ,AIRCON                                            ,         5,MFI-PIGGERY                   ,PIGGERY-MAINTENANCE WAREHOUSE                     ,FAACQ               
0070-0010074500002       ,CARRIER A/C WCARJ012EEV 1.5HP                               ,     31249.11,07/28/2025,STR. EQPT.          ,AIRCON                                            ,         5,MFI-PIGGERY                   ,PIGGERY-MAINTENANCE WAREHOUSE                     ,FAACQ               
0070-0012175300001       ,CARRIER A/C WCARJ009EEV 1HP                                 ,     28124.11,07/28/2025,STR. EQPT.          ,AIRCON                                            ,         5,MFI-PIGGERY                   ,PIGGERY-MAINTENANCE WAREHOUSE                     ,FAACQ               
0070-0011790600001       ,AOC 22B30HM2 21.5"" MONITOR 100HZ FHD (VGAHDMI)              ,      3437.50,07/28/2025,OFF. EQPT.          ,MONITOR                                           ,         3,MFI-PIGGERY                   ,PIGGERY-ENGINEERING                               ,FAACQ               
0070-0003252900001       ,TOYOTA INNOVA CS#:YF5356 PL#:AOA-9939                       ,    842000.00,07/22/2014,TRNS. EQPT.         ,VEHICLE                                           ,         5,MFI-PIGGERY                   ,PIGGERY-LOGISTICS                                 ,FABB                
0070-0010997100001       ,FUSO FJ1823 HOGVAN BODY PL#:GBI-7315                        ,   1071429.00,07/31/2025,TRNS. EQPT.         ,VEHICLE                                           ,        10,MFI-PIGGERY                   ,PIGGERY-LOGISTICS                                 ,FAACQ               
0070-0012212100001       ,FUJIDENZO CHILLER ISUP110H 11C                              ,     22946.43,08/05/2025,STR. EQPT.          ,CHILLER                                           ,        10,MFI-PIGGERY                   ,PIGGERY-MAIN ADMIN                                ,FAACQ               
0070-0001213300016       ,DOUBLE DECK                                                 ,      6821.43,07/17/2025,FUR. & FIXT.        ,BED                                               ,         5,MFI-PIGGERY                   ,PIGGERY-MAINTENANCE WAREHOUSE                     ,FAACQ               
0070-0001213300017       ,DOUBLE DECK                                                 ,      6821.43,07/17/2025,FUR. & FIXT.        ,BED                                               ,         5,MFI-PIGGERY                   ,PIGGERY-MAINTENANCE WAREHOUSE                     ,FAACQ               
0070-0001213300018       ,DOUBLE DECK                                                 ,      6821.43,07/17/2025,FUR. & FIXT.        ,BED                                               ,         5,MFI-PIGGERY                   ,PIGGERY-MAINTENANCE WAREHOUSE                     ,FAACQ               
0070-0001213300019       ,DOUBLE DECK                                                 ,      6821.43,07/17/2025,FUR. & FIXT.        ,BED                                               ,         5,MFI-PIGGERY                   ,PIGGERY-MAINTENANCE WAREHOUSE                     ,FAACQ               
0070-0001213300020       ,DOUBLE DECK                                                 ,      6821.43,07/17/2025,FUR. & FIXT.        ,BED                                               ,         5,MFI-PIGGERY                   ,PIGGERY-MAINTENANCE WAREHOUSE                     ,FAACQ               
0070-0001213300021       ,DOUBLE DECK                                                 ,      6821.43,07/17/2025,FUR. & FIXT.        ,BED                                               ,         5,MFI-PIGGERY                   ,PIGGERY-MAINTENANCE WAREHOUSE                     ,FAACQ               
0070-0001213300022       ,DOUBLE DECK                                                 ,      6821.43,07/17/2025,FUR. & FIXT.        ,BED                                               ,         5,MFI-PIGGERY                   ,PIGGERY-MAINTENANCE WAREHOUSE                     ,FAACQ               
0070-0001213300023       ,DOUBLE DECK                                                 ,      6821.43,07/17/2025,FUR. & FIXT.        ,BED                                               ,         5,MFI-PIGGERY                   ,PIGGERY-MAINTENANCE WAREHOUSE                     ,FAACQ               
0070-0000483800001       ,ALUMINUM LADDER 4 STEPS                                     ,      2213.20,08/02/2025,FUR. & FIXT.        ,LADDER                                            ,         3,MFI-PIGGERY                   ,PIGGERY-MAINTENANCE                               ,FAACQ               
0070-0003908400001       ,DOWELL ORBIT FAN OF-160                                     ,      2060.72,08/22/2025,STR. EQPT.          ,FAN                                               ,         3,MFI-PIGGERY                   ,PIGGERY-MAINTENANCE WAREHOUSE                     ,FAACQ               
0070-0003908400002       ,DOWELL ORBIT FAN OF-160                                     ,      2060.72,08/22/2025,STR. EQPT.          ,FAN                                               ,         3,MFI-PIGGERY                   ,PIGGERY-MAINTENANCE WAREHOUSE                     ,FAACQ               
0070-0012274500001       ,APC BVX6501-PH 650VA 230V 360W/4NEMA                        ,      2276.79,08/29/2025,OFF. EQPT.          ,OTHERS                                            ,         5,MFI-PIGGERY                   ,PIGGERY-MAINTENANCE WAREHOUSE                     ,FAACQ               
0070-0012274500002       ,APC BVX6501-PH 650VA 230V 360W/4NEMA                        ,      2276.79,08/29/2025,OFF. EQPT.          ,OTHERS                                            ,         5,MFI-PIGGERY                   ,PIGGERY-MAINTENANCE WAREHOUSE                     ,FAACQ               
0070-0007968400001       ,CPU SET CORE I3                                             ,     14598.21,09/04/2025,OFF. EQPT.          ,CPU                                               ,         3,MFI-PIGGERY                   ,PIGGERY-FARROWING                                 ,FAACQ               
0070-0006485600002       ,VAREM PRESSURE TANK 60L HORIZONTAL                          ,      4598.21,09/08/2025,MACH. & EQPT.       ,TANK                                              ,         5,MFI-PIGGERY                   ,PIGGERY-MAINTENANCE                               ,FAACQ               
0070-0006485600003       ,VAREM PRESSURE TANK 60L HORIZONTAL                          ,      4598.21,09/08/2025,MACH. & EQPT.       ,TANK                                              ,         5,MFI-PIGGERY                   ,PIGGERY-MAINTENANCE                               ,FAACQ               
0070-0007917000004       ,GOULDS PUMP 1HP 220V SHALLOW                                ,     17833.93,09/08/2025,MACH. & EQPT.       ,PUMP                                              ,         5,MFI-PIGGERY                   ,PIGGERY-MAINTENANCE                               ,FAACQ               
0070-0007917000005       ,GOULDS PUMP 1HP 220V SHALLOW                                ,     17833.93,09/08/2025,MACH. & EQPT.       ,PUMP                                              ,         5,MFI-PIGGERY                   ,PIGGERY-MAINTENANCE                               ,FAACQ               
FAD-0026-0004542300028   ,CISCO IP PHONE 7821                                         ,      7738.10,10/03/2024,OFF. EQPT.          ,TELEPHONE                                         ,         3,MFI-PIGGERY                   ,PIGGERY-MAIN ADMIN                                ,FA_TRAN             
0070-0009242700021       ,WL-25ASB PUMP ONLY                                          ,     23500.00,09/26/2025,MACH. & EQPT.       ,PUMP                                              ,         5,MFI-PIGGERY                   ,PIGGERY-MAINTENANCE                               ,FAACQ               
0070-0009242700022       ,WL-25ASB PUMP ONLY                                          ,     23500.00,09/26/2025,MACH. & EQPT.       ,PUMP                                              ,         5,MFI-PIGGERY                   ,PIGGERY-MAINTENANCE                               ,FAACQ               
0070-0009242700023       ,WL-25ASB PUMP ONLY                                          ,     23500.00,09/26/2025,MACH. & EQPT.       ,PUMP                                              ,         5,MFI-PIGGERY                   ,PIGGERY-MAINTENANCE                               ,FAACQ               
0070-0009242700024       ,WL-25ASB PUMP ONLY                                          ,     23500.00,09/26/2025,MACH. & EQPT.       ,PUMP                                              ,         5,MFI-PIGGERY                   ,PIGGERY-MAINTENANCE                               ,FAACQ               
0070-0009242700025       ,WL-25ASB PUMP ONLY                                          ,     23500.00,09/26/2025,MACH. & EQPT.       ,PUMP                                              ,         5,MFI-PIGGERY                   ,PIGGERY-MAINTENANCE                               ,FAACQ               
0070-0009242700026       ,WL-25ASB PUMP ONLY                                          ,     23500.00,09/26/2025,MACH. & EQPT.       ,PUMP                                              ,         5,MFI-PIGGERY                   ,PIGGERY-MAINTENANCE                               ,FAACQ               
0070-0009242700027       ,WL-25ASB PUMP ONLY                                          ,     23500.00,09/26/2025,MACH. & EQPT.       ,PUMP                                              ,         5,MFI-PIGGERY                   ,PIGGERY-MAINTENANCE                               ,FAACQ               
0070-0009242700028       ,WL-25ASB PUMP ONLY                                          ,     23500.00,09/26/2025,MACH. & EQPT.       ,PUMP                                              ,         5,MFI-PIGGERY                   ,PIGGERY-MAINTENANCE                               ,FAACQ               
0070-0009242700029       ,WL-25ASB PUMP ONLY                                          ,     23500.00,09/26/2025,MACH. & EQPT.       ,PUMP                                              ,         5,MFI-PIGGERY                   ,PIGGERY-MAINTENANCE                               ,FAACQ               
0070-0009242700030       ,WL-25ASB PUMP ONLY                                          ,     23500.00,09/26/2025,MACH. & EQPT.       ,PUMP                                              ,         5,MFI-PIGGERY                   ,PIGGERY-MAINTENANCE                               ,FAACQ               
0070-0009242700031       ,WL-25ASB PUMP ONLY                                          ,     23500.00,09/26/2025,MACH. & EQPT.       ,PUMP                                              ,         5,MFI-PIGGERY                   ,PIGGERY-MAINTENANCE                               ,FAACQ               
0070-0009242700032       ,WL-25ASB PUMP ONLY                                          ,     23500.00,09/26/2025,MACH. & EQPT.       ,PUMP                                              ,         5,MFI-PIGGERY                   ,PIGGERY-MAINTENANCE                               ,FAACQ               
0070-0009242700033       ,WL-25ASB PUMP ONLY                                          ,     23500.00,09/26/2025,MACH. & EQPT.       ,PUMP                                              ,         5,MFI-PIGGERY                   ,PIGGERY-MAINTENANCE                               ,FAACQ               
0070-0009242700034       ,WL-25ASB PUMP ONLY                                          ,     23500.00,09/26/2025,MACH. & EQPT.       ,PUMP                                              ,         5,MFI-PIGGERY                   ,PIGGERY-MAINTENANCE                               ,FAACQ               
0070-0009242700035       ,WL-25ASB PUMP ONLY                                          ,     23500.00,09/26/2025,MACH. & EQPT.       ,PUMP                                              ,         5,MFI-PIGGERY                   ,PIGGERY-MAINTENANCE                               ,FAACQ               
0070-0009242700036       ,WL-25ASB PUMP ONLY                                          ,     23500.00,09/26/2025,MACH. & EQPT.       ,PUMP                                              ,         5,MFI-PIGGERY                   ,PIGGERY-MAINTENANCE                               ,FAACQ               
0070-0009242700037       ,WL-25ASB PUMP ONLY                                          ,     23500.00,09/26/2025,MACH. & EQPT.       ,PUMP                                              ,         5,MFI-PIGGERY                   ,PIGGERY-MAINTENANCE                               ,FAACQ               
0070-0009242700038       ,WL-25ASB PUMP ONLY                                          ,     23500.00,09/26/2025,MACH. & EQPT.       ,PUMP                                              ,         5,MFI-PIGGERY                   ,PIGGERY-MAINTENANCE                               ,FAACQ               
0070-0009242700039       ,WL-25ASB PUMP ONLY                                          ,     23500.00,09/26/2025,MACH. & EQPT.       ,PUMP                                              ,         5,MFI-PIGGERY                   ,PIGGERY-MAINTENANCE                               ,FAACQ               
0070-0009242700040       ,WL-25ASB PUMP ONLY                                          ,     23500.00,09/26/2025,MACH. & EQPT.       ,PUMP                                              ,         5,MFI-PIGGERY                   ,PIGGERY-MAINTENANCE                               ,FAACQ               
0070-0000949000031       ,POWER SPRAYER HEAVY DUTY-WULI                               ,     27900.00,09/26/2025,STR. EQPT.          ,SPRAYER                                           ,         2,MFI-PIGGERY                   ,PIGGERY-MAINTENANCE                               ,FAACQ               
0070-0000949000032       ,POWER SPRAYER HEAVY DUTY-WULI                               ,     27900.00,09/26/2025,STR. EQPT.          ,SPRAYER                                           ,         2,MFI-PIGGERY                   ,PIGGERY-MAINTENANCE                               ,FAACQ               
0070-0000949000033       ,POWER SPRAYER HEAVY DUTY-WULI                               ,     27900.00,09/26/2025,STR. EQPT.          ,SPRAYER                                           ,         2,MFI-PIGGERY                   ,PIGGERY-MAINTENANCE                               ,FAACQ               
0070-0000949000034       ,POWER SPRAYER HEAVY DUTY-WULI                               ,     27900.00,09/26/2025,STR. EQPT.          ,SPRAYER                                           ,         2,MFI-PIGGERY                   ,PIGGERY-MAINTENANCE                               ,FAACQ               
0070-0000949000035       ,POWER SPRAYER HEAVY DUTY-WULI                               ,     27900.00,09/26/2025,STR. EQPT.          ,SPRAYER                                           ,         2,MFI-PIGGERY                   ,PIGGERY-MAINTENANCE                               ,FAACQ               
0070-0000949000036       ,POWER SPRAYER HEAVY DUTY-WULI                               ,     27900.00,09/26/2025,STR. EQPT.          ,SPRAYER                                           ,         2,MFI-PIGGERY                   ,PIGGERY-MAINTENANCE                               ,FAACQ               
0070-0000949000037       ,POWER SPRAYER HEAVY DUTY-WULI                               ,     27900.00,09/26/2025,STR. EQPT.          ,SPRAYER                                           ,         2,MFI-PIGGERY                   ,PIGGERY-MAINTENANCE                               ,FAACQ               
0070-0000949000038       ,POWER SPRAYER HEAVY DUTY-WULI                               ,     27900.00,09/26/2025,STR. EQPT.          ,SPRAYER                                           ,         2,MFI-PIGGERY                   ,PIGGERY-MAINTENANCE                               ,FAACQ               
0070-0000949000039       ,POWER SPRAYER HEAVY DUTY-WULI                               ,     27900.00,09/26/2025,STR. EQPT.          ,SPRAYER                                           ,         2,MFI-PIGGERY                   ,PIGGERY-MAINTENANCE                               ,FAACQ               
0070-0000949000040       ,POWER SPRAYER HEAVY DUTY-WULI                               ,     27900.00,09/26/2025,STR. EQPT.          ,SPRAYER                                           ,         2,MFI-PIGGERY                   ,PIGGERY-MAINTENANCE                               ,FAACQ               
0070-0000949000041       ,POWER SPRAYER HEAVY DUTY-WULI                               ,     27900.00,09/26/2025,STR. EQPT.          ,SPRAYER                                           ,         2,MFI-PIGGERY                   ,PIGGERY-MAINTENANCE                               ,FAACQ               
0070-0000949000042       ,POWER SPRAYER HEAVY DUTY-WULI                               ,     27900.00,09/26/2025,STR. EQPT.          ,SPRAYER                                           ,         2,MFI-PIGGERY                   ,PIGGERY-MAINTENANCE                               ,FAACQ               
0070-0000949000043       ,POWER SPRAYER HEAVY DUTY-WULI                               ,     27900.00,09/26/2025,STR. EQPT.          ,SPRAYER                                           ,         2,MFI-PIGGERY                   ,PIGGERY-MAINTENANCE                               ,FAACQ               
0070-0000949000044       ,POWER SPRAYER HEAVY DUTY-WULI                               ,     27900.00,09/26/2025,STR. EQPT.          ,SPRAYER                                           ,         2,MFI-PIGGERY                   ,PIGGERY-MAINTENANCE                               ,FAACQ               
0070-0000949000045       ,POWER SPRAYER HEAVY DUTY-WULI                               ,     27900.00,09/26/2025,STR. EQPT.          ,SPRAYER                                           ,         2,MFI-PIGGERY                   ,PIGGERY-MAINTENANCE                               ,FAACQ               
0070-0002680000001       ,ORBIT FAN                                                   ,      2199.75,10/02/2025,STR. EQPT.          ,FAN                                               ,         3,MFI-PIGGERY                   ,PIGGERY-GROWING                                   ,FAACQ               
0070-0002680000002       ,ORBIT FAN                                                   ,      2199.75,10/02/2025,STR. EQPT.          ,FAN                                               ,         3,MFI-PIGGERY                   ,PIGGERY-GROWING                                   ,FAACQ               
0070-0004513700019       ,EBARA ALL SS304 END SUCTION CENTRIFUGAL                     ,     91695.50,10/09/2025,MACH. & EQPT.       ,PUMP                                              ,         5,MFI-PIGGERY                   ,PIGGERY-MAINTENANCE WAREHOUSE                     ,FAACQ               
0070-0004513700020       ,EBARA ALL SS304 END SUCTION CENTRIFUGAL                     ,     91695.50,10/09/2025,MACH. & EQPT.       ,PUMP                                              ,         5,MFI-PIGGERY                   ,PIGGERY-MAINTENANCE WAREHOUSE                     ,FAACQ               
0070-0005030100014       ,SUBMERSIBLE PUMP EBARA MODEL: DML 67.5                      ,    116256.80,10/09/2025,MACH. & EQPT.       ,PUMP                                              ,         5,MFI-PIGGERY                   ,PIGGERY-MAINTENANCE WAREHOUSE                     ,FAACQ               
0070-0005030100015       ,SUBMERSIBLE PUMP EBARA MODEL: DML 67.5                      ,    116256.80,10/09/2025,MACH. & EQPT.       ,PUMP                                              ,         5,MFI-PIGGERY                   ,PIGGERY-MAINTENANCE WAREHOUSE                     ,FAACQ               
0070-0007922600002       ,QUICK DISCHARGE CONNECTOR MODEL LL100                       ,     28654.84,10/09/2025,MACH. & EQPT.       ,PUMP                                              ,         5,MFI-PIGGERY                   ,PIGGERY-MAINTENANCE WAREHOUSE                     ,FAACQ               
0070-0011236600001       ,TECNO SPARK 30C 4+256GB BLACK                               ,      4999.11,10/10/2025,OFF. EQPT.          ,CELLPHONE                                         ,         3,MFI-PIGGERY                   ,PIGGERY-MAIN ADMIN                                ,FAACQ               
0110-0006803400002       ,PANELBOARD THERMOPLASTIC ENCLOSURE 40AT 2P                  ,      2903.20,01/27/2025,ELEC. INTS. & EQPT. ,ELECTRICAL PARTS                                  ,         3,COLONNADE MOHON               ,TALISAY MOHON-ADMIN                               ,FA_TRAN             
0110-0011191200001       ,JIYO SUBMERSIBLE PUMP 5HP 230V JSP_SN_25-26 SINGLE          ,     78000.00,04/16/2025,MACH. & EQPT.       ,PUMP                                              ,         5,MFI-BREEDER RIZAL BILAR       ,BRB-RIZAL ADMIN                                   ,FA_TRAN             
0110-0011191200002       ,JIYO SUBMERSIBLE PUMP 5HP 230V JSP_SN_25-26 SINGLE          ,     78000.00,04/16/2025,MACH. & EQPT.       ,PUMP                                              ,         5,MFI-BREEDER RIZAL BILAR       ,BRB-RIZAL ADMIN                                   ,FA_TRAN             
0110-0011191300001       ,JIYO DIGITAL CONTROL BOX 5HP COMPLETE W/CIRCUIT             ,     22000.00,04/16/2025,ELEC. INTS. & EQPT. ,CIRCUIT BREAKER                                   ,         3,MFI-BREEDER RIZAL BILAR       ,BRB-RIZAL ADMIN                                   ,FA_TRAN             
0110-0011348800001       ,LPP-WAREHOUSE PANELBOARD                                    ,     11380.05,05/03/2025,ELEC. INTS. & EQPT. ,PANEL BOARD                                       ,         5,GROWOUT-LOMANGOG              ,GROWOUT LOMANGOG PHASE 1                          ,FA_TRAN             
0110-0011365200001       ,LPP-MIC PANEL WALL MOUNTED 50A 3P 100AF 400V                ,     10499.40,02/27/2025,ELEC. INTS. & EQPT. ,PANEL BOARD                                       ,         5,MIC-UBAY                      ,MIC UBAY-ADMIN                                    ,FA_TRAN             
0110-0011365300001       ,2LPP-MIC PANEL WALL MOUNTED 50A 3P 100AF 40V                ,     10481.35,02/27/2025,ELEC. INTS. & EQPT. ,PANEL BOARD                                       ,         5,MIC-UBAY                      ,MIC UBAY-ADMIN                                    ,FA_TRAN             
0110-0011365400001       ,2LPP-MIC PANEL WALL MOUNTED 40A 3P 100AF 400V               ,     10481.35,02/27/2025,ELEC. INTS. & EQPT. ,PANEL BOARD                                       ,         5,MIC-UBAY                      ,MIC UBAY-ADMIN                                    ,FA_TRAN             
0110-0011365600001       ,2ACCU-MIC PANEL WALL MOUNTED 125A 3P 250AF 18KAIC           ,     15974.25,02/27/2025,ELEC. INTS. & EQPT. ,PANEL BOARD                                       ,         5,MIC-UBAY                      ,MIC UBAY-ADMIN                                    ,FA_TRAN             
0110-0011365800001       ,ACCU-MIC PANEL WALL MOUNTED 60A 3P 100AF 15KAIC             ,     10447.15,02/27/2025,ELEC. INTS. & EQPT. ,PANEL BOARD                                       ,         5,MIC-UBAY                      ,MIC UBAY-ADMIN                                    ,FA_TRAN             
0110-0011365900001       ,1ACCU-MIC PANEL WALL MOUNTED 160A 3P 250AF 18KAIC           ,     14687.95,02/27/2025,ELEC. INTS. & EQPT. ,PANEL BOARD                                       ,         5,MIC-UBAY                      ,MIC UBAY-ADMIN                                    ,FA_TRAN             
0110-0011366000001       ,1LPP-MIC PANEL WALL MOUNTED 50A 3P 100AF 15KAIC             ,     10517.45,02/27/2025,ELEC. INTS. & EQPT. ,PANEL BOARD                                       ,         5,MIC-UBAY                      ,MIC UBAY-ADMIN                                    ,FA_TRAN             
0110-0011401000001       ,NEMA-1 PANEL BOARD SURFACE MOUNTED                          ,      3570.10,05/06/2025,ELEC. INTS. & EQPT. ,PANEL BOARD                                       ,         5,MFI-BREEDER LAPSAON DIMIAO    ,BLD-LAPSAON ADMIN                                 ,FA_TRAN             
0110-0011432600001       ,MTS-EE RM3 SURFACE MOUNTED ENCLOSURE NEMA-1 HINGE           ,     50597.00,06/04/2025,ELEC. INTS. & EQPT. ,ELECTRICAL PARTS                                  ,         3,MFI-PIGGERY                   ,PIGGERY-ENGINEERING                               ,FA_TRAN             
0070-0012488500001       ,DEWALT HAMMER DRILL  DCD 7781 N-KR20V BRUSHLESS             ,      4437.00,10/16/2025,TOOLS               ,DRILL                                             ,         5,MFI-PIGGERY                   ,PIGGERY-MAINTENANCE                               ,FAACQ               
0070-0012488500002       ,DEWALT HAMMER DRILL  DCD 7781 N-KR20V BRUSHLESS             ,      4437.00,10/16/2025,TOOLS               ,DRILL                                             ,         5,MFI-PIGGERY                   ,PIGGERY-MAINTENANCE                               ,FAACQ               
0070-0012488500003       ,DEWALT HAMMER DRILL  DCD 7781 N-KR20V BRUSHLESS             ,      4437.00,10/16/2025,TOOLS               ,DRILL                                             ,         5,MFI-PIGGERY                   ,PIGGERY-MAINTENANCE                               ,FAACQ               
0070-0012488500004       ,DEWALT HAMMER DRILL  DCD 7781 N-KR20V BRUSHLESS             ,      4437.00,10/16/2025,TOOLS               ,DRILL                                             ,         5,MFI-PIGGERY                   ,PIGGERY-MAINTENANCE                               ,FAACQ               
0070-0002660800002       ,EVER WATER METER SIZE 6"" (150MM) DIAMETER FLANGE T          ,     62649.11,10/23/2025,STR. EQPT.          ,METER                                             ,         3,MFI-PIGGERY                   ,PIGGERY-MAINTENANCE WAREHOUSE                     ,FAACQ               
0070-0002660800003       ,EVER WATER METER SIZE 6"" (150MM) DIAMETER FLANGE T          ,     62649.11,10/23/2025,STR. EQPT.          ,METER                                             ,         3,MFI-PIGGERY                   ,PIGGERY-MAINTENANCE WAREHOUSE                     ,FAACQ               
0110-0011751100001       ,JEFFERSON DRY TYPE  TRANSFORMER 225KVA 3P                   ,    461700.00,07/22/2025,ELEC. INTS. & EQPT. ,TRANSFORMER                                       ,         5,MFI-POULTRY LAYER             ,POULTRY-LAYER                                     ,FA_TRAN             
0110-0011849500001       ,50 KVA DISTRIBUTION TRANSFORMER PRIMARY VOLTAGE             ,    153000.00,08/01/2025,ELEC. INTS. & EQPT. ,TRANSFORMER                                       ,         3,MFI-PIGGERY                   ,PIGGERY-ENGINEERING                               ,FA_TRAN             
0110-0011849500002       ,50 KVA DISTRIBUTION TRANSFORMER PRIMARY VOLTAGE             ,    153000.00,08/01/2025,ELEC. INTS. & EQPT. ,TRANSFORMER                                       ,         3,MFI-PIGGERY                   ,PIGGERY-ENGINEERING                               ,FA_TRAN             
0110-0011849500003       ,50 KVA DISTRIBUTION TRANSFORMER PRIMARY VOLTAGE             ,    153000.00,08/01/2025,ELEC. INTS. & EQPT. ,TRANSFORMER                                       ,         3,MFI-PIGGERY                   ,PIGGERY-ENGINEERING                               ,FA_TRAN             
0110-0012101300001       ,ECB NEMA-1 SURFACE MOUNTED                                  ,      6996.92,07/19/2025,ELEC. INTS. & EQPT. ,ELECTRICAL PARTS                                  ,         3,ISLAND CITY MALL              ,ICM-MALL ADMIN                                    ,FA_TRAN             
0110-0012101600001       ,ECB NEMA-1 SURFAE MOUNED                                    ,      2207.90,07/19/2025,ELEC. INTS. & EQPT. ,ELECTRICAL PARTS                                  ,         3,ISLAND CITY MALL              ,ICM-MALL ADMIN                                    ,FA_TRAN             
0110-0012101600002       ,ECB NEMA-1 SURFAE MOUNED                                    ,      2207.90,07/19/2025,ELEC. INTS. & EQPT. ,ELECTRICAL PARTS                                  ,         3,ISLAND CITY MALL              ,ICM-MALL ADMIN                                    ,FA_TRAN             
0110-0012101600003       ,ECB NEMA-1 SURFAE MOUNED                                    ,      2207.90,07/19/2025,ELEC. INTS. & EQPT. ,ELECTRICAL PARTS                                  ,         3,ISLAND CITY MALL              ,ICM-MALL ADMIN                                    ,FA_TRAN             
0110-0012101600004       ,ECB NEMA-1 SURFAE MOUNED                                    ,      2207.90,07/19/2025,ELEC. INTS. & EQPT. ,ELECTRICAL PARTS                                  ,         3,ISLAND CITY MALL              ,ICM-MALL ADMIN                                    ,FA_TRAN             
0070-0012504100001       ,PRESSURE TANK VERTICAL MODEL:MDA-500VL-PW                   ,     39357.15,10/20/2025,MACH. & EQPT.       ,TANK                                              ,         5,MFI-PIGGERY                   ,PIGGERY-MAINTENANCE                               ,FAACQ               
0070-0012379200001       ,RG-EW1300G                                                  ,      1580.36,10/30/2025,STR. EQPT.          ,ROUTER                                            ,         5,MFI-PIGGERY                   ,PIGGERY-MAIN ADMIN                                ,FAACQ               
0070-0011563200001       ,ALPHA HEATER LH-1000                                        ,      5446.43,10/30/2025,MACH. & EQPT.       ,HEATER                                            ,         5,MFI-PIGGERY                   ,PIGGERY-MAINTENANCE                               ,FAACQ               
0070-0011563200002       ,ALPHA HEATER LH-1000                                        ,      5446.43,10/30/2025,MACH. & EQPT.       ,HEATER                                            ,         5,MFI-PIGGERY                   ,PIGGERY-MAINTENANCE                               ,FAACQ               
0070-0011563200003       ,ALPHA HEATER LH-1000                                        ,      5446.43,10/30/2025,MACH. & EQPT.       ,HEATER                                            ,         5,MFI-PIGGERY                   ,PIGGERY-MAINTENANCE                               ,FAACQ               
0070-0011563200004       ,ALPHA HEATER LH-1000                                        ,      5446.43,10/30/2025,MACH. & EQPT.       ,HEATER                                            ,         5,MFI-PIGGERY                   ,PIGGERY-MAINTENANCE                               ,FAACQ               
0070-0011563200005       ,ALPHA HEATER LH-1000                                        ,      5446.43,10/30/2025,MACH. & EQPT.       ,HEATER                                            ,         5,MFI-PIGGERY                   ,PIGGERY-MAINTENANCE                               ,FAACQ               
0070-0011563200006       ,ALPHA HEATER LH-1000                                        ,      5446.43,10/30/2025,MACH. & EQPT.       ,HEATER                                            ,         5,MFI-PIGGERY                   ,PIGGERY-MAINTENANCE                               ,FAACQ               
0070-0011563200007       ,ALPHA HEATER LH-1000                                        ,      5446.43,10/30/2025,MACH. & EQPT.       ,HEATER                                            ,         5,MFI-PIGGERY                   ,PIGGERY-MAINTENANCE                               ,FAACQ               
0070-0011563200008       ,ALPHA HEATER LH-1000                                        ,      5446.43,10/30/2025,MACH. & EQPT.       ,HEATER                                            ,         5,MFI-PIGGERY                   ,PIGGERY-MAINTENANCE                               ,FAACQ               
0070-0011563200009       ,ALPHA HEATER LH-1000                                        ,      5446.43,10/30/2025,MACH. & EQPT.       ,HEATER                                            ,         5,MFI-PIGGERY                   ,PIGGERY-MAINTENANCE                               ,FAACQ               
0070-0011563200010       ,ALPHA HEATER LH-1000                                        ,      5446.43,10/30/2025,MACH. & EQPT.       ,HEATER                                            ,         5,MFI-PIGGERY                   ,PIGGERY-MAINTENANCE                               ,FAACQ               
0070-0001092900001       ,MAKITA ANGLE GRINDER 9500N                                  ,      6858.93,11/05/2025,TOOLS               ,GRINDER                                           ,         3,MFI-PIGGERY                   ,PIGGERY-MAINTENANCE                               ,FAACQ               
0070-0001092900002       ,MAKITA ANGLE GRINDER 9500N                                  ,      6858.93,11/05/2025,TOOLS               ,GRINDER                                           ,         3,MFI-PIGGERY                   ,PIGGERY-MAINTENANCE                               ,FAACQ               
0070-0007603200001       ,STIHL CHAINSAW 18""                                          ,     22562.41,11/06/2025,MACH. & EQPT.       ,MAINTENANCE SUPPLIES                              ,         5,MFI-PIGGERY                   ,PIGGERY-MAINTENANCE WAREHOUSE                     ,FAACQ               
0070-0001801500001       ,ASAHI STAND FAN                                             ,      2120.54,11/06/2025,STR. EQPT.          ,FAN                                               ,         3,MFI-PIGGERY                   ,PIGGERY-MAIN ADMIN                                ,FAACQ               
0070-0001801500002       ,ASAHI STAND FAN                                             ,      2120.54,11/06/2025,STR. EQPT.          ,FAN                                               ,         3,MFI-PIGGERY                   ,PIGGERY-MAIN ADMIN                                ,FAACQ               
0070-0012446000001       ,XCMG HYDRAULIC EXCAVATOR M:XE135D ENG:77729462              ,   4000000.00,11/11/2025,HEAVY EQPT.         ,VEHICLE                                           ,        10,MFI-PIGGERY                   ,PIGGERY-LOGISTICS                                 ,FAACQ               
0070-0011595500001       ,BAJAJ MAXIMA CHASSIS:MD2B21BX3NWK05507                      ,    202000.00,11/13/2025,TRNS. EQPT.         ,VEHICLE                                           ,         2,MFI-PIGGERY                   ,PIGGERY-LOGISTICS                                 ,FAACQ               
0070-0011595500002       ,BAJAJ MAXIMA CARGO                                          ,    202000.00,11/13/2025,TRNS. EQPT.         ,VEHICLE                                           ,         2,MFI-PIGGERY                   ,PIGGERY-LOGISTICS                                 ,FAACQ               
0070-0007917000006       ,GOULDS PUMP 1HP 220V SHALLOW                                ,     18772.32,11/07/2025,MACH. & EQPT.       ,PUMP                                              ,         5,MFI-PIGGERY                   ,PIGGERY-LOGISTICS                                 ,FAACQ               
0070-0007917000007       ,GOULDS PUMP 1HP 220V SHALLOW                                ,     18772.32,11/07/2025,MACH. & EQPT.       ,PUMP                                              ,         5,MFI-PIGGERY                   ,PIGGERY-LOGISTICS                                 ,FAACQ               
0070-0006401900028       ,MAKITA 7650H MIST BLOWER                                    ,     34500.00,11/13/2025,MACH. & EQPT.       ,MACHINE                                           ,         5,MFI-PIGGERY                   ,PIGGERY-MAINTENANCE                               ,FAACQ               
0070-0006401900029       ,MAKITA 7650H MIST BLOWER                                    ,     34500.00,11/13/2025,MACH. & EQPT.       ,MACHINE                                           ,         5,MFI-PIGGERY                   ,PIGGERY-MAINTENANCE                               ,FAACQ               
0070-0006401900030       ,MAKITA 7650H MIST BLOWER                                    ,     34500.00,11/13/2025,MACH. & EQPT.       ,MACHINE                                           ,         5,MFI-PIGGERY                   ,PIGGERY-MAINTENANCE                               ,FAACQ               
0070-0006401900031       ,MAKITA 7650H MIST BLOWER                                    ,     34500.00,11/13/2025,MACH. & EQPT.       ,MACHINE                                           ,         5,MFI-PIGGERY                   ,PIGGERY-MAINTENANCE                               ,FAACQ               
0070-0006401900032       ,MAKITA 7650H MIST BLOWER                                    ,     34500.00,11/13/2025,MACH. & EQPT.       ,MACHINE                                           ,         5,MFI-PIGGERY                   ,PIGGERY-MAINTENANCE                               ,FAACQ               
0070-0006401900033       ,MAKITA 7650H MIST BLOWER                                    ,     34500.00,11/13/2025,MACH. & EQPT.       ,MACHINE                                           ,         5,MFI-PIGGERY                   ,PIGGERY-MAINTENANCE                               ,FAACQ               
0070-0006401900034       ,MAKITA 7650H MIST BLOWER                                    ,     34500.00,11/13/2025,MACH. & EQPT.       ,MACHINE                                           ,         5,MFI-PIGGERY                   ,PIGGERY-MAINTENANCE                               ,FAACQ               
0070-0006401900035       ,MAKITA 7650H MIST BLOWER                                    ,     34500.00,11/13/2025,MACH. & EQPT.       ,MACHINE                                           ,         5,MFI-PIGGERY                   ,PIGGERY-MAINTENANCE                               ,FAACQ               
0070-0006401900036       ,MAKITA 7650H MIST BLOWER                                    ,     34500.00,11/13/2025,MACH. & EQPT.       ,MACHINE                                           ,         5,MFI-PIGGERY                   ,PIGGERY-MAINTENANCE                               ,FAACQ               
0070-0006401900037       ,MAKITA 7650H MIST BLOWER                                    ,     34500.00,11/13/2025,MACH. & EQPT.       ,MACHINE                                           ,         5,MFI-PIGGERY                   ,PIGGERY-MAINTENANCE                               ,FAACQ               
0070-0012863500001       ,VIVO 729 869373075727371                                    ,      9820.54,11/28/2025,OFF. EQPT.          ,CELLPHONE                                         ,         3,MFI-PIGGERY                   ,PIGGERY-MAIN ADMIN                                ,FAACQ               
0070-0012863400001       ,DELL INSPIRON 5440 CORE 7-150U/8GB+8GB/1TB NVME             ,     54107.15,11/28/2025,OFF. EQPT.          ,LAPTOP                                            ,         3,MFI-PIGGERY                   ,PIGGERY-MAIN ADMIN                                ,FAACQ               
0070-0012855000001       ,FUJIDENZO CHILLER SU140A 14CF                               ,     24553.57,12/04/2025,STR. EQPT.          ,CHILLER                                           ,        10,MFI-PIGGERY                   ,PIGGERY-MAIN ADMIN                                ,FAACQ               
0070-0012855300001       ,TV TCL 2K QLED 32S5K                                        ,      9517.86,12/04/2025,OFF. EQPT.          ,TV                                                ,         3,MFI-PIGGERY                   ,PIGGERY-GROWING                                   ,FAACQ               
0070-0004227600093       ,SUBMERSIBLE PUMP STREAMPLUS .5HP                            ,      8660.71,12/11/2025,MACH. & EQPT.       ,PUMP                                              ,         5,MFI-PIGGERY                   ,PIGGERY-MAINTENANCE                               ,FAACQ               
0070-0004227600094       ,SUBMERSIBLE PUMP STREAMPLUS .5HP                            ,      8660.71,12/11/2025,MACH. & EQPT.       ,PUMP                                              ,         5,MFI-PIGGERY                   ,PIGGERY-MAINTENANCE                               ,FAACQ               
0070-0004227600095       ,SUBMERSIBLE PUMP STREAMPLUS .5HP                            ,      8660.71,12/11/2025,MACH. & EQPT.       ,PUMP                                              ,         5,MFI-PIGGERY                   ,PIGGERY-MAINTENANCE                               ,FAACQ               
0070-0004227600096       ,SUBMERSIBLE PUMP STREAMPLUS .5HP                            ,      8660.71,12/11/2025,MACH. & EQPT.       ,PUMP                                              ,         5,MFI-PIGGERY                   ,PIGGERY-MAINTENANCE                               ,FAACQ               
0070-0004227600097       ,SUBMERSIBLE PUMP STREAMPLUS .5HP                            ,      8660.71,12/11/2025,MACH. & EQPT.       ,PUMP                                              ,         5,MFI-PIGGERY                   ,PIGGERY-MAINTENANCE                               ,FAACQ               
0070-0004227600098       ,SUBMERSIBLE PUMP STREAMPLUS .5HP                            ,      8660.71,12/11/2025,MACH. & EQPT.       ,PUMP                                              ,         5,MFI-PIGGERY                   ,PIGGERY-MAINTENANCE                               ,FAACQ               
0070-0004227600099       ,SUBMERSIBLE PUMP STREAMPLUS .5HP                            ,      8660.71,12/11/2025,MACH. & EQPT.       ,PUMP                                              ,         5,MFI-PIGGERY                   ,PIGGERY-MAINTENANCE                               ,FAACQ               
0070-0004227600100       ,SUBMERSIBLE PUMP STREAMPLUS .5HP                            ,      8660.71,12/11/2025,MACH. & EQPT.       ,PUMP                                              ,         5,MFI-PIGGERY                   ,PIGGERY-MAINTENANCE                               ,FAACQ               
0070-0004227600101       ,SUBMERSIBLE PUMP STREAMPLUS .5HP                            ,      8660.71,12/11/2025,MACH. & EQPT.       ,PUMP                                              ,         5,MFI-PIGGERY                   ,PIGGERY-MAINTENANCE                               ,FAACQ               
0070-0004227600102       ,SUBMERSIBLE PUMP STREAMPLUS .5HP                            ,      8660.71,12/11/2025,MACH. & EQPT.       ,PUMP                                              ,         5,MFI-PIGGERY                   ,PIGGERY-MAINTENANCE                               ,FAACQ               
0070-0004227600103       ,SUBMERSIBLE PUMP STREAMPLUS .5HP                            ,      8660.71,12/11/2025,MACH. & EQPT.       ,PUMP                                              ,         5,MFI-PIGGERY                   ,PIGGERY-MAINTENANCE                               ,FAACQ               
0070-0004227600104       ,SUBMERSIBLE PUMP STREAMPLUS .5HP                            ,      8660.71,12/11/2025,MACH. & EQPT.       ,PUMP                                              ,         5,MFI-PIGGERY                   ,PIGGERY-MAINTENANCE                               ,FAACQ               
0070-0004227600105       ,SUBMERSIBLE PUMP STREAMPLUS .5HP                            ,      8660.71,12/11/2025,MACH. & EQPT.       ,PUMP                                              ,         5,MFI-PIGGERY                   ,PIGGERY-MAINTENANCE                               ,FAACQ               
0070-0004227600106       ,SUBMERSIBLE PUMP STREAMPLUS .5HP                            ,      8660.71,12/11/2025,MACH. & EQPT.       ,PUMP                                              ,         5,MFI-PIGGERY                   ,PIGGERY-MAINTENANCE                               ,FAACQ               
0070-0004227600107       ,SUBMERSIBLE PUMP STREAMPLUS .5HP                            ,      8660.71,12/11/2025,MACH. & EQPT.       ,PUMP                                              ,         5,MFI-PIGGERY                   ,PIGGERY-MAINTENANCE                               ,FAACQ               
0070-0004227600108       ,SUBMERSIBLE PUMP STREAMPLUS .5HP                            ,      8660.71,12/11/2025,MACH. & EQPT.       ,PUMP                                              ,         5,MFI-PIGGERY                   ,PIGGERY-MAINTENANCE                               ,FAACQ               
0070-0004227600109       ,SUBMERSIBLE PUMP STREAMPLUS .5HP                            ,      8660.71,12/11/2025,MACH. & EQPT.       ,PUMP                                              ,         5,MFI-PIGGERY                   ,PIGGERY-MAINTENANCE                               ,FAACQ               
0070-0004227600110       ,SUBMERSIBLE PUMP STREAMPLUS .5HP                            ,      8660.71,12/11/2025,MACH. & EQPT.       ,PUMP                                              ,         5,MFI-PIGGERY                   ,PIGGERY-MAINTENANCE                               ,FAACQ               
0070-0004227600111       ,SUBMERSIBLE PUMP STREAMPLUS .5HP                            ,      8660.71,12/11/2025,MACH. & EQPT.       ,PUMP                                              ,         5,MFI-PIGGERY                   ,PIGGERY-MAINTENANCE                               ,FAACQ               
0070-0004227600112       ,SUBMERSIBLE PUMP STREAMPLUS .5HP                            ,      8660.71,12/11/2025,MACH. & EQPT.       ,PUMP                                              ,         5,MFI-PIGGERY                   ,PIGGERY-MAINTENANCE                               ,FAACQ               
0070-0004227600113       ,SUBMERSIBLE PUMP STREAMPLUS .5HP                            ,      8660.71,12/11/2025,MACH. & EQPT.       ,PUMP                                              ,         5,MFI-PIGGERY                   ,PIGGERY-MAINTENANCE                               ,FAACQ               
0070-0004227600114       ,SUBMERSIBLE PUMP STREAMPLUS .5HP                            ,      8660.71,12/11/2025,MACH. & EQPT.       ,PUMP                                              ,         5,MFI-PIGGERY                   ,PIGGERY-MAINTENANCE                               ,FAACQ               
0070-0004227600115       ,SUBMERSIBLE PUMP STREAMPLUS .5HP                            ,      8660.71,12/11/2025,MACH. & EQPT.       ,PUMP                                              ,         5,MFI-PIGGERY                   ,PIGGERY-MAINTENANCE                               ,FAACQ               
0070-0004227600116       ,SUBMERSIBLE PUMP STREAMPLUS .5HP                            ,      8660.71,12/11/2025,MACH. & EQPT.       ,PUMP                                              ,         5,MFI-PIGGERY                   ,PIGGERY-MAINTENANCE                               ,FAACQ               
0070-0004227600117       ,SUBMERSIBLE PUMP STREAMPLUS .5HP                            ,      8660.71,12/11/2025,MACH. & EQPT.       ,PUMP                                              ,         5,MFI-PIGGERY                   ,PIGGERY-MAINTENANCE                               ,FAACQ               
0070-0004227600118       ,SUBMERSIBLE PUMP STREAMPLUS .5HP                            ,      8660.71,12/11/2025,MACH. & EQPT.       ,PUMP                                              ,         5,MFI-PIGGERY                   ,PIGGERY-MAINTENANCE                               ,FAACQ               
0070-0004227600119       ,SUBMERSIBLE PUMP STREAMPLUS .5HP                            ,      8660.71,12/11/2025,MACH. & EQPT.       ,PUMP                                              ,         5,MFI-PIGGERY                   ,PIGGERY-MAINTENANCE                               ,FAACQ               
0070-0004227600120       ,SUBMERSIBLE PUMP STREAMPLUS .5HP                            ,      8660.71,12/11/2025,MACH. & EQPT.       ,PUMP                                              ,         5,MFI-PIGGERY                   ,PIGGERY-MAINTENANCE                               ,FAACQ               
0070-0004227600121       ,SUBMERSIBLE PUMP STREAMPLUS .5HP                            ,      8660.71,12/11/2025,MACH. & EQPT.       ,PUMP                                              ,         5,MFI-PIGGERY                   ,PIGGERY-MAINTENANCE                               ,FAACQ               
0070-0004227600122       ,SUBMERSIBLE PUMP STREAMPLUS .5HP                            ,      8660.71,12/11/2025,MACH. & EQPT.       ,PUMP                                              ,         5,MFI-PIGGERY                   ,PIGGERY-MAINTENANCE                               ,FAACQ               
0070-0004934600057       ,SUBMERSIBLE PUMP STREAMPLUS 1HP                             ,     11696.43,12/11/2025,MACH. & EQPT.       ,PUMP                                              ,         5,MFI-POULTRY LAYER             ,POULTRY-MAINTENANCE                               ,FA_TRAN             
0070-0004934600058       ,SUBMERSIBLE PUMP STREAMPLUS 1HP                             ,     11696.43,12/11/2025,MACH. & EQPT.       ,PUMP                                              ,         5,MFI-POULTRY LAYER             ,POULTRY-MAINTENANCE                               ,FA_TRAN             
0070-0004934600059       ,SUBMERSIBLE PUMP STREAMPLUS 1HP                             ,     11696.43,12/11/2025,MACH. & EQPT.       ,PUMP                                              ,         5,MFI-PIGGERY                   ,PIGGERY-MAINTENANCE                               ,FAACQ               
0070-0004934600060       ,SUBMERSIBLE PUMP STREAMPLUS 1HP                             ,     11696.43,12/11/2025,MACH. & EQPT.       ,PUMP                                              ,         5,MFI-PIGGERY                   ,PIGGERY-MAINTENANCE                               ,FAACQ               
0070-0004934600061       ,SUBMERSIBLE PUMP STREAMPLUS 1HP                             ,     11696.43,12/11/2025,MACH. & EQPT.       ,PUMP                                              ,         5,MFI-PIGGERY                   ,PIGGERY-MAINTENANCE                               ,FAACQ               
0070-0004934600062       ,SUBMERSIBLE PUMP STREAMPLUS 1HP                             ,     11696.43,12/11/2025,MACH. & EQPT.       ,PUMP                                              ,         5,MFI-PIGGERY                   ,PIGGERY-MAINTENANCE                               ,FAACQ               
0070-0004934600063       ,SUBMERSIBLE PUMP STREAMPLUS 1HP                             ,     11696.43,12/11/2025,MACH. & EQPT.       ,PUMP                                              ,         5,MFI-PIGGERY                   ,PIGGERY-MAINTENANCE                               ,FAACQ               
0070-0004934600064       ,SUBMERSIBLE PUMP STREAMPLUS 1HP                             ,     11696.43,12/11/2025,MACH. & EQPT.       ,PUMP                                              ,         5,MFI-PIGGERY                   ,PIGGERY-MAINTENANCE                               ,FAACQ               
0070-0004934600065       ,SUBMERSIBLE PUMP STREAMPLUS 1HP                             ,     11696.43,12/11/2025,MACH. & EQPT.       ,PUMP                                              ,         5,MFI-PIGGERY                   ,PIGGERY-MAINTENANCE                               ,FAACQ               
0070-0004934600066       ,SUBMERSIBLE PUMP STREAMPLUS 1HP                             ,     11696.43,12/11/2025,MACH. & EQPT.       ,PUMP                                              ,         5,MFI-PIGGERY                   ,PIGGERY-MAINTENANCE                               ,FAACQ               
0070-0004934600067       ,SUBMERSIBLE PUMP STREAMPLUS 1HP                             ,     11696.43,12/11/2025,MACH. & EQPT.       ,PUMP                                              ,         5,MFI-PIGGERY                   ,PIGGERY-MAINTENANCE                               ,FAACQ               
0070-0004934600068       ,SUBMERSIBLE PUMP STREAMPLUS 1HP                             ,     11696.43,12/11/2025,MACH. & EQPT.       ,PUMP                                              ,         5,MFI-PIGGERY                   ,PIGGERY-MAINTENANCE                               ,FAACQ               
0070-0004934600069       ,SUBMERSIBLE PUMP STREAMPLUS 1HP                             ,     11696.43,12/11/2025,MACH. & EQPT.       ,PUMP                                              ,         5,MFI-PIGGERY                   ,PIGGERY-MAINTENANCE                               ,FAACQ               
0070-0004934600070       ,SUBMERSIBLE PUMP STREAMPLUS 1HP                             ,     11696.43,12/11/2025,MACH. & EQPT.       ,PUMP                                              ,         5,MFI-PIGGERY                   ,PIGGERY-MAINTENANCE                               ,FAACQ               
0070-0004934600071       ,SUBMERSIBLE PUMP STREAMPLUS 1HP                             ,     11696.43,12/11/2025,MACH. & EQPT.       ,PUMP                                              ,         5,MFI-PIGGERY                   ,PIGGERY-MAINTENANCE                               ,FAACQ               
0070-0004241600004       ,SPERMACUE                                                   ,    111607.14,12/11/2025,OFF. EQPT.          ,OTHERS                                            ,         3,MFI-PIGGERY                   ,PIGGERY-LABORATORY                                ,FAACQ               
0070-0012622700001       ,BROTHER P-TOUCH PT-D600                                     ,     12600.00,01/05/2026,OFF. EQPT.          ,PRINTER                                           ,         3,MFI-PIGGERY                   ,PIGGERY-ENGINEERING                               ,FAACQ               
0070-0005458600038       ,KARCHER CLASSIC HIGH PRESSURE CLEANERS HD 6/15-4 C          ,     54428.50,01/08/2026,MACH. & EQPT.       ,MACHINE TOOLS                                     ,         5,MFI-PIGGERY                   ,PIGGERY-MAINTENANCE WAREHOUSE                     ,FAACQ               
0070-0005458600039       ,KARCHER CLASSIC HIGH PRESSURE CLEANERS HD 6/15-4 C          ,     54428.50,01/08/2026,MACH. & EQPT.       ,MACHINE TOOLS                                     ,         5,MFI-PIGGERY                   ,PIGGERY-MAINTENANCE WAREHOUSE                     ,FAACQ               
0070-0005458600040       ,KARCHER CLASSIC HIGH PRESSURE CLEANERS HD 6/15-4 C          ,     54428.50,01/08/2026,MACH. & EQPT.       ,MACHINE TOOLS                                     ,         5,MFI-PIGGERY                   ,PIGGERY-MAINTENANCE WAREHOUSE                     ,FAACQ               
0070-0005458600041       ,KARCHER CLASSIC HIGH PRESSURE CLEANERS HD 6/15-4 C          ,     54428.50,01/08/2026,MACH. & EQPT.       ,MACHINE TOOLS                                     ,         5,MFI-PIGGERY                   ,PIGGERY-MAINTENANCE WAREHOUSE                     ,FAACQ               
0070-0005458600042       ,KARCHER CLASSIC HIGH PRESSURE CLEANERS HD 6/15-4 C          ,     54428.50,01/08/2026,MACH. & EQPT.       ,MACHINE TOOLS                                     ,         5,MFI-PIGGERY                   ,PIGGERY-MAINTENANCE WAREHOUSE                     ,FAACQ               
0070-0005458600043       ,KARCHER CLASSIC HIGH PRESSURE CLEANERS HD 6/15-4 C          ,     54428.50,01/08/2026,MACH. & EQPT.       ,MACHINE TOOLS                                     ,         5,MFI-PIGGERY                   ,PIGGERY-MAINTENANCE WAREHOUSE                     ,FAACQ               
0070-0011562700001       ,TP-LINK ARCHER AX12 AX1500 DUAL-BAND WIFI 6 ROUTER          ,      1428.57,01/09/2026,OFF. EQPT.          ,ROUTER                                            ,         5,MFI-PIGGERY                   ,PIGGERY-MARCELA POWERPLANT                        ,FAACQ               
0070-0003837900019       ,HYPO CHLORINATOR (PULSATRON)                                ,     46500.00,12/19/2025,MACH. & EQPT.       ,MACHINE TOOLS                                     ,         5,MFI-PIGGERY                   ,PIGGERY-MAINTENANCE                               ,FAACQ               
0070-0003837900020       ,HYPO CHLORINATOR (PULSATRON)                                ,     46500.00,12/19/2025,MACH. & EQPT.       ,MACHINE TOOLS                                     ,         5,MFI-PIGGERY                   ,PIGGERY-MAINTENANCE                               ,FAACQ               
0070-0002769300004       ,SANWA CLAMP METER                                           ,      5508.93,12/24/2025,TOOLS               ,CLAMP  METER                                      ,         3,MFI-PIGGERY                   ,PIGGERY-ENGINEERING                               ,FAACQ               
0070-0004774300005       ,SALTER HANGING SCALE 5KG X 20G                              ,      8500.00,01/08/2026,STR. EQPT.          ,WEIGHING SCALE                                    ,         3,MFI-PIGGERY                   ,PIGGERY-MAINTENANCE                               ,FAACQ               
0070-0004774300006       ,SALTER HANGING SCALE 5KG X 20G                              ,      8500.00,01/08/2026,STR. EQPT.          ,WEIGHING SCALE                                    ,         3,MFI-PIGGERY                   ,PIGGERY-MAINTENANCE                               ,FAACQ               
0070-0004774300007       ,SALTER HANGING SCALE 5KG X 20G                              ,      8500.00,01/08/2026,STR. EQPT.          ,WEIGHING SCALE                                    ,         3,MFI-PIGGERY                   ,PIGGERY-MAINTENANCE                               ,FAACQ               
0070-0004774300008       ,SALTER HANGING SCALE 5KG X 20G                              ,      8500.00,01/08/2026,STR. EQPT.          ,WEIGHING SCALE                                    ,         3,MFI-PIGGERY                   ,PIGGERY-MAINTENANCE                               ,FAACQ               
0070-0004774300009       ,SALTER HANGING SCALE 5KG X 20G                              ,      8500.00,01/08/2026,STR. EQPT.          ,WEIGHING SCALE                                    ,         3,MFI-PIGGERY                   ,PIGGERY-MAINTENANCE                               ,FAACQ               
0070-0010302900001       ,NUTEX HANGING SCALE 10KLS CAPACITY                          ,      3950.00,01/08/2026,STR. EQPT.          ,WEIGHING SCALE                                    ,         1,MFI-PIGGERY                   ,PIGGERY-MAINTENANCE                               ,FAACQ               
0070-0010302900002       ,NUTEX HANGING SCALE 10KLS CAPACITY                          ,      3950.00,01/08/2026,STR. EQPT.          ,WEIGHING SCALE                                    ,         1,MFI-PIGGERY                   ,PIGGERY-MAINTENANCE                               ,FAACQ               
0070-0010302900003       ,NUTEX HANGING SCALE 10KLS CAPACITY                          ,      3950.00,01/08/2026,STR. EQPT.          ,WEIGHING SCALE                                    ,         1,MFI-PIGGERY                   ,PIGGERY-MAINTENANCE                               ,FAACQ               
0070-0010302900004       ,NUTEX HANGING SCALE 10KLS CAPACITY                          ,      3950.00,01/08/2026,STR. EQPT.          ,WEIGHING SCALE                                    ,         1,MFI-PIGGERY                   ,PIGGERY-MAINTENANCE                               ,FAACQ               
0070-0010302900005       ,NUTEX HANGING SCALE 10KLS CAPACITY                          ,      3950.00,01/08/2026,STR. EQPT.          ,WEIGHING SCALE                                    ,         1,MFI-PIGGERY                   ,PIGGERY-MAINTENANCE                               ,FAACQ               
0070-0012863000001       ,MITS. FUSO FIVIP CS#:EZ679B PL#:GBM-5373                    ,   2299107.00,01/30/2026,TRNS. EQPT.         ,VEHICLE                                           ,        10,MFI-PIGGERY                   ,PIGGERY-LOGISTICS                                 ,FAACQ               
0070-0012863000002       ,MITS. FUSO FIVIP CS#:EZ900B PL#GBM-5538                     ,   2299107.00,01/30/2026,TRNS. EQPT.         ,VEHICLE                                           ,        10,MFI-PIGGERY                   ,PIGGERY-LOGISTICS                                 ,FAACQ               
0070-0012863000003       ,MITS. FUSO FIVIP CS#:EZ901B PL#:GBM-5537                    ,   2299107.00,01/30/2026,TRNS. EQPT.         ,VEHICLE                                           ,        10,MFI-PIGGERY                   ,PIGGERY-LOGISTICS                                 ,FAACQ               
0070-0005988500004       ,MAKITA CUT-OFF SAW MODEL:M2401                              ,     10089.29,01/27/2026,MACH. & EQPT.       ,OTHERS                                            ,         3,MFI-PIGGERY                   ,PIGGERY-MAINTENANCE                               ,FAACQ               
0070-0005988500005       ,MAKITA CUT-OFF SAW MODEL:M2401                              ,     10089.29,01/27/2026,MACH. & EQPT.       ,OTHERS                                            ,         3,MFI-PIGGERY                   ,PIGGERY-MAINTENANCE                               ,FAACQ               
0070-0012906200001       ,CPU SET INTEL COREI3                                        ,     20982.14,02/19/2026,OFF. EQPT.          ,CPU                                               ,         3,MFI-PIGGERY                   ,PIGGERY-BREEDING                                  ,FAACQ               
0070-0006265900002       ,STANDARD MAIN TABLE 1100W-1100WX600DX760H                   ,      3800.00,07/04/2017,FUR. & FIXT.        ,TABLE                                             ,         5,MFI-PIGGERY                   ,PIGGERY-MAIN ADMIN                                ,FABB                
0070-0006265900003       ,STANDARD MAIN TABLE 1100W-1100WX600DX760H                   ,      3800.00,07/04/2017,FUR. & FIXT.        ,TABLE                                             ,         5,MFI-PIGGERY                   ,PIGGERY-MAIN ADMIN                                ,FABB                
0010287400017            ,TABLE 1100L - MAPLE                                         ,      3118.31,02/01/2011,FUR. & FIXT.        ,TABLE                                             ,         3,MFI-PIGGERY                   ,PIGGERY-MAIN ADMIN                                ,FA_TRAN             
0010287400018            ,TABLE 1100L - MAPLE                                         ,      3118.31,02/01/2011,FUR. & FIXT.        ,TABLE                                             ,         3,MFI-PIGGERY                   ,PIGGERY-MAIN ADMIN                                ,FA_TRAN             
0016-0007959100007       ,AOC 18.5"" E970SWN LED MONITOR                               ,      4000.00,07/09/2014,OFF. EQPT.          ,MONITOR                                           ,         3,HEAD OFFICE                   ,HO-INFORMATION TECHNOLOGY                         ,FA_TRAN             
0016-0012846100022       ,VIVO CP Y29 8+256GB BRWN                                    ,      9428.57,01/06/2026,OFF. EQPT.          ,CELLPHONE                                         ,         3,NETMAN                        ,NTMN-READY STOCK DELIVERY                         ,FA_TRAN             
0016-0012846100023       ,VIVO CP Y29 8+256GB BRWN                                    ,      9428.57,01/06/2026,OFF. EQPT.          ,CELLPHONE                                         ,         3,NETMAN                        ,NTMN-READY STOCK DELIVERY                         ,FA_TRAN             
0016-0012846100024       ,VIVO CP Y29 8+256GB BRWN                                    ,      9428.57,01/06/2026,OFF. EQPT.          ,CELLPHONE                                         ,         3,NETMAN                        ,NTMN-READY STOCK DELIVERY                         ,FA_TRAN             
0016-0012846100025       ,VIVO CP Y29 8+256GB BRWN                                    ,      9428.57,01/06/2026,OFF. EQPT.          ,CELLPHONE                                         ,         3,NETMAN                        ,NTMN-READY STOCK DELIVERY                         ,FA_TRAN             
0016-0012846100027       ,VIVO CP Y29 8+256GB BRWN                                    ,      9428.57,01/06/2026,OFF. EQPT.          ,CELLPHONE                                         ,         3,NETMAN                        ,NTMN-READY STOCK DELIVERY                         ,FA_TRAN             
0016-0012846100028       ,VIVO CP Y29 8+256GB BRWN                                    ,      9428.57,01/06/2026,OFF. EQPT.          ,CELLPHONE                                         ,         3,NETMAN                        ,NTMN-READY STOCK DELIVERY                         ,FA_TRAN             
0016-0012846100031       ,VIVO CP Y29 8+256GB BRWN                                    ,      9428.57,01/06/2026,OFF. EQPT.          ,CELLPHONE                                         ,         3,NETMAN                        ,NTMN-READY STOCK DELIVERY                         ,FA_TRAN             
0079-0006574600001       ,MITS. FUSO FJ1823R CS#:H0G496 PL#:GBI-7313                  ,   3017857.00,05/23/2025,TRNS. EQPT.         ,VEHICLE                                           ,        10,MFI-PIGGERY                   ,PIGGERY-LOGISTICS                                 ,FA_TRAN             
0079-0009650700001       ,DOUBLE DECKER HOG VAN BODY PL#:GBI-7313                     ,   1071429.00,08/08/2025,TRNS. EQPT.         ,VEHICLE                                           ,        10,MFI-PIGGERY                   ,PIGGERY-LOGISTICS                                 ,FA_TRAN             
0070-0003837900021       ,HYPO CHLORINATOR (PULSATRON)                                ,     46000.00,02/27/2026,MACH. & EQPT.       ,MACHINE TOOLS                                     ,         5,MFI-PIGGERY                   ,PIGGERY-MAINTENANCE                               ,FAACQ               
0070-0003837900022       ,HYPO CHLORINATOR (PULSATRON)                                ,     46000.00,02/27/2026,MACH. & EQPT.       ,MACHINE TOOLS                                     ,         5,MFI-PIGGERY                   ,PIGGERY-MAINTENANCE                               ,FAACQ               
0070-0003837900023       ,HYPO CHLORINATOR (PULSATRON)                                ,     46000.00,02/27/2026,MACH. & EQPT.       ,MACHINE TOOLS                                     ,         5,MFI-PIGGERY                   ,PIGGERY-MAINTENANCE                               ,FAACQ               
0070-0003837900024       ,HYPO CHLORINATOR (PULSATRON)                                ,     46000.00,02/27/2026,MACH. & EQPT.       ,MACHINE TOOLS                                     ,         5,MFI-PIGGERY                   ,PIGGERY-MAINTENANCE                               ,FAACQ               
0070-0003837900025       ,HYPO CHLORINATOR (PULSATRON)                                ,     46000.00,02/27/2026,MACH. & EQPT.       ,MACHINE TOOLS                                     ,         5,MFI-PIGGERY                   ,PIGGERY-MAINTENANCE                               ,FAACQ               
0070-0006401900038       ,MAKITA 7650H MIST BLOWER                                    ,     33750.00,03/16/2026,MACH. & EQPT.       ,MACHINE                                           ,         5,MFI-BREEDER RIZAL BILAR       ,BRB-RIZAL ADMIN                                   ,FA_TRAN             
0070-0006401900039       ,MAKITA 7650H MIST BLOWER                                    ,     33750.00,03/16/2026,MACH. & EQPT.       ,MACHINE                                           ,         5,MFI-BREEDER RIZAL BILAR       ,BRB-RIZAL ADMIN                                   ,FA_TRAN             
0070-0006401900040       ,MAKITA 7650H MIST BLOWER                                    ,     33750.00,03/16/2026,MACH. & EQPT.       ,MACHINE                                           ,         5,MFI-BREEDER RIZAL BILAR       ,BRB-RIZAL ADMIN                                   ,FA_TRAN             
0070-0006401900041       ,MAKITA 7650H MIST BLOWER                                    ,     33750.00,03/16/2026,MACH. & EQPT.       ,MACHINE                                           ,         5,MFI-BREEDER RIZAL BILAR       ,BRB-RIZAL ADMIN                                   ,FA_TRAN             
0070-0006401900042       ,MAKITA 7650H MIST BLOWER                                    ,     33750.00,03/16/2026,MACH. & EQPT.       ,MACHINE                                           ,         5,MFI-BREEDER RIZAL BILAR       ,BRB-RIZAL ADMIN                                   ,FA_TRAN             
0070-0006401900043       ,MAKITA 7650H MIST BLOWER                                    ,     33750.00,03/16/2026,MACH. & EQPT.       ,MACHINE                                           ,         5,MFI-BREEDER RIZAL BILAR       ,BRB-RIZAL ADMIN                                   ,FA_TRAN             
0070-0006401900044       ,MAKITA 7650H MIST BLOWER                                    ,     33750.00,03/16/2026,MACH. & EQPT.       ,MACHINE                                           ,         5,MFI-PIGGERY                   ,PIGGERY-MAINTENANCE                               ,FAACQ               
0070-0006401900045       ,MAKITA 7650H MIST BLOWER                                    ,     33750.00,03/16/2026,MACH. & EQPT.       ,MACHINE                                           ,         5,MFI-PIGGERY                   ,PIGGERY-MAINTENANCE                               ,FAACQ               
0070-0006401900046       ,MAKITA 7650H MIST BLOWER                                    ,     33750.00,03/16/2026,MACH. & EQPT.       ,MACHINE                                           ,         5,MFI-PIGGERY                   ,PIGGERY-MAINTENANCE                               ,FAACQ               
0070-0006401900047       ,MAKITA 7650H MIST BLOWER                                    ,     33750.00,03/16/2026,MACH. & EQPT.       ,MACHINE                                           ,         5,MFI-PIGGERY                   ,PIGGERY-MAINTENANCE                               ,FAACQ               
0070-0009242700041       ,WL-25ASB PUMP ONLY                                          ,     23500.00,03/26/2026,MACH. & EQPT.       ,PUMP                                              ,         5,MFI-PIGGERY                   ,PIGGERY-MAINTENANCE                               ,FAACQ               
0070-0009242700042       ,WL-25ASB PUMP ONLY                                          ,     23500.00,03/26/2026,MACH. & EQPT.       ,PUMP                                              ,         5,MFI-PIGGERY                   ,PIGGERY-MAINTENANCE                               ,FAACQ               
0070-0009242700043       ,WL-25ASB PUMP ONLY                                          ,     23500.00,03/26/2026,MACH. & EQPT.       ,PUMP                                              ,         5,MFI-PIGGERY                   ,PIGGERY-MAINTENANCE                               ,FAACQ               
0070-0009242700044       ,WL-25ASB PUMP ONLY                                          ,     23500.00,03/26/2026,MACH. & EQPT.       ,PUMP                                              ,         5,MFI-PIGGERY                   ,PIGGERY-MAINTENANCE                               ,FAACQ               
0070-0009242700045       ,WL-25ASB PUMP ONLY                                          ,     23500.00,03/26/2026,MACH. & EQPT.       ,PUMP                                              ,         5,MFI-PIGGERY                   ,PIGGERY-MAINTENANCE                               ,FAACQ               
0070-0009242700046       ,WL-25ASB PUMP ONLY                                          ,     23500.00,03/26/2026,MACH. & EQPT.       ,PUMP                                              ,         5,MFI-PIGGERY                   ,PIGGERY-MAINTENANCE                               ,FAACQ               
0070-0009242700047       ,WL-25ASB PUMP ONLY                                          ,     23500.00,03/26/2026,MACH. & EQPT.       ,PUMP                                              ,         5,MFI-PIGGERY                   ,PIGGERY-MAINTENANCE                               ,FAACQ               
0070-0009242700048       ,WL-25ASB PUMP ONLY                                          ,     23500.00,03/26/2026,MACH. & EQPT.       ,PUMP                                              ,         5,MFI-PIGGERY                   ,PIGGERY-MAINTENANCE                               ,FAACQ               
0070-0009242700049       ,WL-25ASB PUMP ONLY                                          ,     23500.00,03/26/2026,MACH. & EQPT.       ,PUMP                                              ,         5,MFI-PIGGERY                   ,PIGGERY-MAINTENANCE                               ,FAACQ               
0070-0009242700050       ,WL-25ASB PUMP ONLY                                          ,     23500.00,03/26/2026,MACH. & EQPT.       ,PUMP                                              ,         5,MFI-PIGGERY                   ,PIGGERY-MAINTENANCE                               ,FAACQ               
0070-0009242700051       ,WL-25ASB PUMP ONLY                                          ,     23500.00,03/26/2026,MACH. & EQPT.       ,PUMP                                              ,         5,MFI-PIGGERY                   ,PIGGERY-MAINTENANCE                               ,FAACQ               
0070-0009242700052       ,WL-25ASB PUMP ONLY                                          ,     23500.00,03/26/2026,MACH. & EQPT.       ,PUMP                                              ,         5,MFI-PIGGERY                   ,PIGGERY-MAINTENANCE                               ,FAACQ               
0070-0009242700053       ,WL-25ASB PUMP ONLY                                          ,     23500.00,03/26/2026,MACH. & EQPT.       ,PUMP                                              ,         5,MFI-PIGGERY                   ,PIGGERY-MAINTENANCE                               ,FAACQ               
0070-0009242700054       ,WL-25ASB PUMP ONLY                                          ,     23500.00,03/26/2026,MACH. & EQPT.       ,PUMP                                              ,         5,MFI-PIGGERY                   ,PIGGERY-MAINTENANCE                               ,FAACQ               
0070-0009242700055       ,WL-25ASB PUMP ONLY                                          ,     23500.00,03/26/2026,MACH. & EQPT.       ,PUMP                                              ,         5,MFI-PIGGERY                   ,PIGGERY-MAINTENANCE                               ,FAACQ               
0070-0009242700056       ,WL-25ASB PUMP ONLY                                          ,     23500.00,03/26/2026,MACH. & EQPT.       ,PUMP                                              ,         5,MFI-PIGGERY                   ,PIGGERY-MAINTENANCE                               ,FAACQ               
0070-0009242700057       ,WL-25ASB PUMP ONLY                                          ,     23500.00,03/26/2026,MACH. & EQPT.       ,PUMP                                              ,         5,MFI-PIGGERY                   ,PIGGERY-MAINTENANCE                               ,FAACQ               
0070-0009242700058       ,WL-25ASB PUMP ONLY                                          ,     23500.00,03/26/2026,MACH. & EQPT.       ,PUMP                                              ,         5,MFI-PIGGERY                   ,PIGGERY-MAINTENANCE                               ,FAACQ               
0070-0009242700059       ,WL-25ASB PUMP ONLY                                          ,     23500.00,03/26/2026,MACH. & EQPT.       ,PUMP                                              ,         5,MFI-PIGGERY                   ,PIGGERY-MAINTENANCE                               ,FAACQ               
0070-0009242700060       ,WL-25ASB PUMP ONLY                                          ,     23500.00,03/26/2026,MACH. & EQPT.       ,PUMP                                              ,         5,MFI-PIGGERY                   ,PIGGERY-MAINTENANCE                               ,FAACQ               
0070-0001092900003       ,MAKITA ANGLE GRINDER 9500N                                  ,      6709.82,03/19/2026,TOOLS               ,GRINDER                                           ,         3,MFI-PIGGERY                   ,PIGGERY-MAINTENANCE                               ,FAACQ               
0070-0001092900004       ,MAKITA ANGLE GRINDER 9500N                                  ,      6709.82,03/19/2026,TOOLS               ,GRINDER                                           ,         3,MFI-PIGGERY                   ,PIGGERY-MAINTENANCE                               ,FAACQ               
0070-0001092900005       ,MAKITA ANGLE GRINDER 9500N                                  ,      6709.82,03/19/2026,TOOLS               ,GRINDER                                           ,         3,MFI-PIGGERY                   ,PIGGERY-MAINTENANCE                               ,FAACQ               
0070-0008166400002       ,EPSON LQ310 DOT MATRIX PRINTER                              ,     14370.54,03/25/2026,OFF. EQPT.          ,PRINTER                                           ,         3,MFI-PIGGERY                   ,PIGGERY-MAIN ADMIN                                ,FAACQ               
0070-0009450500001       ,YAMATO PORTABLE INVERTER WELDING MACHINE 200AMP             ,      3750.00,03/25/2026,MACH. & EQPT.       ,MACH. & EQUIPMENT                                 ,         3,MFI-PIGGERY                   ,PIGGERY-MAINTENANCE                               ,FAACQ               
0070-0009450500002       ,YAMATO PORTABLE INVERTER WELDING MACHINE 200AMP             ,      3750.00,03/25/2026,MACH. & EQPT.       ,MACH. & EQUIPMENT                                 ,         3,MFI-PIGGERY                   ,PIGGERY-MAINTENANCE                               ,FAACQ               
0070-0009450500003       ,YAMATO PORTABLE INVERTER WELDING MACHINE 200AMP             ,      3750.00,03/25/2026,MACH. & EQPT.       ,MACH. & EQUIPMENT                                 ,         3,MFI-PIGGERY                   ,PIGGERY-MAINTENANCE                               ,FAACQ               
0070-0000949000046       ,POWER SPRAYER HEAVY DUTY-WULI                               ,     27900.00,04/01/2026,STR. EQPT.          ,SPRAYER                                           ,         2,MFI-PIGGERY                   ,PIGGERY-MAINTENANCE                               ,FAACQ               
0070-0000949000047       ,POWER SPRAYER HEAVY DUTY-WULI                               ,     27900.00,04/01/2026,STR. EQPT.          ,SPRAYER                                           ,         2,MFI-PIGGERY                   ,PIGGERY-MAINTENANCE                               ,FAACQ               
0070-0000949000048       ,POWER SPRAYER HEAVY DUTY-WULI                               ,     27900.00,04/01/2026,STR. EQPT.          ,SPRAYER                                           ,         2,MFI-PIGGERY                   ,PIGGERY-MAINTENANCE                               ,FAACQ               
0070-0000949000049       ,POWER SPRAYER HEAVY DUTY-WULI                               ,     27900.00,04/01/2026,STR. EQPT.          ,SPRAYER                                           ,         2,MFI-PIGGERY                   ,PIGGERY-MAINTENANCE                               ,FAACQ               
0070-0000949000050       ,POWER SPRAYER HEAVY DUTY-WULI                               ,     27900.00,04/01/2026,STR. EQPT.          ,SPRAYER                                           ,         2,MFI-PIGGERY                   ,PIGGERY-MAINTENANCE                               ,FAACQ               
0070-0000949000051       ,POWER SPRAYER HEAVY DUTY-WULI                               ,     27900.00,04/01/2026,STR. EQPT.          ,SPRAYER                                           ,         2,MFI-PIGGERY                   ,PIGGERY-MAINTENANCE                               ,FAACQ               
0070-0000949000052       ,POWER SPRAYER HEAVY DUTY-WULI                               ,     27900.00,04/01/2026,STR. EQPT.          ,SPRAYER                                           ,         2,MFI-PIGGERY                   ,PIGGERY-MAINTENANCE                               ,FAACQ               
0070-0000949000053       ,POWER SPRAYER HEAVY DUTY-WULI                               ,     27900.00,04/01/2026,STR. EQPT.          ,SPRAYER                                           ,         2,MFI-PIGGERY                   ,PIGGERY-MAINTENANCE                               ,FAACQ               
0070-0000949000054       ,POWER SPRAYER HEAVY DUTY-WULI                               ,     27900.00,04/01/2026,STR. EQPT.          ,SPRAYER                                           ,         2,MFI-PIGGERY                   ,PIGGERY-MAINTENANCE                               ,FAACQ               
0070-0000949000055       ,POWER SPRAYER HEAVY DUTY-WULI                               ,     27900.00,04/01/2026,STR. EQPT.          ,SPRAYER                                           ,         2,MFI-PIGGERY                   ,PIGGERY-MAINTENANCE                               ,FAACQ               
0070-0000949000056       ,POWER SPRAYER HEAVY DUTY-WULI                               ,     27900.00,04/01/2026,STR. EQPT.          ,SPRAYER                                           ,         2,MFI-PIGGERY                   ,PIGGERY-MAINTENANCE                               ,FAACQ               
0070-0000949000057       ,POWER SPRAYER HEAVY DUTY-WULI                               ,     27900.00,04/01/2026,STR. EQPT.          ,SPRAYER                                           ,         2,MFI-PIGGERY                   ,PIGGERY-MAINTENANCE                               ,FAACQ               
0070-0012608500001       ,THERMAL FOGGING MACHINE                                     ,     60000.00,04/01/2026,MACH. & EQPT.       ,MACHINE MOTOR                                     ,         5,MFI-PIGGERY                   ,PIGGERY-MAINTENANCE WAREHOUSE                     ,FAACQ               
0070-0012608500002       ,THERMAL FOGGING MACHINE                                     ,     60000.00,04/01/2026,MACH. & EQPT.       ,MACHINE MOTOR                                     ,         5,MFI-PIGGERY                   ,PIGGERY-MAINTENANCE WAREHOUSE                     ,FAACQ               
0070-0012608500003       ,THERMAL FOGGING MACHINE                                     ,     60000.00,04/01/2026,MACH. & EQPT.       ,MACHINE MOTOR                                     ,         5,MFI-PIGGERY UNTAGA            ,PIGGERY UNTAGA-MAIN ADMIN                         ,FA_TRAN             
0070-0013219500001       ,PANA WM NA W18XG2BPH 18KG TT                                ,     16030.36,04/06/2026,STR. EQPT.          ,WASHING MACHINE                                   ,         3,MFI-PIGGERY                   ,PIGGERY-MAINTENANCE WAREHOUSE                     ,FAACQ               
0070-0012211400001       ,FRANKLIN USA SUBMERSIBLE MOTOR                              ,     76339.29,04/16/2026,MACH. & EQPT.       ,PUMP                                              ,         5,MFI-PIGGERY                   ,PIGGERY-MAINTENANCE                               ,FAACQ               
0070-0012211400002       ,FRANKLIN USA SUBMERSIBLE MOTOR                              ,     76339.29,04/16/2026,MACH. & EQPT.       ,PUMP                                              ,         5,MFI-PIGGERY                   ,PIGGERY-MAINTENANCE                               ,FAACQ               
0070-0012211400003       ,FRANKLIN USA SUBMERSIBLE MOTOR                              ,     76339.29,04/16/2026,MACH. & EQPT.       ,PUMP                                              ,         5,MFI-PIGGERY                   ,PIGGERY-MAINTENANCE                               ,FAACQ               
0070-0013131600001       ,C.R.I. PUMPS MODEL:S6S 85 (3450RPM)                         ,     55133.93,04/16/2026,MACH. & EQPT.       ,PUMP                                              ,         5,MFI-PIGGERY                   ,PIGGERY-MAINTENANCE                               ,FAACQ               
0070-0013131600002       ,C.R.I. PUMPS MODEL:S6S 85 (3450RPM)                         ,     55133.93,04/16/2026,MACH. & EQPT.       ,PUMP                                              ,         5,MFI-PIGGERY                   ,PIGGERY-MAINTENANCE                               ,FAACQ               
0070-0013131600003       ,C.R.I. PUMPS MODEL:S6S 85 (3450RPM)                         ,     55133.93,04/16/2026,MACH. & EQPT.       ,PUMP                                              ,         5,MFI-PIGGERY                   ,PIGGERY-MAINTENANCE                               ,FAACQ               
0070-0006470800001       ,DOSATRON D20S INJECTION                                     ,    150446.43,04/16/2026,MACH. & EQPT.       ,MACHINE TOOLS                                     ,         5,MFI-PIGGERY UNTAGA            ,PIGGERY UNTAGA-MAIN ADMIN                         ,FA_TRAN             
0070-0006470800002       ,DOSATRON D20S INJECTION                                     ,    150446.43,04/16/2026,MACH. & EQPT.       ,MACHINE TOOLS                                     ,         5,MFI-PIGGERY                   ,PIGGERY-MAINTENANCE                               ,FAACQ               
0070-0006470800003       ,DOSATRON D20S INJECTION                                     ,    150446.43,04/16/2026,MACH. & EQPT.       ,MACHINE TOOLS                                     ,         5,MFI-PIGGERY                   ,PIGGERY-MAINTENANCE                               ,FAACQ               
0070-0006470800004       ,DOSATRON D20S INJECTION                                     ,    150446.43,04/16/2026,MACH. & EQPT.       ,MACHINE TOOLS                                     ,         5,MFI-PIGGERY                   ,PIGGERY-MAINTENANCE                               ,FAACQ               
0070-0006470800005       ,DOSATRON D20S INJECTION                                     ,    150446.43,04/16/2026,MACH. & EQPT.       ,MACHINE TOOLS                                     ,         5,MFI-PIGGERY                   ,PIGGERY-MAINTENANCE                               ,FAACQ               
0070-0006470800006       ,DOSATRON D20S INJECTION                                     ,    150446.43,04/16/2026,MACH. & EQPT.       ,MACHINE TOOLS                                     ,         5,MFI-PIGGERY                   ,PIGGERY-MAINTENANCE                               ,FAACQ               
0070-0001922600001       ,STAINLESS HAND WASHING SINK                                 ,      8889.38,04/10/2026,FUR. & FIXT.        ,SINK                                              ,        10,MFI-PIGGERY                   ,PIGGERY-MAINTENANCE                               ,FAACQ               
0070-0013236600001       ,FABRICATED STAINLESS CASTRATION TROLLEY                     ,     28732.34,04/10/2026,FUR. & FIXT.        ,TROLLEY-STAINLESS                                 ,         7,MFI-PIGGERY                   ,PIGGERY-MAINTENANCE                               ,FAACQ               
0070-0013237000001       ,FABRICATED STAINLESS TROLLEY                                ,     16828.50,04/10/2026,FUR. & FIXT.        ,TROLLEY-STAINLESS                                 ,         7,MFI-PIGGERY                   ,PIGGERY-MAINTENANCE                               ,FAACQ               
0070-0007918200001       ,FIBERGLASS EXTENDED LADDER 12 STEP                          ,     12500.00,04/22/2026,FUR. & FIXT.        ,LADDER                                            ,         5,MFI-PIGGERY                   ,PIGGERY-ENGINEERING                               ,FAACQ               
0070-0007918200002       ,FIBERGLASS EXTENDED LADDER 12 STEP                          ,     12500.00,04/22/2026,FUR. & FIXT.        ,LADDER                                            ,         5,MFI-PIGGERY                   ,PIGGERY-ENGINEERING                               ,FAACQ               
0070-0000949000058       ,POWER SPRAYER HEAVY DUTY-WULI                               ,     27900.00,04/16/2026,STR. EQPT.          ,SPRAYER                                           ,         2,MFI-PIGGERY                   ,PIGGERY-MAINTENANCE                               ,FAACQ               
0070-0000949000059       ,POWER SPRAYER HEAVY DUTY-WULI                               ,     27900.00,04/16/2026,STR. EQPT.          ,SPRAYER                                           ,         2,MFI-PIGGERY                   ,PIGGERY-MAINTENANCE                               ,FAACQ               
0070-0000949000060       ,POWER SPRAYER HEAVY DUTY-WULI                               ,     27900.00,04/16/2026,STR. EQPT.          ,SPRAYER                                           ,         2,MFI-PIGGERY                   ,PIGGERY-MAINTENANCE                               ,FAACQ               
0070-0000949000061       ,POWER SPRAYER HEAVY DUTY-WULI                               ,     27900.00,04/16/2026,STR. EQPT.          ,SPRAYER                                           ,         2,MFI-PIGGERY                   ,PIGGERY-MAINTENANCE                               ,FAACQ               
0070-0000949000062       ,POWER SPRAYER HEAVY DUTY-WULI                               ,     27900.00,04/16/2026,STR. EQPT.          ,SPRAYER                                           ,         2,MFI-PIGGERY                   ,PIGGERY-MAINTENANCE                               ,FAACQ               
0070-0000949000063       ,POWER SPRAYER HEAVY DUTY-WULI                               ,     27900.00,04/16/2026,STR. EQPT.          ,SPRAYER                                           ,         2,MFI-PIGGERY                   ,PIGGERY-MAINTENANCE                               ,FAACQ               
0070-0000949000064       ,POWER SPRAYER HEAVY DUTY-WULI                               ,     27900.00,04/16/2026,STR. EQPT.          ,SPRAYER                                           ,         2,MFI-PIGGERY                   ,PIGGERY-MAINTENANCE                               ,FAACQ               
0070-0000949000065       ,POWER SPRAYER HEAVY DUTY-WULI                               ,     27900.00,04/16/2026,STR. EQPT.          ,SPRAYER                                           ,         2,MFI-PIGGERY                   ,PIGGERY-MAINTENANCE                               ,FAACQ               
0070-0000949000066       ,POWER SPRAYER HEAVY DUTY-WULI                               ,     27900.00,04/16/2026,STR. EQPT.          ,SPRAYER                                           ,         2,MFI-PIGGERY                   ,PIGGERY-MAINTENANCE                               ,FAACQ               
0070-0000949000067       ,POWER SPRAYER HEAVY DUTY-WULI                               ,     27900.00,04/16/2026,STR. EQPT.          ,SPRAYER                                           ,         2,MFI-PIGGERY                   ,PIGGERY-MAINTENANCE                               ,FAACQ               
0070-0000949000068       ,POWER SPRAYER HEAVY DUTY-WULI                               ,     27900.00,04/16/2026,STR. EQPT.          ,SPRAYER                                           ,         2,MFI-PIGGERY                   ,PIGGERY-MAINTENANCE                               ,FAACQ               
0070-0000949000069       ,POWER SPRAYER HEAVY DUTY-WULI                               ,     27900.00,04/16/2026,STR. EQPT.          ,SPRAYER                                           ,         2,MFI-PIGGERY                   ,PIGGERY-MAINTENANCE                               ,FAACQ               
0070-0000949000070       ,POWER SPRAYER HEAVY DUTY-WULI                               ,     27900.00,04/16/2026,STR. EQPT.          ,SPRAYER                                           ,         2,MFI-PIGGERY                   ,PIGGERY-MAINTENANCE                               ,FAACQ               
0070-0000949000071       ,POWER SPRAYER HEAVY DUTY-WULI                               ,     27900.00,04/16/2026,STR. EQPT.          ,SPRAYER                                           ,         2,MFI-PIGGERY                   ,PIGGERY-MAINTENANCE                               ,FAACQ               
0070-0000949000072       ,POWER SPRAYER HEAVY DUTY-WULI                               ,     27900.00,04/16/2026,STR. EQPT.          ,SPRAYER                                           ,         2,MFI-PIGGERY                   ,PIGGERY-MAINTENANCE                               ,FAACQ               
0070-0000949000073       ,POWER SPRAYER HEAVY DUTY-WULI                               ,     27900.00,04/16/2026,STR. EQPT.          ,SPRAYER                                           ,         2,MFI-PIGGERY                   ,PIGGERY-MAINTENANCE                               ,FAACQ               
0070-0000949000074       ,POWER SPRAYER HEAVY DUTY-WULI                               ,     27900.00,04/16/2026,STR. EQPT.          ,SPRAYER                                           ,         2,MFI-PIGGERY                   ,PIGGERY-MAINTENANCE                               ,FAACQ               
0070-0000949000075       ,POWER SPRAYER HEAVY DUTY-WULI                               ,     27900.00,04/16/2026,STR. EQPT.          ,SPRAYER                                           ,         2,MFI-PIGGERY                   ,PIGGERY-MAINTENANCE                               ,FAACQ               
0070-0000949000076       ,POWER SPRAYER HEAVY DUTY-WULI                               ,     27900.00,04/16/2026,STR. EQPT.          ,SPRAYER                                           ,         2,MFI-PIGGERY                   ,PIGGERY-MAINTENANCE                               ,FAACQ               
0070-0000949000077       ,POWER SPRAYER HEAVY DUTY-WULI                               ,     27900.00,04/16/2026,STR. EQPT.          ,SPRAYER                                           ,         2,MFI-PIGGERY                   ,PIGGERY-MAINTENANCE                               ,FAACQ               
0070-0000949000078       ,POWER SPRAYER HEAVY DUTY-WULI                               ,     27900.00,04/16/2026,STR. EQPT.          ,SPRAYER                                           ,         2,MFI-PIGGERY                   ,PIGGERY-MAINTENANCE                               ,FAACQ               
0070-0000949000079       ,POWER SPRAYER HEAVY DUTY-WULI                               ,     27900.00,04/16/2026,STR. EQPT.          ,SPRAYER                                           ,         2,MFI-PIGGERY                   ,PIGGERY-MAINTENANCE                               ,FAACQ               
0070-0000949000080       ,POWER SPRAYER HEAVY DUTY-WULI                               ,     27900.00,04/16/2026,STR. EQPT.          ,SPRAYER                                           ,         2,MFI-PIGGERY                   ,PIGGERY-MAINTENANCE                               ,FAACQ               
0070-0000949000081       ,POWER SPRAYER HEAVY DUTY-WULI                               ,     27900.00,04/16/2026,STR. EQPT.          ,SPRAYER                                           ,         2,MFI-PIGGERY                   ,PIGGERY-MAINTENANCE                               ,FAACQ               
0070-0000949000082       ,POWER SPRAYER HEAVY DUTY-WULI                               ,     27900.00,04/16/2026,STR. EQPT.          ,SPRAYER                                           ,         2,MFI-PIGGERY                   ,PIGGERY-MAINTENANCE                               ,FAACQ               
0070-0012902300001       ,EBARA HORIZONTAL SPLIT CASE CENTRIFUGAL PUMP                ,    241071.43,05/01/2026,MACH. & EQPT.       ,PUMP                                              ,         5,MFI-PIGGERY                   ,PIGGERY-KASAWANA WATER PROCESSING                 ,FAACQ               
0070-0012907400001       ,PORTABLE TOILETS WITH SHOWER                                ,     46000.00,05/18/2026,FUR. & FIXT.        ,TOILET                                            ,         5,MFI-PIGGERY                   ,PIGGERY-GROWING                                   ,FAACQ               
0070-0012907400002       ,PORTABLE TOILETS WITH SHOWER                                ,     46000.00,05/18/2026,FUR. & FIXT.        ,TOILET                                            ,         5,MFI-PIGGERY                   ,PIGGERY-GROWING                                   ,FAACQ               
0070-0012907400003       ,PORTABLE TOILETS WITH SHOWER                                ,     46000.00,05/18/2026,FUR. & FIXT.        ,TOILET                                            ,         5,MFI-PIGGERY                   ,PIGGERY-GROWING                                   ,FAACQ               
0070-0012907400004       ,PORTABLE TOILETS WITH SHOWER                                ,     46000.00,05/18/2026,FUR. & FIXT.        ,TOILET                                            ,         5,MFI-PIGGERY                   ,PIGGERY-GROWING                                   ,FAACQ               
0070-0012907400005       ,PORTABLE TOILETS WITH SHOWER                                ,     46000.00,05/18/2026,FUR. & FIXT.        ,TOILET                                            ,         5,MFI-PIGGERY                   ,PIGGERY-GROWING                                   ,FAACQ               
0070-0000747000001       ,DOWELL ORBIT FAN                                            ,      1966.96,05/27/2026,STR. EQPT.          ,FAN                                               ,         3,MFI-PIGGERY                   ,PIGGERY-MAIN ADMIN                                ,FAACQ               
0070-0006388500003       ,SANWA CLAMP METER DCL 1200R TRUE RMS                        ,     10602.68,06/08/2026,TOOLS               ,CLAMP  METER                                      ,         3,MFI-PIGGERY                   ,PIGGERY-MAINTENANCE                               ,FAACQ               
0070-0006392500004       ,ANGLE GRINDER                                               ,      1575.00,06/11/2026,STR. EQPT.          ,GRINDER                                           ,         7,MFI-PIGGERY                   ,PIGGERY-MAINTENANCE                               ,FAACQ               
0070-0006392500005       ,ANGLE GRINDER                                               ,      1575.00,06/11/2026,STR. EQPT.          ,GRINDER                                           ,         7,MFI-PIGGERY                   ,PIGGERY-MAINTENANCE                               ,FAACQ               
0070-0006392500006       ,ANGLE GRINDER                                               ,      1575.00,06/11/2026,STR. EQPT.          ,GRINDER                                           ,         7,MFI-PIGGERY                   ,PIGGERY-MAINTENANCE                               ,FAACQ               
0070-0006392500007       ,ANGLE GRINDER                                               ,      1575.00,06/11/2026,STR. EQPT.          ,GRINDER                                           ,         7,MFI-PIGGERY                   ,PIGGERY-MAINTENANCE                               ,FAACQ               
0070-0006392500008       ,ANGLE GRINDER                                               ,      1575.00,06/11/2026,STR. EQPT.          ,GRINDER                                           ,         7,MFI-PIGGERY                   ,PIGGERY-MAINTENANCE                               ,FAACQ               
0070-0006392500009       ,ANGLE GRINDER                                               ,      1575.00,06/11/2026,STR. EQPT.          ,GRINDER                                           ,         7,MFI-PIGGERY                   ,PIGGERY-MAINTENANCE                               ,FAACQ               
0070-0013259200001       ,TECHNO SPARK GO 2                                           ,      3799.00,06/01/2026,STR. EQPT.          ,CELLPHONE                                         ,         3,MFI-PIGGERY                   ,PIGGERY-GROWING                                   ,FAACQ               
0070-0013258700001       ,TECHNO SPARK GO 1                                           ,      3699.00,06/01/2026,STR. EQPT.          ,CELLPHONE                                         ,         3,MFI-PIGGERY                   ,PIGGERY-NURSERY                                   ,FAACQ               
0070-0008212600005       ,225XL S.SAVER HEATER W/KITUNIVERSAL MONUT                   ,     47345.75,11/22/2025,OTHER EQPT.         ,HEATER                                            ,         5,MFI-PIGGERY                   ,PIGGERY-MAINTENANCE WAREHOUSE                     ,FAACQ               
0070-0008212600006       ,225XL S.SAVER HEATER W/KITUNIVERSAL MONUT                   ,     47345.75,11/22/2025,OTHER EQPT.         ,HEATER                                            ,         5,MFI-PIGGERY                   ,PIGGERY-MAINTENANCE WAREHOUSE                     ,FAACQ               
0070-0008212600007       ,225XL S.SAVER HEATER W/KITUNIVERSAL MONUT                   ,     47345.75,11/22/2025,OTHER EQPT.         ,HEATER                                            ,         5,MFI-PIGGERY                   ,PIGGERY-MAINTENANCE WAREHOUSE                     ,FAACQ               
0070-0008212600008       ,225XL S.SAVER HEATER W/KITUNIVERSAL MONUT                   ,     47345.75,11/22/2025,OTHER EQPT.         ,HEATER                                            ,         5,MFI-PIGGERY                   ,PIGGERY-MAINTENANCE WAREHOUSE                     ,FAACQ               
0070-0008212600009       ,225XL S.SAVER HEATER W/KITUNIVERSAL MONUT                   ,     47345.75,11/22/2025,OTHER EQPT.         ,HEATER                                            ,         5,MFI-PIGGERY                   ,PIGGERY-MAINTENANCE WAREHOUSE                     ,FAACQ               
0070-0013123800001       ,LOGO!DM16 24R EXPANSION MODULE                              ,      8137.55,06/16/2026,OFF. EQPT.          ,MODULE                                            ,         5,MFI-PIGGERY                   ,PIGGERY-MAINTENANCE WAREHOUSE                     ,FAACQ               
0070-0013123900001       ,6ED1052 - IMD08-0BAI - OBSOLETE                             ,      8967.08,06/16/2026,OFF. EQPT.          ,MODULE                                            ,         5,MFI-PIGGERY                   ,PIGGERY-MAINTENANCE WAREHOUSE                     ,FAACQ               
0070-0013443000001       ,KARCHER HD 6/15 M CLASSIC ""KAP                              ,     61740.00,07/02/2026,MACH. & EQPT.       ,CLEANING DEVICE                                   ,         3,MFI-PIGGERY                   ,PIGGERY-MAINTENANCE                               ,FAACQ               
0070-0013443000002       ,KARCHER HD 6/15 M CLASSIC ""KAP                              ,     61740.00,07/02/2026,MACH. & EQPT.       ,CLEANING DEVICE                                   ,         3,MFI-PIGGERY                   ,PIGGERY-MAINTENANCE                               ,FAACQ               
0070-0013443000003       ,KARCHER HD 6/15 M CLASSIC ""KAP                              ,     61740.00,07/02/2026,MACH. & EQPT.       ,CLEANING DEVICE                                   ,         3,MFI-PIGGERY                   ,PIGGERY-MAINTENANCE                               ,FAACQ               
0070-0013443000004       ,KARCHER HD 6/15 M CLASSIC ""KAP                              ,     61740.00,07/02/2026,MACH. & EQPT.       ,CLEANING DEVICE                                   ,         3,MFI-PIGGERY                   ,PIGGERY-MAINTENANCE                               ,FAACQ               
0070-0013443000005       ,KARCHER HD 6/15 M CLASSIC ""KAP                              ,     61740.00,07/02/2026,MACH. & EQPT.       ,CLEANING DEVICE                                   ,         3,MFI-PIGGERY                   ,PIGGERY-MAINTENANCE                               ,FAACQ               
0070-0013443000006       ,KARCHER HD 6/15 M CLASSIC ""KAP                              ,     61740.00,07/02/2026,MACH. & EQPT.       ,CLEANING DEVICE                                   ,         3,MFI-PIGGERY                   ,PIGGERY-MAINTENANCE                               ,FAACQ               
0070-0013443000007       ,KARCHER HD 6/15 M CLASSIC ""KAP                              ,     61740.00,07/02/2026,MACH. & EQPT.       ,CLEANING DEVICE                                   ,         3,MFI-PIGGERY                   ,PIGGERY-MAINTENANCE                               ,FAACQ               
0070-0013443000008       ,KARCHER HD 6/15 M CLASSIC ""KAP                              ,     61740.00,07/02/2026,MACH. & EQPT.       ,CLEANING DEVICE                                   ,         3,MFI-PIGGERY                   ,PIGGERY-MAINTENANCE                               ,FAACQ               
0070-0013443000009       ,KARCHER HD 6/15 M CLASSIC ""KAP                              ,     61740.00,07/02/2026,MACH. & EQPT.       ,CLEANING DEVICE                                   ,         3,MFI-PIGGERY                   ,PIGGERY-MAINTENANCE                               ,FAACQ               
0070-0013443000010       ,KARCHER HD 6/15 M CLASSIC ""KAP                              ,     61740.00,07/02/2026,MACH. & EQPT.       ,CLEANING DEVICE                                   ,         3,MFI-PIGGERY                   ,PIGGERY-MAINTENANCE                               ,FAACQ               
0070-0001129900001       ,ISUZU REEFER VAN TRUCK PL#:ABK-4661                         ,    997600.00,11/28/2015,TRNS. EQPT.         ,VEHICLE                                           ,        10,MFI-PIGGERY                   ,PIGGERY-LOGISTICS                                 ,FABB                
0070-0002237800002       ,ELECTRIC DRILL                                              ,      -192.86,07/04/2026,TOOLS               ,DRILL                                             ,         5,MFI-PIGGERY                   ,PIGGERY-MAINTENANCE                               ,FAACQ               
0070-0002237800003       ,ELECTRIC DRILL                                              ,      -192.86,07/04/2026,TOOLS               ,DRILL                                             ,         5,MFI-PIGGERY                   ,PIGGERY-MAINTENANCE                               ,FAACQ               
0070-0002237800004       ,ELECTRIC DRILL                                              ,      -192.86,07/04/2026,TOOLS               ,DRILL                                             ,         5,MFI-PIGGERY                   ,PIGGERY-MAINTENANCE                               ,FAACQ               
0070-0002237800005       ,ELECTRIC DRILL                                              ,      -192.86,07/04/2026,TOOLS               ,DRILL                                             ,         5,MFI-PIGGERY                   ,PIGGERY-MAINTENANCE                               ,FAACQ               
0070-0002237800006       ,ELECTRIC DRILL                                              ,      -192.86,07/04/2026,TOOLS               ,DRILL                                             ,         5,MFI-PIGGERY                   ,PIGGERY-MAINTENANCE                               ,FAACQ               
0070-0002237800007       ,ELECTRIC DRILL                                              ,      -192.86,07/04/2026,TOOLS               ,DRILL                                             ,         5,MFI-PIGGERY                   ,PIGGERY-MAINTENANCE                               ,FAACQ               
0070-0013463200001       ,INTELVISION 5 ( COM AP )                                    ,    102682.24,07/14/2026,ELEC. INTS. & EQPT. ,CONTROLLER                                        ,         5,MFI-PIGGERY                   ,PIGGERY-MARCELA POWERPLANT                        ,FAACQ               
0070-0013463400001       ,1M - NTC-BB ( COM AP )                                      ,    292986.65,07/14/2026,ELEC. INTS. & EQPT. ,CONTROLLER                                        ,         5,MFI-PIGGERY                   ,PIGGERY-MARCELA POWERPLANT                        ,FAACQ               
0070-0013463500001       ,SURGE PROTECTION ( PHOENIX OR EQUAL)                        ,     59189.59,07/14/2026,ELEC. INTS. & EQPT. ,ELECTRICAL SUPPLIES                               ,         3,MFI-PIGGERY                   ,PIGGERY-MARCELA POWERPLANT                        ,FAACQ               
0070-0013463600001       ,CONFIGURATION  PROGRAMMING  LABOR TESTING &                 ,      8947.26,07/14/2026,                    ,SUPPLIES                                          ,         0,MFI-PIGGERY                   ,PIGGERY-MARCELA POWERPLANT                        ,FAACQ               
0070-0004513700021       ,EBARA ALL SS304 END SUCTION CENTRIFUGAL                     ,     91964.29,07/20/2026,MACH. & EQPT.       ,PUMP                                              ,         5,MFI-PIGGERY                   ,PIGGERY-MAINTENANCE                               ,FAACQ               
0070-0004513700022       ,EBARA ALL SS304 END SUCTION CENTRIFUGAL                     ,     91964.29,07/20/2026,MACH. & EQPT.       ,PUMP                                              ,         5,MFI-PIGGERY                   ,PIGGERY-MAINTENANCE                               ,FAACQ               
0070-0007675800036       ,MOTOPLUS DUAL BAND HANDHELD RADIO TRANSCEIVER               ,      2400.00,07/25/2026,OFF. EQPT.          ,RADIO HANDSET                                     ,         3,MFI-PIGGERY                   ,PIGGERY-SAFETY AND SECURITY DEPT.                 ,FAACQ               
0070-0007675800037       ,MOTOPLUS DUAL BAND HANDHELD RADIO TRANSCEIVER               ,      2400.00,07/25/2026,OFF. EQPT.          ,RADIO HANDSET                                     ,         3,MFI-PIGGERY                   ,PIGGERY-SAFETY AND SECURITY DEPT.                 ,FAACQ               
0070-0007675800038       ,MOTOPLUS DUAL BAND HANDHELD RADIO TRANSCEIVER               ,      2400.00,07/25/2026,OFF. EQPT.          ,RADIO HANDSET                                     ,         3,MFI-PIGGERY                   ,PIGGERY-SAFETY AND SECURITY DEPT.                 ,FAACQ               
0070-0007675800039       ,MOTOPLUS DUAL BAND HANDHELD RADIO TRANSCEIVER               ,      2400.00,07/25/2026,OFF. EQPT.          ,RADIO HANDSET                                     ,         3,MFI-PIGGERY                   ,PIGGERY-SAFETY AND SECURITY DEPT.                 ,FAACQ               
0070-0007675800040       ,MOTOPLUS DUAL BAND HANDHELD RADIO TRANSCEIVER               ,      2400.00,07/25/2026,OFF. EQPT.          ,RADIO HANDSET                                     ,         3,MFI-PIGGERY                   ,PIGGERY-SAFETY AND SECURITY DEPT.                 ,FAACQ               
0070-0007675800041       ,MOTOPLUS DUAL BAND HANDHELD RADIO TRANSCEIVER               ,      2400.00,07/25/2026,OFF. EQPT.          ,RADIO HANDSET                                     ,         3,MFI-PIGGERY                   ,PIGGERY-SAFETY AND SECURITY DEPT.                 ,FAACQ               
0070-0007675800042       ,MOTOPLUS DUAL BAND HANDHELD RADIO TRANSCEIVER               ,      2400.00,07/25/2026,OFF. EQPT.          ,RADIO HANDSET                                     ,         3,MFI-PIGGERY                   ,PIGGERY-SAFETY AND SECURITY DEPT.                 ,FAACQ               
0070-0007675800043       ,MOTOPLUS DUAL BAND HANDHELD RADIO TRANSCEIVER               ,      2400.00,07/25/2026,OFF. EQPT.          ,RADIO HANDSET                                     ,         3,MFI-PIGGERY                   ,PIGGERY-SAFETY AND SECURITY DEPT.                 ,FAACQ               
0070-0007675800044       ,MOTOPLUS DUAL BAND HANDHELD RADIO TRANSCEIVER               ,      2400.00,07/25/2026,OFF. EQPT.          ,RADIO HANDSET                                     ,         3,MFI-PIGGERY                   ,PIGGERY-SAFETY AND SECURITY DEPT.                 ,FAACQ               
0070-0007675800045       ,MOTOPLUS DUAL BAND HANDHELD RADIO TRANSCEIVER               ,      2400.00,07/25/2026,OFF. EQPT.          ,RADIO HANDSET                                     ,         3,MFI-PIGGERY                   ,PIGGERY-SAFETY AND SECURITY DEPT.                 ,FAACQ               
0070-0006505500007       ,PORTABLE WELDING MACHINE INVERTER                           ,      6116.07,07/28/2026,MACH. & EQPT.       ,MACHINE MOTOR                                     ,         5,MFI-PIGGERY                   ,PIGGERY-MAINTENANCE                               ,FAACQ               
0070-0006505500008       ,PORTABLE WELDING MACHINE INVERTER                           ,      6116.07,07/28/2026,MACH. & EQPT.       ,MACHINE MOTOR                                     ,         5,MFI-PIGGERY                   ,PIGGERY-MAINTENANCE                               ,FAACQ               
0070-0006505500009       ,PORTABLE WELDING MACHINE INVERTER                           ,      6116.07,07/28/2026,MACH. & EQPT.       ,MACHINE MOTOR                                     ,         5,MFI-PIGGERY                   ,PIGGERY-MAINTENANCE                               ,FAACQ               
0070-0006505500010       ,PORTABLE WELDING MACHINE INVERTER                           ,      6116.07,07/28/2026,MACH. & EQPT.       ,MACHINE MOTOR                                     ,         5,MFI-PIGGERY                   ,PIGGERY-MAINTENANCE                               ,FAACQ               
0070-0012488500005       ,DEWALT HAMMER DRILL  DCD 7781 N-KR20V BRUSHLESS             ,      4437.00,07/29/2026,TOOLS               ,DRILL                                             ,         5,MFI-PIGGERY                   ,PIGGERY-MAINTENANCE WAREHOUSE                     ,FAACQ               
0070-0012488500006       ,DEWALT HAMMER DRILL  DCD 7781 N-KR20V BRUSHLESS             ,      4437.00,07/29/2026,TOOLS               ,DRILL                                             ,         5,MFI-PIGGERY                   ,PIGGERY-MAINTENANCE WAREHOUSE                     ,FAACQ               
0070-0012488500007       ,DEWALT HAMMER DRILL  DCD 7781 N-KR20V BRUSHLESS             ,      4437.00,07/29/2026,TOOLS               ,DRILL                                             ,         5,MFI-PIGGERY                   ,PIGGERY-MAINTENANCE WAREHOUSE                     ,FAACQ               
0070-0012488600005       ,DEWALT CHARGER DCB1102-B1/12V/20V/2A COMPACT                ,      1341.00,07/29/2026,                    ,SUPPLIES                                          ,         0,MFI-PIGGERY                   ,PIGGERY-MAINTENANCE WAREHOUSE                     ,FAACQ               
0070-0012488600006       ,DEWALT CHARGER DCB1102-B1/12V/20V/2A COMPACT                ,      1341.00,07/29/2026,                    ,SUPPLIES                                          ,         0,MFI-PIGGERY                   ,PIGGERY-MAINTENANCE WAREHOUSE                     ,FAACQ               
0070-0012488600007       ,DEWALT CHARGER DCB1102-B1/12V/20V/2A COMPACT                ,      1341.00,07/29/2026,                    ,SUPPLIES                                          ,         0,MFI-PIGGERY                   ,PIGGERY-MAINTENANCE WAREHOUSE                     ,FAACQ               
0070-0012488700005       ,DEWALT BATTERY DCB 182-B1/ 18V XR/4.0AH                     ,      3168.00,07/29/2026,                    ,SUPPLIES                                          ,         0,MFI-PIGGERY                   ,PIGGERY-MAINTENANCE WAREHOUSE                     ,FAACQ               
0070-0012488700006       ,DEWALT BATTERY DCB 182-B1/ 18V XR/4.0AH                     ,      3168.00,07/29/2026,                    ,SUPPLIES                                          ,         0,MFI-PIGGERY                   ,PIGGERY-MAINTENANCE WAREHOUSE                     ,FAACQ               
0070-0012488700007       ,DEWALT BATTERY DCB 182-B1/ 18V XR/4.0AH                     ,      3168.00,07/29/2026,                    ,SUPPLIES                                          ,         0,MFI-PIGGERY                   ,PIGGERY-MAINTENANCE WAREHOUSE                     ,FAACQ               
0070-0004234900005       ,BATTERY CHARGER POWERCRAFT                                  ,      4687.50,07/29/2026,MACH. & EQPT.       ,BATTERY CHARGER                                   ,         5,MFI-PIGGERY                   ,PIGGERY-POWERHOUSE                                ,FAACQ               
0070-0010199100004       ,MDA TANK(TURKEY) VERTICAL BLADDER TANK                      ,    119047.62,07/25/2026,HEAVY EQPT.         ,TANK                                              ,         3,MFI-PIGGERY                   ,PIGGERY-MAINTENANCE                               ,FAACQ               
0070-0010199100005       ,MDA TANK(TURKEY) VERTICAL BLADDER TANK                      ,    119047.62,07/25/2026,HEAVY EQPT.         ,TANK                                              ,         3,MFI-PIGGERY                   ,PIGGERY-MAINTENANCE                               ,FAACQ               
0070-0004227600123       ,SUBMERSIBLE PUMP STREAMPLUS .5HP                            ,     10267.86,08/06/2026,MACH. & EQPT.       ,PUMP                                              ,         5,MFI-PIGGERY                   ,PIGGERY-MAINTENANCE                               ,FAACQ               
0070-0004227600124       ,SUBMERSIBLE PUMP STREAMPLUS .5HP                            ,     10267.86,08/06/2026,MACH. & EQPT.       ,PUMP                                              ,         5,MFI-PIGGERY                   ,PIGGERY-MAINTENANCE                               ,FAACQ               
0070-0004227600125       ,SUBMERSIBLE PUMP STREAMPLUS .5HP                            ,     10267.86,08/06/2026,MACH. & EQPT.       ,PUMP                                              ,         5,MFI-PIGGERY                   ,PIGGERY-MAINTENANCE                               ,FAACQ               
0070-0004227600126       ,SUBMERSIBLE PUMP STREAMPLUS .5HP                            ,     10267.86,08/06/2026,MACH. & EQPT.       ,PUMP                                              ,         5,MFI-PIGGERY                   ,PIGGERY-MAINTENANCE                               ,FAACQ               
0070-0004227600127       ,SUBMERSIBLE PUMP STREAMPLUS .5HP                            ,     10267.86,08/06/2026,MACH. & EQPT.       ,PUMP                                              ,         5,MFI-PIGGERY                   ,PIGGERY-MAINTENANCE                               ,FAACQ               
0070-0004934600072       ,SUBMERSIBLE PUMP STREAMPLUS 1HP                             ,     13839.29,08/06/2026,MACH. & EQPT.       ,PUMP                                              ,         5,MFI-PIGGERY                   ,PIGGERY-MAINTENANCE                               ,FAACQ               
0070-0004934600073       ,SUBMERSIBLE PUMP STREAMPLUS 1HP                             ,     13839.29,08/06/2026,MACH. & EQPT.       ,PUMP                                              ,         5,MFI-PIGGERY                   ,PIGGERY-MAINTENANCE                               ,FAACQ               
0070-0004934600074       ,SUBMERSIBLE PUMP STREAMPLUS 1HP                             ,     13839.29,08/06/2026,MACH. & EQPT.       ,PUMP                                              ,         5,MFI-PIGGERY                   ,PIGGERY-MAINTENANCE                               ,FAACQ               
0070-0004934600075       ,SUBMERSIBLE PUMP STREAMPLUS 1HP                             ,     13839.29,08/06/2026,MACH. & EQPT.       ,PUMP                                              ,         5,MFI-PIGGERY                   ,PIGGERY-MAINTENANCE                               ,FAACQ               
0070-0004934600076       ,SUBMERSIBLE PUMP STREAMPLUS 1HP                             ,     13839.29,08/06/2026,MACH. & EQPT.       ,PUMP                                              ,         5,MFI-PIGGERY                   ,PIGGERY-MAINTENANCE                               ,FAACQ               
0070-0006613800001       ,CELLPHONE REDMI 9A                                          ,      4800.00,07/29/2026,OFF. EQPT.          ,CELLPHONE                                         ,         3,MFI-PIGGERY                   ,PIGGERY-FARROWING                                 ,FAACQ               
0070-0011334100001       ,LG WM P1500RTW TT 15KG                                      ,     15174.11,07/15/2026,MACH. & EQPT.       ,WASHING MACHINE                                   ,         3,MFI-PIGGERY                   ,PIGGERY-GROWING                                   ,FAACQ               
0070-0013607500001       ,SAMSUNG SMART TV  LS32H5000FGXXP                            ,      9820.53,07/15/2026,STR. EQPT.          ,TV                                                ,         3,MFI-PIGGERY                   ,PIGGERY-GROWING                                   ,FAACQ               
0070-0011334100002       ,LG WM P1500RTW TT 15KG                                      ,     15174.11,07/15/2026,MACH. & EQPT.       ,WASHING MACHINE                                   ,         3,MFI-PIGGERY                   ,PIGGERY-MAIN ADMIN                                ,FAACQ               
0070-0013607500002       ,SAMSUNG SMART TV  LS32H5000FGXXP                            ,      9820.53,07/15/2026,STR. EQPT.          ,TV                                                ,         3,MFI-PIGGERY                   ,PIGGERY-MAIN ADMIN                                ,FAACQ               
0070-0013605200001       ,EPSON ECOTANK L3310 A4 ALL-IN-ONE INK TANK PRINTER          ,      8258.93,08/15/2026,OFF. EQPT.          ,PRINTER                                           ,         3,MFI-PIGGERY                   ,PIGGERY-SAFETY AND SECURITY DEPT.                 ,FAACQ               
0070-0009840200001       ,SINOTRUK WATER SPRINKLER PL#:NHH-4734                       ,   2900000.00,06/10/2025,TRNS. EQPT.         ,VEHICLE                                           ,        10,MFI-PIGGERY UNTAGA            ,PIGGERY UNTAGA-MAIN ADMIN                         ,FA_TRAN             
0070-0012966700001       ,EMPTY DMX TOTE BAG                                          ,      5000.00,08/19/2026,STR. EQPT.          ,OTHERS                                            ,         3,MFI-PIGGERY                   ,PIGGERY-MARCELA FARMS COCONUT PLANTATION          ,FAACQ               
0070-0012966700002       ,EMPTY DMX TOTE BAG                                          ,      5000.00,08/19/2026,STR. EQPT.          ,OTHERS                                            ,         3,MFI-PIGGERY                   ,PIGGERY-MARCELA FARMS COCONUT PLANTATION          ,FAACQ               
0070-0001213300024       ,DOUBLE DECK                                                 ,      6696.43,08/03/2026,FUR. & FIXT.        ,BED                                               ,         5,MFI-PIGGERY                   ,PIGGERY-GROWING                                   ,FAACQ               
0070-0001213300025       ,DOUBLE DECK                                                 ,      6696.43,08/03/2026,FUR. & FIXT.        ,BED                                               ,         5,MFI-PIGGERY                   ,PIGGERY-GROWING                                   ,FAACQ               
0070-0001213300026       ,DOUBLE DECK                                                 ,      6696.43,08/03/2026,FUR. & FIXT.        ,BED                                               ,         5,MFI-PIGGERY                   ,PIGGERY-GROWING                                   ,FAACQ               
0070-0001213300027       ,DOUBLE DECK                                                 ,      6696.43,08/03/2026,FUR. & FIXT.        ,BED                                               ,         5,MFI-PIGGERY                   ,PIGGERY-GROWING                                   ,FAACQ               
