barcode,desc,acost,adate,cat_type,locname,dept,status
FAD-0004-0000604500001   ,PRINTER EPSON LQ310 W/ USB PRINTER CABLE                    ,14281.25000,04/06/2026,PRINTER                                           ,COLONNADE COLON               ,COLC-ACCOUNTING DEPT.                             ,FAACQ               
FAD-0004-0008897300001   ,EPSON L5290 WIFI AIO (INK TANK) PRINTER W/ADF               ,12049.11000,04/06/2026,PRINTER                                           ,COLONNADE COLON               ,COLC-ACCOUNTING DEPT.                             ,FAACQ               
FAD-0004-0010097600001   ,ZYCOO COOFONE H81P(EOL)                                     ,3225       ,03/17/2026,TELEPHONE                                         ,COLONNADE COLON               ,COLC-SECURITY & SAFETY DEPARTMENT                 ,FAACQ               
FAD-0004-0003207700001   ,PRINTER EPSON LQ-310                                        ,14281.25000,05/15/2026,PRINTER                                           ,COLONNADE COLON               ,COLC-PURCHASING DEPT.                             ,FAACQ               
FAD-0004-0010097600002   ,ZYCOO COOFONE H81P(EOL)                                     ,3225       ,05/04/2026,TELEPHONE                                         ,COLONNADE COLON               ,COLC-INTERNAL AUDIT DEPT.                         ,FAACQ               
FAD-0004-0000657400001   ,MONITOR ACER                                                ,3214.29000 ,05/04/2026,MONITOR                                           ,COLONNADE COLON               ,COLC-RECEIVING                                    ,FAACQ               
FAD-0004-0003304400001   ,PRINTER EPSON LQ310 USB/PARALLEL                            ,14281.25000,05/04/2026,PRINTER                                           ,COLONNADE COLON               ,COLC-RECEIVING                                    ,FAACQ               
FAD-0004-0011554500001   ,ASUS PRIME H610M-R (P.S) D4 MOTHERBOARD                     ,30352.68000,05/04/2026,OTHERS                                            ,COLONNADE COLON               ,COLC-RECEIVING                                    ,FAACQ               
FAD-0004-0003304400002   ,PRINTER EPSON LQ310 USB/PARALLEL                            ,14281.25000,05/04/2026,PRINTER                                           ,COLONNADE COLON               ,COLC-FIXED ASSET DEPARTMENT                       ,FAACQ               
FAD-0004-0000657400002   ,MONITOR ACER                                                ,3149.11000 ,05/04/2026,MONITOR                                           ,COLONNADE COLON               ,COLC-ACCOUNTING DEPT.                             ,FAACQ               
FAD-0004-0003207700002   ,PRINTER EPSON LQ-310                                        ,14281.25000,05/04/2026,PRINTER                                           ,COLONNADE COLON               ,COLC-ACCOUNTING DEPT.                             ,FAACQ               
FAD-0004-0012730400001   ,INTEL CORE I5 12400 2.5GHZ(H610M-R D4)                      ,28557.14000,05/04/2026,COMPUTER                                          ,COLONNADE COLON               ,COLC-ACCOUNTING DEPT.                             ,FAACQ               
FAD-0004-0003207700003   ,PRINTER EPSON LQ-310                                        ,14281.25000,05/04/2026,PRINTER                                           ,COLONNADE COLON               ,COLC-SEACOM WAREHOUSE                             ,FAACQ               
FAD-0004-0000657400003   ,MONITOR ACER                                                ,3149.11000 ,05/04/2026,MONITOR                                           ,COLONNADE COLON               ,COLC-GROCERY                                      ,FAACQ               
FAD-0004-0012730400002   ,INTEL CORE I5 12400 2.5GHZ(H610M-R D4)                      ,28557.14000,05/04/2026,COMPUTER                                          ,COLONNADE COLON               ,COLC-GROCERY                                      ,FAACQ               
FAD-0004-0012730400003   ,INTEL CORE I5 12400 2.5GHZ(H610M-R D4)                      ,28557.14000,05/04/2026,COMPUTER                                          ,COLONNADE COLON               ,COLC-GROCERY                                      ,FAACQ               
FAD-0004-0012730400004   ,INTEL CORE I5 12400 2.5GHZ(H610M-R D4)                      ,28557.14000,05/04/2026,COMPUTER                                          ,COLONNADE COLON               ,COLC-GROCERY                                      ,FAACQ               
FAD-0004-0001977100001   ,HANDHELD SCANNER                                            ,3883.93000 ,05/04/2026,SCANNER                                           ,COLONNADE COLON               ,COLC-RECEIVING                                    ,FAACQ               
FAD-0004-0012651000001   ,DEWALT DCD 100 BRUSHLESS HAMMER DRILL                       ,14285.71000,05/04/2026,DRILL                                             ,COLONNADE COLON               ,COLC-ENGINEERING DEPT.                            ,FAACQ               
FAD-0004-0007434000001   ,2.0 MM2 THHN WIRE (GREEN)                                   ,3162.25000 ,05/04/2026,IMPROVEMENTS                                      ,COLONNADE COLON               ,COLC-BAKESHOP                                     ,FAACQ               
FAD-0004-0007434000002   ,2.0 MM2 THHN WIRE (GREEN)                                   ,3162.25000 ,05/04/2026,IMPROVEMENTS                                      ,COLONNADE COLON               ,COLC-BAKESHOP                                     ,FAACQ               
FAD-0004-0007434000003   ,2.0 MM2 THHN WIRE (GREEN)                                   ,3162.25000 ,05/04/2026,IMPROVEMENTS                                      ,COLONNADE COLON               ,COLC-BAKESHOP                                     ,FAACQ               
FAD-0004-0007434000004   ,2.0 MM2 THHN WIRE (GREEN)                                   ,3162.25000 ,05/04/2026,IMPROVEMENTS                                      ,COLONNADE COLON               ,COLC-BAKESHOP                                     ,FAACQ               
FAD-0004-0008394900001   ,PANASONIC 2 GANG PLATE WIDE SERIES                          ,220.50000  ,05/04/2026,SUPPLIES                                          ,COLONNADE COLON               ,COLC-BAKESHOP                                     ,FAACQ               
FAD-0004-0008394900002   ,PANASONIC 2 GANG PLATE WIDE SERIES                          ,220.50000  ,05/04/2026,SUPPLIES                                          ,COLONNADE COLON               ,COLC-BAKESHOP                                     ,FAACQ               
FAD-0004-0008394900003   ,PANASONIC 2 GANG PLATE WIDE SERIES                          ,220.50000  ,05/04/2026,SUPPLIES                                          ,COLONNADE COLON               ,COLC-BAKESHOP                                     ,FAACQ               
FAD-0004-0008395000001   ,PANASONIC 3 GANG PLATE WIDE SERIES                          ,34.13000   ,05/04/2026,SUPPLIES                                          ,COLONNADE COLON               ,COLC-BAKESHOP                                     ,FAACQ               
FAD-0004-0008395000002   ,PANASONIC 3 GANG PLATE WIDE SERIES                          ,34.13000   ,05/04/2026,SUPPLIES                                          ,COLONNADE COLON               ,COLC-BAKESHOP                                     ,FAACQ               
FAD-0004-0008395000003   ,PANASONIC 3 GANG PLATE WIDE SERIES                          ,34.13000   ,05/04/2026,SUPPLIES                                          ,COLONNADE COLON               ,COLC-BAKESHOP                                     ,FAACQ               
FAD-0004-0008395000004   ,PANASONIC 3 GANG PLATE WIDE SERIES                          ,34.13000   ,05/04/2026,SUPPLIES                                          ,COLONNADE COLON               ,COLC-BAKESHOP                                     ,FAACQ               
FAD-0004-0008395000005   ,PANASONIC 3 GANG PLATE WIDE SERIES                          ,34.13000   ,05/04/2026,SUPPLIES                                          ,COLONNADE COLON               ,COLC-BAKESHOP                                     ,FAACQ               
FAD-0004-0008395000006   ,PANASONIC 3 GANG PLATE WIDE SERIES                          ,34.13000   ,05/04/2026,SUPPLIES                                          ,COLONNADE COLON               ,COLC-BAKESHOP                                     ,FAACQ               
FAD-0004-0008395000007   ,PANASONIC 3 GANG PLATE WIDE SERIES                          ,34.13000   ,05/04/2026,SUPPLIES                                          ,COLONNADE COLON               ,COLC-BAKESHOP                                     ,FAACQ               
FAD-0004-0008395000008   ,PANASONIC 3 GANG PLATE WIDE SERIES                          ,34.13000   ,05/04/2026,SUPPLIES                                          ,COLONNADE COLON               ,COLC-BAKESHOP                                     ,FAACQ               
FAD-0004-0008395000009   ,PANASONIC 3 GANG PLATE WIDE SERIES                          ,34.13000   ,05/04/2026,SUPPLIES                                          ,COLONNADE COLON               ,COLC-BAKESHOP                                     ,FAACQ               
FAD-0004-0008395000010   ,PANASONIC 3 GANG PLATE WIDE SERIES                          ,34.13000   ,05/04/2026,SUPPLIES                                          ,COLONNADE COLON               ,COLC-BAKESHOP                                     ,FAACQ               
FAD-0004-0008395000011   ,PANASONIC 3 GANG PLATE WIDE SERIES                          ,34.13000   ,05/04/2026,SUPPLIES                                          ,COLONNADE COLON               ,COLC-BAKESHOP                                     ,FAACQ               
FAD-0004-0008395000012   ,PANASONIC 3 GANG PLATE WIDE SERIES                          ,34.13000   ,05/04/2026,SUPPLIES                                          ,COLONNADE COLON               ,COLC-BAKESHOP                                     ,FAACQ               
FAD-0004-0008395000013   ,PANASONIC 3 GANG PLATE WIDE SERIES                          ,34.13000   ,05/04/2026,SUPPLIES                                          ,COLONNADE COLON               ,COLC-BAKESHOP                                     ,FAACQ               
FAD-0004-0008395000014   ,PANASONIC 3 GANG PLATE WIDE SERIES                          ,34.13000   ,05/04/2026,SUPPLIES                                          ,COLONNADE COLON               ,COLC-BAKESHOP                                     ,FAACQ               
FAD-0004-0008395000015   ,PANASONIC 3 GANG PLATE WIDE SERIES                          ,34.13000   ,05/04/2026,SUPPLIES                                          ,COLONNADE COLON               ,COLC-BAKESHOP                                     ,FAACQ               
FAD-0004-0008395000016   ,PANASONIC 3 GANG PLATE WIDE SERIES                          ,34.13000   ,05/04/2026,SUPPLIES                                          ,COLONNADE COLON               ,COLC-BAKESHOP                                     ,FAACQ               
FAD-0004-0008395000017   ,PANASONIC 3 GANG PLATE WIDE SERIES                          ,34.13000   ,05/04/2026,SUPPLIES                                          ,COLONNADE COLON               ,COLC-BAKESHOP                                     ,FAACQ               
FAD-0004-0008395000018   ,PANASONIC 3 GANG PLATE WIDE SERIES                          ,34.13000   ,05/04/2026,SUPPLIES                                          ,COLONNADE COLON               ,COLC-BAKESHOP                                     ,FAACQ               
FAD-0004-0008395000019   ,PANASONIC 3 GANG PLATE WIDE SERIES                          ,34.13000   ,05/04/2026,SUPPLIES                                          ,COLONNADE COLON               ,COLC-BAKESHOP                                     ,FAACQ               
FAD-0004-0008395000020   ,PANASONIC 3 GANG PLATE WIDE SERIES                          ,34.13000   ,05/04/2026,SUPPLIES                                          ,COLONNADE COLON               ,COLC-BAKESHOP                                     ,FAACQ               
FAD-0004-0008977800001   ,PVC JUNCTION BOX                                            ,19.25000   ,05/04/2026,SUPPLIES                                          ,COLONNADE COLON               ,COLC-BAKESHOP                                     ,FAACQ               
FAD-0004-0008977800002   ,PVC JUNCTION BOX                                            ,19.25000   ,05/04/2026,SUPPLIES                                          ,COLONNADE COLON               ,COLC-BAKESHOP                                     ,FAACQ               
FAD-0004-0008977800003   ,PVC JUNCTION BOX                                            ,19.25000   ,05/04/2026,SUPPLIES                                          ,COLONNADE COLON               ,COLC-BAKESHOP                                     ,FAACQ               
FAD-0004-0008977800004   ,PVC JUNCTION BOX                                            ,19.25000   ,05/04/2026,SUPPLIES                                          ,COLONNADE COLON               ,COLC-BAKESHOP                                     ,FAACQ               
FAD-0004-0008977800005   ,PVC JUNCTION BOX                                            ,19.25000   ,05/04/2026,SUPPLIES                                          ,COLONNADE COLON               ,COLC-BAKESHOP                                     ,FAACQ               
FAD-0004-0008977800006   ,PVC JUNCTION BOX                                            ,19.25000   ,05/04/2026,SUPPLIES                                          ,COLONNADE COLON               ,COLC-BAKESHOP                                     ,FAACQ               
FAD-0004-0008977800007   ,PVC JUNCTION BOX                                            ,19.25000   ,05/04/2026,SUPPLIES                                          ,COLONNADE COLON               ,COLC-BAKESHOP                                     ,FAACQ               
FAD-0004-0008977800008   ,PVC JUNCTION BOX                                            ,19.25000   ,05/04/2026,SUPPLIES                                          ,COLONNADE COLON               ,COLC-BAKESHOP                                     ,FAACQ               
FAD-0004-0008977800009   ,PVC JUNCTION BOX                                            ,19.25000   ,05/04/2026,SUPPLIES                                          ,COLONNADE COLON               ,COLC-BAKESHOP                                     ,FAACQ               
FAD-0004-0008977800010   ,PVC JUNCTION BOX                                            ,19.25000   ,05/04/2026,SUPPLIES                                          ,COLONNADE COLON               ,COLC-BAKESHOP                                     ,FAACQ               
FAD-0004-0008977800011   ,PVC JUNCTION BOX                                            ,19.25000   ,05/04/2026,SUPPLIES                                          ,COLONNADE COLON               ,COLC-BAKESHOP                                     ,FAACQ               
FAD-0004-0008977800012   ,PVC JUNCTION BOX                                            ,19.25000   ,05/04/2026,SUPPLIES                                          ,COLONNADE COLON               ,COLC-BAKESHOP                                     ,FAACQ               
FAD-0004-0008977800013   ,PVC JUNCTION BOX                                            ,19.25000   ,05/04/2026,SUPPLIES                                          ,COLONNADE COLON               ,COLC-BAKESHOP                                     ,FAACQ               
FAD-0004-0008977800014   ,PVC JUNCTION BOX                                            ,19.25000   ,05/04/2026,SUPPLIES                                          ,COLONNADE COLON               ,COLC-BAKESHOP                                     ,FAACQ               
FAD-0004-0008977800015   ,PVC JUNCTION BOX                                            ,19.25000   ,05/04/2026,SUPPLIES                                          ,COLONNADE COLON               ,COLC-BAKESHOP                                     ,FAACQ               
FAD-0004-0008977800016   ,PVC JUNCTION BOX                                            ,19.25000   ,05/04/2026,SUPPLIES                                          ,COLONNADE COLON               ,COLC-BAKESHOP                                     ,FAACQ               
FAD-0004-0008977800017   ,PVC JUNCTION BOX                                            ,19.25000   ,05/04/2026,SUPPLIES                                          ,COLONNADE COLON               ,COLC-BAKESHOP                                     ,FAACQ               
FAD-0004-0008977800018   ,PVC JUNCTION BOX                                            ,19.25000   ,05/04/2026,SUPPLIES                                          ,COLONNADE COLON               ,COLC-BAKESHOP                                     ,FAACQ               
FAD-0004-0008977800019   ,PVC JUNCTION BOX                                            ,19.25000   ,05/04/2026,SUPPLIES                                          ,COLONNADE COLON               ,COLC-BAKESHOP                                     ,FAACQ               
FAD-0004-0008977800020   ,PVC JUNCTION BOX                                            ,19.25000   ,05/04/2026,SUPPLIES                                          ,COLONNADE COLON               ,COLC-BAKESHOP                                     ,FAACQ               
FAD-0004-0008977900001   ,PVC JUNCTION BOX COV                                        ,7.88000    ,05/04/2026,SUPPLIES                                          ,COLONNADE COLON               ,COLC-BAKESHOP                                     ,FAACQ               
FAD-0004-0008977900002   ,PVC JUNCTION BOX COV                                        ,7.88000    ,05/04/2026,SUPPLIES                                          ,COLONNADE COLON               ,COLC-BAKESHOP                                     ,FAACQ               
FAD-0004-0008977900003   ,PVC JUNCTION BOX COV                                        ,7.88000    ,05/04/2026,SUPPLIES                                          ,COLONNADE COLON               ,COLC-BAKESHOP                                     ,FAACQ               
FAD-0004-0008977900004   ,PVC JUNCTION BOX COV                                        ,7.88000    ,05/04/2026,SUPPLIES                                          ,COLONNADE COLON               ,COLC-BAKESHOP                                     ,FAACQ               
FAD-0004-0008977900005   ,PVC JUNCTION BOX COV                                        ,7.88000    ,05/04/2026,SUPPLIES                                          ,COLONNADE COLON               ,COLC-BAKESHOP                                     ,FAACQ               
FAD-0004-0008977900006   ,PVC JUNCTION BOX COV                                        ,7.88000    ,05/04/2026,SUPPLIES                                          ,COLONNADE COLON               ,COLC-BAKESHOP                                     ,FAACQ               
FAD-0004-0008977900007   ,PVC JUNCTION BOX COV                                        ,7.88000    ,05/04/2026,SUPPLIES                                          ,COLONNADE COLON               ,COLC-BAKESHOP                                     ,FAACQ               
FAD-0004-0008977900008   ,PVC JUNCTION BOX COV                                        ,7.88000    ,05/04/2026,SUPPLIES                                          ,COLONNADE COLON               ,COLC-BAKESHOP                                     ,FAACQ               
FAD-0004-0008977900009   ,PVC JUNCTION BOX COV                                        ,7.88000    ,05/04/2026,SUPPLIES                                          ,COLONNADE COLON               ,COLC-BAKESHOP                                     ,FAACQ               
FAD-0004-0008977900010   ,PVC JUNCTION BOX COV                                        ,7.88000    ,05/04/2026,SUPPLIES                                          ,COLONNADE COLON               ,COLC-BAKESHOP                                     ,FAACQ               
FAD-0004-0008977900011   ,PVC JUNCTION BOX COV                                        ,7.88000    ,05/04/2026,SUPPLIES                                          ,COLONNADE COLON               ,COLC-BAKESHOP                                     ,FAACQ               
FAD-0004-0008977900012   ,PVC JUNCTION BOX COV                                        ,7.88000    ,05/04/2026,SUPPLIES                                          ,COLONNADE COLON               ,COLC-BAKESHOP                                     ,FAACQ               
FAD-0004-0008977900013   ,PVC JUNCTION BOX COV                                        ,7.88000    ,05/04/2026,SUPPLIES                                          ,COLONNADE COLON               ,COLC-BAKESHOP                                     ,FAACQ               
FAD-0004-0008977900014   ,PVC JUNCTION BOX COV                                        ,7.88000    ,05/04/2026,SUPPLIES                                          ,COLONNADE COLON               ,COLC-BAKESHOP                                     ,FAACQ               
FAD-0004-0008977900015   ,PVC JUNCTION BOX COV                                        ,7.88000    ,05/04/2026,SUPPLIES                                          ,COLONNADE COLON               ,COLC-BAKESHOP                                     ,FAACQ               
FAD-0004-0008977900016   ,PVC JUNCTION BOX COV                                        ,7.88000    ,05/04/2026,SUPPLIES                                          ,COLONNADE COLON               ,COLC-BAKESHOP                                     ,FAACQ               
FAD-0004-0008977900017   ,PVC JUNCTION BOX COV                                        ,7.88000    ,05/04/2026,SUPPLIES                                          ,COLONNADE COLON               ,COLC-BAKESHOP                                     ,FAACQ               
FAD-0004-0008977900018   ,PVC JUNCTION BOX COV                                        ,7.88000    ,05/04/2026,SUPPLIES                                          ,COLONNADE COLON               ,COLC-BAKESHOP                                     ,FAACQ               
FAD-0004-0008977900019   ,PVC JUNCTION BOX COV                                        ,7.88000    ,05/04/2026,SUPPLIES                                          ,COLONNADE COLON               ,COLC-BAKESHOP                                     ,FAACQ               
FAD-0004-0008977900020   ,PVC JUNCTION BOX COV                                        ,7.88000    ,05/04/2026,SUPPLIES                                          ,COLONNADE COLON               ,COLC-BAKESHOP                                     ,FAACQ               
FAD-0004-0009079200001   ,PHILFLEX SINGLE STRANDED WIRE THHN 5.5MM2 WHITE             ,7097.50000 ,05/04/2026,SUPPLIES                                          ,COLONNADE COLON               ,COLC-BAKESHOP                                     ,FAACQ               
FAD-0004-0009079200002   ,PHILFLEX SINGLE STRANDED WIRE THHN 5.5MM2 WHITE             ,7097.50000 ,05/04/2026,SUPPLIES                                          ,COLONNADE COLON               ,COLC-BAKESHOP                                     ,FAACQ               
FAD-0004-0009174400001   ,SINGLE SWITCH SURFACE TYPE WIDE SERIES                      ,37.63000   ,05/04/2026,SUPPLIES                                          ,COLONNADE COLON               ,COLC-BAKESHOP                                     ,FAACQ               
FAD-0004-0009174400002   ,SINGLE SWITCH SURFACE TYPE WIDE SERIES                      ,37.63000   ,05/04/2026,SUPPLIES                                          ,COLONNADE COLON               ,COLC-BAKESHOP                                     ,FAACQ               
FAD-0004-0009471700001   ,3.5MM2 THHN SINGLE STRND WIRE RED                           ,4637.97000 ,05/04/2026,SUPPLIES                                          ,COLONNADE COLON               ,COLC-BAKESHOP                                     ,FAACQ               
FAD-0004-0009471900001   ,3.5MM­­2 THHN SINGLE STRND WIRE YELLOW                      ,4637.97000 ,05/04/2026,SUPPLIES                                          ,COLONNADE COLON               ,COLC-BAKESHOP                                     ,FAACQ               
FAD-0004-0009472100001   ,3.5MM­­2 THHN SINGLE STRND WIRE BLUE                        ,4637.97000 ,05/04/2026,SUPPLIES                                          ,COLONNADE COLON               ,COLC-BAKESHOP                                     ,FAACQ               
FAD-0004-0009472300001   ,3.5MM­­2 THHN SINGLE STRND WIRE WHITE                       ,4637.97000 ,05/04/2026,SUPPLIES                                          ,COLONNADE COLON               ,COLC-BAKESHOP                                     ,FAACQ               
FAD-0004-0009472300002   ,3.5MM­­2 THHN SINGLE STRND WIRE WHITE                       ,4637.97000 ,05/04/2026,SUPPLIES                                          ,COLONNADE COLON               ,COLC-BAKESHOP                                     ,FAACQ               
FAD-0004-0009531400001   ,EMT PIPE 3/4"" PANASONIC                                     ,268.63000  ,05/04/2026,OTHERS                                            ,COLONNADE COLON               ,COLC-BAKESHOP                                     ,FAACQ               
FAD-0004-0009531400002   ,EMT PIPE 3/4"" PANASONIC                                     ,268.63000  ,05/04/2026,OTHERS                                            ,COLONNADE COLON               ,COLC-BAKESHOP                                     ,FAACQ               
FAD-0004-0009531400003   ,EMT PIPE 3/4"" PANASONIC                                     ,268.63000  ,05/04/2026,OTHERS                                            ,COLONNADE COLON               ,COLC-BAKESHOP                                     ,FAACQ               
FAD-0004-0009531400004   ,EMT PIPE 3/4"" PANASONIC                                     ,268.63000  ,05/04/2026,OTHERS                                            ,COLONNADE COLON               ,COLC-BAKESHOP                                     ,FAACQ               
FAD-0004-0009531400005   ,EMT PIPE 3/4"" PANASONIC                                     ,268.63000  ,05/04/2026,OTHERS                                            ,COLONNADE COLON               ,COLC-BAKESHOP                                     ,FAACQ               
FAD-0004-0009531400006   ,EMT PIPE 3/4"" PANASONIC                                     ,268.63000  ,05/04/2026,OTHERS                                            ,COLONNADE COLON               ,COLC-BAKESHOP                                     ,FAACQ               
FAD-0004-0009531400007   ,EMT PIPE 3/4"" PANASONIC                                     ,268.63000  ,05/04/2026,OTHERS                                            ,COLONNADE COLON               ,COLC-BAKESHOP                                     ,FAACQ               
FAD-0004-0009531400008   ,EMT PIPE 3/4"" PANASONIC                                     ,268.63000  ,05/04/2026,OTHERS                                            ,COLONNADE COLON               ,COLC-BAKESHOP                                     ,FAACQ               
FAD-0004-0009531400009   ,EMT PIPE 3/4"" PANASONIC                                     ,268.63000  ,05/04/2026,OTHERS                                            ,COLONNADE COLON               ,COLC-BAKESHOP                                     ,FAACQ               
FAD-0004-0009531400010   ,EMT PIPE 3/4"" PANASONIC                                     ,268.63000  ,05/04/2026,OTHERS                                            ,COLONNADE COLON               ,COLC-BAKESHOP                                     ,FAACQ               
FAD-0004-0009531400011   ,EMT PIPE 3/4"" PANASONIC                                     ,268.63000  ,05/04/2026,OTHERS                                            ,COLONNADE COLON               ,COLC-BAKESHOP                                     ,FAACQ               
FAD-0004-0009531400012   ,EMT PIPE 3/4"" PANASONIC                                     ,268.63000  ,05/04/2026,OTHERS                                            ,COLONNADE COLON               ,COLC-BAKESHOP                                     ,FAACQ               
FAD-0004-0009531400013   ,EMT PIPE 3/4"" PANASONIC                                     ,268.63000  ,05/04/2026,OTHERS                                            ,COLONNADE COLON               ,COLC-BAKESHOP                                     ,FAACQ               
FAD-0004-0009531400014   ,EMT PIPE 3/4"" PANASONIC                                     ,268.63000  ,05/04/2026,OTHERS                                            ,COLONNADE COLON               ,COLC-BAKESHOP                                     ,FAACQ               
FAD-0004-0009531400015   ,EMT PIPE 3/4"" PANASONIC                                     ,268.63000  ,05/04/2026,OTHERS                                            ,COLONNADE COLON               ,COLC-BAKESHOP                                     ,FAACQ               
FAD-0004-0011178900001   ,8.0MM² THHN SINGLE STRANDED WIRE GREEN                      ,11103.03000,05/04/2026,SUPPLIES                                          ,COLONNADE COLON               ,COLC-BAKESHOP                                     ,FAACQ               
FAD-0004-0011178900002   ,8.0MM² THHN SINGLE STRANDED WIRE GREEN                      ,11103.03000,05/04/2026,SUPPLIES                                          ,COLONNADE COLON               ,COLC-BAKESHOP                                     ,FAACQ               
FAD-0004-0011301200001   ,3.5MM2 THHN WIRE (150 M/ROLL) GREEN                         ,4637.97000 ,05/04/2026,SUPPLIES                                          ,COLONNADE COLON               ,COLC-BAKESHOP                                     ,FAACQ               
FAD-0004-0011301200002   ,3.5MM2 THHN WIRE (150 M/ROLL) GREEN                         ,4637.97000 ,05/04/2026,SUPPLIES                                          ,COLONNADE COLON               ,COLC-BAKESHOP                                     ,FAACQ               
FAD-0004-0011518200001   ,5.5MM² THHN WIRE SINGLE STRANDED RED                        ,7097.50000 ,05/04/2026,SUPPLIES                                          ,COLONNADE COLON               ,COLC-BAKESHOP                                     ,FAACQ               
FAD-0004-0011518200002   ,5.5MM² THHN WIRE SINGLE STRANDED RED                        ,7097.50000 ,05/04/2026,SUPPLIES                                          ,COLONNADE COLON               ,COLC-BAKESHOP                                     ,FAACQ               
FAD-0004-0011518300001   ,5.5MM² THHN WIRE SINGLE STRANDED YELLOW                     ,7097.51000 ,05/04/2026,SUPPLIES                                          ,COLONNADE COLON               ,COLC-BAKESHOP                                     ,FAACQ               
FAD-0004-0011518400001   ,5.5MM² THHN WIRE SIBGLE STRANDED BLUE                       ,7097.50000 ,05/04/2026,SUPPLIES                                          ,COLONNADE COLON               ,COLC-BAKESHOP                                     ,FAACQ               
FAD-0004-0011518400002   ,5.5MM² THHN WIRE SIBGLE STRANDED BLUE                       ,7097.50000 ,05/04/2026,SUPPLIES                                          ,COLONNADE COLON               ,COLC-BAKESHOP                                     ,FAACQ               
FAD-0004-0011623200001   ,THH STRANDED WIRE 50MM YELLOW                               ,295.05000  ,05/04/2026,SUPPLIES                                          ,COLONNADE COLON               ,COLC-BAKESHOP                                     ,FAACQ               
FAD-0004-0011623200002   ,THH STRANDED WIRE 50MM YELLOW                               ,295.05000  ,05/04/2026,SUPPLIES                                          ,COLONNADE COLON               ,COLC-BAKESHOP                                     ,FAACQ               
FAD-0004-0011623200003   ,THH STRANDED WIRE 50MM YELLOW                               ,295.05000  ,05/04/2026,SUPPLIES                                          ,COLONNADE COLON               ,COLC-BAKESHOP                                     ,FAACQ               
FAD-0004-0011623200004   ,THH STRANDED WIRE 50MM YELLOW                               ,295.05000  ,05/04/2026,SUPPLIES                                          ,COLONNADE COLON               ,COLC-BAKESHOP                                     ,FAACQ               
FAD-0004-0011623200005   ,THH STRANDED WIRE 50MM YELLOW                               ,295.05000  ,05/04/2026,SUPPLIES                                          ,COLONNADE COLON               ,COLC-BAKESHOP                                     ,FAACQ               
FAD-0004-0011623200006   ,THH STRANDED WIRE 50MM YELLOW                               ,295.05000  ,05/04/2026,SUPPLIES                                          ,COLONNADE COLON               ,COLC-BAKESHOP                                     ,FAACQ               
FAD-0004-0011623200007   ,THH STRANDED WIRE 50MM YELLOW                               ,295.05000  ,05/04/2026,SUPPLIES                                          ,COLONNADE COLON               ,COLC-BAKESHOP                                     ,FAACQ               
FAD-0004-0011623200008   ,THH STRANDED WIRE 50MM YELLOW                               ,295.05000  ,05/04/2026,SUPPLIES                                          ,COLONNADE COLON               ,COLC-BAKESHOP                                     ,FAACQ               
FAD-0004-0011623200009   ,THH STRANDED WIRE 50MM YELLOW                               ,295.05000  ,05/04/2026,SUPPLIES                                          ,COLONNADE COLON               ,COLC-BAKESHOP                                     ,FAACQ               
FAD-0004-0011623200010   ,THH STRANDED WIRE 50MM YELLOW                               ,295.05000  ,05/04/2026,SUPPLIES                                          ,COLONNADE COLON               ,COLC-BAKESHOP                                     ,FAACQ               
FAD-0004-0011623200011   ,THH STRANDED WIRE 50MM YELLOW                               ,295.05000  ,05/04/2026,SUPPLIES                                          ,COLONNADE COLON               ,COLC-BAKESHOP                                     ,FAACQ               
FAD-0004-0011623200012   ,THH STRANDED WIRE 50MM YELLOW                               ,295.05000  ,05/04/2026,SUPPLIES                                          ,COLONNADE COLON               ,COLC-BAKESHOP                                     ,FAACQ               
FAD-0004-0011623200013   ,THH STRANDED WIRE 50MM YELLOW                               ,295.05000  ,05/04/2026,SUPPLIES                                          ,COLONNADE COLON               ,COLC-BAKESHOP                                     ,FAACQ               
FAD-0004-0011623200014   ,THH STRANDED WIRE 50MM YELLOW                               ,295.05000  ,05/04/2026,SUPPLIES                                          ,COLONNADE COLON               ,COLC-BAKESHOP                                     ,FAACQ               
FAD-0004-0011623200015   ,THH STRANDED WIRE 50MM YELLOW                               ,295.05000  ,05/04/2026,SUPPLIES                                          ,COLONNADE COLON               ,COLC-BAKESHOP                                     ,FAACQ               
FAD-0004-0011623200016   ,THH STRANDED WIRE 50MM YELLOW                               ,295.05000  ,05/04/2026,SUPPLIES                                          ,COLONNADE COLON               ,COLC-BAKESHOP                                     ,FAACQ               
FAD-0004-0011623200017   ,THH STRANDED WIRE 50MM YELLOW                               ,295.05000  ,05/04/2026,SUPPLIES                                          ,COLONNADE COLON               ,COLC-BAKESHOP                                     ,FAACQ               
FAD-0004-0011623200018   ,THH STRANDED WIRE 50MM YELLOW                               ,295.05000  ,05/04/2026,SUPPLIES                                          ,COLONNADE COLON               ,COLC-BAKESHOP                                     ,FAACQ               
FAD-0004-0011623200019   ,THH STRANDED WIRE 50MM YELLOW                               ,295.05000  ,05/04/2026,SUPPLIES                                          ,COLONNADE COLON               ,COLC-BAKESHOP                                     ,FAACQ               
FAD-0004-0011623200020   ,THH STRANDED WIRE 50MM YELLOW                               ,295.05000  ,05/04/2026,SUPPLIES                                          ,COLONNADE COLON               ,COLC-BAKESHOP                                     ,FAACQ               
FAD-0004-0011623200021   ,THH STRANDED WIRE 50MM YELLOW                               ,295.05000  ,05/04/2026,SUPPLIES                                          ,COLONNADE COLON               ,COLC-BAKESHOP                                     ,FAACQ               
FAD-0004-0011623200022   ,THH STRANDED WIRE 50MM YELLOW                               ,295.05000  ,05/04/2026,SUPPLIES                                          ,COLONNADE COLON               ,COLC-BAKESHOP                                     ,FAACQ               
FAD-0004-0011623200023   ,THH STRANDED WIRE 50MM YELLOW                               ,295.05000  ,05/04/2026,SUPPLIES                                          ,COLONNADE COLON               ,COLC-BAKESHOP                                     ,FAACQ               
FAD-0004-0011623200024   ,THH STRANDED WIRE 50MM YELLOW                               ,295.05000  ,05/04/2026,SUPPLIES                                          ,COLONNADE COLON               ,COLC-BAKESHOP                                     ,FAACQ               
FAD-0004-0011623200025   ,THH STRANDED WIRE 50MM YELLOW                               ,295.05000  ,05/04/2026,SUPPLIES                                          ,COLONNADE COLON               ,COLC-BAKESHOP                                     ,FAACQ               
FAD-0004-0011623200026   ,THH STRANDED WIRE 50MM YELLOW                               ,295.05000  ,05/04/2026,SUPPLIES                                          ,COLONNADE COLON               ,COLC-BAKESHOP                                     ,FAACQ               
FAD-0004-0011623200027   ,THH STRANDED WIRE 50MM YELLOW                               ,295.05000  ,05/04/2026,SUPPLIES                                          ,COLONNADE COLON               ,COLC-BAKESHOP                                     ,FAACQ               
FAD-0004-0011623200028   ,THH STRANDED WIRE 50MM YELLOW                               ,295.05000  ,05/04/2026,SUPPLIES                                          ,COLONNADE COLON               ,COLC-BAKESHOP                                     ,FAACQ               
FAD-0004-0011623200029   ,THH STRANDED WIRE 50MM YELLOW                               ,295.05000  ,05/04/2026,SUPPLIES                                          ,COLONNADE COLON               ,COLC-BAKESHOP                                     ,FAACQ               
FAD-0004-0011623200030   ,THH STRANDED WIRE 50MM YELLOW                               ,295.05000  ,05/04/2026,SUPPLIES                                          ,COLONNADE COLON               ,COLC-BAKESHOP                                     ,FAACQ               
FAD-0004-0011623200031   ,THH STRANDED WIRE 50MM YELLOW                               ,295.05000  ,05/04/2026,SUPPLIES                                          ,COLONNADE COLON               ,COLC-BAKESHOP                                     ,FAACQ               
FAD-0004-0011623200032   ,THH STRANDED WIRE 50MM YELLOW                               ,295.05000  ,05/04/2026,SUPPLIES                                          ,COLONNADE COLON               ,COLC-BAKESHOP                                     ,FAACQ               
FAD-0004-0011623200033   ,THH STRANDED WIRE 50MM YELLOW                               ,295.05000  ,05/04/2026,SUPPLIES                                          ,COLONNADE COLON               ,COLC-BAKESHOP                                     ,FAACQ               
FAD-0004-0011623200034   ,THH STRANDED WIRE 50MM YELLOW                               ,295.05000  ,05/04/2026,SUPPLIES                                          ,COLONNADE COLON               ,COLC-BAKESHOP                                     ,FAACQ               
FAD-0004-0011623200035   ,THH STRANDED WIRE 50MM YELLOW                               ,295.05000  ,05/04/2026,SUPPLIES                                          ,COLONNADE COLON               ,COLC-BAKESHOP                                     ,FAACQ               
FAD-0004-0011623200036   ,THH STRANDED WIRE 50MM YELLOW                               ,295.05000  ,05/04/2026,SUPPLIES                                          ,COLONNADE COLON               ,COLC-BAKESHOP                                     ,FAACQ               
FAD-0004-0011623200037   ,THH STRANDED WIRE 50MM YELLOW                               ,295.05000  ,05/04/2026,SUPPLIES                                          ,COLONNADE COLON               ,COLC-BAKESHOP                                     ,FAACQ               
FAD-0004-0011623200038   ,THH STRANDED WIRE 50MM YELLOW                               ,295.05000  ,05/04/2026,SUPPLIES                                          ,COLONNADE COLON               ,COLC-BAKESHOP                                     ,FAACQ               
FAD-0004-0011623200039   ,THH STRANDED WIRE 50MM YELLOW                               ,295.05000  ,05/04/2026,SUPPLIES                                          ,COLONNADE COLON               ,COLC-BAKESHOP                                     ,FAACQ               
FAD-0004-0011623200040   ,THH STRANDED WIRE 50MM YELLOW                               ,295.05000  ,05/04/2026,SUPPLIES                                          ,COLONNADE COLON               ,COLC-BAKESHOP                                     ,FAACQ               
FAD-0004-0011623200041   ,THH STRANDED WIRE 50MM YELLOW                               ,295.05000  ,05/04/2026,SUPPLIES                                          ,COLONNADE COLON               ,COLC-BAKESHOP                                     ,FAACQ               
FAD-0004-0011623200042   ,THH STRANDED WIRE 50MM YELLOW                               ,295.05000  ,05/04/2026,SUPPLIES                                          ,COLONNADE COLON               ,COLC-BAKESHOP                                     ,FAACQ               
FAD-0004-0011623200043   ,THH STRANDED WIRE 50MM YELLOW                               ,295.05000  ,05/04/2026,SUPPLIES                                          ,COLONNADE COLON               ,COLC-BAKESHOP                                     ,FAACQ               
FAD-0004-0011623200044   ,THH STRANDED WIRE 50MM YELLOW                               ,295.05000  ,05/04/2026,SUPPLIES                                          ,COLONNADE COLON               ,COLC-BAKESHOP                                     ,FAACQ               
FAD-0004-0011623200045   ,THH STRANDED WIRE 50MM YELLOW                               ,295.05000  ,05/04/2026,SUPPLIES                                          ,COLONNADE COLON               ,COLC-BAKESHOP                                     ,FAACQ               
FAD-0004-0011623200046   ,THH STRANDED WIRE 50MM YELLOW                               ,295.05000  ,05/04/2026,SUPPLIES                                          ,COLONNADE COLON               ,COLC-BAKESHOP                                     ,FAACQ               
FAD-0004-0011623200047   ,THH STRANDED WIRE 50MM YELLOW                               ,295.05000  ,05/04/2026,SUPPLIES                                          ,COLONNADE COLON               ,COLC-BAKESHOP                                     ,FAACQ               
FAD-0004-0011623200048   ,THH STRANDED WIRE 50MM YELLOW                               ,295.05000  ,05/04/2026,SUPPLIES                                          ,COLONNADE COLON               ,COLC-BAKESHOP                                     ,FAACQ               
FAD-0004-0011623200049   ,THH STRANDED WIRE 50MM YELLOW                               ,295.05000  ,05/04/2026,SUPPLIES                                          ,COLONNADE COLON               ,COLC-BAKESHOP                                     ,FAACQ               
FAD-0004-0011623200050   ,THH STRANDED WIRE 50MM YELLOW                               ,295.05000  ,05/04/2026,SUPPLIES                                          ,COLONNADE COLON               ,COLC-BAKESHOP                                     ,FAACQ               
FAD-0004-0011623200051   ,THH STRANDED WIRE 50MM YELLOW                               ,295.05000  ,05/04/2026,SUPPLIES                                          ,COLONNADE COLON               ,COLC-BAKESHOP                                     ,FAACQ               
FAD-0004-0011623200052   ,THH STRANDED WIRE 50MM YELLOW                               ,295.05000  ,05/04/2026,SUPPLIES                                          ,COLONNADE COLON               ,COLC-BAKESHOP                                     ,FAACQ               
FAD-0004-0011623200053   ,THH STRANDED WIRE 50MM YELLOW                               ,295.05000  ,05/04/2026,SUPPLIES                                          ,COLONNADE COLON               ,COLC-BAKESHOP                                     ,FAACQ               
FAD-0004-0011623200054   ,THH STRANDED WIRE 50MM YELLOW                               ,295.05000  ,05/04/2026,SUPPLIES                                          ,COLONNADE COLON               ,COLC-BAKESHOP                                     ,FAACQ               
FAD-0004-0011623200055   ,THH STRANDED WIRE 50MM YELLOW                               ,295.05000  ,05/04/2026,SUPPLIES                                          ,COLONNADE COLON               ,COLC-BAKESHOP                                     ,FAACQ               
FAD-0004-0011623200056   ,THH STRANDED WIRE 50MM YELLOW                               ,295.05000  ,05/04/2026,SUPPLIES                                          ,COLONNADE COLON               ,COLC-BAKESHOP                                     ,FAACQ               
FAD-0004-0011623200057   ,THH STRANDED WIRE 50MM YELLOW                               ,295.05000  ,05/04/2026,SUPPLIES                                          ,COLONNADE COLON               ,COLC-BAKESHOP                                     ,FAACQ               
FAD-0004-0011623200058   ,THH STRANDED WIRE 50MM YELLOW                               ,295.05000  ,05/04/2026,SUPPLIES                                          ,COLONNADE COLON               ,COLC-BAKESHOP                                     ,FAACQ               
FAD-0004-0011623200059   ,THH STRANDED WIRE 50MM YELLOW                               ,295.05000  ,05/04/2026,SUPPLIES                                          ,COLONNADE COLON               ,COLC-BAKESHOP                                     ,FAACQ               
FAD-0004-0011623200060   ,THH STRANDED WIRE 50MM YELLOW                               ,295.05000  ,05/04/2026,SUPPLIES                                          ,COLONNADE COLON               ,COLC-BAKESHOP                                     ,FAACQ               
FAD-0004-0011623200061   ,THH STRANDED WIRE 50MM YELLOW                               ,295.05000  ,05/04/2026,SUPPLIES                                          ,COLONNADE COLON               ,COLC-BAKESHOP                                     ,FAACQ               
FAD-0004-0011623200062   ,THH STRANDED WIRE 50MM YELLOW                               ,295.05000  ,05/04/2026,SUPPLIES                                          ,COLONNADE COLON               ,COLC-BAKESHOP                                     ,FAACQ               
FAD-0004-0011623200063   ,THH STRANDED WIRE 50MM YELLOW                               ,295.05000  ,05/04/2026,SUPPLIES                                          ,COLONNADE COLON               ,COLC-BAKESHOP                                     ,FAACQ               
FAD-0004-0011623200064   ,THH STRANDED WIRE 50MM YELLOW                               ,295.05000  ,05/04/2026,SUPPLIES                                          ,COLONNADE COLON               ,COLC-BAKESHOP                                     ,FAACQ               
FAD-0004-0011623200065   ,THH STRANDED WIRE 50MM YELLOW                               ,295.05000  ,05/04/2026,SUPPLIES                                          ,COLONNADE COLON               ,COLC-BAKESHOP                                     ,FAACQ               
FAD-0004-0011623200066   ,THH STRANDED WIRE 50MM YELLOW                               ,295.05000  ,05/04/2026,SUPPLIES                                          ,COLONNADE COLON               ,COLC-BAKESHOP                                     ,FAACQ               
FAD-0004-0011623200067   ,THH STRANDED WIRE 50MM YELLOW                               ,295.05000  ,05/04/2026,SUPPLIES                                          ,COLONNADE COLON               ,COLC-BAKESHOP                                     ,FAACQ               
FAD-0004-0011623200068   ,THH STRANDED WIRE 50MM YELLOW                               ,295.05000  ,05/04/2026,SUPPLIES                                          ,COLONNADE COLON               ,COLC-BAKESHOP                                     ,FAACQ               
FAD-0004-0011623200069   ,THH STRANDED WIRE 50MM YELLOW                               ,295.05000  ,05/04/2026,SUPPLIES                                          ,COLONNADE COLON               ,COLC-BAKESHOP                                     ,FAACQ               
FAD-0004-0011623200070   ,THH STRANDED WIRE 50MM YELLOW                               ,295.05000  ,05/04/2026,SUPPLIES                                          ,COLONNADE COLON               ,COLC-BAKESHOP                                     ,FAACQ               
FAD-0004-0011623200071   ,THH STRANDED WIRE 50MM YELLOW                               ,295.05000  ,05/04/2026,SUPPLIES                                          ,COLONNADE COLON               ,COLC-BAKESHOP                                     ,FAACQ               
FAD-0004-0011623200072   ,THH STRANDED WIRE 50MM YELLOW                               ,295.05000  ,05/04/2026,SUPPLIES                                          ,COLONNADE COLON               ,COLC-BAKESHOP                                     ,FAACQ               
FAD-0004-0011623200073   ,THH STRANDED WIRE 50MM YELLOW                               ,295.05000  ,05/04/2026,SUPPLIES                                          ,COLONNADE COLON               ,COLC-BAKESHOP                                     ,FAACQ               
FAD-0004-0011623200074   ,THH STRANDED WIRE 50MM YELLOW                               ,295.05000  ,05/04/2026,SUPPLIES                                          ,COLONNADE COLON               ,COLC-BAKESHOP                                     ,FAACQ               
FAD-0004-0011623200075   ,THH STRANDED WIRE 50MM YELLOW                               ,295.05000  ,05/04/2026,SUPPLIES                                          ,COLONNADE COLON               ,COLC-BAKESHOP                                     ,FAACQ               
FAD-0004-0011623200076   ,THH STRANDED WIRE 50MM YELLOW                               ,295.05000  ,05/04/2026,SUPPLIES                                          ,COLONNADE COLON               ,COLC-BAKESHOP                                     ,FAACQ               
FAD-0004-0011623200077   ,THH STRANDED WIRE 50MM YELLOW                               ,295.05000  ,05/04/2026,SUPPLIES                                          ,COLONNADE COLON               ,COLC-BAKESHOP                                     ,FAACQ               
FAD-0004-0011623200078   ,THH STRANDED WIRE 50MM YELLOW                               ,295.05000  ,05/04/2026,SUPPLIES                                          ,COLONNADE COLON               ,COLC-BAKESHOP                                     ,FAACQ               
FAD-0004-0011623200079   ,THH STRANDED WIRE 50MM YELLOW                               ,295.05000  ,05/04/2026,SUPPLIES                                          ,COLONNADE COLON               ,COLC-BAKESHOP                                     ,FAACQ               
FAD-0004-0011623200080   ,THH STRANDED WIRE 50MM YELLOW                               ,295.05000  ,05/04/2026,SUPPLIES                                          ,COLONNADE COLON               ,COLC-BAKESHOP                                     ,FAACQ               
FAD-0004-0011623200081   ,THH STRANDED WIRE 50MM YELLOW                               ,295.05000  ,05/04/2026,SUPPLIES                                          ,COLONNADE COLON               ,COLC-BAKESHOP                                     ,FAACQ               
FAD-0004-0011623200082   ,THH STRANDED WIRE 50MM YELLOW                               ,295.05000  ,05/04/2026,SUPPLIES                                          ,COLONNADE COLON               ,COLC-BAKESHOP                                     ,FAACQ               
FAD-0004-0011623200083   ,THH STRANDED WIRE 50MM YELLOW                               ,295.05000  ,05/04/2026,SUPPLIES                                          ,COLONNADE COLON               ,COLC-BAKESHOP                                     ,FAACQ               
FAD-0004-0011623200084   ,THH STRANDED WIRE 50MM YELLOW                               ,295.05000  ,05/04/2026,SUPPLIES                                          ,COLONNADE COLON               ,COLC-BAKESHOP                                     ,FAACQ               
FAD-0004-0011623200085   ,THH STRANDED WIRE 50MM YELLOW                               ,295.05000  ,05/04/2026,SUPPLIES                                          ,COLONNADE COLON               ,COLC-BAKESHOP                                     ,FAACQ               
FAD-0004-0011623200086   ,THH STRANDED WIRE 50MM YELLOW                               ,295.05000  ,05/04/2026,SUPPLIES                                          ,COLONNADE COLON               ,COLC-BAKESHOP                                     ,FAACQ               
FAD-0004-0011623200087   ,THH STRANDED WIRE 50MM YELLOW                               ,295.05000  ,05/04/2026,SUPPLIES                                          ,COLONNADE COLON               ,COLC-BAKESHOP                                     ,FAACQ               
FAD-0004-0011623200088   ,THH STRANDED WIRE 50MM YELLOW                               ,295.05000  ,05/04/2026,SUPPLIES                                          ,COLONNADE COLON               ,COLC-BAKESHOP                                     ,FAACQ               
FAD-0004-0011623200089   ,THH STRANDED WIRE 50MM YELLOW                               ,295.05000  ,05/04/2026,SUPPLIES                                          ,COLONNADE COLON               ,COLC-BAKESHOP                                     ,FAACQ               
FAD-0004-0011623200090   ,THH STRANDED WIRE 50MM YELLOW                               ,295.05000  ,05/04/2026,SUPPLIES                                          ,COLONNADE COLON               ,COLC-BAKESHOP                                     ,FAACQ               
FAD-0004-0011623400001   ,THH STRANDED WIRE 50MM BLUE                                 ,295.05000  ,05/04/2026,SUPPLIES                                          ,COLONNADE COLON               ,COLC-BAKESHOP                                     ,FAACQ               
FAD-0004-0011623400002   ,THH STRANDED WIRE 50MM BLUE                                 ,295.05000  ,05/04/2026,SUPPLIES                                          ,COLONNADE COLON               ,COLC-BAKESHOP                                     ,FAACQ               
FAD-0004-0011623400003   ,THH STRANDED WIRE 50MM BLUE                                 ,295.05000  ,05/04/2026,SUPPLIES                                          ,COLONNADE COLON               ,COLC-BAKESHOP                                     ,FAACQ               
FAD-0004-0011623400004   ,THH STRANDED WIRE 50MM BLUE                                 ,295.05000  ,05/04/2026,SUPPLIES                                          ,COLONNADE COLON               ,COLC-BAKESHOP                                     ,FAACQ               
FAD-0004-0011623400005   ,THH STRANDED WIRE 50MM BLUE                                 ,295.05000  ,05/04/2026,SUPPLIES                                          ,COLONNADE COLON               ,COLC-BAKESHOP                                     ,FAACQ               
FAD-0004-0011623400006   ,THH STRANDED WIRE 50MM BLUE                                 ,295.05000  ,05/04/2026,SUPPLIES                                          ,COLONNADE COLON               ,COLC-BAKESHOP                                     ,FAACQ               
FAD-0004-0011623400007   ,THH STRANDED WIRE 50MM BLUE                                 ,295.05000  ,05/04/2026,SUPPLIES                                          ,COLONNADE COLON               ,COLC-BAKESHOP                                     ,FAACQ               
FAD-0004-0011623400008   ,THH STRANDED WIRE 50MM BLUE                                 ,295.05000  ,05/04/2026,SUPPLIES                                          ,COLONNADE COLON               ,COLC-BAKESHOP                                     ,FAACQ               
FAD-0004-0011623400009   ,THH STRANDED WIRE 50MM BLUE                                 ,295.05000  ,05/04/2026,SUPPLIES                                          ,COLONNADE COLON               ,COLC-BAKESHOP                                     ,FAACQ               
FAD-0004-0011623400010   ,THH STRANDED WIRE 50MM BLUE                                 ,295.05000  ,05/04/2026,SUPPLIES                                          ,COLONNADE COLON               ,COLC-BAKESHOP                                     ,FAACQ               
FAD-0004-0011623400011   ,THH STRANDED WIRE 50MM BLUE                                 ,295.05000  ,05/04/2026,SUPPLIES                                          ,COLONNADE COLON               ,COLC-BAKESHOP                                     ,FAACQ               
FAD-0004-0011623400012   ,THH STRANDED WIRE 50MM BLUE                                 ,295.05000  ,05/04/2026,SUPPLIES                                          ,COLONNADE COLON               ,COLC-BAKESHOP                                     ,FAACQ               
FAD-0004-0011623400013   ,THH STRANDED WIRE 50MM BLUE                                 ,295.05000  ,05/04/2026,SUPPLIES                                          ,COLONNADE COLON               ,COLC-BAKESHOP                                     ,FAACQ               
FAD-0004-0011623400014   ,THH STRANDED WIRE 50MM BLUE                                 ,295.05000  ,05/04/2026,SUPPLIES                                          ,COLONNADE COLON               ,COLC-BAKESHOP                                     ,FAACQ               
FAD-0004-0011623400015   ,THH STRANDED WIRE 50MM BLUE                                 ,295.05000  ,05/04/2026,SUPPLIES                                          ,COLONNADE COLON               ,COLC-BAKESHOP                                     ,FAACQ               
FAD-0004-0011623400016   ,THH STRANDED WIRE 50MM BLUE                                 ,295.05000  ,05/04/2026,SUPPLIES                                          ,COLONNADE COLON               ,COLC-BAKESHOP                                     ,FAACQ               
FAD-0004-0011623400017   ,THH STRANDED WIRE 50MM BLUE                                 ,295.05000  ,05/04/2026,SUPPLIES                                          ,COLONNADE COLON               ,COLC-BAKESHOP                                     ,FAACQ               
FAD-0004-0011623400018   ,THH STRANDED WIRE 50MM BLUE                                 ,295.05000  ,05/04/2026,SUPPLIES                                          ,COLONNADE COLON               ,COLC-BAKESHOP                                     ,FAACQ               
FAD-0004-0011623400019   ,THH STRANDED WIRE 50MM BLUE                                 ,295.05000  ,05/04/2026,SUPPLIES                                          ,COLONNADE COLON               ,COLC-BAKESHOP                                     ,FAACQ               
FAD-0004-0011623400020   ,THH STRANDED WIRE 50MM BLUE                                 ,295.05000  ,05/04/2026,SUPPLIES                                          ,COLONNADE COLON               ,COLC-BAKESHOP                                     ,FAACQ               
FAD-0004-0011623400021   ,THH STRANDED WIRE 50MM BLUE                                 ,295.05000  ,05/04/2026,SUPPLIES                                          ,COLONNADE COLON               ,COLC-BAKESHOP                                     ,FAACQ               
FAD-0004-0011623400022   ,THH STRANDED WIRE 50MM BLUE                                 ,295.05000  ,05/04/2026,SUPPLIES                                          ,COLONNADE COLON               ,COLC-BAKESHOP                                     ,FAACQ               
FAD-0004-0011623400023   ,THH STRANDED WIRE 50MM BLUE                                 ,295.05000  ,05/04/2026,SUPPLIES                                          ,COLONNADE COLON               ,COLC-BAKESHOP                                     ,FAACQ               
FAD-0004-0011623400024   ,THH STRANDED WIRE 50MM BLUE                                 ,295.05000  ,05/04/2026,SUPPLIES                                          ,COLONNADE COLON               ,COLC-BAKESHOP                                     ,FAACQ               
FAD-0004-0011623400025   ,THH STRANDED WIRE 50MM BLUE                                 ,295.05000  ,05/04/2026,SUPPLIES                                          ,COLONNADE COLON               ,COLC-BAKESHOP                                     ,FAACQ               
FAD-0004-0011623400026   ,THH STRANDED WIRE 50MM BLUE                                 ,295.05000  ,05/04/2026,SUPPLIES                                          ,COLONNADE COLON               ,COLC-BAKESHOP                                     ,FAACQ               
FAD-0004-0011623400027   ,THH STRANDED WIRE 50MM BLUE                                 ,295.05000  ,05/04/2026,SUPPLIES                                          ,COLONNADE COLON               ,COLC-BAKESHOP                                     ,FAACQ               
FAD-0004-0011623400028   ,THH STRANDED WIRE 50MM BLUE                                 ,295.05000  ,05/04/2026,SUPPLIES                                          ,COLONNADE COLON               ,COLC-BAKESHOP                                     ,FAACQ               
FAD-0004-0011623400029   ,THH STRANDED WIRE 50MM BLUE                                 ,295.05000  ,05/04/2026,SUPPLIES                                          ,COLONNADE COLON               ,COLC-BAKESHOP                                     ,FAACQ               
FAD-0004-0011623400030   ,THH STRANDED WIRE 50MM BLUE                                 ,295.05000  ,05/04/2026,SUPPLIES                                          ,COLONNADE COLON               ,COLC-BAKESHOP                                     ,FAACQ               
FAD-0004-0011623400031   ,THH STRANDED WIRE 50MM BLUE                                 ,295.05000  ,05/04/2026,SUPPLIES                                          ,COLONNADE COLON               ,COLC-BAKESHOP                                     ,FAACQ               
FAD-0004-0011623400032   ,THH STRANDED WIRE 50MM BLUE                                 ,295.05000  ,05/04/2026,SUPPLIES                                          ,COLONNADE COLON               ,COLC-BAKESHOP                                     ,FAACQ               
FAD-0004-0011623400033   ,THH STRANDED WIRE 50MM BLUE                                 ,295.05000  ,05/04/2026,SUPPLIES                                          ,COLONNADE COLON               ,COLC-BAKESHOP                                     ,FAACQ               
FAD-0004-0011623400034   ,THH STRANDED WIRE 50MM BLUE                                 ,295.05000  ,05/04/2026,SUPPLIES                                          ,COLONNADE COLON               ,COLC-BAKESHOP                                     ,FAACQ               
FAD-0004-0011623400035   ,THH STRANDED WIRE 50MM BLUE                                 ,295.05000  ,05/04/2026,SUPPLIES                                          ,COLONNADE COLON               ,COLC-BAKESHOP                                     ,FAACQ               
FAD-0004-0011623400036   ,THH STRANDED WIRE 50MM BLUE                                 ,295.05000  ,05/04/2026,SUPPLIES                                          ,COLONNADE COLON               ,COLC-BAKESHOP                                     ,FAACQ               
FAD-0004-0011623400037   ,THH STRANDED WIRE 50MM BLUE                                 ,295.05000  ,05/04/2026,SUPPLIES                                          ,COLONNADE COLON               ,COLC-BAKESHOP                                     ,FAACQ               
FAD-0004-0011623400038   ,THH STRANDED WIRE 50MM BLUE                                 ,295.05000  ,05/04/2026,SUPPLIES                                          ,COLONNADE COLON               ,COLC-BAKESHOP                                     ,FAACQ               
FAD-0004-0011623400039   ,THH STRANDED WIRE 50MM BLUE                                 ,295.05000  ,05/04/2026,SUPPLIES                                          ,COLONNADE COLON               ,COLC-BAKESHOP                                     ,FAACQ               
FAD-0004-0011623400040   ,THH STRANDED WIRE 50MM BLUE                                 ,295.05000  ,05/04/2026,SUPPLIES                                          ,COLONNADE COLON               ,COLC-BAKESHOP                                     ,FAACQ               
FAD-0004-0011623400041   ,THH STRANDED WIRE 50MM BLUE                                 ,295.05000  ,05/04/2026,SUPPLIES                                          ,COLONNADE COLON               ,COLC-BAKESHOP                                     ,FAACQ               
FAD-0004-0011623400042   ,THH STRANDED WIRE 50MM BLUE                                 ,295.05000  ,05/04/2026,SUPPLIES                                          ,COLONNADE COLON               ,COLC-BAKESHOP                                     ,FAACQ               
FAD-0004-0011623400043   ,THH STRANDED WIRE 50MM BLUE                                 ,295.05000  ,05/04/2026,SUPPLIES                                          ,COLONNADE COLON               ,COLC-BAKESHOP                                     ,FAACQ               
FAD-0004-0011623400044   ,THH STRANDED WIRE 50MM BLUE                                 ,295.05000  ,05/04/2026,SUPPLIES                                          ,COLONNADE COLON               ,COLC-BAKESHOP                                     ,FAACQ               
FAD-0004-0011623400045   ,THH STRANDED WIRE 50MM BLUE                                 ,295.05000  ,05/04/2026,SUPPLIES                                          ,COLONNADE COLON               ,COLC-BAKESHOP                                     ,FAACQ               
FAD-0004-0011623400046   ,THH STRANDED WIRE 50MM BLUE                                 ,295.05000  ,05/04/2026,SUPPLIES                                          ,COLONNADE COLON               ,COLC-BAKESHOP                                     ,FAACQ               
FAD-0004-0011623400047   ,THH STRANDED WIRE 50MM BLUE                                 ,295.05000  ,05/04/2026,SUPPLIES                                          ,COLONNADE COLON               ,COLC-BAKESHOP                                     ,FAACQ               
FAD-0004-0011623400048   ,THH STRANDED WIRE 50MM BLUE                                 ,295.05000  ,05/04/2026,SUPPLIES                                          ,COLONNADE COLON               ,COLC-BAKESHOP                                     ,FAACQ               
FAD-0004-0011623400049   ,THH STRANDED WIRE 50MM BLUE                                 ,295.05000  ,05/04/2026,SUPPLIES                                          ,COLONNADE COLON               ,COLC-BAKESHOP                                     ,FAACQ               
FAD-0004-0011623400050   ,THH STRANDED WIRE 50MM BLUE                                 ,295.05000  ,05/04/2026,SUPPLIES                                          ,COLONNADE COLON               ,COLC-BAKESHOP                                     ,FAACQ               
FAD-0004-0011623400051   ,THH STRANDED WIRE 50MM BLUE                                 ,295.05000  ,05/04/2026,SUPPLIES                                          ,COLONNADE COLON               ,COLC-BAKESHOP                                     ,FAACQ               
FAD-0004-0011623400052   ,THH STRANDED WIRE 50MM BLUE                                 ,295.05000  ,05/04/2026,SUPPLIES                                          ,COLONNADE COLON               ,COLC-BAKESHOP                                     ,FAACQ               
FAD-0004-0011623400053   ,THH STRANDED WIRE 50MM BLUE                                 ,295.05000  ,05/04/2026,SUPPLIES                                          ,COLONNADE COLON               ,COLC-BAKESHOP                                     ,FAACQ               
FAD-0004-0011623400054   ,THH STRANDED WIRE 50MM BLUE                                 ,295.05000  ,05/04/2026,SUPPLIES                                          ,COLONNADE COLON               ,COLC-BAKESHOP                                     ,FAACQ               
FAD-0004-0011623400055   ,THH STRANDED WIRE 50MM BLUE                                 ,295.05000  ,05/04/2026,SUPPLIES                                          ,COLONNADE COLON               ,COLC-BAKESHOP                                     ,FAACQ               
FAD-0004-0011623400056   ,THH STRANDED WIRE 50MM BLUE                                 ,295.05000  ,05/04/2026,SUPPLIES                                          ,COLONNADE COLON               ,COLC-BAKESHOP                                     ,FAACQ               
FAD-0004-0011623400057   ,THH STRANDED WIRE 50MM BLUE                                 ,295.05000  ,05/04/2026,SUPPLIES                                          ,COLONNADE COLON               ,COLC-BAKESHOP                                     ,FAACQ               
FAD-0004-0011623400058   ,THH STRANDED WIRE 50MM BLUE                                 ,295.05000  ,05/04/2026,SUPPLIES                                          ,COLONNADE COLON               ,COLC-BAKESHOP                                     ,FAACQ               
FAD-0004-0011623400059   ,THH STRANDED WIRE 50MM BLUE                                 ,295.05000  ,05/04/2026,SUPPLIES                                          ,COLONNADE COLON               ,COLC-BAKESHOP                                     ,FAACQ               
FAD-0004-0011623400060   ,THH STRANDED WIRE 50MM BLUE                                 ,295.05000  ,05/04/2026,SUPPLIES                                          ,COLONNADE COLON               ,COLC-BAKESHOP                                     ,FAACQ               
FAD-0004-0011623400061   ,THH STRANDED WIRE 50MM BLUE                                 ,295.05000  ,05/04/2026,SUPPLIES                                          ,COLONNADE COLON               ,COLC-BAKESHOP                                     ,FAACQ               
FAD-0004-0011623400062   ,THH STRANDED WIRE 50MM BLUE                                 ,295.05000  ,05/04/2026,SUPPLIES                                          ,COLONNADE COLON               ,COLC-BAKESHOP                                     ,FAACQ               
FAD-0004-0011623400063   ,THH STRANDED WIRE 50MM BLUE                                 ,295.05000  ,05/04/2026,SUPPLIES                                          ,COLONNADE COLON               ,COLC-BAKESHOP                                     ,FAACQ               
FAD-0004-0011623400064   ,THH STRANDED WIRE 50MM BLUE                                 ,295.05000  ,05/04/2026,SUPPLIES                                          ,COLONNADE COLON               ,COLC-BAKESHOP                                     ,FAACQ               
FAD-0004-0011623400065   ,THH STRANDED WIRE 50MM BLUE                                 ,295.05000  ,05/04/2026,SUPPLIES                                          ,COLONNADE COLON               ,COLC-BAKESHOP                                     ,FAACQ               
FAD-0004-0011623400066   ,THH STRANDED WIRE 50MM BLUE                                 ,295.05000  ,05/04/2026,SUPPLIES                                          ,COLONNADE COLON               ,COLC-BAKESHOP                                     ,FAACQ               
FAD-0004-0011623400067   ,THH STRANDED WIRE 50MM BLUE                                 ,295.05000  ,05/04/2026,SUPPLIES                                          ,COLONNADE COLON               ,COLC-BAKESHOP                                     ,FAACQ               
FAD-0004-0011623400068   ,THH STRANDED WIRE 50MM BLUE                                 ,295.05000  ,05/04/2026,SUPPLIES                                          ,COLONNADE COLON               ,COLC-BAKESHOP                                     ,FAACQ               
FAD-0004-0011623400069   ,THH STRANDED WIRE 50MM BLUE                                 ,295.05000  ,05/04/2026,SUPPLIES                                          ,COLONNADE COLON               ,COLC-BAKESHOP                                     ,FAACQ               
FAD-0004-0011623400070   ,THH STRANDED WIRE 50MM BLUE                                 ,295.05000  ,05/04/2026,SUPPLIES                                          ,COLONNADE COLON               ,COLC-BAKESHOP                                     ,FAACQ               
FAD-0004-0011623400071   ,THH STRANDED WIRE 50MM BLUE                                 ,295.05000  ,05/04/2026,SUPPLIES                                          ,COLONNADE COLON               ,COLC-BAKESHOP                                     ,FAACQ               
FAD-0004-0011623400072   ,THH STRANDED WIRE 50MM BLUE                                 ,295.05000  ,05/04/2026,SUPPLIES                                          ,COLONNADE COLON               ,COLC-BAKESHOP                                     ,FAACQ               
FAD-0004-0011623400073   ,THH STRANDED WIRE 50MM BLUE                                 ,295.05000  ,05/04/2026,SUPPLIES                                          ,COLONNADE COLON               ,COLC-BAKESHOP                                     ,FAACQ               
FAD-0004-0011623400074   ,THH STRANDED WIRE 50MM BLUE                                 ,295.05000  ,05/04/2026,SUPPLIES                                          ,COLONNADE COLON               ,COLC-BAKESHOP                                     ,FAACQ               
FAD-0004-0011623400075   ,THH STRANDED WIRE 50MM BLUE                                 ,295.05000  ,05/04/2026,SUPPLIES                                          ,COLONNADE COLON               ,COLC-BAKESHOP                                     ,FAACQ               
FAD-0004-0011623400076   ,THH STRANDED WIRE 50MM BLUE                                 ,295.05000  ,05/04/2026,SUPPLIES                                          ,COLONNADE COLON               ,COLC-BAKESHOP                                     ,FAACQ               
FAD-0004-0011623400077   ,THH STRANDED WIRE 50MM BLUE                                 ,295.05000  ,05/04/2026,SUPPLIES                                          ,COLONNADE COLON               ,COLC-BAKESHOP                                     ,FAACQ               
FAD-0004-0011623400078   ,THH STRANDED WIRE 50MM BLUE                                 ,295.05000  ,05/04/2026,SUPPLIES                                          ,COLONNADE COLON               ,COLC-BAKESHOP                                     ,FAACQ               
FAD-0004-0011623400079   ,THH STRANDED WIRE 50MM BLUE                                 ,295.05000  ,05/04/2026,SUPPLIES                                          ,COLONNADE COLON               ,COLC-BAKESHOP                                     ,FAACQ               
FAD-0004-0011623400080   ,THH STRANDED WIRE 50MM BLUE                                 ,295.05000  ,05/04/2026,SUPPLIES                                          ,COLONNADE COLON               ,COLC-BAKESHOP                                     ,FAACQ               
FAD-0004-0011623400081   ,THH STRANDED WIRE 50MM BLUE                                 ,295.05000  ,05/04/2026,SUPPLIES                                          ,COLONNADE COLON               ,COLC-BAKESHOP                                     ,FAACQ               
FAD-0004-0011623400082   ,THH STRANDED WIRE 50MM BLUE                                 ,295.05000  ,05/04/2026,SUPPLIES                                          ,COLONNADE COLON               ,COLC-BAKESHOP                                     ,FAACQ               
FAD-0004-0011623400083   ,THH STRANDED WIRE 50MM BLUE                                 ,295.05000  ,05/04/2026,SUPPLIES                                          ,COLONNADE COLON               ,COLC-BAKESHOP                                     ,FAACQ               
FAD-0004-0011623400084   ,THH STRANDED WIRE 50MM BLUE                                 ,295.05000  ,05/04/2026,SUPPLIES                                          ,COLONNADE COLON               ,COLC-BAKESHOP                                     ,FAACQ               
FAD-0004-0011623400085   ,THH STRANDED WIRE 50MM BLUE                                 ,295.05000  ,05/04/2026,SUPPLIES                                          ,COLONNADE COLON               ,COLC-BAKESHOP                                     ,FAACQ               
FAD-0004-0011623400086   ,THH STRANDED WIRE 50MM BLUE                                 ,295.05000  ,05/04/2026,SUPPLIES                                          ,COLONNADE COLON               ,COLC-BAKESHOP                                     ,FAACQ               
FAD-0004-0011623400087   ,THH STRANDED WIRE 50MM BLUE                                 ,295.05000  ,05/04/2026,SUPPLIES                                          ,COLONNADE COLON               ,COLC-BAKESHOP                                     ,FAACQ               
FAD-0004-0011623400088   ,THH STRANDED WIRE 50MM BLUE                                 ,295.05000  ,05/04/2026,SUPPLIES                                          ,COLONNADE COLON               ,COLC-BAKESHOP                                     ,FAACQ               
FAD-0004-0011623400089   ,THH STRANDED WIRE 50MM BLUE                                 ,295.05000  ,05/04/2026,SUPPLIES                                          ,COLONNADE COLON               ,COLC-BAKESHOP                                     ,FAACQ               
FAD-0004-0011623400090   ,THH STRANDED WIRE 50MM BLUE                                 ,295.05000  ,05/04/2026,SUPPLIES                                          ,COLONNADE COLON               ,COLC-BAKESHOP                                     ,FAACQ               
FAD-0004-0011883900001   ,DUPLEX UNIVERSAL OUTLET W/ GROUND (2  GANG)                 ,168        ,05/04/2026,SUPPLIES                                          ,COLONNADE COLON               ,COLC-BAKESHOP                                     ,FAACQ               
FAD-0004-0011883900002   ,DUPLEX UNIVERSAL OUTLET W/ GROUND (2  GANG)                 ,168        ,05/04/2026,SUPPLIES                                          ,COLONNADE COLON               ,COLC-BAKESHOP                                     ,FAACQ               
FAD-0004-0012162200001   ,ABSO FLOOR OUTLET DUPLEX W/ GROUND                          ,2556.75000 ,05/04/2026,SUPPLIES                                          ,COLONNADE COLON               ,COLC-BAKESHOP                                     ,FAACQ               
FAD-0004-0012162200002   ,ABSO FLOOR OUTLET DUPLEX W/ GROUND                          ,2556.75000 ,05/04/2026,SUPPLIES                                          ,COLONNADE COLON               ,COLC-BAKESHOP                                     ,FAACQ               
FAD-0004-0012162200003   ,ABSO FLOOR OUTLET DUPLEX W/ GROUND                          ,2556.75000 ,05/04/2026,SUPPLIES                                          ,COLONNADE COLON               ,COLC-BAKESHOP                                     ,FAACQ               
FAD-0004-0012488200001   ,EPSON TM-H6000 VI THERMAL PRINTER                           ,22321.43000,05/04/2026,PRINTER                                           ,COLONNADE COLON               ,COLC-CHECK OUT COUNTER                            ,FAACQ               
FAD-0004-0012488200002   ,EPSON TM-H6000 VI THERMAL PRINTER                           ,22321.43000,05/04/2026,PRINTER                                           ,COLONNADE COLON               ,COLC-CHECK OUT COUNTER                            ,FAACQ               
FAD-0004-0012488200003   ,EPSON TM-H6000 VI THERMAL PRINTER                           ,22321.43000,05/04/2026,PRINTER                                           ,COLONNADE COLON               ,COLC-CHECK OUT COUNTER                            ,FAACQ               
FAD-0004-0012488200004   ,EPSON TM-H6000 VI THERMAL PRINTER                           ,22321.43000,05/04/2026,PRINTER                                           ,COLONNADE COLON               ,COLC-CHECK OUT COUNTER                            ,FAACQ               
FAD-0004-0012488200005   ,EPSON TM-H6000 VI THERMAL PRINTER                           ,22321.43000,05/04/2026,PRINTER                                           ,COLONNADE COLON               ,COLC-CHECK OUT COUNTER                            ,FAACQ               
FAD-0004-0012488200006   ,EPSON TM-H6000 VI THERMAL PRINTER                           ,22321.43000,05/04/2026,PRINTER                                           ,COLONNADE COLON               ,COLC-CHECK OUT COUNTER                            ,FAACQ               
FAD-0004-0012488200007   ,EPSON TM-H6000 VI THERMAL PRINTER                           ,22321.43000,05/04/2026,PRINTER                                           ,COLONNADE COLON               ,COLC-CHECK OUT COUNTER                            ,FAACQ               
FAD-0004-0012488200008   ,EPSON TM-H6000 VI THERMAL PRINTER                           ,22321.43000,05/04/2026,PRINTER                                           ,COLONNADE COLON               ,COLC-CHECK OUT COUNTER                            ,FAACQ               
FAD-0004-0012488200009   ,EPSON TM-H6000 VI THERMAL PRINTER                           ,22321.43000,05/04/2026,PRINTER                                           ,COLONNADE COLON               ,COLC-CHECK OUT COUNTER                            ,FAACQ               
FAD-0004-0012488200010   ,EPSON TM-H6000 VI THERMAL PRINTER                           ,22321.43000,05/04/2026,PRINTER                                           ,COLONNADE COLON               ,COLC-CHECK OUT COUNTER                            ,FAACQ               
FAD-0004-0000657400004   ,MONITOR ACER                                                ,3214.29000 ,05/04/2026,MONITOR                                           ,COLONNADE COLON               ,COLC-STOCKROOM                                    ,FAACQ               
FAD-0004-0003207700004   ,PRINTER EPSON LQ-310                                        ,14281.25000,05/04/2026,PRINTER                                           ,COLONNADE COLON               ,COLC-STOCKROOM                                    ,FAACQ               
FAD-0004-0011554500002   ,ASUS PRIME H610M-R (P.S) D4 MOTHERBOARD                     ,30352.68000,05/04/2026,OTHERS                                            ,COLONNADE COLON               ,COLC-STOCKROOM                                    ,FAACQ               
FAD-0004-0001326100001   ,SINGLE FURRING                                              ,49.11000   ,05/04/2026,IMPROVEMENTS                                      ,COLONNADE COLON               ,COLC-BAKESHOP                                     ,FAACQ               
FAD-0004-0001326100002   ,SINGLE FURRING                                              ,49.11000   ,05/04/2026,IMPROVEMENTS                                      ,COLONNADE COLON               ,COLC-BAKESHOP                                     ,FAACQ               
FAD-0004-0001326100003   ,SINGLE FURRING                                              ,49.11000   ,05/04/2026,IMPROVEMENTS                                      ,COLONNADE COLON               ,COLC-BAKESHOP                                     ,FAACQ               
FAD-0004-0001326100004   ,SINGLE FURRING                                              ,49.11000   ,05/04/2026,IMPROVEMENTS                                      ,COLONNADE COLON               ,COLC-BAKESHOP                                     ,FAACQ               
FAD-0004-0001326100005   ,SINGLE FURRING                                              ,49.11000   ,05/04/2026,IMPROVEMENTS                                      ,COLONNADE COLON               ,COLC-BAKESHOP                                     ,FAACQ               
FAD-0004-0001326100006   ,SINGLE FURRING                                              ,49.11000   ,05/04/2026,IMPROVEMENTS                                      ,COLONNADE COLON               ,COLC-BAKESHOP                                     ,FAACQ               
FAD-0004-0001326100007   ,SINGLE FURRING                                              ,49.11000   ,05/04/2026,IMPROVEMENTS                                      ,COLONNADE COLON               ,COLC-BAKESHOP                                     ,FAACQ               
FAD-0004-0001326100008   ,SINGLE FURRING                                              ,49.11000   ,05/04/2026,IMPROVEMENTS                                      ,COLONNADE COLON               ,COLC-BAKESHOP                                     ,FAACQ               
FAD-0004-0001326100009   ,SINGLE FURRING                                              ,49.11000   ,05/04/2026,IMPROVEMENTS                                      ,COLONNADE COLON               ,COLC-BAKESHOP                                     ,FAACQ               
FAD-0004-0001326100010   ,SINGLE FURRING                                              ,49.11000   ,05/04/2026,IMPROVEMENTS                                      ,COLONNADE COLON               ,COLC-BAKESHOP                                     ,FAACQ               
FAD-0004-0001326100011   ,SINGLE FURRING                                              ,49.11000   ,05/04/2026,IMPROVEMENTS                                      ,COLONNADE COLON               ,COLC-BAKESHOP                                     ,FAACQ               
FAD-0004-0001326100012   ,SINGLE FURRING                                              ,49.11000   ,05/04/2026,IMPROVEMENTS                                      ,COLONNADE COLON               ,COLC-BAKESHOP                                     ,FAACQ               
FAD-0004-0001326100013   ,SINGLE FURRING                                              ,49.11000   ,05/04/2026,IMPROVEMENTS                                      ,COLONNADE COLON               ,COLC-BAKESHOP                                     ,FAACQ               
FAD-0004-0001326100014   ,SINGLE FURRING                                              ,49.11000   ,05/04/2026,IMPROVEMENTS                                      ,COLONNADE COLON               ,COLC-BAKESHOP                                     ,FAACQ               
FAD-0004-0001326100015   ,SINGLE FURRING                                              ,49.11000   ,05/04/2026,IMPROVEMENTS                                      ,COLONNADE COLON               ,COLC-BAKESHOP                                     ,FAACQ               
FAD-0004-0001326100016   ,SINGLE FURRING                                              ,49.11000   ,05/04/2026,IMPROVEMENTS                                      ,COLONNADE COLON               ,COLC-BAKESHOP                                     ,FAACQ               
FAD-0004-0001326100017   ,SINGLE FURRING                                              ,49.11000   ,05/04/2026,IMPROVEMENTS                                      ,COLONNADE COLON               ,COLC-BAKESHOP                                     ,FAACQ               
FAD-0004-0001326100018   ,SINGLE FURRING                                              ,49.11000   ,05/04/2026,IMPROVEMENTS                                      ,COLONNADE COLON               ,COLC-BAKESHOP                                     ,FAACQ               
FAD-0004-0001326100019   ,SINGLE FURRING                                              ,49.11000   ,05/04/2026,IMPROVEMENTS                                      ,COLONNADE COLON               ,COLC-BAKESHOP                                     ,FAACQ               
FAD-0004-0001326100020   ,SINGLE FURRING                                              ,49.11000   ,05/04/2026,IMPROVEMENTS                                      ,COLONNADE COLON               ,COLC-BAKESHOP                                     ,FAACQ               
FAD-0004-0002189600001   ,MARINE PLYWOOD 1/2''                                        ,633.93000  ,05/04/2026,CONSTRUCTION SUPPLIES                             ,COLONNADE COLON               ,COLC-BAKESHOP                                     ,FAACQ               
FAD-0004-0002189600002   ,MARINE PLYWOOD 1/2''                                        ,633.93000  ,05/04/2026,CONSTRUCTION SUPPLIES                             ,COLONNADE COLON               ,COLC-BAKESHOP                                     ,FAACQ               
FAD-0004-0002189600003   ,MARINE PLYWOOD 1/2''                                        ,633.93000  ,05/04/2026,CONSTRUCTION SUPPLIES                             ,COLONNADE COLON               ,COLC-BAKESHOP                                     ,FAACQ               
FAD-0004-0002189600004   ,MARINE PLYWOOD 1/2''                                        ,633.93000  ,05/04/2026,CONSTRUCTION SUPPLIES                             ,COLONNADE COLON               ,COLC-BAKESHOP                                     ,FAACQ               
FAD-0004-0002189600005   ,MARINE PLYWOOD 1/2''                                        ,633.93000  ,05/04/2026,CONSTRUCTION SUPPLIES                             ,COLONNADE COLON               ,COLC-BAKESHOP                                     ,FAACQ               
FAD-0004-0002531300001   ,HARDIFLEX 6MM                                               ,457.14000  ,05/04/2026,                                                  ,COLONNADE COLON               ,COLC-BAKESHOP                                     ,FAACQ               
FAD-0004-0002531300002   ,HARDIFLEX 6MM                                               ,457.14000  ,05/04/2026,                                                  ,COLONNADE COLON               ,COLC-BAKESHOP                                     ,FAACQ               
FAD-0004-0002531300003   ,HARDIFLEX 6MM                                               ,457.14000  ,05/04/2026,                                                  ,COLONNADE COLON               ,COLC-BAKESHOP                                     ,FAACQ               
FAD-0004-0002531300004   ,HARDIFLEX 6MM                                               ,457.14000  ,05/04/2026,                                                  ,COLONNADE COLON               ,COLC-BAKESHOP                                     ,FAACQ               
FAD-0004-0002531300005   ,HARDIFLEX 6MM                                               ,457.14000  ,05/04/2026,                                                  ,COLONNADE COLON               ,COLC-BAKESHOP                                     ,FAACQ               
FAD-0004-0002531300006   ,HARDIFLEX 6MM                                               ,457.14000  ,05/04/2026,                                                  ,COLONNADE COLON               ,COLC-BAKESHOP                                     ,FAACQ               
FAD-0004-0002531300007   ,HARDIFLEX 6MM                                               ,457.14000  ,05/04/2026,                                                  ,COLONNADE COLON               ,COLC-BAKESHOP                                     ,FAACQ               
FAD-0004-0002531300008   ,HARDIFLEX 6MM                                               ,457.14000  ,05/04/2026,                                                  ,COLONNADE COLON               ,COLC-BAKESHOP                                     ,FAACQ               
FAD-0004-0002531300009   ,HARDIFLEX 6MM                                               ,457.14000  ,05/04/2026,                                                  ,COLONNADE COLON               ,COLC-BAKESHOP                                     ,FAACQ               
FAD-0004-0002531300010   ,HARDIFLEX 6MM                                               ,457.14000  ,05/04/2026,                                                  ,COLONNADE COLON               ,COLC-BAKESHOP                                     ,FAACQ               
FAD-0004-0002531300011   ,HARDIFLEX 6MM                                               ,457.14000  ,05/04/2026,                                                  ,COLONNADE COLON               ,COLC-BAKESHOP                                     ,FAACQ               
FAD-0004-0002531300012   ,HARDIFLEX 6MM                                               ,457.14000  ,05/04/2026,                                                  ,COLONNADE COLON               ,COLC-BAKESHOP                                     ,FAACQ               
FAD-0004-0002531300013   ,HARDIFLEX 6MM                                               ,457.14000  ,05/04/2026,                                                  ,COLONNADE COLON               ,COLC-BAKESHOP                                     ,FAACQ               
FAD-0004-0002531300014   ,HARDIFLEX 6MM                                               ,457.14000  ,05/04/2026,                                                  ,COLONNADE COLON               ,COLC-BAKESHOP                                     ,FAACQ               
FAD-0004-0002531300015   ,HARDIFLEX 6MM                                               ,457.14000  ,05/04/2026,                                                  ,COLONNADE COLON               ,COLC-BAKESHOP                                     ,FAACQ               
FAD-0004-0002531300016   ,HARDIFLEX 6MM                                               ,457.14000  ,05/04/2026,                                                  ,COLONNADE COLON               ,COLC-BAKESHOP                                     ,FAACQ               
FAD-0004-0002531300017   ,HARDIFLEX 6MM                                               ,457.14000  ,05/04/2026,                                                  ,COLONNADE COLON               ,COLC-BAKESHOP                                     ,FAACQ               
FAD-0004-0002531300018   ,HARDIFLEX 6MM                                               ,457.14000  ,05/04/2026,                                                  ,COLONNADE COLON               ,COLC-BAKESHOP                                     ,FAACQ               
FAD-0004-0002531300019   ,HARDIFLEX 6MM                                               ,457.14000  ,05/04/2026,                                                  ,COLONNADE COLON               ,COLC-BAKESHOP                                     ,FAACQ               
FAD-0004-0002531300020   ,HARDIFLEX 6MM                                               ,457.14000  ,05/04/2026,                                                  ,COLONNADE COLON               ,COLC-BAKESHOP                                     ,FAACQ               
FAD-0004-0002531300021   ,HARDIFLEX 6MM                                               ,457.14000  ,05/04/2026,                                                  ,COLONNADE COLON               ,COLC-BAKESHOP                                     ,FAACQ               
FAD-0004-0002531300022   ,HARDIFLEX 6MM                                               ,457.14000  ,05/04/2026,                                                  ,COLONNADE COLON               ,COLC-BAKESHOP                                     ,FAACQ               
FAD-0004-0002531300023   ,HARDIFLEX 6MM                                               ,457.14000  ,05/04/2026,                                                  ,COLONNADE COLON               ,COLC-BAKESHOP                                     ,FAACQ               
FAD-0004-0002531300024   ,HARDIFLEX 6MM                                               ,457.14000  ,05/04/2026,                                                  ,COLONNADE COLON               ,COLC-BAKESHOP                                     ,FAACQ               
FAD-0004-0002531300025   ,HARDIFLEX 6MM                                               ,457.14000  ,05/04/2026,                                                  ,COLONNADE COLON               ,COLC-BAKESHOP                                     ,FAACQ               
FAD-0004-0002531300026   ,HARDIFLEX 6MM                                               ,457.14000  ,05/04/2026,                                                  ,COLONNADE COLON               ,COLC-BAKESHOP                                     ,FAACQ               
FAD-0004-0002531300027   ,HARDIFLEX 6MM                                               ,457.14000  ,05/04/2026,                                                  ,COLONNADE COLON               ,COLC-BAKESHOP                                     ,FAACQ               
FAD-0004-0002531300028   ,HARDIFLEX 6MM                                               ,457.14000  ,05/04/2026,                                                  ,COLONNADE COLON               ,COLC-BAKESHOP                                     ,FAACQ               
FAD-0004-0003365100001   ,METAL TRACKS 76MMX3M                                        ,62.50000   ,05/04/2026,OTHERS                                            ,COLONNADE COLON               ,COLC-BAKESHOP                                     ,FAACQ               
FAD-0004-0003365100002   ,METAL TRACKS 76MMX3M                                        ,62.50000   ,05/04/2026,OTHERS                                            ,COLONNADE COLON               ,COLC-BAKESHOP                                     ,FAACQ               
FAD-0004-0003365100003   ,METAL TRACKS 76MMX3M                                        ,62.50000   ,05/04/2026,OTHERS                                            ,COLONNADE COLON               ,COLC-BAKESHOP                                     ,FAACQ               
FAD-0004-0003365100004   ,METAL TRACKS 76MMX3M                                        ,62.50000   ,05/04/2026,OTHERS                                            ,COLONNADE COLON               ,COLC-BAKESHOP                                     ,FAACQ               
FAD-0004-0003365100005   ,METAL TRACKS 76MMX3M                                        ,62.50000   ,05/04/2026,OTHERS                                            ,COLONNADE COLON               ,COLC-BAKESHOP                                     ,FAACQ               
FAD-0004-0003365100006   ,METAL TRACKS 76MMX3M                                        ,62.50000   ,05/04/2026,OTHERS                                            ,COLONNADE COLON               ,COLC-BAKESHOP                                     ,FAACQ               
FAD-0004-0003365100007   ,METAL TRACKS 76MMX3M                                        ,62.50000   ,05/04/2026,OTHERS                                            ,COLONNADE COLON               ,COLC-BAKESHOP                                     ,FAACQ               
FAD-0004-0003365100008   ,METAL TRACKS 76MMX3M                                        ,62.50000   ,05/04/2026,OTHERS                                            ,COLONNADE COLON               ,COLC-BAKESHOP                                     ,FAACQ               
FAD-0004-0003365100009   ,METAL TRACKS 76MMX3M                                        ,62.50000   ,05/04/2026,OTHERS                                            ,COLONNADE COLON               ,COLC-BAKESHOP                                     ,FAACQ               
FAD-0004-0003365100010   ,METAL TRACKS 76MMX3M                                        ,62.50000   ,05/04/2026,OTHERS                                            ,COLONNADE COLON               ,COLC-BAKESHOP                                     ,FAACQ               
FAD-0004-0003365100011   ,METAL TRACKS 76MMX3M                                        ,62.50000   ,05/04/2026,OTHERS                                            ,COLONNADE COLON               ,COLC-BAKESHOP                                     ,FAACQ               
FAD-0004-0003365100012   ,METAL TRACKS 76MMX3M                                        ,62.50000   ,05/04/2026,OTHERS                                            ,COLONNADE COLON               ,COLC-BAKESHOP                                     ,FAACQ               
FAD-0004-0003365100013   ,METAL TRACKS 76MMX3M                                        ,62.50000   ,05/04/2026,OTHERS                                            ,COLONNADE COLON               ,COLC-BAKESHOP                                     ,FAACQ               
FAD-0004-0003365100014   ,METAL TRACKS 76MMX3M                                        ,62.50000   ,05/04/2026,OTHERS                                            ,COLONNADE COLON               ,COLC-BAKESHOP                                     ,FAACQ               
FAD-0004-0003365100015   ,METAL TRACKS 76MMX3M                                        ,62.50000   ,05/04/2026,OTHERS                                            ,COLONNADE COLON               ,COLC-BAKESHOP                                     ,FAACQ               
FAD-0004-0003365100016   ,METAL TRACKS 76MMX3M                                        ,62.50000   ,05/04/2026,OTHERS                                            ,COLONNADE COLON               ,COLC-BAKESHOP                                     ,FAACQ               
FAD-0004-0003365100017   ,METAL TRACKS 76MMX3M                                        ,62.50000   ,05/04/2026,OTHERS                                            ,COLONNADE COLON               ,COLC-BAKESHOP                                     ,FAACQ               
FAD-0004-0003365100018   ,METAL TRACKS 76MMX3M                                        ,62.50000   ,05/04/2026,OTHERS                                            ,COLONNADE COLON               ,COLC-BAKESHOP                                     ,FAACQ               
FAD-0004-0003365100019   ,METAL TRACKS 76MMX3M                                        ,62.50000   ,05/04/2026,OTHERS                                            ,COLONNADE COLON               ,COLC-BAKESHOP                                     ,FAACQ               
FAD-0004-0003365100020   ,METAL TRACKS 76MMX3M                                        ,62.50000   ,05/04/2026,OTHERS                                            ,COLONNADE COLON               ,COLC-BAKESHOP                                     ,FAACQ               
FAD-0004-0003365100021   ,METAL TRACKS 76MMX3M                                        ,62.50000   ,05/04/2026,OTHERS                                            ,COLONNADE COLON               ,COLC-BAKESHOP                                     ,FAACQ               
FAD-0004-0003365100022   ,METAL TRACKS 76MMX3M                                        ,62.50000   ,05/04/2026,OTHERS                                            ,COLONNADE COLON               ,COLC-BAKESHOP                                     ,FAACQ               
FAD-0004-0003365100023   ,METAL TRACKS 76MMX3M                                        ,62.50000   ,05/04/2026,OTHERS                                            ,COLONNADE COLON               ,COLC-BAKESHOP                                     ,FAACQ               
FAD-0004-0003365100024   ,METAL TRACKS 76MMX3M                                        ,62.50000   ,05/04/2026,OTHERS                                            ,COLONNADE COLON               ,COLC-BAKESHOP                                     ,FAACQ               
FAD-0004-0003365100025   ,METAL TRACKS 76MMX3M                                        ,62.50000   ,05/04/2026,OTHERS                                            ,COLONNADE COLON               ,COLC-BAKESHOP                                     ,FAACQ               
FAD-0004-0003365100026   ,METAL TRACKS 76MMX3M                                        ,62.50000   ,05/04/2026,OTHERS                                            ,COLONNADE COLON               ,COLC-BAKESHOP                                     ,FAACQ               
FAD-0004-0003365100027   ,METAL TRACKS 76MMX3M                                        ,62.50000   ,05/04/2026,OTHERS                                            ,COLONNADE COLON               ,COLC-BAKESHOP                                     ,FAACQ               
FAD-0004-0003365100028   ,METAL TRACKS 76MMX3M                                        ,62.50000   ,05/04/2026,OTHERS                                            ,COLONNADE COLON               ,COLC-BAKESHOP                                     ,FAACQ               
FAD-0004-0003365100029   ,METAL TRACKS 76MMX3M                                        ,62.50000   ,05/04/2026,OTHERS                                            ,COLONNADE COLON               ,COLC-BAKESHOP                                     ,FAACQ               
FAD-0004-0003365100030   ,METAL TRACKS 76MMX3M                                        ,62.50000   ,05/04/2026,OTHERS                                            ,COLONNADE COLON               ,COLC-BAKESHOP                                     ,FAACQ               
FAD-0004-0003365100031   ,METAL TRACKS 76MMX3M                                        ,62.50000   ,05/04/2026,OTHERS                                            ,COLONNADE COLON               ,COLC-BAKESHOP                                     ,FAACQ               
FAD-0004-0003365100032   ,METAL TRACKS 76MMX3M                                        ,62.50000   ,05/04/2026,OTHERS                                            ,COLONNADE COLON               ,COLC-BAKESHOP                                     ,FAACQ               
FAD-0004-0003365100033   ,METAL TRACKS 76MMX3M                                        ,62.50000   ,05/04/2026,OTHERS                                            ,COLONNADE COLON               ,COLC-BAKESHOP                                     ,FAACQ               
FAD-0004-0003365100034   ,METAL TRACKS 76MMX3M                                        ,62.50000   ,05/04/2026,OTHERS                                            ,COLONNADE COLON               ,COLC-BAKESHOP                                     ,FAACQ               
FAD-0004-0003365100035   ,METAL TRACKS 76MMX3M                                        ,62.50000   ,05/04/2026,OTHERS                                            ,COLONNADE COLON               ,COLC-BAKESHOP                                     ,FAACQ               
FAD-0004-0003365100036   ,METAL TRACKS 76MMX3M                                        ,62.50000   ,05/04/2026,OTHERS                                            ,COLONNADE COLON               ,COLC-BAKESHOP                                     ,FAACQ               
FAD-0004-0003365100037   ,METAL TRACKS 76MMX3M                                        ,62.50000   ,05/04/2026,OTHERS                                            ,COLONNADE COLON               ,COLC-BAKESHOP                                     ,FAACQ               
FAD-0004-0003365100038   ,METAL TRACKS 76MMX3M                                        ,62.50000   ,05/04/2026,OTHERS                                            ,COLONNADE COLON               ,COLC-BAKESHOP                                     ,FAACQ               
FAD-0004-0003365100039   ,METAL TRACKS 76MMX3M                                        ,62.50000   ,05/04/2026,OTHERS                                            ,COLONNADE COLON               ,COLC-BAKESHOP                                     ,FAACQ               
FAD-0004-0003365100040   ,METAL TRACKS 76MMX3M                                        ,62.50000   ,05/04/2026,OTHERS                                            ,COLONNADE COLON               ,COLC-BAKESHOP                                     ,FAACQ               
FAD-0004-0003365100041   ,METAL TRACKS 76MMX3M                                        ,62.50000   ,05/04/2026,OTHERS                                            ,COLONNADE COLON               ,COLC-BAKESHOP                                     ,FAACQ               
FAD-0004-0003365100042   ,METAL TRACKS 76MMX3M                                        ,62.50000   ,05/04/2026,OTHERS                                            ,COLONNADE COLON               ,COLC-BAKESHOP                                     ,FAACQ               
FAD-0004-0003365100043   ,METAL TRACKS 76MMX3M                                        ,62.50000   ,05/04/2026,OTHERS                                            ,COLONNADE COLON               ,COLC-BAKESHOP                                     ,FAACQ               
FAD-0004-0003365100044   ,METAL TRACKS 76MMX3M                                        ,62.50000   ,05/04/2026,OTHERS                                            ,COLONNADE COLON               ,COLC-BAKESHOP                                     ,FAACQ               
FAD-0004-0003365100045   ,METAL TRACKS 76MMX3M                                        ,62.50000   ,05/04/2026,OTHERS                                            ,COLONNADE COLON               ,COLC-BAKESHOP                                     ,FAACQ               
FAD-0004-0003365100046   ,METAL TRACKS 76MMX3M                                        ,62.50000   ,05/04/2026,OTHERS                                            ,COLONNADE COLON               ,COLC-BAKESHOP                                     ,FAACQ               
FAD-0004-0003365100047   ,METAL TRACKS 76MMX3M                                        ,62.50000   ,05/04/2026,OTHERS                                            ,COLONNADE COLON               ,COLC-BAKESHOP                                     ,FAACQ               
FAD-0004-0003365100048   ,METAL TRACKS 76MMX3M                                        ,62.50000   ,05/04/2026,OTHERS                                            ,COLONNADE COLON               ,COLC-BAKESHOP                                     ,FAACQ               
FAD-0004-0003365100049   ,METAL TRACKS 76MMX3M                                        ,62.50000   ,05/04/2026,OTHERS                                            ,COLONNADE COLON               ,COLC-BAKESHOP                                     ,FAACQ               
FAD-0004-0003365100050   ,METAL TRACKS 76MMX3M                                        ,62.50000   ,05/04/2026,OTHERS                                            ,COLONNADE COLON               ,COLC-BAKESHOP                                     ,FAACQ               
FAD-0004-0003365100051   ,METAL TRACKS 76MMX3M                                        ,62.50000   ,05/04/2026,OTHERS                                            ,COLONNADE COLON               ,COLC-BAKESHOP                                     ,FAACQ               
FAD-0004-0003365100052   ,METAL TRACKS 76MMX3M                                        ,62.50000   ,05/04/2026,OTHERS                                            ,COLONNADE COLON               ,COLC-BAKESHOP                                     ,FAACQ               
FAD-0004-0003365100053   ,METAL TRACKS 76MMX3M                                        ,62.50000   ,05/04/2026,OTHERS                                            ,COLONNADE COLON               ,COLC-BAKESHOP                                     ,FAACQ               
FAD-0004-0003365100054   ,METAL TRACKS 76MMX3M                                        ,62.50000   ,05/04/2026,OTHERS                                            ,COLONNADE COLON               ,COLC-BAKESHOP                                     ,FAACQ               
FAD-0004-0003365100055   ,METAL TRACKS 76MMX3M                                        ,62.50000   ,05/04/2026,OTHERS                                            ,COLONNADE COLON               ,COLC-BAKESHOP                                     ,FAACQ               
FAD-0004-0003365100056   ,METAL TRACKS 76MMX3M                                        ,62.50000   ,05/04/2026,OTHERS                                            ,COLONNADE COLON               ,COLC-BAKESHOP                                     ,FAACQ               
FAD-0004-0003365100057   ,METAL TRACKS 76MMX3M                                        ,62.50000   ,05/04/2026,OTHERS                                            ,COLONNADE COLON               ,COLC-BAKESHOP                                     ,FAACQ               
FAD-0004-0003365100058   ,METAL TRACKS 76MMX3M                                        ,62.50000   ,05/04/2026,OTHERS                                            ,COLONNADE COLON               ,COLC-BAKESHOP                                     ,FAACQ               
FAD-0004-0003365100059   ,METAL TRACKS 76MMX3M                                        ,62.50000   ,05/04/2026,OTHERS                                            ,COLONNADE COLON               ,COLC-BAKESHOP                                     ,FAACQ               
FAD-0004-0003365100060   ,METAL TRACKS 76MMX3M                                        ,62.50000   ,05/04/2026,OTHERS                                            ,COLONNADE COLON               ,COLC-BAKESHOP                                     ,FAACQ               
FAD-0004-0003365100061   ,METAL TRACKS 76MMX3M                                        ,62.50000   ,05/04/2026,OTHERS                                            ,COLONNADE COLON               ,COLC-BAKESHOP                                     ,FAACQ               
FAD-0004-0003365100062   ,METAL TRACKS 76MMX3M                                        ,62.50000   ,05/04/2026,OTHERS                                            ,COLONNADE COLON               ,COLC-BAKESHOP                                     ,FAACQ               
FAD-0004-0003365100063   ,METAL TRACKS 76MMX3M                                        ,62.50000   ,05/04/2026,OTHERS                                            ,COLONNADE COLON               ,COLC-BAKESHOP                                     ,FAACQ               
FAD-0004-0003365100064   ,METAL TRACKS 76MMX3M                                        ,62.50000   ,05/04/2026,OTHERS                                            ,COLONNADE COLON               ,COLC-BAKESHOP                                     ,FAACQ               
FAD-0004-0003365100065   ,METAL TRACKS 76MMX3M                                        ,62.50000   ,05/04/2026,OTHERS                                            ,COLONNADE COLON               ,COLC-BAKESHOP                                     ,FAACQ               
FAD-0004-0003365100066   ,METAL TRACKS 76MMX3M                                        ,62.50000   ,05/04/2026,OTHERS                                            ,COLONNADE COLON               ,COLC-BAKESHOP                                     ,FAACQ               
FAD-0004-0003365100067   ,METAL TRACKS 76MMX3M                                        ,62.50000   ,05/04/2026,OTHERS                                            ,COLONNADE COLON               ,COLC-BAKESHOP                                     ,FAACQ               
FAD-0004-0003365100068   ,METAL TRACKS 76MMX3M                                        ,62.50000   ,05/04/2026,OTHERS                                            ,COLONNADE COLON               ,COLC-BAKESHOP                                     ,FAACQ               
FAD-0004-0003365100069   ,METAL TRACKS 76MMX3M                                        ,62.50000   ,05/04/2026,OTHERS                                            ,COLONNADE COLON               ,COLC-BAKESHOP                                     ,FAACQ               
FAD-0004-0003365100070   ,METAL TRACKS 76MMX3M                                        ,62.50000   ,05/04/2026,OTHERS                                            ,COLONNADE COLON               ,COLC-BAKESHOP                                     ,FAACQ               
FAD-0004-0009084900001   ,12MM THICK FIRE RESISTANT GYPSUM BOARD                      ,504.46000  ,05/04/2026,OTHERS                                            ,COLONNADE COLON               ,COLC-BAKESHOP                                     ,FAACQ               
FAD-0004-0009084900002   ,12MM THICK FIRE RESISTANT GYPSUM BOARD                      ,504.46000  ,05/04/2026,OTHERS                                            ,COLONNADE COLON               ,COLC-BAKESHOP                                     ,FAACQ               
FAD-0004-0009084900003   ,12MM THICK FIRE RESISTANT GYPSUM BOARD                      ,504.46000  ,05/04/2026,OTHERS                                            ,COLONNADE COLON               ,COLC-BAKESHOP                                     ,FAACQ               
FAD-0004-0009084900004   ,12MM THICK FIRE RESISTANT GYPSUM BOARD                      ,504.46000  ,05/04/2026,OTHERS                                            ,COLONNADE COLON               ,COLC-BAKESHOP                                     ,FAACQ               
FAD-0004-0009084900005   ,12MM THICK FIRE RESISTANT GYPSUM BOARD                      ,504.46000  ,05/04/2026,OTHERS                                            ,COLONNADE COLON               ,COLC-BAKESHOP                                     ,FAACQ               
FAD-0004-0009084900006   ,12MM THICK FIRE RESISTANT GYPSUM BOARD                      ,504.46000  ,05/04/2026,OTHERS                                            ,COLONNADE COLON               ,COLC-BAKESHOP                                     ,FAACQ               
FAD-0004-0009084900007   ,12MM THICK FIRE RESISTANT GYPSUM BOARD                      ,504.46000  ,05/04/2026,OTHERS                                            ,COLONNADE COLON               ,COLC-BAKESHOP                                     ,FAACQ               
FAD-0004-0009084900008   ,12MM THICK FIRE RESISTANT GYPSUM BOARD                      ,504.46000  ,05/04/2026,OTHERS                                            ,COLONNADE COLON               ,COLC-BAKESHOP                                     ,FAACQ               
FAD-0004-0009084900009   ,12MM THICK FIRE RESISTANT GYPSUM BOARD                      ,504.46000  ,05/04/2026,OTHERS                                            ,COLONNADE COLON               ,COLC-BAKESHOP                                     ,FAACQ               
FAD-0004-0009084900010   ,12MM THICK FIRE RESISTANT GYPSUM BOARD                      ,504.46000  ,05/04/2026,OTHERS                                            ,COLONNADE COLON               ,COLC-BAKESHOP                                     ,FAACQ               
FAD-0004-0009084900011   ,12MM THICK FIRE RESISTANT GYPSUM BOARD                      ,504.46000  ,05/04/2026,OTHERS                                            ,COLONNADE COLON               ,COLC-BAKESHOP                                     ,FAACQ               
FAD-0004-0009084900012   ,12MM THICK FIRE RESISTANT GYPSUM BOARD                      ,504.46000  ,05/04/2026,OTHERS                                            ,COLONNADE COLON               ,COLC-BAKESHOP                                     ,FAACQ               
FAD-0004-0009084900013   ,12MM THICK FIRE RESISTANT GYPSUM BOARD                      ,504.46000  ,05/04/2026,OTHERS                                            ,COLONNADE COLON               ,COLC-BAKESHOP                                     ,FAACQ               
FAD-0004-0009084900014   ,12MM THICK FIRE RESISTANT GYPSUM BOARD                      ,504.46000  ,05/04/2026,OTHERS                                            ,COLONNADE COLON               ,COLC-BAKESHOP                                     ,FAACQ               
FAD-0004-0009084900015   ,12MM THICK FIRE RESISTANT GYPSUM BOARD                      ,504.46000  ,05/04/2026,OTHERS                                            ,COLONNADE COLON               ,COLC-BAKESHOP                                     ,FAACQ               
FAD-0004-0009084900016   ,12MM THICK FIRE RESISTANT GYPSUM BOARD                      ,504.46000  ,05/04/2026,OTHERS                                            ,COLONNADE COLON               ,COLC-BAKESHOP                                     ,FAACQ               
FAD-0004-0009084900017   ,12MM THICK FIRE RESISTANT GYPSUM BOARD                      ,504.46000  ,05/04/2026,OTHERS                                            ,COLONNADE COLON               ,COLC-BAKESHOP                                     ,FAACQ               
FAD-0004-0009084900018   ,12MM THICK FIRE RESISTANT GYPSUM BOARD                      ,504.46000  ,05/04/2026,OTHERS                                            ,COLONNADE COLON               ,COLC-BAKESHOP                                     ,FAACQ               
FAD-0004-0009084900019   ,12MM THICK FIRE RESISTANT GYPSUM BOARD                      ,504.46000  ,05/04/2026,OTHERS                                            ,COLONNADE COLON               ,COLC-BAKESHOP                                     ,FAACQ               
FAD-0004-0009084900020   ,12MM THICK FIRE RESISTANT GYPSUM BOARD                      ,504.46000  ,05/04/2026,OTHERS                                            ,COLONNADE COLON               ,COLC-BAKESHOP                                     ,FAACQ               
FAD-0004-0012719600001   ,MAHOGANY 2X3X10                                             ,16.96000   ,05/04/2026,OTHERS                                            ,COLONNADE COLON               ,COLC-BAKESHOP                                     ,FAACQ               
FAD-0004-0012719600002   ,MAHOGANY 2X3X10                                             ,16.96000   ,05/04/2026,OTHERS                                            ,COLONNADE COLON               ,COLC-BAKESHOP                                     ,FAACQ               
FAD-0004-0012719600003   ,MAHOGANY 2X3X10                                             ,16.96000   ,05/04/2026,OTHERS                                            ,COLONNADE COLON               ,COLC-BAKESHOP                                     ,FAACQ               
FAD-0004-0012719600004   ,MAHOGANY 2X3X10                                             ,16.96000   ,05/04/2026,OTHERS                                            ,COLONNADE COLON               ,COLC-BAKESHOP                                     ,FAACQ               
FAD-0004-0012719600005   ,MAHOGANY 2X3X10                                             ,16.96000   ,05/04/2026,OTHERS                                            ,COLONNADE COLON               ,COLC-BAKESHOP                                     ,FAACQ               
FAD-0004-0012719600006   ,MAHOGANY 2X3X10                                             ,16.96000   ,05/04/2026,OTHERS                                            ,COLONNADE COLON               ,COLC-BAKESHOP                                     ,FAACQ               
FAD-0004-0012719600007   ,MAHOGANY 2X3X10                                             ,16.96000   ,05/04/2026,OTHERS                                            ,COLONNADE COLON               ,COLC-BAKESHOP                                     ,FAACQ               
FAD-0004-0012719600008   ,MAHOGANY 2X3X10                                             ,16.96000   ,05/04/2026,OTHERS                                            ,COLONNADE COLON               ,COLC-BAKESHOP                                     ,FAACQ               
FAD-0004-0012719600009   ,MAHOGANY 2X3X10                                             ,16.96000   ,05/04/2026,OTHERS                                            ,COLONNADE COLON               ,COLC-BAKESHOP                                     ,FAACQ               
FAD-0004-0012719600010   ,MAHOGANY 2X3X10                                             ,16.96000   ,05/04/2026,OTHERS                                            ,COLONNADE COLON               ,COLC-BAKESHOP                                     ,FAACQ               
FAD-0004-0012719600011   ,MAHOGANY 2X3X10                                             ,16.96000   ,05/04/2026,OTHERS                                            ,COLONNADE COLON               ,COLC-BAKESHOP                                     ,FAACQ               
FAD-0004-0012719600012   ,MAHOGANY 2X3X10                                             ,16.96000   ,05/04/2026,OTHERS                                            ,COLONNADE COLON               ,COLC-BAKESHOP                                     ,FAACQ               
FAD-0004-0012719600013   ,MAHOGANY 2X3X10                                             ,16.96000   ,05/04/2026,OTHERS                                            ,COLONNADE COLON               ,COLC-BAKESHOP                                     ,FAACQ               
FAD-0004-0012719600014   ,MAHOGANY 2X3X10                                             ,16.96000   ,05/04/2026,OTHERS                                            ,COLONNADE COLON               ,COLC-BAKESHOP                                     ,FAACQ               
FAD-0004-0012719600015   ,MAHOGANY 2X3X10                                             ,16.96000   ,05/04/2026,OTHERS                                            ,COLONNADE COLON               ,COLC-BAKESHOP                                     ,FAACQ               
FAD-0004-0012719600016   ,MAHOGANY 2X3X10                                             ,16.96000   ,05/04/2026,OTHERS                                            ,COLONNADE COLON               ,COLC-BAKESHOP                                     ,FAACQ               
FAD-0004-0012719600017   ,MAHOGANY 2X3X10                                             ,16.96000   ,05/04/2026,OTHERS                                            ,COLONNADE COLON               ,COLC-BAKESHOP                                     ,FAACQ               
FAD-0004-0012719600018   ,MAHOGANY 2X3X10                                             ,16.96000   ,05/04/2026,OTHERS                                            ,COLONNADE COLON               ,COLC-BAKESHOP                                     ,FAACQ               
FAD-0004-0012719600019   ,MAHOGANY 2X3X10                                             ,16.96000   ,05/04/2026,OTHERS                                            ,COLONNADE COLON               ,COLC-BAKESHOP                                     ,FAACQ               
FAD-0004-0012719600020   ,MAHOGANY 2X3X10                                             ,16.96000   ,05/04/2026,OTHERS                                            ,COLONNADE COLON               ,COLC-BAKESHOP                                     ,FAACQ               
FAD-0004-0012719600021   ,MAHOGANY 2X3X10                                             ,16.96000   ,05/04/2026,OTHERS                                            ,COLONNADE COLON               ,COLC-BAKESHOP                                     ,FAACQ               
FAD-0004-0012719600022   ,MAHOGANY 2X3X10                                             ,16.96000   ,05/04/2026,OTHERS                                            ,COLONNADE COLON               ,COLC-BAKESHOP                                     ,FAACQ               
FAD-0004-0012719600023   ,MAHOGANY 2X3X10                                             ,16.96000   ,05/04/2026,OTHERS                                            ,COLONNADE COLON               ,COLC-BAKESHOP                                     ,FAACQ               
FAD-0004-0012719600024   ,MAHOGANY 2X3X10                                             ,16.96000   ,05/04/2026,OTHERS                                            ,COLONNADE COLON               ,COLC-BAKESHOP                                     ,FAACQ               
FAD-0004-0012719600025   ,MAHOGANY 2X3X10                                             ,16.96000   ,05/04/2026,OTHERS                                            ,COLONNADE COLON               ,COLC-BAKESHOP                                     ,FAACQ               
FAD-0004-0012719600026   ,MAHOGANY 2X3X10                                             ,16.96000   ,05/04/2026,OTHERS                                            ,COLONNADE COLON               ,COLC-BAKESHOP                                     ,FAACQ               
FAD-0004-0012719600027   ,MAHOGANY 2X3X10                                             ,16.96000   ,05/04/2026,OTHERS                                            ,COLONNADE COLON               ,COLC-BAKESHOP                                     ,FAACQ               
FAD-0004-0012719600028   ,MAHOGANY 2X3X10                                             ,16.96000   ,05/04/2026,OTHERS                                            ,COLONNADE COLON               ,COLC-BAKESHOP                                     ,FAACQ               
FAD-0004-0012719600029   ,MAHOGANY 2X3X10                                             ,16.96000   ,05/04/2026,OTHERS                                            ,COLONNADE COLON               ,COLC-BAKESHOP                                     ,FAACQ               
FAD-0004-0012719600030   ,MAHOGANY 2X3X10                                             ,16.96000   ,05/04/2026,OTHERS                                            ,COLONNADE COLON               ,COLC-BAKESHOP                                     ,FAACQ               
FAD-0004-0012720800001   ,2X4 6M RECTUBE                                              ,638.39000  ,05/04/2026,CONSTRUCTION SUPPLIE                              ,COLONNADE COLON               ,COLC-BAKESHOP                                     ,FAACQ               
FAD-0004-0012720800002   ,2X4 6M RECTUBE                                              ,638.39000  ,05/04/2026,CONSTRUCTION SUPPLIE                              ,COLONNADE COLON               ,COLC-BAKESHOP                                     ,FAACQ               
FAD-0004-0012720800003   ,2X4 6M RECTUBE                                              ,638.39000  ,05/04/2026,CONSTRUCTION SUPPLIE                              ,COLONNADE COLON               ,COLC-BAKESHOP                                     ,FAACQ               
FAD-0004-0012720800004   ,2X4 6M RECTUBE                                              ,638.39000  ,05/04/2026,CONSTRUCTION SUPPLIE                              ,COLONNADE COLON               ,COLC-BAKESHOP                                     ,FAACQ               
FAD-0004-0012720800005   ,2X4 6M RECTUBE                                              ,638.39000  ,05/04/2026,CONSTRUCTION SUPPLIE                              ,COLONNADE COLON               ,COLC-BAKESHOP                                     ,FAACQ               
FAD-0004-0012720800006   ,2X4 6M RECTUBE                                              ,638.39000  ,05/04/2026,CONSTRUCTION SUPPLIE                              ,COLONNADE COLON               ,COLC-BAKESHOP                                     ,FAACQ               
FAD-0004-0012720800007   ,2X4 6M RECTUBE                                              ,638.39000  ,05/04/2026,CONSTRUCTION SUPPLIE                              ,COLONNADE COLON               ,COLC-BAKESHOP                                     ,FAACQ               
FAD-0004-0012720800008   ,2X4 6M RECTUBE                                              ,638.39000  ,05/04/2026,CONSTRUCTION SUPPLIE                              ,COLONNADE COLON               ,COLC-BAKESHOP                                     ,FAACQ               
FAD-0004-0012720800009   ,2X4 6M RECTUBE                                              ,638.39000  ,05/04/2026,CONSTRUCTION SUPPLIE                              ,COLONNADE COLON               ,COLC-BAKESHOP                                     ,FAACQ               
FAD-0004-0007511400001   ,HONEYWELL VOYAGER XP 1472 G GENERAL DUTY                    ,13892.86000,03/04/2026,SCANNER                                           ,COLONNADE COLON               ,COLC-RECEIVING                                    ,FAACQ               
FAD-0004-0000604500002   ,PRINTER EPSON LQ310 W/ USB PRINTER CABLE                    ,14281.25000,03/04/2026,PRINTER                                           ,COLONNADE COLON               ,COLC-ACCOUNTING DEPT.                             ,FAACQ               
FAD-0004-0010097600003   ,ZYCOO COOFONE H81P(EOL)                                     ,3225       ,03/03/2026,TELEPHONE                                         ,COLONNADE COLON               ,COLC-ADMIN                                        ,FAACQ               
FAD-0004-0006282000001   ,IMC PIPE 2"" PANASONIC                                       ,1325.63000 ,03/13/2026,IMPROVEMENTS                                      ,COLONNADE COLON               ,COLC-INFORMATION TECHNOLOGY                       ,FAACQ               
FAD-0004-0006282000002   ,IMC PIPE 2"" PANASONIC                                       ,1325.63000 ,03/13/2026,IMPROVEMENTS                                      ,COLONNADE COLON               ,COLC-INFORMATION TECHNOLOGY                       ,FAACQ               
FAD-0004-0006282000003   ,IMC PIPE 2"" PANASONIC                                       ,1325.63000 ,03/13/2026,IMPROVEMENTS                                      ,COLONNADE COLON               ,COLC-INFORMATION TECHNOLOGY                       ,FAACQ               
FAD-0004-0006282000004   ,IMC PIPE 2"" PANASONIC                                       ,1325.63000 ,03/13/2026,IMPROVEMENTS                                      ,COLONNADE COLON               ,COLC-INFORMATION TECHNOLOGY                       ,FAACQ               
FAD-0004-0006282000005   ,IMC PIPE 2"" PANASONIC                                       ,1325.63000 ,03/13/2026,IMPROVEMENTS                                      ,COLONNADE COLON               ,COLC-INFORMATION TECHNOLOGY                       ,FAACQ               
FAD-0004-0006282000006   ,IMC PIPE 2"" PANASONIC                                       ,1325.63000 ,03/13/2026,IMPROVEMENTS                                      ,COLONNADE COLON               ,COLC-INFORMATION TECHNOLOGY                       ,FAACQ               
FAD-0004-0006282000007   ,IMC PIPE 2"" PANASONIC                                       ,1325.63000 ,03/13/2026,IMPROVEMENTS                                      ,COLONNADE COLON               ,COLC-INFORMATION TECHNOLOGY                       ,FAACQ               
FAD-0004-0006282000008   ,IMC PIPE 2"" PANASONIC                                       ,1325.63000 ,03/13/2026,IMPROVEMENTS                                      ,COLONNADE COLON               ,COLC-INFORMATION TECHNOLOGY                       ,FAACQ               
FAD-0004-0006282000009   ,IMC PIPE 2"" PANASONIC                                       ,1325.63000 ,03/13/2026,IMPROVEMENTS                                      ,COLONNADE COLON               ,COLC-INFORMATION TECHNOLOGY                       ,FAACQ               
FAD-0004-0006282000010   ,IMC PIPE 2"" PANASONIC                                       ,1325.63000 ,03/13/2026,IMPROVEMENTS                                      ,COLONNADE COLON               ,COLC-INFORMATION TECHNOLOGY                       ,FAACQ               
FAD-0004-0006282000011   ,IMC PIPE 2"" PANASONIC                                       ,1325.63000 ,03/13/2026,IMPROVEMENTS                                      ,COLONNADE COLON               ,COLC-INFORMATION TECHNOLOGY                       ,FAACQ               
FAD-0004-0006282000012   ,IMC PIPE 2"" PANASONIC                                       ,1325.63000 ,03/13/2026,IMPROVEMENTS                                      ,COLONNADE COLON               ,COLC-INFORMATION TECHNOLOGY                       ,FAACQ               
FAD-0004-0006282000013   ,IMC PIPE 2"" PANASONIC                                       ,1325.63000 ,03/13/2026,IMPROVEMENTS                                      ,COLONNADE COLON               ,COLC-INFORMATION TECHNOLOGY                       ,FAACQ               
FAD-0004-0006282000014   ,IMC PIPE 2"" PANASONIC                                       ,1325.63000 ,03/13/2026,IMPROVEMENTS                                      ,COLONNADE COLON               ,COLC-INFORMATION TECHNOLOGY                       ,FAACQ               
FAD-0004-0006282000015   ,IMC PIPE 2"" PANASONIC                                       ,1325.63000 ,03/13/2026,IMPROVEMENTS                                      ,COLONNADE COLON               ,COLC-INFORMATION TECHNOLOGY                       ,FAACQ               
FAD-0004-0006282000016   ,IMC PIPE 2"" PANASONIC                                       ,1325.63000 ,03/13/2026,IMPROVEMENTS                                      ,COLONNADE COLON               ,COLC-INFORMATION TECHNOLOGY                       ,FAACQ               
FAD-0004-0006282000017   ,IMC PIPE 2"" PANASONIC                                       ,1325.63000 ,03/13/2026,IMPROVEMENTS                                      ,COLONNADE COLON               ,COLC-INFORMATION TECHNOLOGY                       ,FAACQ               
FAD-0004-0006282000018   ,IMC PIPE 2"" PANASONIC                                       ,1325.63000 ,03/13/2026,IMPROVEMENTS                                      ,COLONNADE COLON               ,COLC-INFORMATION TECHNOLOGY                       ,FAACQ               
FAD-0004-0006282000019   ,IMC PIPE 2"" PANASONIC                                       ,1325.63000 ,03/13/2026,IMPROVEMENTS                                      ,COLONNADE COLON               ,COLC-INFORMATION TECHNOLOGY                       ,FAACQ               
FAD-0004-0006282000020   ,IMC PIPE 2"" PANASONIC                                       ,1325.63000 ,03/13/2026,IMPROVEMENTS                                      ,COLONNADE COLON               ,COLC-INFORMATION TECHNOLOGY                       ,FAACQ               
FAD-0004-0006282000021   ,IMC PIPE 2"" PANASONIC                                       ,1325.63000 ,03/13/2026,IMPROVEMENTS                                      ,COLONNADE COLON               ,COLC-INFORMATION TECHNOLOGY                       ,FAACQ               
FAD-0004-0006282000022   ,IMC PIPE 2"" PANASONIC                                       ,1325.63000 ,03/13/2026,IMPROVEMENTS                                      ,COLONNADE COLON               ,COLC-INFORMATION TECHNOLOGY                       ,FAACQ               
FAD-0004-0003588900001   ,BOYSEN ACRYTEX PRIMER                                       ,924.11000  ,03/10/2026,IMPROVEMENTS                                      ,COLONNADE COLON               ,COLC-ADMIN                                        ,FAACQ               
FAD-0004-0003588900002   ,BOYSEN ACRYTEX PRIMER                                       ,924.11000  ,03/10/2026,IMPROVEMENTS                                      ,COLONNADE COLON               ,COLC-ADMIN                                        ,FAACQ               
FAD-0004-0003588900003   ,BOYSEN ACRYTEX PRIMER                                       ,924.11000  ,03/10/2026,IMPROVEMENTS                                      ,COLONNADE COLON               ,COLC-ADMIN                                        ,FAACQ               
FAD-0004-0004546200001   ,ACRYTEX REDUCER                                             ,441.96000  ,03/10/2026,PAINT                                             ,COLONNADE COLON               ,COLC-ADMIN                                        ,FAACQ               
FAD-0004-0004546200002   ,ACRYTEX REDUCER                                             ,441.96000  ,03/10/2026,PAINT                                             ,COLONNADE COLON               ,COLC-ADMIN                                        ,FAACQ               
FAD-0004-0006605400001   ,171424 LENOVO TAB M10 HD ZA4H0083PH                         ,4461.61000 ,04/06/2026,TABLET                                            ,COLONNADE COLON               ,COLC-BAKESHOP                                     ,FAACQ               
FAD-0004-0011554500003   ,ASUS PRIME H610M-R (P.S) D4 MOTHERBOARD                     ,30352.68000,04/06/2026,OTHERS                                            ,COLONNADE COLON               ,COLC-INFORMATION TECHNOLOGY                       ,FAACQ               
FAD-0004-0000657400005   ,MONITOR ACER                                                ,3214.29000 ,04/06/2026,MONITOR                                           ,COLONNADE COLON               ,COLC-GROCERY                                      ,FAACQ               
FAD-0004-0003207700005   ,PRINTER EPSON LQ-310                                        ,14281.25000,04/06/2026,PRINTER                                           ,COLONNADE COLON               ,COLC-GROCERY                                      ,FAACQ               
FAD-0004-0011554500004   ,ASUS PRIME H610M-R (P.S) D4 MOTHERBOARD                     ,30352.68000,04/06/2026,OTHERS                                            ,COLONNADE COLON               ,COLC-GROCERY                                      ,FAACQ               
FAD-0004-0008897300002   ,EPSON L5290 WIFI AIO (INK TANK) PRINTER W/ADF               ,12049.11000,04/06/2026,PRINTER                                           ,COLONNADE COLON               ,COLC-SEACOM WAREHOUSE                             ,FAACQ               
FAD-0004-0012737300001   ,EPSON  003 INK BLACK                                        ,263.39000  ,04/06/2026,SUPPLIES                                          ,COLONNADE COLON               ,COLC-SEACOM WAREHOUSE                             ,FAACQ               
FAD-0004-0012737300002   ,EPSON  003 INK BLACK                                        ,263.39000  ,04/06/2026,SUPPLIES                                          ,COLONNADE COLON               ,COLC-SEACOM WAREHOUSE                             ,FAACQ               
FAD-0004-0012737500001   ,EPSON 003 INK MAGENTA                                       ,267.86000  ,04/06/2026,SUPPLIES                                          ,COLONNADE COLON               ,COLC-SEACOM WAREHOUSE                             ,FAACQ               
FAD-0004-0012737500002   ,EPSON 003 INK MAGENTA                                       ,267.86000  ,04/06/2026,SUPPLIES                                          ,COLONNADE COLON               ,COLC-SEACOM WAREHOUSE                             ,FAACQ               
FAD-0004-0012737600001   ,EPSON 003 INK YELLOW                                        ,267.86000  ,04/06/2026,SUPPLIES                                          ,COLONNADE COLON               ,COLC-SEACOM WAREHOUSE                             ,FAACQ               
FAD-0004-0012737600002   ,EPSON 003 INK YELLOW                                        ,267.86000  ,04/06/2026,SUPPLIES                                          ,COLONNADE COLON               ,COLC-SEACOM WAREHOUSE                             ,FAACQ               
FAD-0004-0009104900001   ,IMC BUSHING 2""                                              ,33.93000   ,05/15/2026,IMPROVEMENTS                                      ,COLONNADE COLON               ,COLC-INFORMATION TECHNOLOGY                       ,FAACQ               
FAD-0004-0009104900002   ,IMC BUSHING 2""                                              ,33.93000   ,05/15/2026,IMPROVEMENTS                                      ,COLONNADE COLON               ,COLC-INFORMATION TECHNOLOGY                       ,FAACQ               
FAD-0004-0009104900003   ,IMC BUSHING 2""                                              ,33.93000   ,05/15/2026,IMPROVEMENTS                                      ,COLONNADE COLON               ,COLC-INFORMATION TECHNOLOGY                       ,FAACQ               
FAD-0004-0009104900004   ,IMC BUSHING 2""                                              ,33.93000   ,05/15/2026,IMPROVEMENTS                                      ,COLONNADE COLON               ,COLC-INFORMATION TECHNOLOGY                       ,FAACQ               
FAD-0004-0009104900005   ,IMC BUSHING 2""                                              ,33.93000   ,05/15/2026,IMPROVEMENTS                                      ,COLONNADE COLON               ,COLC-INFORMATION TECHNOLOGY                       ,FAACQ               
FAD-0004-0009104900006   ,IMC BUSHING 2""                                              ,33.93000   ,05/15/2026,IMPROVEMENTS                                      ,COLONNADE COLON               ,COLC-INFORMATION TECHNOLOGY                       ,FAACQ               
FAD-0004-0009104900007   ,IMC BUSHING 2""                                              ,33.93000   ,05/15/2026,IMPROVEMENTS                                      ,COLONNADE COLON               ,COLC-INFORMATION TECHNOLOGY                       ,FAACQ               
FAD-0004-0009104900008   ,IMC BUSHING 2""                                              ,33.93000   ,05/15/2026,IMPROVEMENTS                                      ,COLONNADE COLON               ,COLC-INFORMATION TECHNOLOGY                       ,FAACQ               
FAD-0004-0009104900009   ,IMC BUSHING 2""                                              ,33.93000   ,05/15/2026,IMPROVEMENTS                                      ,COLONNADE COLON               ,COLC-INFORMATION TECHNOLOGY                       ,FAACQ               
FAD-0004-0009104900010   ,IMC BUSHING 2""                                              ,33.93000   ,05/15/2026,IMPROVEMENTS                                      ,COLONNADE COLON               ,COLC-INFORMATION TECHNOLOGY                       ,FAACQ               
FAD-0004-0009104900011   ,IMC BUSHING 2""                                              ,33.93000   ,05/15/2026,IMPROVEMENTS                                      ,COLONNADE COLON               ,COLC-INFORMATION TECHNOLOGY                       ,FAACQ               
FAD-0004-0009104900012   ,IMC BUSHING 2""                                              ,33.93000   ,05/15/2026,IMPROVEMENTS                                      ,COLONNADE COLON               ,COLC-INFORMATION TECHNOLOGY                       ,FAACQ               
FAD-0004-0009104900013   ,IMC BUSHING 2""                                              ,33.93000   ,05/15/2026,IMPROVEMENTS                                      ,COLONNADE COLON               ,COLC-INFORMATION TECHNOLOGY                       ,FAACQ               
FAD-0004-0009104900014   ,IMC BUSHING 2""                                              ,33.93000   ,05/15/2026,IMPROVEMENTS                                      ,COLONNADE COLON               ,COLC-INFORMATION TECHNOLOGY                       ,FAACQ               
FAD-0004-0009104900015   ,IMC BUSHING 2""                                              ,33.93000   ,05/15/2026,IMPROVEMENTS                                      ,COLONNADE COLON               ,COLC-INFORMATION TECHNOLOGY                       ,FAACQ               
FAD-0004-0009104900016   ,IMC BUSHING 2""                                              ,33.93000   ,05/15/2026,IMPROVEMENTS                                      ,COLONNADE COLON               ,COLC-INFORMATION TECHNOLOGY                       ,FAACQ               
FAD-0004-0009104900017   ,IMC BUSHING 2""                                              ,33.93000   ,05/15/2026,IMPROVEMENTS                                      ,COLONNADE COLON               ,COLC-INFORMATION TECHNOLOGY                       ,FAACQ               
FAD-0004-0009104900018   ,IMC BUSHING 2""                                              ,33.93000   ,05/15/2026,IMPROVEMENTS                                      ,COLONNADE COLON               ,COLC-INFORMATION TECHNOLOGY                       ,FAACQ               
FAD-0004-0009104900019   ,IMC BUSHING 2""                                              ,33.93000   ,05/15/2026,IMPROVEMENTS                                      ,COLONNADE COLON               ,COLC-INFORMATION TECHNOLOGY                       ,FAACQ               
FAD-0004-0009104900020   ,IMC BUSHING 2""                                              ,33.93000   ,05/15/2026,IMPROVEMENTS                                      ,COLONNADE COLON               ,COLC-INFORMATION TECHNOLOGY                       ,FAACQ               
FAD-0049-0006474400001   ,VACUUM CLEANER LOTUS                                        ,2210.71000 ,05/15/2026,VACUUM                                            ,CEBO COMMISSARY               ,CEBO COMMISSARY COMPOUND                          ,FAACQ               
FAD-0004-0012512700001   ,CIRCULAR SAW BOSCH GKS 140 06016B30K1 COC                   ,4397.32000 ,05/04/2026,TOOLS                                             ,COLONNADE COLON               ,COLC-ENGINEERING DEPT.                            ,FAACQ               
FAD-0004-0011554500005   ,ASUS PRIME H610M-R (P.S) D4 MOTHERBOARD                     ,29816.96000,05/04/2026,OTHERS                                            ,COLONNADE COLON               ,COLC-BAKESHOP                                     ,FAACQ               
FAD-0004-0010254500001   ,ZYCOO PHONES                                                ,3225       ,05/04/2026,CELLPHONE                                         ,COLONNADE COLON               ,COLC-GROCERY                                      ,FAACQ               
FAD-0004-0008580100001   ,ACER K202HQL 19.5"" LED MONITOR                              ,3214.29000 ,05/04/2026,MONITOR                                           ,COLONNADE COLON               ,COLC-FRESH MARKET DEPT.                           ,FAACQ               
FAD-0004-0003207700006   ,PRINTER EPSON LQ-310                                        ,14281.25000,05/04/2026,PRINTER                                           ,COLONNADE COLON               ,COLC-PURCHASING DEPT.                             ,FAACQ               
FAD-0004-0005696700001   ,MONITOR LED AOC 21.5"" 22B1H W/ HDMI                         ,3482.14000 ,05/04/2026,MONITOR                                           ,COLONNADE COLON               ,COLC-FRESH MARKET DEPT.                           ,FAACQ               
FAD-0004-0011554500006   ,ASUS PRIME H610M-R (P.S) D4 MOTHERBOARD                     ,31691.97000,05/04/2026,OTHERS                                            ,COLONNADE COLON               ,COLC-FRESH MARKET DEPT.                           ,FAACQ               
FAD-0004-0012988100001   ,SAMSUNG X115 GALAXY TAB A9 LTE 8.7''                        ,8919.65000 ,05/04/2026,TABLET                                            ,COLONNADE COLON               ,COLC-HUMAN RESOURCE DEPARTMENT                    ,FAACQ               
FAD-0004-0012988100002   ,SAMSUNG X115 GALAXY TAB A9 LTE 8.7''                        ,8919.65000 ,05/04/2026,TABLET                                            ,COLONNADE COLON               ,COLC-HUMAN RESOURCE DEPARTMENT                    ,FAACQ               
FAD-0004-0013248700001   ,SONY BRAVIA 5 MINILED TV K-98XR50 98 INCH                   ,267856.2500,05/04/2026,TV                                                ,COLONNADE COLON               ,COLC-ADMIN                                        ,FAACQ               
FAD-0004-0001018700001   ,AIRCON CONDURA 1.5HP                                        ,17857.14000,05/04/2026,AIRCON                                            ,COLONNADE COLON               ,COLC-T.PADILLA DORM                               ,FAACQ               
FAD-0049-0008702000001   ,VACUUM CLEANER PORTABLE                                     ,2210.71000 ,03/09/2026,VACUUM                                            ,CEBO COMMISSARY               ,CEBO BS COMMISSARY                                ,FAACQ               
FAD-0004-0010254500002   ,ZYCOO PHONES                                                ,3225       ,05/28/2026,CELLPHONE                                         ,COLONNADE COLON               ,COLC-ACCOUNTING DEPT.                             ,FAACQ               
FAD-0004-0010254500003   ,ZYCOO PHONES                                                ,3225       ,05/28/2026,CELLPHONE                                         ,COLONNADE COLON               ,COLC-ACCOUNTING DEPT.                             ,FAACQ               
FAD-0004-0010254500004   ,ZYCOO PHONES                                                ,3225       ,05/28/2026,CELLPHONE                                         ,COLONNADE COLON               ,COLC-BAKESHOP                                     ,FAACQ               
FAD-0004-0010862600001   ,ZYCOO PHONES                                                ,3225       ,05/28/2026,OTHERS                                            ,COLONNADE COLON               ,COLC-SECURITY & SAFETY DEPARTMENT                 ,FAACQ               
